/*******************************************************************************
 * Size: 20 px
 * Bpp: 8
 * Opts: --bpp 8 --size 20 --no-compress --stride 1 --align 1 --font Anuphan-Bold.ttf --range 32-127,3584-3711 --format lvgl -o anuphan_bold_20.c
 ******************************************************************************/

#ifdef __has_include
    #if __has_include("lvgl.h")
        #ifndef LV_LVGL_H_INCLUDE_SIMPLE
            #define LV_LVGL_H_INCLUDE_SIMPLE
        #endif
    #endif
#endif

#ifdef LV_LVGL_H_INCLUDE_SIMPLE
    #include "lvgl.h"
#else
    #include "lvgl/lvgl.h"
#endif



#ifndef ANUPHAN_BOLD_20
#define ANUPHAN_BOLD_20 1
#endif

#if ANUPHAN_BOLD_20

/*-----------------
 *    BITMAPS
 *----------------*/

/*Store the image of the glyphs*/
static LV_ATTRIBUTE_LARGE_CONST const uint8_t glyph_bitmap[] = {
    /* U+0020 " " */

    /* U+0021 "!" */
    0x58, 0xff, 0xff, 0xc8, 0x58, 0xff, 0xff, 0xc8,
    0x58, 0xff, 0xff, 0xc8, 0x58, 0xff, 0xff, 0xc8,
    0x42, 0xff, 0xff, 0xb3, 0x19, 0xff, 0xff, 0x8a,
    0x0, 0xf0, 0xff, 0x62, 0x0, 0xc8, 0xff, 0x38,
    0x0, 0x9e, 0xff, 0x10, 0x0, 0x60, 0xbc, 0x0,
    0xb, 0x7f, 0x94, 0x35, 0x7d, 0xff, 0xff, 0xe5,
    0x8f, 0xff, 0xff, 0xf7, 0x33, 0xe3, 0xf8, 0x84,

    /* U+0022 "\"" */
    0xa4, 0xff, 0xff, 0x0, 0x24, 0xff, 0xff, 0x80,
    0xa4, 0xff, 0xff, 0x0, 0x24, 0xff, 0xff, 0x80,
    0xa4, 0xff, 0xff, 0x0, 0x24, 0xff, 0xff, 0x80,
    0xa4, 0xff, 0xff, 0x0, 0x24, 0xff, 0xff, 0x80,
    0xa4, 0xff, 0xff, 0x0, 0x24, 0xff, 0xff, 0x80,
    0xa4, 0xff, 0xff, 0x0, 0x24, 0xff, 0xff, 0x80,
    0x71, 0xb0, 0xb0, 0x0, 0x19, 0xb0, 0xb0, 0x58,

    /* U+0023 "#" */
    0x0, 0x0, 0x0, 0xc, 0xfe, 0xd1, 0x0, 0x0,
    0x3, 0xf7, 0xe6, 0x0, 0x0, 0x0, 0x0, 0x0,
    0x3e, 0xff, 0x9e, 0x0, 0x0, 0x2f, 0xff, 0xb4,
    0x0, 0x0, 0x0, 0x0, 0x0, 0x72, 0xff, 0x6a,
    0x0, 0x0, 0x62, 0xff, 0x82, 0x0, 0x0, 0x0,
    0xe0, 0xff, 0xff, 0xff, 0xff, 0xff, 0xff, 0xff,
    0xff, 0xff, 0xff, 0x6c, 0x0, 0xbd, 0xd8, 0xfb,
    0xff, 0xd8, 0xd8, 0xd8, 0xf8, 0xff, 0xdb, 0xd8,
    0x5b, 0x0, 0x0, 0x0, 0xf4, 0xec, 0x0, 0x0,
    0x0, 0xe0, 0xfa, 0x2, 0x0, 0x0, 0x0, 0x0,
    0x17, 0xff, 0xc7, 0x0, 0x0, 0x7, 0xfe, 0xd9,
    0x0, 0x0, 0x0, 0x0, 0x0, 0x3b, 0xff, 0xa3,
    0x0, 0x0, 0x29, 0xff, 0xb5, 0x0, 0x0, 0x0,
    0x0, 0x0, 0x5e, 0xff, 0x7e, 0x0, 0x0, 0x4e,
    0xff, 0x92, 0x0, 0x0, 0x0, 0xc8, 0xff, 0xff,
    0xff, 0xff, 0xff, 0xff, 0xff, 0xff, 0xff, 0xff,
    0x84, 0x0, 0xa9, 0xd8, 0xf7, 0xff, 0xdc, 0xd8,
    0xd8, 0xf4, 0xff, 0xdf, 0xd8, 0x6f, 0x0, 0x0,
    0x0, 0xe2, 0xf9, 0x6, 0x0, 0x0, 0xce, 0xff,
    0x10, 0x0, 0x0, 0x0, 0x0, 0x15, 0xff, 0xce,
    0x0, 0x0, 0x6, 0xf9, 0xde, 0x0, 0x0, 0x0,
    0x0, 0x0, 0x45, 0xff, 0x9e, 0x0, 0x0, 0x32,
    0xff, 0xae, 0x0, 0x0, 0x0, 0x0,

    /* U+0024 "$" */
    0x0, 0x0, 0x0, 0x0, 0x0, 0xac, 0xac, 0x30,
    0x0, 0x0, 0x0, 0x0, 0x0, 0x0, 0x0, 0x0,
    0x0, 0xff, 0xff, 0x48, 0x0, 0x0, 0x0, 0x0,
    0x0, 0x0, 0x6, 0x60, 0xaa, 0xff, 0xff, 0xc8,
    0x7d, 0x1a, 0x0, 0x0, 0x0, 0x12, 0xd1, 0xff,
    0xff, 0xff, 0xff, 0xff, 0xff, 0xf6, 0x5a, 0x0,
    0x0, 0x9a, 0xff, 0xff, 0xce, 0xe1, 0xff, 0xb9,
    0xfe, 0xff, 0x7f, 0x0, 0x0, 0xe4, 0xff, 0xe8,
    0x8, 0xbc, 0xff, 0xc, 0x3e, 0x6b, 0x0, 0x0,
    0x0, 0xec, 0xff, 0xe2, 0x4, 0xbc, 0xff, 0xc,
    0x0, 0x0, 0x0, 0x0, 0x0, 0xaf, 0xff, 0xff,
    0xc8, 0xde, 0xff, 0xd, 0x0, 0x0, 0x0, 0x0,
    0x0, 0x26, 0xeb, 0xff, 0xff, 0xff, 0xff, 0xec,
    0x9a, 0x24, 0x0, 0x0, 0x0, 0x0, 0x1b, 0x96,
    0xed, 0xff, 0xff, 0xff, 0xff, 0xf8, 0x4d, 0x0,
    0x0, 0x0, 0x0, 0x0, 0x2, 0xc2, 0xff, 0xc1,
    0xff, 0xff, 0xe9, 0x4, 0x0, 0x0, 0x0, 0x0,
    0x0, 0xbc, 0xff, 0xc, 0xba, 0xff, 0xff, 0x29,
    0x0, 0xd, 0x7c, 0x7, 0x0, 0xbc, 0xff, 0xc,
    0xa6, 0xff, 0xff, 0x1e, 0x12, 0xc9, 0xff, 0xd5,
    0x61, 0xcb, 0xff, 0x79, 0xfb, 0xff, 0xd6, 0x0,
    0xe, 0xbc, 0xff, 0xff, 0xff, 0xff, 0xff, 0xff,
    0xff, 0xf9, 0x3f, 0x0, 0x0, 0x3, 0x66, 0xd1,
    0xff, 0xff, 0xff, 0xf7, 0xb2, 0x31, 0x0, 0x0,
    0x0, 0x0, 0x0, 0x0, 0xc, 0xff, 0xff, 0x49,
    0x0, 0x0, 0x0, 0x0, 0x0, 0x0, 0x0, 0x0,
    0x0, 0xff, 0xff, 0x48, 0x0, 0x0, 0x0, 0x0,

    /* U+0025 "%" */
    0x4, 0x80, 0xe2, 0xfd, 0xea, 0x9b, 0x10, 0x0,
    0x0, 0x0, 0x0, 0x22, 0xf3, 0xff, 0x90, 0x0,
    0x0, 0x0, 0x82, 0xff, 0xff, 0xce, 0xf9, 0xff,
    0xb6, 0x0, 0x0, 0x0, 0x3, 0xc3, 0xff, 0xd6,
    0x8, 0x0, 0x0, 0x0, 0xe5, 0xff, 0xaa, 0x0,
    0x76, 0xff, 0xff, 0x19, 0x0, 0x0, 0x77, 0xff,
    0xfb, 0x33, 0x0, 0x0, 0x0, 0x0, 0xfe, 0xff,
    0x90, 0x0, 0x5c, 0xff, 0xff, 0x32, 0x0, 0x2f,
    0xf9, 0xff, 0x7c, 0x0, 0x0, 0x0, 0x0, 0x0,
    0xe5, 0xff, 0xaa, 0x0, 0x76, 0xff, 0xff, 0x19,
    0x7, 0xd3, 0xff, 0xc7, 0x4, 0x0, 0x0, 0x0,
    0x0, 0x0, 0x82, 0xff, 0xff, 0xce, 0xf9, 0xff,
    0xb6, 0x0, 0x8a, 0xff, 0xf5, 0x25, 0x0, 0x0,
    0x0, 0x0, 0x0, 0x0, 0x4, 0x80, 0xe2, 0xfd,
    0xea, 0x9d, 0x10, 0x3d, 0xfe, 0xff, 0x69, 0x3f,
    0xc7, 0xf9, 0xf3, 0xb1, 0x20, 0x0, 0x0, 0x0,
    0x0, 0x0, 0x0, 0x0, 0xe, 0xe0, 0xff, 0xb7,
    0x27, 0xf7, 0xff, 0xe1, 0xed, 0xff, 0xda, 0x6,
    0x0, 0x0, 0x0, 0x0, 0x0, 0x0, 0x9d, 0xff,
    0xed, 0x19, 0x89, 0xff, 0xf5, 0xc, 0x3c, 0xff,
    0xff, 0x4d, 0x0, 0x0, 0x0, 0x0, 0x0, 0x4f,
    0xff, 0xff, 0x55, 0x0, 0xb1, 0xff, 0xd9, 0x0,
    0x15, 0xff, 0xff, 0x75, 0x0, 0x0, 0x0, 0x0,
    0x17, 0xe9, 0xff, 0xa5, 0x0, 0x0, 0xb1, 0xff,
    0xd9, 0x0, 0x15, 0xff, 0xff, 0x75, 0x0, 0x0,
    0x0, 0x0, 0xb1, 0xff, 0xe3, 0x10, 0x0, 0x0,
    0x89, 0xff, 0xf5, 0xc, 0x3c, 0xff, 0xff, 0x4d,
    0x0, 0x0, 0x0, 0x63, 0xff, 0xff, 0x43, 0x0,
    0x0, 0x0, 0x26, 0xf7, 0xff, 0xe1, 0xed, 0xff,
    0xda, 0x6, 0x0, 0x0, 0x20, 0xf2, 0xff, 0x92,
    0x0, 0x0, 0x0, 0x0, 0x0, 0x3f, 0xc7, 0xf9,
    0xf3, 0xb1, 0x20, 0x0,

    /* U+0026 "&" */
    0x0, 0x0, 0x32, 0xb0, 0xee, 0xfd, 0xe6, 0xa1,
    0x1f, 0x0, 0x0, 0x0, 0x0, 0x0, 0x0, 0x39,
    0xf8, 0xff, 0xff, 0xff, 0xff, 0xff, 0xe6, 0x12,
    0x0, 0x0, 0x0, 0x0, 0x0, 0xad, 0xff, 0xff,
    0xa2, 0x59, 0xd4, 0xff, 0xff, 0x61, 0x0, 0x0,
    0x0, 0x0, 0x0, 0xb9, 0xff, 0xff, 0x17, 0x0,
    0x67, 0xff, 0xff, 0x5f, 0x0, 0x0, 0x0, 0x0,
    0x0, 0x65, 0xff, 0xff, 0x6f, 0x1, 0xb2, 0xff,
    0xe9, 0x12, 0x0, 0x0, 0x0, 0x0, 0x0, 0x2,
    0xbb, 0xff, 0xf9, 0xc0, 0xff, 0xdf, 0x30, 0x0,
    0x0, 0x0, 0x0, 0x0, 0x0, 0x12, 0xae, 0xff,
    0xff, 0xff, 0xe6, 0x10, 0x0, 0xa5, 0xff, 0xff,
    0xbc, 0x0, 0x1b, 0xdd, 0xff, 0xff, 0xf1, 0xff,
    0xff, 0x9b, 0x1, 0xce, 0xff, 0xff, 0xbc, 0x0,
    0xab, 0xff, 0xff, 0x6d, 0x26, 0xea, 0xff, 0xff,
    0x96, 0xfd, 0xff, 0xb6, 0x61, 0x0, 0xf2, 0xff,
    0xff, 0xa, 0x0, 0x30, 0xf0, 0xff, 0xff, 0xff,
    0xff, 0x25, 0x0, 0x0, 0xf8, 0xff, 0xff, 0x3c,
    0x0, 0x0, 0x3b, 0xf8, 0xff, 0xff, 0xbf, 0x0,
    0x0, 0x0, 0xb9, 0xff, 0xff, 0xf2, 0x9d, 0x8f,
    0xc3, 0xff, 0xff, 0xff, 0xfc, 0x46, 0x0, 0x0,
    0x2e, 0xf1, 0xff, 0xff, 0xff, 0xff, 0xff, 0xff,
    0xe7, 0xff, 0xff, 0xf0, 0x2a, 0x0, 0x0, 0x23,
    0x9f, 0xe5, 0xfd, 0xf5, 0xca, 0x70, 0x7, 0x9f,
    0xff, 0xff, 0xdc, 0x13,

    /* U+0027 "'" */
    0xa4, 0xff, 0xff, 0xa4, 0xff, 0xff, 0xa4, 0xff,
    0xff, 0xa4, 0xff, 0xff, 0xa4, 0xff, 0xff, 0xa4,
    0xff, 0xff, 0x71, 0xb0, 0xb0,

    /* U+0028 "(" */
    0x0, 0x0, 0x0, 0x47, 0xf9, 0xff, 0x8c, 0x0,
    0x0, 0x0, 0x1d, 0xf0, 0xff, 0xba, 0x2, 0x0,
    0x0, 0x0, 0xa8, 0xff, 0xf7, 0x1e, 0x0, 0x0,
    0x0, 0x26, 0xfe, 0xff, 0x92, 0x0, 0x0, 0x0,
    0x0, 0x84, 0xff, 0xff, 0x2f, 0x0, 0x0, 0x0,
    0x0, 0xd0, 0xff, 0xe5, 0x0, 0x0, 0x0, 0x0,
    0xa, 0xfd, 0xff, 0xb3, 0x0, 0x0, 0x0, 0x0,
    0x2b, 0xff, 0xff, 0x97, 0x0, 0x0, 0x0, 0x0,
    0x3f, 0xff, 0xff, 0x8d, 0x0, 0x0, 0x0, 0x0,
    0x42, 0xff, 0xff, 0x8c, 0x0, 0x0, 0x0, 0x0,
    0x34, 0xff, 0xff, 0x90, 0x0, 0x0, 0x0, 0x0,
    0x16, 0xff, 0xff, 0xa5, 0x0, 0x0, 0x0, 0x0,
    0x0, 0xe5, 0xff, 0xcd, 0x0, 0x0, 0x0, 0x0,
    0x0, 0xa1, 0xff, 0xfc, 0x10, 0x0, 0x0, 0x0,
    0x0, 0x48, 0xff, 0xff, 0x65, 0x0, 0x0, 0x0,
    0x0, 0x2, 0xd8, 0xff, 0xd6, 0x3, 0x0, 0x0,
    0x0, 0x0, 0x4e, 0xff, 0xff, 0x6d, 0x0, 0x0,
    0x0, 0x0, 0x0, 0x9c, 0xff, 0xf7, 0x36, 0x0,
    0x0, 0x0, 0x0, 0x5, 0x62, 0x68, 0x55, 0x0,

    /* U+0029 ")" */
    0x9, 0xc3, 0xff, 0xe2, 0x1e, 0x0, 0x0, 0x0,
    0x0, 0x13, 0xe5, 0xff, 0xca, 0x3, 0x0, 0x0,
    0x0, 0x0, 0x53, 0xff, 0xff, 0x68, 0x0, 0x0,
    0x0, 0x0, 0x1, 0xd1, 0xff, 0xe0, 0x3, 0x0,
    0x0, 0x0, 0x0, 0x6d, 0xff, 0xff, 0x44, 0x0,
    0x0, 0x0, 0x0, 0x22, 0xff, 0xff, 0x8f, 0x0,
    0x0, 0x0, 0x0, 0x0, 0xf0, 0xff, 0xc7, 0x0,
    0x0, 0x0, 0x0, 0x0, 0xd3, 0xff, 0xeb, 0x0,
    0x0, 0x0, 0x0, 0x0, 0xc9, 0xff, 0xfe, 0x0,
    0x0, 0x0, 0x0, 0x0, 0xc8, 0xff, 0xff, 0x2,
    0x0, 0x0, 0x0, 0x0, 0xcc, 0xff, 0xf4, 0x0,
    0x0, 0x0, 0x0, 0x0, 0xe1, 0xff, 0xd6, 0x0,
    0x0, 0x0, 0x0, 0xc, 0xfe, 0xff, 0xa6, 0x0,
    0x0, 0x0, 0x0, 0x47, 0xff, 0xff, 0x62, 0x0,
    0x0, 0x0, 0x0, 0xa0, 0xff, 0xf9, 0x13, 0x0,
    0x0, 0x0, 0x1c, 0xf8, 0xff, 0x9f, 0x0, 0x0,
    0x0, 0x0, 0xac, 0xff, 0xf5, 0x1e, 0x0, 0x0,
    0x0, 0x6d, 0xff, 0xff, 0x61, 0x0, 0x0, 0x0,
    0xa, 0x66, 0x68, 0x4f, 0x0, 0x0, 0x0, 0x0,

    /* U+002A "*" */
    0x0, 0x0, 0x0, 0x0, 0x42, 0xff, 0xff, 0x47,
    0x0, 0x0, 0x0, 0x0, 0x0, 0x0, 0x0, 0x0,
    0x36, 0xff, 0xff, 0x3b, 0x0, 0x0, 0x0, 0x0,
    0x0, 0x55, 0x24, 0x0, 0x29, 0xff, 0xff, 0x30,
    0x0, 0x22, 0x56, 0x0, 0x5, 0xed, 0xfe, 0xb5,
    0x62, 0xff, 0xff, 0x67, 0xb2, 0xfe, 0xef, 0x7,
    0x32, 0xf7, 0xff, 0xff, 0xff, 0xff, 0xff, 0xff,
    0xff, 0xff, 0xf7, 0x35, 0x0, 0x9, 0x4e, 0x9e,
    0xf4, 0xff, 0xff, 0xf5, 0x9f, 0x50, 0xb, 0x0,
    0x0, 0x0, 0x0, 0x3e, 0xfb, 0xff, 0xff, 0xfb,
    0x3f, 0x0, 0x0, 0x0, 0x0, 0x0, 0x1d, 0xe9,
    0xff, 0xbc, 0xbc, 0xff, 0xeb, 0x1d, 0x0, 0x0,
    0x0, 0x9, 0xcc, 0xff, 0xf5, 0x22, 0x22, 0xf5,
    0xff, 0xcd, 0x9, 0x0, 0x0, 0x5, 0x82, 0xfc,
    0x72, 0x0, 0x0, 0x71, 0xfb, 0x82, 0x5, 0x0,
    0x0, 0x0, 0x0, 0x31, 0x3, 0x0, 0x0, 0x3,
    0x2e, 0x0, 0x0, 0x0,

    /* U+002B "+" */
    0x0, 0x0, 0x0, 0x48, 0xff, 0xff, 0x48, 0x0,
    0x0, 0x0, 0x0, 0x0, 0x0, 0x48, 0xff, 0xff,
    0x48, 0x0, 0x0, 0x0, 0x0, 0x0, 0x0, 0x48,
    0xff, 0xff, 0x48, 0x0, 0x0, 0x0, 0x47, 0x6c,
    0x6c, 0x96, 0xff, 0xff, 0x96, 0x6c, 0x6c, 0x47,
    0xa8, 0xff, 0xff, 0xff, 0xff, 0xff, 0xff, 0xff,
    0xff, 0xa8, 0xa8, 0xff, 0xff, 0xff, 0xff, 0xff,
    0xff, 0xff, 0xff, 0xa8, 0x0, 0x0, 0x0, 0x48,
    0xff, 0xff, 0x48, 0x0, 0x0, 0x0, 0x0, 0x0,
    0x0, 0x48, 0xff, 0xff, 0x48, 0x0, 0x0, 0x0,
    0x0, 0x0, 0x0, 0x48, 0xff, 0xff, 0x48, 0x0,
    0x0, 0x0, 0x0, 0x0, 0x0, 0x45, 0xf4, 0xf4,
    0x45, 0x0, 0x0, 0x0,

    /* U+002C "," */
    0x0, 0x5, 0x62, 0x71, 0x19, 0x0, 0x7b, 0xff,
    0xff, 0xc3, 0x0, 0x9e, 0xff, 0xff, 0xe7, 0x0,
    0x52, 0xfd, 0xff, 0xd0, 0x0, 0x0, 0x79, 0xff,
    0x87, 0x0, 0x10, 0xe4, 0xf2, 0x19, 0x7, 0xbc,
    0xfa, 0x4d, 0x0,

    /* U+002D "-" */
    0xe5, 0xf4, 0xf4, 0xf4, 0xf4, 0xf4, 0xf0, 0xff,
    0xff, 0xff, 0xff, 0xff, 0xf0, 0xff, 0xff, 0xff,
    0xff, 0xff,

    /* U+002E "." */
    0x18, 0x97, 0xa3, 0x30, 0x94, 0xff, 0xff, 0xc8,
    0xa2, 0xff, 0xff, 0xd6, 0x3d, 0xe8, 0xf3, 0x65,

    /* U+002F "/" */
    0x0, 0x0, 0x0, 0x0, 0x0, 0x26, 0xff, 0xff,
    0x4a, 0x0, 0x0, 0x0, 0x0, 0x0, 0x78, 0xff,
    0xf2, 0x7, 0x0, 0x0, 0x0, 0x0, 0x0, 0xca,
    0xff, 0xa6, 0x0, 0x0, 0x0, 0x0, 0x0, 0x1e,
    0xff, 0xff, 0x53, 0x0, 0x0, 0x0, 0x0, 0x0,
    0x6e, 0xff, 0xf7, 0xb, 0x0, 0x0, 0x0, 0x0,
    0x0, 0xc2, 0xff, 0xae, 0x0, 0x0, 0x0, 0x0,
    0x0, 0x16, 0xfd, 0xff, 0x5d, 0x0, 0x0, 0x0,
    0x0, 0x0, 0x66, 0xff, 0xfa, 0x10, 0x0, 0x0,
    0x0, 0x0, 0x0, 0xb9, 0xff, 0xb8, 0x0, 0x0,
    0x0, 0x0, 0x0, 0x10, 0xfa, 0xff, 0x66, 0x0,
    0x0, 0x0, 0x0, 0x0, 0x5d, 0xff, 0xfd, 0x15,
    0x0, 0x0, 0x0, 0x0, 0x0, 0xaf, 0xff, 0xc1,
    0x0, 0x0, 0x0, 0x0, 0x0, 0xb, 0xf7, 0xff,
    0x6e, 0x0, 0x0, 0x0, 0x0, 0x0, 0x54, 0xff,
    0xff, 0x1d, 0x0, 0x0, 0x0, 0x0, 0x0, 0xa6,
    0xff, 0xca, 0x0, 0x0, 0x0, 0x0, 0x0, 0x7,
    0xf3, 0xff, 0x77, 0x0, 0x0, 0x0, 0x0, 0x0,
    0x4b, 0xff, 0xff, 0x26, 0x0, 0x0, 0x0, 0x0,
    0x0, 0x9e, 0xff, 0xd2, 0x0, 0x0, 0x0, 0x0,
    0x0, 0x0, 0x6d, 0x80, 0x4b, 0x0, 0x0, 0x0,
    0x0, 0x0, 0x0,

    /* U+0030 "0" */
    0x0, 0x0, 0x6, 0x77, 0xd3, 0xf9, 0xf9, 0xd3,
    0x76, 0x6, 0x0, 0x0, 0x0, 0x5, 0xbb, 0xff,
    0xff, 0xff, 0xff, 0xff, 0xff, 0xbb, 0x5, 0x0,
    0x0, 0x72, 0xff, 0xff, 0xf9, 0xaa, 0xaa, 0xf9,
    0xff, 0xff, 0x72, 0x0, 0x0, 0xde, 0xff, 0xff,
    0x58, 0x0, 0x0, 0x58, 0xff, 0xff, 0xde, 0x0,
    0x24, 0xff, 0xff, 0xf8, 0x4, 0x0, 0x0, 0x5,
    0xf8, 0xff, 0xff, 0x23, 0x4b, 0xff, 0xff, 0xe3,
    0x0, 0x0, 0x0, 0x0, 0xe3, 0xff, 0xff, 0x4b,
    0x5c, 0xff, 0xff, 0xe0, 0x0, 0x0, 0x0, 0x0,
    0xe0, 0xff, 0xff, 0x5c, 0x5c, 0xff, 0xff, 0xe0,
    0x0, 0x0, 0x0, 0x0, 0xe0, 0xff, 0xff, 0x5c,
    0x4b, 0xff, 0xff, 0xe3, 0x0, 0x0, 0x0, 0x0,
    0xe3, 0xff, 0xff, 0x4b, 0x24, 0xff, 0xff, 0xf8,
    0x5, 0x0, 0x0, 0x5, 0xf8, 0xff, 0xff, 0x23,
    0x0, 0xdf, 0xff, 0xff, 0x58, 0x0, 0x0, 0x58,
    0xff, 0xff, 0xde, 0x0, 0x0, 0x72, 0xff, 0xff,
    0xf9, 0xad, 0xad, 0xf9, 0xff, 0xff, 0x72, 0x0,
    0x0, 0x5, 0xbb, 0xff, 0xff, 0xff, 0xff, 0xff,
    0xff, 0xbb, 0x5, 0x0, 0x0, 0x0, 0x6, 0x77,
    0xd3, 0xf9, 0xf9, 0xd3, 0x77, 0x6, 0x0, 0x0,

    /* U+0031 "1" */
    0x0, 0x0, 0x0, 0x54, 0xff, 0xff, 0xff, 0xff,
    0xa4, 0x0, 0x0, 0x0, 0x0, 0x0, 0x23, 0xf2,
    0xff, 0xff, 0xff, 0xff, 0xa4, 0x0, 0x0, 0x0,
    0x0, 0x8, 0xcf, 0xff, 0xfd, 0xa5, 0xff, 0xff,
    0xa4, 0x0, 0x0, 0x0, 0x0, 0x97, 0xff, 0xff,
    0x7b, 0x5c, 0xff, 0xff, 0xa4, 0x0, 0x0, 0x0,
    0x18, 0xee, 0xff, 0xb6, 0x2, 0x5c, 0xff, 0xff,
    0xa4, 0x0, 0x0, 0x0, 0x0, 0x20, 0xaf, 0x12,
    0x0, 0x5c, 0xff, 0xff, 0xa4, 0x0, 0x0, 0x0,
    0x0, 0x0, 0x0, 0x0, 0x0, 0x5c, 0xff, 0xff,
    0xa4, 0x0, 0x0, 0x0, 0x0, 0x0, 0x0, 0x0,
    0x0, 0x5c, 0xff, 0xff, 0xa4, 0x0, 0x0, 0x0,
    0x0, 0x0, 0x0, 0x0, 0x0, 0x5c, 0xff, 0xff,
    0xa4, 0x0, 0x0, 0x0, 0x0, 0x0, 0x0, 0x0,
    0x0, 0x5c, 0xff, 0xff, 0xa4, 0x0, 0x0, 0x0,
    0x0, 0x0, 0x0, 0x0, 0x0, 0x5c, 0xff, 0xff,
    0xa4, 0x0, 0x0, 0x0, 0x0, 0x10, 0x7c, 0x7c,
    0x7c, 0xab, 0xff, 0xff, 0xd1, 0x7c, 0x7c, 0x4a,
    0x0, 0x20, 0xff, 0xff, 0xff, 0xff, 0xff, 0xff,
    0xff, 0xff, 0xff, 0x98, 0x0, 0x20, 0xff, 0xff,
    0xff, 0xff, 0xff, 0xff, 0xff, 0xff, 0xff, 0x98,

    /* U+0032 "2" */
    0x0, 0x0, 0xb, 0x7e, 0xd5, 0xf9, 0xf9, 0xd3,
    0x79, 0x7, 0x0, 0x0, 0x0, 0x15, 0xd3, 0xff,
    0xff, 0xff, 0xff, 0xff, 0xff, 0xc4, 0x6, 0x0,
    0x0, 0xab, 0xff, 0xff, 0xec, 0xaf, 0xd4, 0xff,
    0xff, 0xff, 0x6a, 0x0, 0x9, 0xd3, 0xff, 0xe8,
    0x18, 0x0, 0x1, 0xac, 0xff, 0xff, 0xae, 0x0,
    0x0, 0x0, 0x30, 0x43, 0x0, 0x0, 0x0, 0x78,
    0xff, 0xff, 0xb5, 0x0, 0x0, 0x0, 0x0, 0x0,
    0x0, 0x0, 0x0, 0xac, 0xff, 0xff, 0x82, 0x0,
    0x0, 0x0, 0x0, 0x0, 0x0, 0x0, 0x56, 0xff,
    0xff, 0xee, 0x17, 0x0, 0x0, 0x0, 0x0, 0x0,
    0x0, 0x66, 0xfc, 0xff, 0xf7, 0x43, 0x0, 0x0,
    0x0, 0x0, 0x0, 0x4, 0x92, 0xff, 0xff, 0xea,
    0x39, 0x0, 0x0, 0x0, 0x0, 0x0, 0x11, 0xbb,
    0xff, 0xff, 0xcb, 0x1d, 0x0, 0x0, 0x0, 0x0,
    0x0, 0x27, 0xda, 0xff, 0xff, 0x97, 0x7, 0x0,
    0x0, 0x0, 0x0, 0x0, 0x0, 0xd6, 0xff, 0xff,
    0xdf, 0x94, 0x94, 0x94, 0x94, 0x94, 0x94, 0x2,
    0x0, 0xdc, 0xff, 0xff, 0xff, 0xff, 0xff, 0xff,
    0xff, 0xff, 0xff, 0x4, 0x0, 0xdc, 0xff, 0xff,
    0xff, 0xff, 0xff, 0xff, 0xff, 0xff, 0xff, 0x4,

    /* U+0033 "3" */
    0x0, 0x0, 0x35, 0xab, 0xeb, 0xfe, 0xf3, 0xca,
    0x75, 0xa, 0x0, 0x0, 0x69, 0xfd, 0xff, 0xff,
    0xff, 0xff, 0xff, 0xff, 0xcd, 0xb, 0xc, 0xdb,
    0xff, 0xf4, 0xa3, 0x82, 0xb0, 0xff, 0xff, 0xff,
    0x69, 0x0, 0xe, 0x89, 0x1c, 0x0, 0x0, 0x0,
    0xb4, 0xff, 0xff, 0x84, 0x0, 0x0, 0x0, 0x0,
    0x0, 0x3, 0x2e, 0xde, 0xff, 0xff, 0x42, 0x0,
    0x0, 0x0, 0x10, 0xff, 0xff, 0xff, 0xff, 0xec,
    0x64, 0x0, 0x0, 0x0, 0x0, 0x10, 0xff, 0xff,
    0xff, 0xfb, 0x9a, 0x20, 0x0, 0x0, 0x0, 0x0,
    0x9, 0x90, 0x95, 0xc9, 0xff, 0xff, 0xeb, 0x1f,
    0x0, 0x0, 0x0, 0x0, 0x0, 0x0, 0x0, 0x9f,
    0xff, 0xff, 0x97, 0x0, 0x2, 0x47, 0x0, 0x0,
    0x0, 0x0, 0x61, 0xff, 0xff, 0xc3, 0x10, 0xb4,
    0xfd, 0x4a, 0x0, 0x0, 0x0, 0xa1, 0xff, 0xff,
    0xb3, 0x71, 0xff, 0xff, 0xfc, 0xa9, 0x85, 0xb7,
    0xff, 0xff, 0xff, 0x5e, 0x2, 0xa1, 0xff, 0xff,
    0xff, 0xff, 0xff, 0xff, 0xff, 0xa1, 0x1, 0x0,
    0x0, 0x58, 0xbe, 0xf0, 0xfe, 0xee, 0xba, 0x55,
    0x0, 0x0,

    /* U+0034 "4" */
    0x0, 0x0, 0x0, 0x0, 0x0, 0x44, 0xff, 0xff,
    0xff, 0x98, 0x0, 0x0, 0x0, 0x0, 0x0, 0x0,
    0x8, 0xdb, 0xff, 0xff, 0xff, 0x98, 0x0, 0x0,
    0x0, 0x0, 0x0, 0x0, 0x82, 0xff, 0xff, 0xff,
    0xff, 0x98, 0x0, 0x0, 0x0, 0x0, 0x0, 0x28,
    0xf9, 0xff, 0xa6, 0xff, 0xff, 0x98, 0x0, 0x0,
    0x0, 0x0, 0x1, 0xbf, 0xff, 0xbf, 0x45, 0xff,
    0xff, 0x98, 0x0, 0x0, 0x0, 0x0, 0x60, 0xff,
    0xfa, 0x28, 0x44, 0xff, 0xff, 0x98, 0x0, 0x0,
    0x0, 0x14, 0xec, 0xff, 0x87, 0x0, 0x44, 0xff,
    0xff, 0x98, 0x0, 0x0, 0x0, 0x9f, 0xff, 0xe0,
    0xa, 0x0, 0x44, 0xff, 0xff, 0x98, 0x0, 0x0,
    0x3a, 0xff, 0xff, 0x4f, 0x0, 0x0, 0x44, 0xff,
    0xff, 0x98, 0x0, 0x0, 0x68, 0xff, 0xff, 0xff,
    0xff, 0xff, 0xff, 0xff, 0xff, 0xff, 0xff, 0x5c,
    0x68, 0xff, 0xff, 0xff, 0xff, 0xff, 0xff, 0xff,
    0xff, 0xff, 0xff, 0x5c, 0x27, 0x60, 0x60, 0x60,
    0x60, 0x60, 0x8b, 0xff, 0xff, 0xbf, 0x60, 0x23,
    0x0, 0x0, 0x0, 0x0, 0x0, 0x0, 0x44, 0xff,
    0xff, 0x98, 0x0, 0x0, 0x0, 0x0, 0x0, 0x0,
    0x0, 0x0, 0x44, 0xff, 0xff, 0x98, 0x0, 0x0,

    /* U+0035 "5" */
    0x0, 0x22, 0xff, 0xff, 0xff, 0xff, 0xff, 0xff,
    0xff, 0xff, 0x70, 0x0, 0x0, 0x32, 0xff, 0xff,
    0xff, 0xff, 0xff, 0xff, 0xff, 0xff, 0x70, 0x0,
    0x0, 0x45, 0xff, 0xff, 0xb6, 0xb0, 0xb0, 0xb0,
    0xb0, 0xb0, 0x4d, 0x0, 0x0, 0x56, 0xff, 0xff,
    0x9, 0x0, 0x0, 0x0, 0x0, 0x0, 0x0, 0x0,
    0x0, 0x69, 0xff, 0xf6, 0x0, 0x30, 0x77, 0x74,
    0x3b, 0x0, 0x0, 0x0, 0x0, 0x7a, 0xff, 0xe4,
    0x50, 0xfd, 0xff, 0xff, 0xff, 0xb5, 0xb, 0x0,
    0x0, 0x8c, 0xff, 0xde, 0xe4, 0xff, 0xff, 0xff,
    0xff, 0xff, 0x9d, 0x0, 0x0, 0x6b, 0xcc, 0xed,
    0x74, 0xe, 0x11, 0x92, 0xff, 0xff, 0xfc, 0x12,
    0x0, 0x0, 0x0, 0x0, 0x0, 0x0, 0x0, 0x7,
    0xf8, 0xff, 0xff, 0x3d, 0x0, 0x0, 0x17, 0x1c,
    0x0, 0x0, 0x0, 0x0, 0xf0, 0xff, 0xff, 0x3c,
    0x0, 0x37, 0xe5, 0xc6, 0xa, 0x0, 0x0, 0x3b,
    0xff, 0xff, 0xfd, 0x12, 0x1, 0xd7, 0xff, 0xff,
    0xdc, 0x8b, 0x94, 0xf0, 0xff, 0xff, 0xa7, 0x0,
    0x0, 0x2d, 0xea, 0xff, 0xff, 0xff, 0xff, 0xff,
    0xff, 0xd5, 0x15, 0x0, 0x0, 0x0, 0x18, 0x90,
    0xdd, 0xfc, 0xf8, 0xd1, 0x7d, 0xb, 0x0, 0x0,

    /* U+0036 "6" */
    0x0, 0x0, 0x0, 0x0, 0x16, 0xbf, 0xff, 0xff,
    0xf1, 0x57, 0x0, 0x0, 0x0, 0x0, 0x0, 0x1a,
    0xdc, 0xff, 0xff, 0xce, 0x22, 0x0, 0x0, 0x0,
    0x0, 0x0, 0x9, 0xd0, 0xff, 0xff, 0xb3, 0xa,
    0x0, 0x0, 0x0, 0x0, 0x0, 0x0, 0x96, 0xff,
    0xff, 0xb8, 0x5, 0x0, 0x0, 0x0, 0x0, 0x0,
    0x0, 0x2d, 0xfe, 0xff, 0xe5, 0x18, 0x48, 0x57,
    0x2b, 0x0, 0x0, 0x0, 0x0, 0x9a, 0xff, 0xff,
    0x82, 0xd8, 0xff, 0xff, 0xff, 0xb1, 0xb, 0x0,
    0x0, 0xe9, 0xff, 0xff, 0xc7, 0xff, 0xff, 0xff,
    0xff, 0xff, 0xa2, 0x0, 0x17, 0xff, 0xff, 0xff,
    0xa1, 0x16, 0xe, 0x81, 0xff, 0xff, 0xfe, 0x17,
    0x26, 0xff, 0xff, 0xfe, 0xc, 0x0, 0x0, 0x0,
    0xe1, 0xff, 0xff, 0x46, 0x16, 0xff, 0xff, 0xf6,
    0x0, 0x0, 0x0, 0x0, 0xcf, 0xff, 0xff, 0x48,
    0x0, 0xe3, 0xff, 0xff, 0x32, 0x0, 0x0, 0x13,
    0xf5, 0xff, 0xff, 0x1d, 0x0, 0x7c, 0xff, 0xff,
    0xe7, 0x7e, 0x76, 0xd6, 0xff, 0xff, 0xb3, 0x0,
    0x0, 0x7, 0xbd, 0xff, 0xff, 0xff, 0xff, 0xff,
    0xff, 0xdb, 0x1a, 0x0, 0x0, 0x0, 0x5, 0x70,
    0xce, 0xf8, 0xfa, 0xd8, 0x84, 0xe, 0x0, 0x0,

    /* U+0037 "7" */
    0xe8, 0xff, 0xff, 0xff, 0xff, 0xff, 0xff, 0xff,
    0xff, 0xfc, 0xe8, 0xff, 0xff, 0xff, 0xff, 0xff,
    0xff, 0xff, 0xff, 0xfc, 0xe8, 0xff, 0xd2, 0x80,
    0x80, 0x80, 0x8d, 0xff, 0xff, 0xf6, 0xe8, 0xff,
    0xa4, 0x0, 0x0, 0x0, 0x68, 0xff, 0xff, 0xa6,
    0xe8, 0xff, 0xa4, 0x0, 0x0, 0x0, 0xd0, 0xff,
    0xff, 0x41, 0xb, 0xc, 0x8, 0x0, 0x0, 0x3a,
    0xff, 0xff, 0xda, 0x1, 0x0, 0x0, 0x0, 0x0,
    0x0, 0xa1, 0xff, 0xff, 0x75, 0x0, 0x0, 0x0,
    0x0, 0x0, 0x12, 0xf8, 0xff, 0xfa, 0x15, 0x0,
    0x0, 0x0, 0x0, 0x0, 0x72, 0xff, 0xff, 0xaa,
    0x0, 0x0, 0x0, 0x0, 0x0, 0x1, 0xd9, 0xff,
    0xff, 0x45, 0x0, 0x0, 0x0, 0x0, 0x0, 0x43,
    0xff, 0xff, 0xde, 0x2, 0x0, 0x0, 0x0, 0x0,
    0x0, 0xac, 0xff, 0xff, 0x7a, 0x0, 0x0, 0x0,
    0x0, 0x0, 0x18, 0xfb, 0xff, 0xfc, 0x18, 0x0,
    0x0, 0x0, 0x0, 0x0, 0x7c, 0xff, 0xff, 0xaf,
    0x0, 0x0, 0x0, 0x0,

    /* U+0038 "8" */
    0x0, 0x0, 0x27, 0x9e, 0xe1, 0xfb, 0xfb, 0xe1,
    0xa1, 0x28, 0x0, 0x0, 0x0, 0x33, 0xf4, 0xff,
    0xff, 0xff, 0xff, 0xff, 0xff, 0xf6, 0x36, 0x0,
    0x0, 0xad, 0xff, 0xff, 0xc0, 0x66, 0x66, 0xc0,
    0xff, 0xff, 0xb0, 0x0, 0x0, 0xbf, 0xff, 0xff,
    0x15, 0x0, 0x0, 0x16, 0xff, 0xff, 0xbe, 0x0,
    0x0, 0x68, 0xff, 0xff, 0x71, 0xa, 0xa, 0x71,
    0xff, 0xff, 0x64, 0x0, 0x0, 0x0, 0x66, 0xe5,
    0xff, 0xff, 0xff, 0xff, 0xe0, 0x5d, 0x0, 0x0,
    0x0, 0x3, 0x7b, 0xeb, 0xff, 0xff, 0xff, 0xff,
    0xeb, 0x7b, 0x3, 0x0, 0x0, 0x8e, 0xff, 0xff,
    0xc5, 0x51, 0x51, 0xc3, 0xff, 0xff, 0x8e, 0x0,
    0xe, 0xfb, 0xff, 0xfe, 0x14, 0x0, 0x0, 0x14,
    0xfe, 0xff, 0xfb, 0xe, 0x30, 0xff, 0xff, 0xf1,
    0x0, 0x0, 0x0, 0x0, 0xf1, 0xff, 0xff, 0x30,
    0x1c, 0xff, 0xff, 0xff, 0x1e, 0x0, 0x0, 0x1e,
    0xff, 0xff, 0xff, 0x1c, 0x0, 0xc9, 0xff, 0xff,
    0xd6, 0x6d, 0x6d, 0xd6, 0xff, 0xff, 0xc8, 0x0,
    0x0, 0x2a, 0xe9, 0xff, 0xff, 0xff, 0xff, 0xff,
    0xff, 0xe9, 0x2a, 0x0, 0x0, 0x0, 0x17, 0x8d,
    0xd9, 0xfa, 0xfa, 0xd9, 0x8d, 0x17, 0x0, 0x0,

    /* U+0039 "9" */
    0x0, 0x0, 0x12, 0x87, 0xd9, 0xfa, 0xf7, 0xce,
    0x70, 0x5, 0x0, 0x0, 0x0, 0x22, 0xe2, 0xff,
    0xff, 0xff, 0xff, 0xff, 0xff, 0xbc, 0x6, 0x0,
    0x0, 0xc2, 0xff, 0xff, 0xd0, 0x71, 0x79, 0xe1,
    0xff, 0xff, 0x7b, 0x0, 0x26, 0xff, 0xff, 0xef,
    0xe, 0x0, 0x0, 0x28, 0xff, 0xff, 0xe3, 0x0,
    0x4c, 0xff, 0xff, 0xce, 0x0, 0x0, 0x0, 0x0,
    0xf6, 0xff, 0xff, 0x16, 0x41, 0xff, 0xff, 0xef,
    0xc, 0x0, 0x0, 0x23, 0xff, 0xff, 0xff, 0x26,
    0xb, 0xf3, 0xff, 0xff, 0xca, 0x69, 0x71, 0xd5,
    0xff, 0xff, 0xff, 0x17, 0x0, 0x6a, 0xff, 0xff,
    0xff, 0xff, 0xff, 0x9f, 0xff, 0xff, 0xe8, 0x0,
    0x0, 0x0, 0x56, 0xce, 0xfc, 0xec, 0x82, 0x8a,
    0xff, 0xff, 0x9a, 0x0, 0x0, 0x0, 0x0, 0x0,
    0x0, 0x0, 0x27, 0xf7, 0xff, 0xfe, 0x2b, 0x0,
    0x0, 0x0, 0x0, 0x0, 0x0, 0x11, 0xd5, 0xff,
    0xff, 0x96, 0x0, 0x0, 0x0, 0x0, 0x0, 0x0,
    0x15, 0xcc, 0xff, 0xff, 0xd0, 0x9, 0x0, 0x0,
    0x0, 0x0, 0x0, 0x2b, 0xde, 0xff, 0xff, 0xdc,
    0x1a, 0x0, 0x0, 0x0, 0x0, 0x0, 0x5c, 0xf4,
    0xff, 0xff, 0xbf, 0x16, 0x0, 0x0, 0x0, 0x0,

    /* U+003A ":" */
    0x1c, 0xd6, 0xfa, 0x94, 0x0, 0x6e, 0xff, 0xff,
    0xff, 0xb, 0x5f, 0xff, 0xff, 0xf5, 0x6, 0x6,
    0x86, 0xaa, 0x4c, 0x0, 0x0, 0x0, 0x0, 0x0,
    0x0, 0x0, 0x0, 0x0, 0x0, 0x0, 0x0, 0x0,
    0x0, 0x0, 0x0, 0x6, 0x86, 0xaa, 0x4c, 0x0,
    0x5f, 0xff, 0xff, 0xf6, 0x6, 0x6e, 0xff, 0xff,
    0xff, 0xb, 0x1c, 0xd6, 0xfa, 0x92, 0x0,

    /* U+003B ";" */
    0x0, 0x1c, 0xd6, 0xfa, 0x94, 0x0, 0x0, 0x6e,
    0xff, 0xff, 0xff, 0xb, 0x0, 0x5f, 0xff, 0xff,
    0xf5, 0x6, 0x0, 0x6, 0x86, 0xaa, 0x4c, 0x0,
    0x0, 0x0, 0x0, 0x0, 0x0, 0x0, 0x0, 0x0,
    0x0, 0x0, 0x0, 0x0, 0x0, 0x0, 0x0, 0x0,
    0x0, 0x0, 0x0, 0x0, 0x4f, 0x76, 0x2b, 0x0,
    0x0, 0x47, 0xff, 0xff, 0xec, 0x5, 0x0, 0x6a,
    0xff, 0xff, 0xff, 0x17, 0x0, 0x29, 0xf4, 0xff,
    0xfa, 0x6, 0x0, 0x0, 0x46, 0xff, 0xb9, 0x0,
    0x0, 0x2, 0xc0, 0xff, 0x3d, 0x0, 0x0, 0x91,
    0xff, 0x7a, 0x0, 0x0,

    /* U+003C "<" */
    0x0, 0x0, 0x0, 0x0, 0x0, 0x0, 0x0, 0x1b,
    0x0, 0x0, 0x0, 0x0, 0x0, 0x1, 0x68, 0xe4,
    0x0, 0x0, 0x0, 0x0, 0x1e, 0xbb, 0xff, 0xf0,
    0x0, 0x0, 0x1, 0x65, 0xf2, 0xff, 0xff, 0xdb,
    0x0, 0x1b, 0xb8, 0xff, 0xff, 0xff, 0x9a, 0x10,
    0x5f, 0xf0, 0xff, 0xff, 0xdc, 0x42, 0x0, 0x0,
    0xf0, 0xff, 0xff, 0x97, 0xa, 0x0, 0x0, 0x0,
    0xe2, 0xff, 0xff, 0xdd, 0x43, 0x0, 0x0, 0x0,
    0x17, 0xb0, 0xff, 0xff, 0xff, 0x9c, 0x10, 0x0,
    0x0, 0x0, 0x5f, 0xf0, 0xff, 0xff, 0xe6, 0x50,
    0x0, 0x0, 0x0, 0x1b, 0xb9, 0xff, 0xff, 0xf0,
    0x0, 0x0, 0x0, 0x0, 0x1, 0x66, 0xf3, 0xf0,
    0x0, 0x0, 0x0, 0x0, 0x0, 0x0, 0x20, 0xb0,
    0x0, 0x0, 0x0, 0x0, 0x0, 0x0, 0x0, 0x0,

    /* U+003D "=" */
    0xa8, 0xff, 0xff, 0xff, 0xff, 0xff, 0xff, 0xff,
    0xff, 0xa8, 0xa8, 0xff, 0xff, 0xff, 0xff, 0xff,
    0xff, 0xff, 0xff, 0xa8, 0x47, 0x6c, 0x6c, 0x6c,
    0x6c, 0x6c, 0x6c, 0x6c, 0x6c, 0x47, 0x0, 0x0,
    0x0, 0x0, 0x0, 0x0, 0x0, 0x0, 0x0, 0x0,
    0x44, 0x68, 0x68, 0x68, 0x68, 0x68, 0x68, 0x68,
    0x68, 0x44, 0xa8, 0xff, 0xff, 0xff, 0xff, 0xff,
    0xff, 0xff, 0xff, 0xa8, 0xa8, 0xff, 0xff, 0xff,
    0xff, 0xff, 0xff, 0xff, 0xff, 0xa8,

    /* U+003E ">" */
    0x1b, 0x0, 0x0, 0x0, 0x0, 0x0, 0x0, 0x0,
    0xe4, 0x68, 0x1, 0x0, 0x0, 0x0, 0x0, 0x0,
    0xf0, 0xff, 0xbc, 0x20, 0x0, 0x0, 0x0, 0x0,
    0xdb, 0xff, 0xff, 0xf2, 0x66, 0x1, 0x0, 0x0,
    0x10, 0x9a, 0xff, 0xff, 0xff, 0xba, 0x1e, 0x0,
    0x0, 0x0, 0x42, 0xdc, 0xff, 0xff, 0xf2, 0x64,
    0x0, 0x0, 0x0, 0xa, 0x97, 0xff, 0xff, 0xf0,
    0x0, 0x0, 0x0, 0x43, 0xdd, 0xff, 0xff, 0xde,
    0x0, 0x10, 0x9c, 0xff, 0xff, 0xff, 0xaa, 0x14,
    0x50, 0xe7, 0xff, 0xff, 0xed, 0x5a, 0x0, 0x0,
    0xf0, 0xff, 0xff, 0xb5, 0x19, 0x0, 0x0, 0x0,
    0xf0, 0xf2, 0x65, 0x0, 0x0, 0x0, 0x0, 0x0,
    0xae, 0x20, 0x0, 0x0, 0x0, 0x0, 0x0, 0x0,
    0x0, 0x0, 0x0, 0x0, 0x0, 0x0, 0x0, 0x0,

    /* U+003F "?" */
    0x0, 0xb, 0x85, 0xdd, 0xfc, 0xf4, 0xc5, 0x5f,
    0x1, 0x0, 0x8, 0xca, 0xff, 0xff, 0xff, 0xff,
    0xff, 0xff, 0x98, 0x0, 0x75, 0xff, 0xff, 0xe3,
    0x9c, 0xbf, 0xff, 0xff, 0xff, 0x34, 0x30, 0x90,
    0xce, 0x13, 0x0, 0x0, 0xc7, 0xff, 0xff, 0x6d,
    0x0, 0x0, 0x0, 0x0, 0x0, 0x0, 0xc3, 0xff,
    0xff, 0x61, 0x0, 0x0, 0x0, 0x25, 0x43, 0x96,
    0xff, 0xff, 0xf3, 0x16, 0x0, 0x0, 0x0, 0xd8,
    0xff, 0xff, 0xff, 0xf0, 0x48, 0x0, 0x0, 0x0,
    0x0, 0xd8, 0xff, 0xfa, 0x66, 0x11, 0x0, 0x0,
    0x0, 0x0, 0x0, 0xd8, 0xff, 0xf4, 0x0, 0x0,
    0x0, 0x0, 0x0, 0x0, 0x0, 0x0, 0x0, 0x0,
    0x0, 0x0, 0x0, 0x0, 0x0, 0x0, 0x0, 0x50,
    0x98, 0x6b, 0x1, 0x0, 0x0, 0x0, 0x0, 0x0,
    0x1b, 0xfe, 0xff, 0xff, 0x4a, 0x0, 0x0, 0x0,
    0x0, 0x0, 0x2b, 0xff, 0xff, 0xff, 0x5b, 0x0,
    0x0, 0x0, 0x0, 0x0, 0x3, 0xb1, 0xfc, 0xd0,
    0x14, 0x0, 0x0, 0x0,

    /* U+0040 "@" */
    0x0, 0x0, 0x0, 0x0, 0x30, 0x95, 0xd7, 0xf7,
    0xfd, 0xe8, 0xba, 0x68, 0x9, 0x0, 0x0, 0x0,
    0x0, 0x0, 0x4, 0x90, 0xfe, 0xff, 0xf8, 0xd4,
    0xcc, 0xe6, 0xff, 0xff, 0xe0, 0x39, 0x0, 0x0,
    0x0, 0x1, 0xaa, 0xff, 0xe0, 0x5b, 0x9, 0x0,
    0x0, 0x0, 0x28, 0x9f, 0xff, 0xf6, 0x36, 0x0,
    0x0, 0x6d, 0xff, 0xcb, 0x10, 0x0, 0x0, 0x0,
    0x0, 0x0, 0x0, 0x0, 0x64, 0xff, 0xdb, 0x6,
    0x9, 0xec, 0xf4, 0x1e, 0x0, 0x39, 0xbb, 0xd4,
    0x74, 0x7c, 0xdc, 0x90, 0x0, 0xa5, 0xff, 0x5b,
    0x55, 0xff, 0x91, 0x0, 0x20, 0xf4, 0xff, 0xff,
    0xff, 0xd1, 0xff, 0xa8, 0x0, 0x37, 0xff, 0xac,
    0x95, 0xff, 0x43, 0x0, 0x88, 0xff, 0xe3, 0x25,
    0x18, 0xd1, 0xff, 0xa8, 0x0, 0x5, 0xfd, 0xd8,
    0xb9, 0xff, 0x1e, 0x0, 0xbc, 0xff, 0x8d, 0x0,
    0x0, 0x91, 0xff, 0xa8, 0x0, 0x0, 0xf1, 0xe9,
    0xc5, 0xff, 0x14, 0x0, 0xca, 0xff, 0x84, 0x0,
    0x0, 0x90, 0xff, 0xa8, 0x0, 0x0, 0xf6, 0xe1,
    0xbb, 0xff, 0x1b, 0x0, 0xba, 0xff, 0x8d, 0x0,
    0x0, 0x92, 0xff, 0xa8, 0x0, 0x1a, 0xff, 0xbb,
    0x9c, 0xff, 0x3d, 0x0, 0x82, 0xff, 0xe3, 0x25,
    0x1e, 0xd8, 0xff, 0xcd, 0xc, 0x96, 0xff, 0x69,
    0x60, 0xff, 0x87, 0x0, 0x18, 0xee, 0xff, 0xff,
    0xff, 0x7c, 0xfd, 0xff, 0xff, 0xff, 0xcd, 0x7,
    0x10, 0xf5, 0xef, 0x17, 0x0, 0x2c, 0xab, 0xc6,
    0x77, 0x1, 0x4c, 0xb8, 0xc5, 0x88, 0xf, 0x0,
    0x0, 0x82, 0xff, 0xc4, 0xd, 0x0, 0x0, 0x0,
    0x0, 0x0, 0x0, 0x0, 0x0, 0x0, 0x0, 0x0,
    0x0, 0x5, 0xbf, 0xff, 0xde, 0x5c, 0xa, 0x0,
    0x0, 0x0, 0x0, 0x0, 0x0, 0x0, 0x0, 0x0,
    0x0, 0x0, 0xa, 0xa3, 0xff, 0xff, 0xfb, 0xdb,
    0xd0, 0xd0, 0xd0, 0xd0, 0x5b, 0x0, 0x0, 0x0,
    0x0, 0x0, 0x0, 0x0, 0x3b, 0x9d, 0xd9, 0xf8,
    0xff, 0xff, 0xff, 0xff, 0x70, 0x0, 0x0, 0x0,

    /* U+0041 "A" */
    0x0, 0x0, 0x0, 0x0, 0x2a, 0xff, 0xff, 0xff,
    0xeb, 0x3, 0x0, 0x0, 0x0, 0x0, 0x0, 0x0,
    0x0, 0x0, 0x7e, 0xff, 0xff, 0xff, 0xff, 0x40,
    0x0, 0x0, 0x0, 0x0, 0x0, 0x0, 0x0, 0x0,
    0xd2, 0xff, 0xf3, 0xff, 0xff, 0x93, 0x0, 0x0,
    0x0, 0x0, 0x0, 0x0, 0x0, 0x27, 0xff, 0xff,
    0x86, 0xeb, 0xff, 0xe5, 0x1, 0x0, 0x0, 0x0,
    0x0, 0x0, 0x0, 0x7a, 0xff, 0xff, 0x39, 0xa1,
    0xff, 0xff, 0x39, 0x0, 0x0, 0x0, 0x0, 0x0,
    0x0, 0xce, 0xff, 0xec, 0x2, 0x56, 0xff, 0xff,
    0x8b, 0x0, 0x0, 0x0, 0x0, 0x0, 0x23, 0xff,
    0xff, 0xa4, 0x0, 0x10, 0xfa, 0xff, 0xde, 0x0,
    0x0, 0x0, 0x0, 0x0, 0x76, 0xff, 0xff, 0x59,
    0x0, 0x0, 0xbe, 0xff, 0xff, 0x32, 0x0, 0x0,
    0x0, 0x0, 0xca, 0xff, 0xff, 0xff, 0xff, 0xff,
    0xff, 0xff, 0xff, 0x84, 0x0, 0x0, 0x0, 0x1e,
    0xff, 0xff, 0xff, 0xff, 0xff, 0xff, 0xff, 0xff,
    0xff, 0xd7, 0x0, 0x0, 0x0, 0x72, 0xff, 0xff,
    0xcc, 0xa4, 0xa4, 0xa4, 0xa4, 0xef, 0xff, 0xff,
    0x2a, 0x0, 0x0, 0xc6, 0xff, 0xff, 0x3a, 0x0,
    0x0, 0x0, 0x0, 0x9a, 0xff, 0xff, 0x7d, 0x0,
    0x1b, 0xfe, 0xff, 0xeb, 0x3, 0x0, 0x0, 0x0,
    0x0, 0x4e, 0xff, 0xff, 0xcf, 0x0, 0x6e, 0xff,
    0xff, 0xa1, 0x0, 0x0, 0x0, 0x0, 0x0, 0xb,
    0xf7, 0xff, 0xff, 0x23,

    /* U+0042 "B" */
    0x74, 0xff, 0xff, 0xff, 0xff, 0xff, 0xff, 0xfc,
    0xd8, 0x6c, 0x1, 0x0, 0x74, 0xff, 0xff, 0xff,
    0xff, 0xff, 0xff, 0xff, 0xff, 0xff, 0x6f, 0x0,
    0x74, 0xff, 0xff, 0xd8, 0xa0, 0xa0, 0xa2, 0xdf,
    0xff, 0xff, 0xdf, 0x0, 0x74, 0xff, 0xff, 0x94,
    0x0, 0x0, 0x0, 0x31, 0xff, 0xff, 0xfc, 0x0,
    0x74, 0xff, 0xff, 0x94, 0x0, 0x0, 0x0, 0x2c,
    0xff, 0xff, 0xdd, 0x0, 0x74, 0xff, 0xff, 0xcd,
    0x88, 0x88, 0x8a, 0xd2, 0xff, 0xfc, 0x5c, 0x0,
    0x74, 0xff, 0xff, 0xff, 0xff, 0xff, 0xff, 0xff,
    0xe6, 0x72, 0x2, 0x0, 0x74, 0xff, 0xff, 0xff,
    0xff, 0xff, 0xff, 0xff, 0xff, 0xff, 0xb3, 0x2,
    0x74, 0xff, 0xff, 0x94, 0x0, 0x0, 0x0, 0x18,
    0xdc, 0xff, 0xff, 0x51, 0x74, 0xff, 0xff, 0x94,
    0x0, 0x0, 0x0, 0x0, 0xa1, 0xff, 0xff, 0x85,
    0x74, 0xff, 0xff, 0x94, 0x0, 0x0, 0x0, 0x0,
    0xba, 0xff, 0xff, 0x7e, 0x74, 0xff, 0xff, 0xd8,
    0xa0, 0xa0, 0xa0, 0xb8, 0xff, 0xff, 0xff, 0x3e,
    0x74, 0xff, 0xff, 0xff, 0xff, 0xff, 0xff, 0xff,
    0xff, 0xff, 0xb4, 0x0, 0x74, 0xff, 0xff, 0xff,
    0xff, 0xff, 0xff, 0xff, 0xf0, 0x98, 0xb, 0x0,

    /* U+0043 "C" */
    0x0, 0x0, 0xb, 0x76, 0xcc, 0xf5, 0xfb, 0xe1,
    0x99, 0x20, 0x0, 0x0, 0x0, 0x1e, 0xd9, 0xff,
    0xff, 0xff, 0xff, 0xff, 0xff, 0xf2, 0x3a, 0x0,
    0x3, 0xcd, 0xff, 0xff, 0xff, 0xda, 0xcb, 0xf6,
    0xff, 0xff, 0xe6, 0xe, 0x5a, 0xff, 0xff, 0xf1,
    0x3f, 0x0, 0x0, 0x14, 0xcf, 0xff, 0xc0, 0x25,
    0xb0, 0xff, 0xff, 0x7a, 0x0, 0x0, 0x0, 0x0,
    0x2f, 0x3b, 0x0, 0x0, 0xe3, 0xff, 0xff, 0x41,
    0x0, 0x0, 0x0, 0x0, 0x0, 0x0, 0x0, 0x0,
    0xf9, 0xff, 0xff, 0x38, 0x0, 0x0, 0x0, 0x0,
    0x0, 0x0, 0x0, 0x0, 0xfc, 0xff, 0xff, 0x38,
    0x0, 0x0, 0x0, 0x0, 0x0, 0x0, 0x0, 0x0,
    0xe8, 0xff, 0xff, 0x41, 0x0, 0x0, 0x0, 0x0,
    0x0, 0x0, 0x0, 0x0, 0xbc, 0xff, 0xff, 0x7d,
    0x0, 0x0, 0x0, 0x0, 0x29, 0x6a, 0x5, 0x0,
    0x69, 0xff, 0xff, 0xf3, 0x41, 0x0, 0x0, 0x19,
    0xce, 0xff, 0xda, 0x2d, 0x9, 0xdc, 0xff, 0xff,
    0xff, 0xda, 0xcc, 0xf8, 0xff, 0xff, 0xdf, 0xc,
    0x0, 0x2a, 0xe3, 0xff, 0xff, 0xff, 0xff, 0xff,
    0xff, 0xe8, 0x2c, 0x0, 0x0, 0x0, 0x10, 0x7f,
    0xd0, 0xf5, 0xfa, 0xdd, 0x90, 0x17, 0x0, 0x0,

    /* U+0044 "D" */
    0x74, 0xff, 0xff, 0xff, 0xff, 0xff, 0xf5, 0xcb,
    0x76, 0xb, 0x0, 0x0, 0x74, 0xff, 0xff, 0xff,
    0xff, 0xff, 0xff, 0xff, 0xff, 0xd8, 0x1d, 0x0,
    0x74, 0xff, 0xff, 0xe8, 0xc8, 0xc8, 0xda, 0xff,
    0xff, 0xff, 0xcb, 0x3, 0x74, 0xff, 0xff, 0x94,
    0x0, 0x0, 0x0, 0x38, 0xf1, 0xff, 0xff, 0x53,
    0x74, 0xff, 0xff, 0x94, 0x0, 0x0, 0x0, 0x0,
    0x81, 0xff, 0xff, 0xa7, 0x74, 0xff, 0xff, 0x94,
    0x0, 0x0, 0x0, 0x0, 0x4f, 0xff, 0xff, 0xd6,
    0x74, 0xff, 0xff, 0x94, 0x0, 0x0, 0x0, 0x0,
    0x48, 0xff, 0xff, 0xeb, 0x74, 0xff, 0xff, 0x94,
    0x0, 0x0, 0x0, 0x0, 0x48, 0xff, 0xff, 0xeb,
    0x74, 0xff, 0xff, 0x94, 0x0, 0x0, 0x0, 0x0,
    0x4f, 0xff, 0xff, 0xd6, 0x74, 0xff, 0xff, 0x94,
    0x0, 0x0, 0x0, 0x0, 0x81, 0xff, 0xff, 0xa7,
    0x74, 0xff, 0xff, 0x94, 0x0, 0x0, 0x0, 0x37,
    0xf1, 0xff, 0xff, 0x55, 0x74, 0xff, 0xff, 0xe7,
    0xc4, 0xc4, 0xd7, 0xff, 0xff, 0xff, 0xcc, 0x3,
    0x74, 0xff, 0xff, 0xff, 0xff, 0xff, 0xff, 0xff,
    0xff, 0xda, 0x1f, 0x0, 0x74, 0xff, 0xff, 0xff,
    0xff, 0xff, 0xf5, 0xcc, 0x78, 0xb, 0x0, 0x0,

    /* U+0045 "E" */
    0x74, 0xff, 0xff, 0xff, 0xff, 0xff, 0xff, 0xff,
    0xff, 0xff, 0xc, 0x74, 0xff, 0xff, 0xff, 0xff,
    0xff, 0xff, 0xff, 0xff, 0xff, 0xc, 0x74, 0xff,
    0xff, 0xe8, 0xc8, 0xc8, 0xc8, 0xc8, 0xc8, 0xc8,
    0x9, 0x74, 0xff, 0xff, 0x94, 0x0, 0x0, 0x0,
    0x0, 0x0, 0x0, 0x0, 0x74, 0xff, 0xff, 0x94,
    0x0, 0x0, 0x0, 0x0, 0x0, 0x0, 0x0, 0x74,
    0xff, 0xff, 0xe5, 0xc0, 0xc0, 0xc0, 0xc0, 0xc0,
    0x18, 0x0, 0x74, 0xff, 0xff, 0xff, 0xff, 0xff,
    0xff, 0xff, 0xff, 0x20, 0x0, 0x74, 0xff, 0xff,
    0xff, 0xff, 0xff, 0xff, 0xff, 0xff, 0x20, 0x0,
    0x74, 0xff, 0xff, 0x94, 0x0, 0x0, 0x0, 0x0,
    0x0, 0x0, 0x0, 0x74, 0xff, 0xff, 0x94, 0x0,
    0x0, 0x0, 0x0, 0x0, 0x0, 0x0, 0x74, 0xff,
    0xff, 0x94, 0x0, 0x0, 0x0, 0x0, 0x0, 0x0,
    0x0, 0x74, 0xff, 0xff, 0xe7, 0xc4, 0xc4, 0xc4,
    0xc4, 0xc4, 0xc4, 0x9, 0x74, 0xff, 0xff, 0xff,
    0xff, 0xff, 0xff, 0xff, 0xff, 0xff, 0xc, 0x74,
    0xff, 0xff, 0xff, 0xff, 0xff, 0xff, 0xff, 0xff,
    0xff, 0xc,

    /* U+0046 "F" */
    0x74, 0xff, 0xff, 0xff, 0xff, 0xff, 0xff, 0xff,
    0xff, 0xcc, 0x74, 0xff, 0xff, 0xff, 0xff, 0xff,
    0xff, 0xff, 0xff, 0xcc, 0x74, 0xff, 0xff, 0xe8,
    0xc8, 0xc8, 0xc8, 0xc8, 0xc8, 0x9f, 0x74, 0xff,
    0xff, 0x94, 0x0, 0x0, 0x0, 0x0, 0x0, 0x0,
    0x74, 0xff, 0xff, 0x94, 0x0, 0x0, 0x0, 0x0,
    0x0, 0x0, 0x74, 0xff, 0xff, 0xe5, 0xc0, 0xc0,
    0xc0, 0xc0, 0xa8, 0x0, 0x74, 0xff, 0xff, 0xff,
    0xff, 0xff, 0xff, 0xff, 0xe0, 0x0, 0x74, 0xff,
    0xff, 0xff, 0xff, 0xff, 0xff, 0xff, 0xe0, 0x0,
    0x74, 0xff, 0xff, 0x94, 0x0, 0x0, 0x0, 0x0,
    0x0, 0x0, 0x74, 0xff, 0xff, 0x94, 0x0, 0x0,
    0x0, 0x0, 0x0, 0x0, 0x74, 0xff, 0xff, 0x94,
    0x0, 0x0, 0x0, 0x0, 0x0, 0x0, 0x74, 0xff,
    0xff, 0x94, 0x0, 0x0, 0x0, 0x0, 0x0, 0x0,
    0x74, 0xff, 0xff, 0x94, 0x0, 0x0, 0x0, 0x0,
    0x0, 0x0, 0x74, 0xff, 0xff, 0x94, 0x0, 0x0,
    0x0, 0x0, 0x0, 0x0,

    /* U+0047 "G" */
    0x0, 0x0, 0x6, 0x6a, 0xc4, 0xf2, 0xfc, 0xe5,
    0xa7, 0x35, 0x0, 0x0, 0x0, 0x18, 0xce, 0xff,
    0xff, 0xff, 0xff, 0xff, 0xff, 0xfd, 0x6f, 0x0,
    0x2, 0xc6, 0xff, 0xff, 0xff, 0xdb, 0xc8, 0xed,
    0xff, 0xff, 0xff, 0x45, 0x56, 0xff, 0xff, 0xf1,
    0x3e, 0x0, 0x0, 0x4, 0x86, 0xff, 0xd4, 0x46,
    0xaf, 0xff, 0xff, 0x78, 0x0, 0x0, 0x0, 0x0,
    0x1, 0x46, 0x2, 0x0, 0xe2, 0xff, 0xff, 0x3f,
    0x0, 0x0, 0x0, 0x0, 0x0, 0x0, 0x0, 0x0,
    0xfa, 0xff, 0xff, 0x38, 0x0, 0x0, 0x8c, 0xff,
    0xff, 0xff, 0xff, 0xf4, 0xfb, 0xff, 0xff, 0x38,
    0x0, 0x0, 0x8c, 0xff, 0xff, 0xff, 0xff, 0xf4,
    0xe7, 0xff, 0xff, 0x3f, 0x0, 0x0, 0x53, 0x98,
    0x98, 0xfa, 0xff, 0xf4, 0xb8, 0xff, 0xff, 0x78,
    0x0, 0x0, 0x0, 0x0, 0x3, 0xf8, 0xff, 0xf4,
    0x64, 0xff, 0xff, 0xf1, 0x40, 0x0, 0x0, 0x6,
    0x89, 0xff, 0xff, 0xf4, 0x6, 0xd8, 0xff, 0xff,
    0xff, 0xdb, 0xca, 0xef, 0xff, 0xea, 0xff, 0xf4,
    0x0, 0x28, 0xe4, 0xff, 0xff, 0xff, 0xff, 0xff,
    0xdf, 0xa1, 0xff, 0xf4, 0x0, 0x0, 0x13, 0x89,
    0xdd, 0xfc, 0xee, 0xaa, 0x1f, 0x98, 0xff, 0xf4,

    /* U+0048 "H" */
    0x74, 0xff, 0xff, 0x94, 0x0, 0x0, 0x0, 0x0,
    0x18, 0xff, 0xff, 0xf0, 0x74, 0xff, 0xff, 0x94,
    0x0, 0x0, 0x0, 0x0, 0x18, 0xff, 0xff, 0xf0,
    0x74, 0xff, 0xff, 0x94, 0x0, 0x0, 0x0, 0x0,
    0x18, 0xff, 0xff, 0xf0, 0x74, 0xff, 0xff, 0x94,
    0x0, 0x0, 0x0, 0x0, 0x18, 0xff, 0xff, 0xf0,
    0x74, 0xff, 0xff, 0x94, 0x0, 0x0, 0x0, 0x0,
    0x18, 0xff, 0xff, 0xf0, 0x74, 0xff, 0xff, 0xe5,
    0xc0, 0xc0, 0xc0, 0xc0, 0xc6, 0xff, 0xff, 0xf0,
    0x74, 0xff, 0xff, 0xff, 0xff, 0xff, 0xff, 0xff,
    0xff, 0xff, 0xff, 0xf0, 0x74, 0xff, 0xff, 0xff,
    0xff, 0xff, 0xff, 0xff, 0xff, 0xff, 0xff, 0xf0,
    0x74, 0xff, 0xff, 0x94, 0x0, 0x0, 0x0, 0x0,
    0x18, 0xff, 0xff, 0xf0, 0x74, 0xff, 0xff, 0x94,
    0x0, 0x0, 0x0, 0x0, 0x18, 0xff, 0xff, 0xf0,
    0x74, 0xff, 0xff, 0x94, 0x0, 0x0, 0x0, 0x0,
    0x18, 0xff, 0xff, 0xf0, 0x74, 0xff, 0xff, 0x94,
    0x0, 0x0, 0x0, 0x0, 0x18, 0xff, 0xff, 0xf0,
    0x74, 0xff, 0xff, 0x94, 0x0, 0x0, 0x0, 0x0,
    0x18, 0xff, 0xff, 0xf0, 0x74, 0xff, 0xff, 0x94,
    0x0, 0x0, 0x0, 0x0, 0x18, 0xff, 0xff, 0xf0,

    /* U+0049 "I" */
    0xff, 0xff, 0xff, 0xff, 0xff, 0xff, 0xa4, 0xff,
    0xff, 0xff, 0xff, 0xff, 0xff, 0xa4, 0x7c, 0x97,
    0xff, 0xff, 0xeb, 0x7c, 0x4f, 0x0, 0x34, 0xff,
    0xff, 0xd8, 0x0, 0x0, 0x0, 0x34, 0xff, 0xff,
    0xd8, 0x0, 0x0, 0x0, 0x34, 0xff, 0xff, 0xd8,
    0x0, 0x0, 0x0, 0x34, 0xff, 0xff, 0xd8, 0x0,
    0x0, 0x0, 0x34, 0xff, 0xff, 0xd8, 0x0, 0x0,
    0x0, 0x34, 0xff, 0xff, 0xd8, 0x0, 0x0, 0x0,
    0x34, 0xff, 0xff, 0xd8, 0x0, 0x0, 0x0, 0x34,
    0xff, 0xff, 0xd8, 0x0, 0x0, 0x7c, 0x97, 0xff,
    0xff, 0xeb, 0x7c, 0x4f, 0xff, 0xff, 0xff, 0xff,
    0xff, 0xff, 0xa4, 0xff, 0xff, 0xff, 0xff, 0xff,
    0xff, 0xa4,

    /* U+004A "J" */
    0x0, 0x0, 0x90, 0xff, 0xff, 0xff, 0xff, 0xff,
    0xff, 0xb8, 0x0, 0x0, 0x90, 0xff, 0xff, 0xff,
    0xff, 0xff, 0xff, 0xb8, 0x0, 0x0, 0x48, 0x80,
    0x80, 0x80, 0xa8, 0xff, 0xff, 0xb8, 0x0, 0x0,
    0x0, 0x0, 0x0, 0x0, 0x50, 0xff, 0xff, 0xb8,
    0x0, 0x0, 0x0, 0x0, 0x0, 0x0, 0x50, 0xff,
    0xff, 0xb8, 0x0, 0x0, 0x0, 0x0, 0x0, 0x0,
    0x50, 0xff, 0xff, 0xb8, 0x0, 0x0, 0x0, 0x0,
    0x0, 0x0, 0x50, 0xff, 0xff, 0xb8, 0x0, 0x0,
    0x0, 0x0, 0x0, 0x0, 0x50, 0xff, 0xff, 0xb8,
    0x0, 0x0, 0x0, 0x0, 0x0, 0x0, 0x50, 0xff,
    0xff, 0xb8, 0x1, 0x22, 0x52, 0x2f, 0x0, 0x0,
    0x51, 0xff, 0xff, 0xb8, 0x63, 0xff, 0xff, 0xb9,
    0x2, 0x0, 0x8d, 0xff, 0xff, 0xa8, 0x16, 0xf7,
    0xff, 0xff, 0xd8, 0xcc, 0xff, 0xff, 0xff, 0x66,
    0x0, 0x6d, 0xff, 0xff, 0xff, 0xff, 0xff, 0xff,
    0xc8, 0x6, 0x0, 0x0, 0x57, 0xc9, 0xf7, 0xfb,
    0xda, 0x81, 0xb, 0x0,

    /* U+004B "K" */
    0x74, 0xff, 0xff, 0x94, 0x0, 0x0, 0x0, 0x0,
    0x94, 0xff, 0xff, 0xd1, 0xb, 0x74, 0xff, 0xff,
    0x94, 0x0, 0x0, 0x0, 0x5f, 0xff, 0xff, 0xeb,
    0x1f, 0x0, 0x74, 0xff, 0xff, 0x94, 0x0, 0x0,
    0x33, 0xf8, 0xff, 0xfa, 0x3f, 0x0, 0x0, 0x74,
    0xff, 0xff, 0x94, 0x0, 0x14, 0xe1, 0xff, 0xff,
    0x69, 0x0, 0x0, 0x0, 0x74, 0xff, 0xff, 0x94,
    0x1, 0xb6, 0xff, 0xff, 0x96, 0x0, 0x0, 0x0,
    0x0, 0x74, 0xff, 0xff, 0x94, 0x74, 0xff, 0xff,
    0xcc, 0x5, 0x0, 0x0, 0x0, 0x0, 0x74, 0xff,
    0xff, 0xc9, 0xfa, 0xff, 0xff, 0xf0, 0x18, 0x0,
    0x0, 0x0, 0x0, 0x74, 0xff, 0xff, 0xff, 0xff,
    0xfe, 0xff, 0xff, 0xa7, 0x0, 0x0, 0x0, 0x0,
    0x74, 0xff, 0xff, 0xff, 0xda, 0x4c, 0xff, 0xff,
    0xff, 0x45, 0x0, 0x0, 0x0, 0x74, 0xff, 0xff,
    0xef, 0x26, 0x0, 0xa2, 0xff, 0xff, 0xdc, 0x8,
    0x0, 0x0, 0x74, 0xff, 0xff, 0x95, 0x0, 0x0,
    0x16, 0xf0, 0xff, 0xff, 0x84, 0x0, 0x0, 0x74,
    0xff, 0xff, 0x94, 0x0, 0x0, 0x0, 0x6b, 0xff,
    0xff, 0xfa, 0x28, 0x0, 0x74, 0xff, 0xff, 0x94,
    0x0, 0x0, 0x0, 0x3, 0xce, 0xff, 0xff, 0xbf,
    0x1, 0x74, 0xff, 0xff, 0x94, 0x0, 0x0, 0x0,
    0x0, 0x39, 0xfe, 0xff, 0xff, 0x60,

    /* U+004C "L" */
    0x74, 0xff, 0xff, 0x94, 0x0, 0x0, 0x0, 0x0,
    0x0, 0x74, 0xff, 0xff, 0x94, 0x0, 0x0, 0x0,
    0x0, 0x0, 0x74, 0xff, 0xff, 0x94, 0x0, 0x0,
    0x0, 0x0, 0x0, 0x74, 0xff, 0xff, 0x94, 0x0,
    0x0, 0x0, 0x0, 0x0, 0x74, 0xff, 0xff, 0x94,
    0x0, 0x0, 0x0, 0x0, 0x0, 0x74, 0xff, 0xff,
    0x94, 0x0, 0x0, 0x0, 0x0, 0x0, 0x74, 0xff,
    0xff, 0x94, 0x0, 0x0, 0x0, 0x0, 0x0, 0x74,
    0xff, 0xff, 0x94, 0x0, 0x0, 0x0, 0x0, 0x0,
    0x74, 0xff, 0xff, 0x94, 0x0, 0x0, 0x0, 0x0,
    0x0, 0x74, 0xff, 0xff, 0x94, 0x0, 0x0, 0x0,
    0x0, 0x0, 0x74, 0xff, 0xff, 0x94, 0x0, 0x0,
    0x0, 0x0, 0x0, 0x74, 0xff, 0xff, 0xe7, 0xc4,
    0xc4, 0xc4, 0xc4, 0xb2, 0x74, 0xff, 0xff, 0xff,
    0xff, 0xff, 0xff, 0xff, 0xe8, 0x74, 0xff, 0xff,
    0xff, 0xff, 0xff, 0xff, 0xff, 0xe8,

    /* U+004D "M" */
    0x74, 0xff, 0xff, 0xf2, 0x14, 0x0, 0x0, 0x0,
    0x0, 0x0, 0xa9, 0xff, 0xff, 0xd8, 0x74, 0xff,
    0xff, 0xff, 0x8d, 0x0, 0x0, 0x0, 0x0, 0x30,
    0xfe, 0xff, 0xff, 0xd8, 0x74, 0xff, 0xff, 0xff,
    0xf7, 0x1b, 0x0, 0x0, 0x0, 0xb1, 0xff, 0xff,
    0xff, 0xd8, 0x74, 0xff, 0xff, 0xff, 0xff, 0x98,
    0x0, 0x0, 0x37, 0xff, 0xff, 0xff, 0xff, 0xd8,
    0x74, 0xff, 0xff, 0xf6, 0xff, 0xfb, 0x22, 0x0,
    0xb9, 0xff, 0xfb, 0xff, 0xff, 0xd8, 0x74, 0xff,
    0xff, 0x90, 0xfe, 0xff, 0xa2, 0x3c, 0xff, 0xff,
    0x99, 0xff, 0xff, 0xd8, 0x74, 0xff, 0xff, 0x68,
    0xaa, 0xff, 0xfd, 0xd5, 0xff, 0xf9, 0x21, 0xff,
    0xff, 0xd8, 0x74, 0xff, 0xff, 0x68, 0x28, 0xfc,
    0xff, 0xff, 0xff, 0x8d, 0x4, 0xff, 0xff, 0xd8,
    0x74, 0xff, 0xff, 0x68, 0x0, 0x9c, 0xff, 0xff,
    0xef, 0x12, 0x4, 0xff, 0xff, 0xd8, 0x74, 0xff,
    0xff, 0x68, 0x0, 0x1a, 0xf6, 0xff, 0x75, 0x0,
    0x4, 0xff, 0xff, 0xd8, 0x74, 0xff, 0xff, 0x68,
    0x0, 0x0, 0x86, 0xe1, 0x7, 0x0, 0x4, 0xff,
    0xff, 0xd8, 0x74, 0xff, 0xff, 0x68, 0x0, 0x0,
    0xf, 0x4d, 0x0, 0x0, 0x4, 0xff, 0xff, 0xd8,
    0x74, 0xff, 0xff, 0x68, 0x0, 0x0, 0x0, 0x0,
    0x0, 0x0, 0x4, 0xff, 0xff, 0xd8, 0x74, 0xff,
    0xff, 0x68, 0x0, 0x0, 0x0, 0x0, 0x0, 0x0,
    0x4, 0xff, 0xff, 0xd8,

    /* U+004E "N" */
    0x74, 0xff, 0xff, 0xfc, 0x2a, 0x0, 0x0, 0x0,
    0x0, 0xec, 0xff, 0xf0, 0x74, 0xff, 0xff, 0xff,
    0xba, 0x0, 0x0, 0x0, 0x0, 0xec, 0xff, 0xf0,
    0x74, 0xff, 0xff, 0xff, 0xff, 0x4e, 0x0, 0x0,
    0x0, 0xec, 0xff, 0xf0, 0x74, 0xff, 0xff, 0xff,
    0xff, 0xdc, 0x7, 0x0, 0x0, 0xec, 0xff, 0xf0,
    0x74, 0xff, 0xff, 0xf0, 0xff, 0xff, 0x78, 0x0,
    0x0, 0xec, 0xff, 0xf0, 0x74, 0xff, 0xff, 0x88,
    0xfb, 0xff, 0xf3, 0x19, 0x0, 0xec, 0xff, 0xf0,
    0x74, 0xff, 0xff, 0x68, 0x9f, 0xff, 0xff, 0x9d,
    0x0, 0xec, 0xff, 0xf0, 0x74, 0xff, 0xff, 0x68,
    0x26, 0xfb, 0xff, 0xfc, 0x20, 0xec, 0xff, 0xf0,
    0x74, 0xff, 0xff, 0x68, 0x0, 0x8e, 0xff, 0xff,
    0x95, 0xec, 0xff, 0xf0, 0x74, 0xff, 0xff, 0x68,
    0x0, 0xf, 0xea, 0xff, 0xf7, 0xf8, 0xff, 0xf0,
    0x74, 0xff, 0xff, 0x68, 0x0, 0x0, 0x66, 0xff,
    0xff, 0xff, 0xff, 0xf0, 0x74, 0xff, 0xff, 0x68,
    0x0, 0x0, 0x3, 0xd0, 0xff, 0xff, 0xff, 0xf0,
    0x74, 0xff, 0xff, 0x68, 0x0, 0x0, 0x0, 0x3e,
    0xff, 0xff, 0xff, 0xf0, 0x74, 0xff, 0xff, 0x68,
    0x0, 0x0, 0x0, 0x0, 0xaa, 0xff, 0xff, 0xf0,

    /* U+004F "O" */
    0x0, 0x0, 0xe, 0x7c, 0xd0, 0xf5, 0xfa, 0xde,
    0x98, 0x25, 0x0, 0x0, 0x0, 0x0, 0x25, 0xe0,
    0xff, 0xff, 0xff, 0xff, 0xff, 0xff, 0xf8, 0x55,
    0x0, 0x0, 0x6, 0xd7, 0xff, 0xff, 0xff, 0xd6,
    0xcc, 0xf9, 0xff, 0xff, 0xf9, 0x2c, 0x0, 0x64,
    0xff, 0xff, 0xf1, 0x3c, 0x0, 0x0, 0x19, 0xcc,
    0xff, 0xff, 0xac, 0x0, 0xb7, 0xff, 0xff, 0x7d,
    0x0, 0x0, 0x0, 0x0, 0x35, 0xff, 0xff, 0xf7,
    0x8, 0xe6, 0xff, 0xff, 0x41, 0x0, 0x0, 0x0,
    0x0, 0x1, 0xf8, 0xff, 0xff, 0x2e, 0xfb, 0xff,
    0xff, 0x38, 0x0, 0x0, 0x0, 0x0, 0x0, 0xf0,
    0xff, 0xff, 0x43, 0xfb, 0xff, 0xff, 0x38, 0x0,
    0x0, 0x0, 0x0, 0x0, 0xf0, 0xff, 0xff, 0x43,
    0xe6, 0xff, 0xff, 0x41, 0x0, 0x0, 0x0, 0x0,
    0x1, 0xf9, 0xff, 0xff, 0x2d, 0xb4, 0xff, 0xff,
    0x7e, 0x0, 0x0, 0x0, 0x0, 0x37, 0xff, 0xff,
    0xf6, 0x6, 0x61, 0xff, 0xff, 0xf2, 0x3c, 0x0,
    0x0, 0x19, 0xcc, 0xff, 0xff, 0xa8, 0x0, 0x5,
    0xd4, 0xff, 0xff, 0xff, 0xd6, 0xcc, 0xf9, 0xff,
    0xff, 0xf8, 0x29, 0x0, 0x0, 0x23, 0xde, 0xff,
    0xff, 0xff, 0xff, 0xff, 0xff, 0xf7, 0x53, 0x0,
    0x0, 0x0, 0x0, 0xd, 0x7a, 0xce, 0xf5, 0xfa,
    0xde, 0x98, 0x25, 0x0, 0x0, 0x0,

    /* U+0050 "P" */
    0x74, 0xff, 0xff, 0xff, 0xff, 0xff, 0xff, 0xfa,
    0xcf, 0x5c, 0x0, 0x0, 0x74, 0xff, 0xff, 0xff,
    0xff, 0xff, 0xff, 0xff, 0xff, 0xff, 0x75, 0x0,
    0x74, 0xff, 0xff, 0xe2, 0xb8, 0xb8, 0xb9, 0xde,
    0xff, 0xff, 0xf7, 0x12, 0x74, 0xff, 0xff, 0x94,
    0x0, 0x0, 0x0, 0x6, 0xe0, 0xff, 0xff, 0x4c,
    0x74, 0xff, 0xff, 0x94, 0x0, 0x0, 0x0, 0x0,
    0xc5, 0xff, 0xff, 0x5c, 0x74, 0xff, 0xff, 0x94,
    0x0, 0x0, 0x1, 0x2c, 0xef, 0xff, 0xff, 0x3f,
    0x74, 0xff, 0xff, 0xff, 0xff, 0xff, 0xff, 0xff,
    0xff, 0xff, 0xe2, 0x5, 0x74, 0xff, 0xff, 0xff,
    0xff, 0xff, 0xff, 0xff, 0xff, 0xf4, 0x3f, 0x0,
    0x74, 0xff, 0xff, 0xe0, 0xb4, 0xb4, 0xb4, 0xae,
    0x83, 0x1d, 0x0, 0x0, 0x74, 0xff, 0xff, 0x94,
    0x0, 0x0, 0x0, 0x0, 0x0, 0x0, 0x0, 0x0,
    0x74, 0xff, 0xff, 0x94, 0x0, 0x0, 0x0, 0x0,
    0x0, 0x0, 0x0, 0x0, 0x74, 0xff, 0xff, 0x94,
    0x0, 0x0, 0x0, 0x0, 0x0, 0x0, 0x0, 0x0,
    0x74, 0xff, 0xff, 0x94, 0x0, 0x0, 0x0, 0x0,
    0x0, 0x0, 0x0, 0x0, 0x74, 0xff, 0xff, 0x94,
    0x0, 0x0, 0x0, 0x0, 0x0, 0x0, 0x0, 0x0,

    /* U+0051 "Q" */
    0x0, 0x0, 0xb, 0x77, 0xcc, 0xf5, 0xfa, 0xde,
    0x95, 0x21, 0x0, 0x0, 0x0, 0x0, 0x1d, 0xd8,
    0xff, 0xff, 0xff, 0xff, 0xff, 0xff, 0xf4, 0x4a,
    0x0, 0x0, 0x2, 0xcb, 0xff, 0xff, 0xff, 0xd8,
    0xcc, 0xfa, 0xff, 0xff, 0xf4, 0x21, 0x0, 0x56,
    0xff, 0xff, 0xf7, 0x44, 0x0, 0x0, 0x1e, 0xd6,
    0xff, 0xff, 0x9e, 0x0, 0xac, 0xff, 0xff, 0x88,
    0x0, 0x0, 0x0, 0x0, 0x40, 0xff, 0xff, 0xf1,
    0x3, 0xdf, 0xff, 0xff, 0x46, 0x0, 0x0, 0x0,
    0x0, 0x3, 0xfb, 0xff, 0xff, 0x27, 0xf8, 0xff,
    0xff, 0x38, 0x0, 0x0, 0x0, 0x0, 0x0, 0xf0,
    0xff, 0xff, 0x40, 0xfe, 0xff, 0xff, 0x38, 0x0,
    0x0, 0x0, 0x0, 0x0, 0xf0, 0xff, 0xff, 0x46,
    0xef, 0xff, 0xff, 0x3b, 0x0, 0x0, 0x0, 0x0,
    0x0, 0xf3, 0xff, 0xff, 0x37, 0xcb, 0xff, 0xff,
    0x5a, 0x0, 0x0, 0x0, 0x0, 0x12, 0xff, 0xff,
    0xff, 0x12, 0x89, 0xff, 0xff, 0xbe, 0x1, 0x0,
    0x0, 0x0, 0x77, 0xff, 0xff, 0xcf, 0x0, 0x21,
    0xf9, 0xff, 0xff, 0xb0, 0x44, 0x38, 0x84, 0xfc,
    0xff, 0xff, 0x62, 0x0, 0x0, 0x6f, 0xff, 0xff,
    0xff, 0xff, 0xff, 0xff, 0xff, 0xff, 0xb5, 0x2,
    0x0, 0x0, 0x0, 0x63, 0xef, 0xff, 0xff, 0xff,
    0xff, 0xfd, 0x98, 0x9, 0x0, 0x0, 0x0, 0x0,
    0x0, 0xc, 0x67, 0xff, 0xff, 0xcb, 0x1d, 0x0,
    0x0, 0x0, 0x0, 0x0, 0x0, 0x0, 0x0, 0x19,
    0xff, 0xff, 0xdc, 0x88, 0x73, 0x0, 0x0, 0x0,
    0x0, 0x0, 0x0, 0x0, 0x0, 0xd9, 0xff, 0xff,
    0xff, 0xd8, 0x0, 0x0, 0x0, 0x0, 0x0, 0x0,
    0x0, 0x0, 0x2d, 0xc2, 0xf9, 0xff, 0xd8, 0x0,
    0x0, 0x0,

    /* U+0052 "R" */
    0x74, 0xff, 0xff, 0xff, 0xff, 0xff, 0xff, 0xfa,
    0xd0, 0x5d, 0x0, 0x0, 0x74, 0xff, 0xff, 0xff,
    0xff, 0xff, 0xff, 0xff, 0xff, 0xff, 0x76, 0x0,
    0x74, 0xff, 0xff, 0xe2, 0xb8, 0xb8, 0xb9, 0xde,
    0xff, 0xff, 0xf8, 0x12, 0x74, 0xff, 0xff, 0x94,
    0x0, 0x0, 0x0, 0x6, 0xe0, 0xff, 0xff, 0x4c,
    0x74, 0xff, 0xff, 0x94, 0x0, 0x0, 0x0, 0x0,
    0xc5, 0xff, 0xff, 0x5c, 0x74, 0xff, 0xff, 0x94,
    0x0, 0x0, 0x1, 0x2c, 0xef, 0xff, 0xff, 0x3c,
    0x74, 0xff, 0xff, 0xff, 0xff, 0xff, 0xff, 0xff,
    0xff, 0xff, 0xda, 0x3, 0x74, 0xff, 0xff, 0xff,
    0xff, 0xff, 0xff, 0xff, 0xff, 0xe2, 0x2f, 0x0,
    0x74, 0xff, 0xff, 0xd8, 0xa0, 0xaf, 0xff, 0xff,
    0xf9, 0x14, 0x0, 0x0, 0x74, 0xff, 0xff, 0x94,
    0x0, 0x1, 0xd5, 0xff, 0xff, 0x6f, 0x0, 0x0,
    0x74, 0xff, 0xff, 0x94, 0x0, 0x0, 0x62, 0xff,
    0xff, 0xe5, 0x6, 0x0, 0x74, 0xff, 0xff, 0x94,
    0x0, 0x0, 0x8, 0xe7, 0xff, 0xff, 0x63, 0x0,
    0x74, 0xff, 0xff, 0x94, 0x0, 0x0, 0x0, 0x7a,
    0xff, 0xff, 0xdb, 0x3, 0x74, 0xff, 0xff, 0x94,
    0x0, 0x0, 0x0, 0x11, 0xf5, 0xff, 0xff, 0x58,

    /* U+0053 "S" */
    0x0, 0x0, 0x5, 0x6a, 0xc5, 0xf3, 0xfd, 0xec,
    0xb7, 0x52, 0x0, 0x0, 0x0, 0x9, 0xc3, 0xff,
    0xff, 0xff, 0xff, 0xff, 0xff, 0xff, 0xb1, 0x9,
    0x0, 0x7b, 0xff, 0xff, 0xff, 0xd0, 0xc0, 0xe6,
    0xff, 0xff, 0xb7, 0x9, 0x0, 0xc2, 0xff, 0xff,
    0x6a, 0x0, 0x0, 0x2, 0x61, 0xa9, 0x7, 0x0,
    0x0, 0xc8, 0xff, 0xff, 0x52, 0x0, 0x0, 0x0,
    0x0, 0x0, 0x0, 0x0, 0x0, 0x90, 0xff, 0xff,
    0xf1, 0x9d, 0x6d, 0x44, 0xf, 0x0, 0x0, 0x0,
    0x0, 0x18, 0xe1, 0xff, 0xff, 0xff, 0xff, 0xff,
    0xfb, 0xa7, 0x19, 0x0, 0x0, 0x0, 0x13, 0x85,
    0xdb, 0xff, 0xff, 0xff, 0xff, 0xff, 0xda, 0x9,
    0x0, 0x0, 0x0, 0x0, 0x0, 0xc, 0x2a, 0x5d,
    0xec, 0xff, 0xff, 0x58, 0x0, 0x0, 0x10, 0x0,
    0x0, 0x0, 0x0, 0x0, 0x94, 0xff, 0xff, 0x7c,
    0x0, 0x22, 0xe0, 0x9e, 0x17, 0x0, 0x0, 0xc,
    0xd1, 0xff, 0xff, 0x68, 0xe, 0xe3, 0xff, 0xff,
    0xfc, 0xd1, 0xc4, 0xef, 0xff, 0xff, 0xf9, 0x1c,
    0x0, 0x61, 0xf6, 0xff, 0xff, 0xff, 0xff, 0xff,
    0xff, 0xfc, 0x5f, 0x0, 0x0, 0x0, 0x1f, 0x92,
    0xd8, 0xfa, 0xfc, 0xe1, 0xa2, 0x30, 0x0, 0x0,

    /* U+0054 "T" */
    0x74, 0xff, 0xff, 0xff, 0xff, 0xff, 0xff, 0xff,
    0xff, 0xff, 0xff, 0x24, 0x74, 0xff, 0xff, 0xff,
    0xff, 0xff, 0xff, 0xff, 0xff, 0xff, 0xff, 0x24,
    0x5b, 0xc8, 0xc8, 0xc8, 0xef, 0xff, 0xff, 0xdc,
    0xc8, 0xc8, 0xc8, 0x1c, 0x0, 0x0, 0x0, 0x0,
    0xb0, 0xff, 0xff, 0x5c, 0x0, 0x0, 0x0, 0x0,
    0x0, 0x0, 0x0, 0x0, 0xb0, 0xff, 0xff, 0x5c,
    0x0, 0x0, 0x0, 0x0, 0x0, 0x0, 0x0, 0x0,
    0xb0, 0xff, 0xff, 0x5c, 0x0, 0x0, 0x0, 0x0,
    0x0, 0x0, 0x0, 0x0, 0xb0, 0xff, 0xff, 0x5c,
    0x0, 0x0, 0x0, 0x0, 0x0, 0x0, 0x0, 0x0,
    0xb0, 0xff, 0xff, 0x5c, 0x0, 0x0, 0x0, 0x0,
    0x0, 0x0, 0x0, 0x0, 0xb0, 0xff, 0xff, 0x5c,
    0x0, 0x0, 0x0, 0x0, 0x0, 0x0, 0x0, 0x0,
    0xb0, 0xff, 0xff, 0x5c, 0x0, 0x0, 0x0, 0x0,
    0x0, 0x0, 0x0, 0x0, 0xb0, 0xff, 0xff, 0x5c,
    0x0, 0x0, 0x0, 0x0, 0x0, 0x0, 0x0, 0x0,
    0xb0, 0xff, 0xff, 0x5c, 0x0, 0x0, 0x0, 0x0,
    0x0, 0x0, 0x0, 0x0, 0xb0, 0xff, 0xff, 0x5c,
    0x0, 0x0, 0x0, 0x0, 0x0, 0x0, 0x0, 0x0,
    0xb0, 0xff, 0xff, 0x5c, 0x0, 0x0, 0x0, 0x0,

    /* U+0055 "U" */
    0x8c, 0xff, 0xff, 0x6c, 0x0, 0x0, 0x0, 0x0,
    0x8c, 0xff, 0xff, 0x6c, 0x8c, 0xff, 0xff, 0x6c,
    0x0, 0x0, 0x0, 0x0, 0x8c, 0xff, 0xff, 0x6c,
    0x8c, 0xff, 0xff, 0x6c, 0x0, 0x0, 0x0, 0x0,
    0x8c, 0xff, 0xff, 0x6c, 0x8c, 0xff, 0xff, 0x6c,
    0x0, 0x0, 0x0, 0x0, 0x8c, 0xff, 0xff, 0x6c,
    0x8c, 0xff, 0xff, 0x6c, 0x0, 0x0, 0x0, 0x0,
    0x8c, 0xff, 0xff, 0x6c, 0x8c, 0xff, 0xff, 0x6c,
    0x0, 0x0, 0x0, 0x0, 0x8c, 0xff, 0xff, 0x6c,
    0x8c, 0xff, 0xff, 0x6c, 0x0, 0x0, 0x0, 0x0,
    0x8c, 0xff, 0xff, 0x6c, 0x8c, 0xff, 0xff, 0x6c,
    0x0, 0x0, 0x0, 0x0, 0x8c, 0xff, 0xff, 0x6c,
    0x88, 0xff, 0xff, 0x6e, 0x0, 0x0, 0x0, 0x0,
    0x8f, 0xff, 0xff, 0x68, 0x78, 0xff, 0xff, 0x8d,
    0x0, 0x0, 0x0, 0x0, 0xae, 0xff, 0xff, 0x57,
    0x4b, 0xff, 0xff, 0xea, 0x25, 0x0, 0x0, 0x38,
    0xf9, 0xff, 0xff, 0x2c, 0x9, 0xec, 0xff, 0xff,
    0xfb, 0xce, 0xd3, 0xfe, 0xff, 0xff, 0xd7, 0x0,
    0x0, 0x56, 0xfd, 0xff, 0xff, 0xff, 0xff, 0xff,
    0xff, 0xf7, 0x3e, 0x0, 0x0, 0x0, 0x39, 0xaa,
    0xe5, 0xfc, 0xfa, 0xdf, 0x9f, 0x2b, 0x0, 0x0,

    /* U+0056 "V" */
    0x8e, 0xff, 0xff, 0x82, 0x0, 0x0, 0x0, 0x0,
    0x0, 0x6b, 0xff, 0xff, 0x8e, 0x3d, 0xff, 0xff,
    0xd2, 0x0, 0x0, 0x0, 0x0, 0x0, 0xba, 0xff,
    0xff, 0x3c, 0x2, 0xe8, 0xff, 0xff, 0x22, 0x0,
    0x0, 0x0, 0x10, 0xfa, 0xff, 0xe7, 0x2, 0x0,
    0x98, 0xff, 0xff, 0x72, 0x0, 0x0, 0x0, 0x5a,
    0xff, 0xff, 0x96, 0x0, 0x0, 0x46, 0xff, 0xff,
    0xc1, 0x0, 0x0, 0x0, 0xaa, 0xff, 0xff, 0x43,
    0x0, 0x0, 0x5, 0xee, 0xff, 0xfc, 0x12, 0x0,
    0x6, 0xf1, 0xff, 0xec, 0x4, 0x0, 0x0, 0x0,
    0xa2, 0xff, 0xff, 0x5d, 0x0, 0x45, 0xff, 0xff,
    0x9d, 0x0, 0x0, 0x0, 0x0, 0x4e, 0xff, 0xff,
    0xa4, 0x0, 0x89, 0xff, 0xff, 0x4a, 0x0, 0x0,
    0x0, 0x0, 0x9, 0xf4, 0xff, 0xe4, 0x0, 0xc6,
    0xff, 0xf1, 0x7, 0x0, 0x0, 0x0, 0x0, 0x0,
    0xaa, 0xff, 0xff, 0x2e, 0xfa, 0xff, 0xa6, 0x0,
    0x0, 0x0, 0x0, 0x0, 0x0, 0x58, 0xff, 0xff,
    0xa8, 0xff, 0xff, 0x52, 0x0, 0x0, 0x0, 0x0,
    0x0, 0x0, 0xd, 0xf9, 0xff, 0xfe, 0xff, 0xf5,
    0xa, 0x0, 0x0, 0x0, 0x0, 0x0, 0x0, 0x0,
    0xb3, 0xff, 0xff, 0xff, 0xac, 0x0, 0x0, 0x0,
    0x0, 0x0, 0x0, 0x0, 0x0, 0x62, 0xff, 0xff,
    0xff, 0x59, 0x0, 0x0, 0x0, 0x0,

    /* U+0057 "W" */
    0x4f, 0xff, 0xff, 0xae, 0x0, 0x0, 0x0, 0x6,
    0xf8, 0xff, 0xff, 0x8e, 0x0, 0x0, 0x0, 0x1a,
    0xff, 0xff, 0xc2, 0x16, 0xff, 0xff, 0xe0, 0x0,
    0x0, 0x0, 0x39, 0xff, 0xff, 0xff, 0xca, 0x0,
    0x0, 0x0, 0x4d, 0xff, 0xff, 0x87, 0x0, 0xdc,
    0xff, 0xff, 0x12, 0x0, 0x0, 0x73, 0xff, 0xff,
    0xff, 0xfb, 0xa, 0x0, 0x0, 0x80, 0xff, 0xff,
    0x4c, 0x0, 0xa2, 0xff, 0xff, 0x45, 0x0, 0x0,
    0xae, 0xff, 0xdf, 0xff, 0xff, 0x40, 0x0, 0x0,
    0xb3, 0xff, 0xff, 0x12, 0x0, 0x68, 0xff, 0xff,
    0x77, 0x0, 0x0, 0xe8, 0xff, 0x74, 0xfa, 0xff,
    0x7c, 0x0, 0x0, 0xe6, 0xff, 0xd5, 0x0, 0x0,
    0x2f, 0xff, 0xff, 0xaa, 0x0, 0x25, 0xff, 0xff,
    0x31, 0xc9, 0xff, 0xb6, 0x0, 0x1a, 0xff, 0xff,
    0x9a, 0x0, 0x0, 0x3, 0xf2, 0xff, 0xdd, 0x0,
    0x5f, 0xff, 0xf3, 0x3, 0x8e, 0xff, 0xf1, 0x2,
    0x4d, 0xff, 0xff, 0x5f, 0x0, 0x0, 0x0, 0xbb,
    0xff, 0xff, 0xf, 0x99, 0xff, 0xbb, 0x0, 0x53,
    0xff, 0xff, 0x2d, 0x7e, 0xff, 0xff, 0x25, 0x0,
    0x0, 0x0, 0x82, 0xff, 0xff, 0x3e, 0xd2, 0xff,
    0x7f, 0x0, 0x18, 0xff, 0xff, 0x64, 0xae, 0xff,
    0xe8, 0x0, 0x0, 0x0, 0x0, 0x49, 0xff, 0xff,
    0x7c, 0xfe, 0xff, 0x44, 0x0, 0x0, 0xdc, 0xff,
    0x9e, 0xde, 0xff, 0xae, 0x0, 0x0, 0x0, 0x0,
    0x10, 0xfe, 0xff, 0xe2, 0xff, 0xfc, 0xd, 0x0,
    0x0, 0xa1, 0xff, 0xe5, 0xff, 0xff, 0x73, 0x0,
    0x0, 0x0, 0x0, 0x0, 0xd4, 0xff, 0xff, 0xff,
    0xcd, 0x0, 0x0, 0x0, 0x65, 0xff, 0xff, 0xff,
    0xff, 0x36, 0x0, 0x0, 0x0, 0x0, 0x0, 0x9b,
    0xff, 0xff, 0xff, 0x91, 0x0, 0x0, 0x0, 0x29,
    0xff, 0xff, 0xff, 0xf7, 0x6, 0x0, 0x0, 0x0,
    0x0, 0x0, 0x61, 0xff, 0xff, 0xff, 0x55, 0x0,
    0x0, 0x0, 0x1, 0xed, 0xff, 0xff, 0xc2, 0x0,
    0x0, 0x0,

    /* U+0058 "X" */
    0x2a, 0xfa, 0xff, 0xff, 0x5e, 0x0, 0x0, 0x0,
    0x0, 0xac, 0xff, 0xff, 0x98, 0x0, 0x0, 0x83,
    0xff, 0xff, 0xe5, 0xc, 0x0, 0x0, 0x40, 0xff,
    0xff, 0xe6, 0xf, 0x0, 0x0, 0x8, 0xda, 0xff,
    0xff, 0x83, 0x0, 0x4, 0xd2, 0xff, 0xff, 0x54,
    0x0, 0x0, 0x0, 0x0, 0x41, 0xff, 0xff, 0xf7,
    0x1f, 0x6c, 0xff, 0xff, 0xb0, 0x0, 0x0, 0x0,
    0x0, 0x0, 0x0, 0xa0, 0xff, 0xff, 0xb7, 0xef,
    0xff, 0xf2, 0x1d, 0x0, 0x0, 0x0, 0x0, 0x0,
    0x0, 0x14, 0xec, 0xff, 0xff, 0xff, 0xff, 0x6c,
    0x0, 0x0, 0x0, 0x0, 0x0, 0x0, 0x0, 0x0,
    0x68, 0xff, 0xff, 0xff, 0xcd, 0x2, 0x0, 0x0,
    0x0, 0x0, 0x0, 0x0, 0x0, 0x0, 0xa8, 0xff,
    0xff, 0xff, 0xf0, 0x18, 0x0, 0x0, 0x0, 0x0,
    0x0, 0x0, 0x0, 0x48, 0xff, 0xff, 0xfb, 0xff,
    0xff, 0xa9, 0x0, 0x0, 0x0, 0x0, 0x0, 0x0,
    0x9, 0xde, 0xff, 0xfd, 0x45, 0xf0, 0xff, 0xff,
    0x4b, 0x0, 0x0, 0x0, 0x0, 0x0, 0x85, 0xff,
    0xff, 0x9a, 0x0, 0x6e, 0xff, 0xff, 0xe1, 0xb,
    0x0, 0x0, 0x0, 0x29, 0xfa, 0xff, 0xf1, 0x16,
    0x0, 0x4, 0xd4, 0xff, 0xff, 0x90, 0x0, 0x0,
    0x1, 0xc0, 0xff, 0xff, 0x73, 0x0, 0x0, 0x0,
    0x43, 0xff, 0xff, 0xfd, 0x33, 0x0, 0x60, 0xff,
    0xff, 0xdc, 0x6, 0x0, 0x0, 0x0, 0x0, 0xac,
    0xff, 0xff, 0xd0, 0x4,

    /* U+0059 "Y" */
    0x89, 0xff, 0xff, 0xd6, 0x3, 0x0, 0x0, 0x0,
    0x0, 0xc2, 0xff, 0xff, 0x83, 0xf, 0xeb, 0xff,
    0xff, 0x63, 0x0, 0x0, 0x0, 0x46, 0xff, 0xff,
    0xe7, 0xc, 0x0, 0x6a, 0xff, 0xff, 0xe4, 0x9,
    0x0, 0x1, 0xc9, 0xff, 0xff, 0x62, 0x0, 0x0,
    0x4, 0xd7, 0xff, 0xff, 0x75, 0x0, 0x4f, 0xff,
    0xff, 0xd0, 0x3, 0x0, 0x0, 0x0, 0x4d, 0xff,
    0xff, 0xef, 0x12, 0xd0, 0xff, 0xff, 0x43, 0x0,
    0x0, 0x0, 0x0, 0x0, 0xbe, 0xff, 0xff, 0xcc,
    0xff, 0xff, 0xb3, 0x0, 0x0, 0x0, 0x0, 0x0,
    0x0, 0x30, 0xfe, 0xff, 0xff, 0xff, 0xfb, 0x27,
    0x0, 0x0, 0x0, 0x0, 0x0, 0x0, 0x0, 0x9e,
    0xff, 0xff, 0xff, 0x93, 0x0, 0x0, 0x0, 0x0,
    0x0, 0x0, 0x0, 0x0, 0x21, 0xff, 0xff, 0xff,
    0x15, 0x0, 0x0, 0x0, 0x0, 0x0, 0x0, 0x0,
    0x0, 0xc, 0xff, 0xff, 0xff, 0x4, 0x0, 0x0,
    0x0, 0x0, 0x0, 0x0, 0x0, 0x0, 0xc, 0xff,
    0xff, 0xff, 0x4, 0x0, 0x0, 0x0, 0x0, 0x0,
    0x0, 0x0, 0x0, 0xc, 0xff, 0xff, 0xff, 0x4,
    0x0, 0x0, 0x0, 0x0, 0x0, 0x0, 0x0, 0x0,
    0xc, 0xff, 0xff, 0xff, 0x4, 0x0, 0x0, 0x0,
    0x0, 0x0, 0x0, 0x0, 0x0, 0xc, 0xff, 0xff,
    0xff, 0x4, 0x0, 0x0, 0x0, 0x0,

    /* U+005A "Z" */
    0x0, 0xe0, 0xff, 0xff, 0xff, 0xff, 0xff, 0xff,
    0xff, 0xff, 0xff, 0x34, 0x0, 0xe0, 0xff, 0xff,
    0xff, 0xff, 0xff, 0xff, 0xff, 0xff, 0xff, 0x34,
    0x0, 0xaf, 0xc8, 0xc8, 0xc8, 0xc8, 0xc8, 0xe0,
    0xff, 0xff, 0xff, 0x2f, 0x0, 0x0, 0x0, 0x0,
    0x0, 0x0, 0x12, 0xdc, 0xff, 0xff, 0x9e, 0x0,
    0x0, 0x0, 0x0, 0x0, 0x0, 0x3, 0xbb, 0xff,
    0xff, 0xc5, 0x7, 0x0, 0x0, 0x0, 0x0, 0x0,
    0x0, 0x8e, 0xff, 0xff, 0xe3, 0x17, 0x0, 0x0,
    0x0, 0x0, 0x0, 0x0, 0x5e, 0xff, 0xff, 0xf7,
    0x33, 0x0, 0x0, 0x0, 0x0, 0x0, 0x0, 0x36,
    0xf8, 0xff, 0xff, 0x59, 0x0, 0x0, 0x0, 0x0,
    0x0, 0x0, 0x1a, 0xe5, 0xff, 0xff, 0x87, 0x0,
    0x0, 0x0, 0x0, 0x0, 0x0, 0x7, 0xc8, 0xff,
    0xff, 0xb4, 0x2, 0x0, 0x0, 0x0, 0x0, 0x0,
    0x0, 0x9e, 0xff, 0xff, 0xd6, 0xf, 0x0, 0x0,
    0x0, 0x0, 0x0, 0x0, 0x32, 0xff, 0xff, 0xff,
    0xdc, 0xc4, 0xc4, 0xc4, 0xc4, 0xc4, 0xc4, 0x46,
    0x38, 0xff, 0xff, 0xff, 0xff, 0xff, 0xff, 0xff,
    0xff, 0xff, 0xff, 0x5c, 0x38, 0xff, 0xff, 0xff,
    0xff, 0xff, 0xff, 0xff, 0xff, 0xff, 0xff, 0x5c,

    /* U+005B "[" */
    0x74, 0xff, 0xff, 0xff, 0xb0, 0x74, 0xff, 0xff,
    0xff, 0xb0, 0x74, 0xff, 0xff, 0x62, 0x19, 0x74,
    0xff, 0xff, 0x48, 0x0, 0x74, 0xff, 0xff, 0x48,
    0x0, 0x74, 0xff, 0xff, 0x48, 0x0, 0x74, 0xff,
    0xff, 0x48, 0x0, 0x74, 0xff, 0xff, 0x48, 0x0,
    0x74, 0xff, 0xff, 0x48, 0x0, 0x74, 0xff, 0xff,
    0x48, 0x0, 0x74, 0xff, 0xff, 0x48, 0x0, 0x74,
    0xff, 0xff, 0x48, 0x0, 0x74, 0xff, 0xff, 0x48,
    0x0, 0x74, 0xff, 0xff, 0x48, 0x0, 0x74, 0xff,
    0xff, 0x48, 0x0, 0x74, 0xff, 0xff, 0x48, 0x0,
    0x74, 0xff, 0xff, 0xff, 0xb0, 0x74, 0xff, 0xff,
    0xff, 0xb0, 0xf, 0x20, 0x20, 0x20, 0x16,

    /* U+005C "\\" */
    0x1f, 0xff, 0xff, 0x52, 0x0, 0x0, 0x0, 0x0,
    0x0, 0x0, 0x0, 0xcd, 0xff, 0xa4, 0x0, 0x0,
    0x0, 0x0, 0x0, 0x0, 0x0, 0x7a, 0xff, 0xf0,
    0x6, 0x0, 0x0, 0x0, 0x0, 0x0, 0x0, 0x27,
    0xff, 0xff, 0x49, 0x0, 0x0, 0x0, 0x0, 0x0,
    0x0, 0x0, 0xd5, 0xff, 0x9b, 0x0, 0x0, 0x0,
    0x0, 0x0, 0x0, 0x0, 0x82, 0xff, 0xeb, 0x3,
    0x0, 0x0, 0x0, 0x0, 0x0, 0x0, 0x2f, 0xff,
    0xff, 0x41, 0x0, 0x0, 0x0, 0x0, 0x0, 0x0,
    0x0, 0xdd, 0xff, 0x93, 0x0, 0x0, 0x0, 0x0,
    0x0, 0x0, 0x0, 0x8a, 0xff, 0xe5, 0x1, 0x0,
    0x0, 0x0, 0x0, 0x0, 0x0, 0x38, 0xff, 0xff,
    0x39, 0x0, 0x0, 0x0, 0x0, 0x0, 0x0, 0x1,
    0xe5, 0xff, 0x8b, 0x0, 0x0, 0x0, 0x0, 0x0,
    0x0, 0x0, 0x92, 0xff, 0xdd, 0x0, 0x0, 0x0,
    0x0, 0x0, 0x0, 0x0, 0x3f, 0xff, 0xff, 0x31,
    0x0, 0x0, 0x0, 0x0, 0x0, 0x0, 0x3, 0xeb,
    0xff, 0x82, 0x0, 0x0, 0x0, 0x0, 0x0, 0x0,
    0x0, 0x9a, 0xff, 0xd6, 0x0, 0x0, 0x0, 0x0,
    0x0, 0x0, 0x0, 0x48, 0xff, 0xff, 0x28, 0x0,
    0x0, 0x0, 0x0, 0x0, 0x0, 0x6, 0xf0, 0xff,
    0x7a, 0x0, 0x0, 0x0, 0x0, 0x0, 0x0, 0x0,
    0xa3, 0xff, 0xce, 0x0, 0x0, 0x0, 0x0, 0x0,
    0x0, 0x0, 0x33, 0x80, 0x7f, 0x6,

    /* U+005D "]" */
    0xff, 0xff, 0xff, 0xff, 0x24, 0xff, 0xff, 0xff,
    0xff, 0x24, 0x24, 0xa7, 0xff, 0xff, 0x24, 0x0,
    0x98, 0xff, 0xff, 0x24, 0x0, 0x98, 0xff, 0xff,
    0x24, 0x0, 0x98, 0xff, 0xff, 0x24, 0x0, 0x98,
    0xff, 0xff, 0x24, 0x0, 0x98, 0xff, 0xff, 0x24,
    0x0, 0x98, 0xff, 0xff, 0x24, 0x0, 0x98, 0xff,
    0xff, 0x24, 0x0, 0x98, 0xff, 0xff, 0x24, 0x0,
    0x98, 0xff, 0xff, 0x24, 0x0, 0x98, 0xff, 0xff,
    0x24, 0x0, 0x98, 0xff, 0xff, 0x24, 0x0, 0x98,
    0xff, 0xff, 0x24, 0x0, 0x98, 0xff, 0xff, 0x24,
    0xff, 0xff, 0xff, 0xff, 0x24, 0xff, 0xff, 0xff,
    0xff, 0x24, 0x20, 0x20, 0x20, 0x20, 0x5,

    /* U+005E "^" */
    0x0, 0x0, 0x0, 0x0, 0x6d, 0xff, 0xff, 0x80,
    0x0, 0x0, 0x0, 0x0, 0x0, 0x0, 0x0, 0xc,
    0xe9, 0xff, 0xff, 0xf2, 0x14, 0x0, 0x0, 0x0,
    0x0, 0x0, 0x0, 0x7f, 0xff, 0xff, 0xff, 0xff,
    0x8f, 0x0, 0x0, 0x0, 0x0, 0x0, 0x15, 0xf2,
    0xff, 0xca, 0xe1, 0xff, 0xf8, 0x1e, 0x0, 0x0,
    0x0, 0x0, 0x91, 0xff, 0xff, 0x41, 0x61, 0xff,
    0xff, 0x9e, 0x0, 0x0, 0x0, 0x20, 0xfa, 0xff,
    0xba, 0x0, 0x3, 0xd8, 0xff, 0xfd, 0x28, 0x0,
    0x0, 0xa4, 0xff, 0xff, 0x35, 0x0, 0x0, 0x53,
    0xff, 0xff, 0xad, 0x0, 0x8, 0xcc, 0xff, 0xae,
    0x0, 0x0, 0x0, 0x1, 0xcd, 0xff, 0xce, 0xa,
    0x0, 0x1, 0x57, 0x28, 0x0, 0x0, 0x0, 0x0,
    0x3a, 0x4b, 0x1, 0x0,

    /* U+005F "_" */
    0x36, 0x84, 0x84, 0x84, 0x84, 0x84, 0x84, 0x84,
    0x84, 0x84, 0x44, 0x68, 0xff, 0xff, 0xff, 0xff,
    0xff, 0xff, 0xff, 0xff, 0xff, 0x84, 0x68, 0xff,
    0xff, 0xff, 0xff, 0xff, 0xff, 0xff, 0xff, 0xff,
    0x84,

    /* U+0060 "`" */
    0x0, 0x3c, 0x67, 0x0, 0x0, 0xa4, 0xff, 0xf7,
    0x19, 0x0, 0x49, 0xff, 0xff, 0x90, 0x0, 0x0,
    0x89, 0xff, 0xf7, 0x19, 0x0, 0x5, 0xc6, 0xbc,
    0x24, 0x0, 0x0, 0x7, 0x0, 0x0,

    /* U+0061 "a" */
    0x0, 0x0, 0x51, 0xc2, 0xf3, 0xfd, 0xe8, 0xa7,
    0x2a, 0x0, 0x0, 0x0, 0x7a, 0xff, 0xff, 0xff,
    0xff, 0xff, 0xff, 0xf1, 0x24, 0x0, 0x0, 0x5e,
    0xf5, 0xd1, 0x70, 0x6a, 0xcb, 0xff, 0xff, 0x97,
    0x0, 0x0, 0x0, 0x27, 0x8, 0x0, 0x0, 0x34,
    0xff, 0xff, 0xc5, 0x0, 0x0, 0x0, 0x31, 0x88,
    0xaf, 0xb8, 0xc3, 0xff, 0xff, 0xcc, 0x0, 0x0,
    0x77, 0xff, 0xff, 0xff, 0xff, 0xff, 0xff, 0xff,
    0xcc, 0x0, 0x1c, 0xfd, 0xff, 0xe3, 0x2a, 0x1,
    0x28, 0xff, 0xff, 0xcc, 0x0, 0x4b, 0xff, 0xff,
    0xaa, 0x0, 0x0, 0x2f, 0xff, 0xff, 0xcc, 0x0,
    0x3b, 0xff, 0xff, 0xe5, 0x36, 0x2d, 0xb1, 0xfb,
    0xff, 0xdf, 0x48, 0x4, 0xdb, 0xff, 0xff, 0xff,
    0xff, 0xc5, 0xb2, 0xff, 0xff, 0xc8, 0x0, 0x24,
    0xba, 0xf7, 0xf3, 0xaf, 0x1c, 0x2a, 0xdb, 0xff,
    0xc8,

    /* U+0062 "b" */
    0xa0, 0xff, 0xff, 0x58, 0x0, 0x0, 0x0, 0x0,
    0x0, 0x0, 0x0, 0xa0, 0xff, 0xff, 0x58, 0x0,
    0x0, 0x0, 0x0, 0x0, 0x0, 0x0, 0xa0, 0xff,
    0xff, 0x58, 0x0, 0x0, 0x0, 0x0, 0x0, 0x0,
    0x0, 0xa0, 0xff, 0xff, 0x58, 0x0, 0x0, 0x0,
    0x0, 0x0, 0x0, 0x0, 0xa0, 0xff, 0xff, 0x58,
    0x71, 0xe5, 0xfb, 0xd2, 0x55, 0x0, 0x0, 0xa0,
    0xff, 0xff, 0xad, 0xff, 0xff, 0xff, 0xff, 0xff,
    0x50, 0x0, 0xa0, 0xff, 0xff, 0xf7, 0x96, 0x7e,
    0xda, 0xff, 0xff, 0xd3, 0x0, 0xa0, 0xff, 0xff,
    0x77, 0x0, 0x0, 0x16, 0xf5, 0xff, 0xff, 0x1d,
    0xa0, 0xff, 0xff, 0x58, 0x0, 0x0, 0x0, 0xcc,
    0xff, 0xff, 0x40, 0xa0, 0xff, 0xff, 0x58, 0x0,
    0x0, 0x0, 0xc8, 0xff, 0xff, 0x4a, 0xa0, 0xff,
    0xff, 0x58, 0x0, 0x0, 0x0, 0xcc, 0xff, 0xff,
    0x3f, 0xa0, 0xff, 0xff, 0x78, 0x0, 0x0, 0x18,
    0xf7, 0xff, 0xff, 0x1a, 0xa0, 0xff, 0xff, 0xf8,
    0x98, 0x82, 0xdd, 0xff, 0xff, 0xd2, 0x0, 0xa0,
    0xff, 0xff, 0xae, 0xff, 0xff, 0xff, 0xff, 0xff,
    0x4d, 0x0, 0xa0, 0xff, 0xff, 0x58, 0x6e, 0xe4,
    0xfb, 0xd2, 0x54, 0x0, 0x0,

    /* U+0063 "c" */
    0x0, 0x0, 0x18, 0x98, 0xe4, 0xfd, 0xec, 0xa9,
    0x26, 0x0, 0x0, 0x1b, 0xe4, 0xff, 0xff, 0xff,
    0xff, 0xff, 0xef, 0x27, 0x0, 0xa7, 0xff, 0xff,
    0xc3, 0x6a, 0x9e, 0xff, 0xff, 0xa0, 0xe, 0xfb,
    0xff, 0xf2, 0xc, 0x0, 0x0, 0x89, 0x59, 0x5,
    0x38, 0xff, 0xff, 0xcf, 0x0, 0x0, 0x0, 0x0,
    0x0, 0x0, 0x46, 0xff, 0xff, 0xcc, 0x0, 0x0,
    0x0, 0x0, 0x0, 0x0, 0x38, 0xff, 0xff, 0xcf,
    0x0, 0x0, 0x0, 0x0, 0x0, 0x0, 0xc, 0xfa,
    0xff, 0xf2, 0xd, 0x0, 0x0, 0x96, 0x8b, 0x21,
    0x0, 0xa6, 0xff, 0xff, 0xc6, 0x6e, 0x9d, 0xff,
    0xff, 0xae, 0x0, 0x1a, 0xe2, 0xff, 0xff, 0xff,
    0xff, 0xff, 0xee, 0x24, 0x0, 0x0, 0x17, 0x97,
    0xe4, 0xfd, 0xec, 0xa7, 0x24, 0x0,

    /* U+0064 "d" */
    0x0, 0x0, 0x0, 0x0, 0x0, 0x0, 0x0, 0x30,
    0xff, 0xff, 0xc8, 0x0, 0x0, 0x0, 0x0, 0x0,
    0x0, 0x0, 0x30, 0xff, 0xff, 0xc8, 0x0, 0x0,
    0x0, 0x0, 0x0, 0x0, 0x0, 0x30, 0xff, 0xff,
    0xc8, 0x0, 0x0, 0x0, 0x0, 0x0, 0x0, 0x0,
    0x30, 0xff, 0xff, 0xc8, 0x0, 0x0, 0x3c, 0xc2,
    0xf9, 0xed, 0x8a, 0x34, 0xff, 0xff, 0xc8, 0x0,
    0x2f, 0xf8, 0xff, 0xff, 0xff, 0xff, 0xad, 0xff,
    0xff, 0xc8, 0x0, 0xad, 0xff, 0xff, 0xea, 0x82,
    0x8b, 0xee, 0xff, 0xff, 0xc8, 0x2, 0xf3, 0xff,
    0xff, 0x35, 0x0, 0x0, 0x4f, 0xff, 0xff, 0xc8,
    0x18, 0xff, 0xff, 0xf4, 0x0, 0x0, 0x0, 0x30,
    0xff, 0xff, 0xc8, 0x22, 0xff, 0xff, 0xf0, 0x0,
    0x0, 0x0, 0x30, 0xff, 0xff, 0xc8, 0x17, 0xff,
    0xff, 0xf4, 0x0, 0x0, 0x0, 0x30, 0xff, 0xff,
    0xc8, 0x2, 0xf2, 0xff, 0xff, 0x37, 0x0, 0x0,
    0x4f, 0xff, 0xff, 0xc8, 0x0, 0xa9, 0xff, 0xff,
    0xec, 0x87, 0x8f, 0xef, 0xff, 0xff, 0xc8, 0x0,
    0x2d, 0xf7, 0xff, 0xff, 0xff, 0xff, 0xad, 0xff,
    0xff, 0xc8, 0x0, 0x0, 0x3b, 0xc2, 0xf9, 0xed,
    0x89, 0x34, 0xff, 0xff, 0xc8,

    /* U+0065 "e" */
    0x0, 0x0, 0x16, 0x93, 0xe2, 0xfc, 0xee, 0xb7,
    0x3a, 0x0, 0x0, 0x0, 0x1a, 0xe1, 0xff, 0xff,
    0xff, 0xff, 0xff, 0xfc, 0x50, 0x0, 0x0, 0xa6,
    0xff, 0xff, 0xa1, 0x45, 0x6a, 0xf7, 0xff, 0xea,
    0x9, 0xc, 0xfa, 0xff, 0xe5, 0x2, 0x0, 0x0,
    0xa0, 0xff, 0xff, 0x4e, 0x37, 0xff, 0xff, 0xf8,
    0xdc, 0xdc, 0xdc, 0xf0, 0xff, 0xff, 0x79, 0x46,
    0xff, 0xff, 0xff, 0xff, 0xff, 0xff, 0xff, 0xff,
    0xff, 0x84, 0x36, 0xff, 0xff, 0xd0, 0x0, 0x0,
    0x0, 0x0, 0x0, 0x0, 0x0, 0xa, 0xf9, 0xff,
    0xf9, 0x1c, 0x0, 0x0, 0x1, 0x70, 0x9, 0x0,
    0x0, 0x9f, 0xff, 0xff, 0xdb, 0x72, 0x6a, 0xbc,
    0xff, 0x9c, 0x0, 0x0, 0x16, 0xdc, 0xff, 0xff,
    0xff, 0xff, 0xff, 0xff, 0xca, 0x7, 0x0, 0x0,
    0x11, 0x8d, 0xdd, 0xfd, 0xf4, 0xc9, 0x6e, 0x6,
    0x0,

    /* U+0066 "f" */
    0x0, 0x0, 0x25, 0xba, 0xf4, 0xff, 0xf4, 0x0,
    0x0, 0xd2, 0xff, 0xff, 0xff, 0xf4, 0x0, 0x11,
    0xff, 0xff, 0xe9, 0x5c, 0x58, 0x0, 0x18, 0xff,
    0xff, 0xdc, 0x0, 0x0, 0x94, 0xff, 0xff, 0xff,
    0xff, 0xff, 0xf4, 0x94, 0xff, 0xff, 0xff, 0xff,
    0xff, 0xf4, 0x35, 0x6b, 0xff, 0xff, 0xe9, 0x5c,
    0x58, 0x0, 0x18, 0xff, 0xff, 0xdc, 0x0, 0x0,
    0x0, 0x18, 0xff, 0xff, 0xdc, 0x0, 0x0, 0x0,
    0x18, 0xff, 0xff, 0xdc, 0x0, 0x0, 0x0, 0x18,
    0xff, 0xff, 0xdc, 0x0, 0x0, 0x0, 0x18, 0xff,
    0xff, 0xdc, 0x0, 0x0, 0x0, 0x18, 0xff, 0xff,
    0xdc, 0x0, 0x0, 0x0, 0x18, 0xff, 0xff, 0xdc,
    0x0, 0x0, 0x0, 0x18, 0xff, 0xff, 0xdc, 0x0,
    0x0,

    /* U+0067 "g" */
    0x0, 0x0, 0x0, 0x0, 0x0, 0x0, 0x0, 0x1,
    0x34, 0x40, 0x1f, 0x0, 0x0, 0x0, 0x0, 0x0,
    0x0, 0x0, 0x0, 0x83, 0xff, 0xff, 0x7c, 0x0,
    0x0, 0x0, 0x0, 0x0, 0x0, 0x0, 0x0, 0xc1,
    0xff, 0xff, 0x7c, 0x0, 0x0, 0x0, 0x52, 0xbf,
    0xf0, 0xff, 0xff, 0xff, 0xaa, 0x8, 0x0, 0x0,
    0x0, 0x68, 0xff, 0xff, 0xff, 0xff, 0xff, 0xff,
    0xff, 0x89, 0x0, 0x0, 0x0, 0xe5, 0xff, 0xef,
    0x33, 0x4, 0x3d, 0xf8, 0xff, 0xdf, 0x0, 0x0,
    0x9, 0xff, 0xff, 0xba, 0x0, 0x0, 0x0, 0xd0,
    0xff, 0xf0, 0x0, 0x0, 0x0, 0xe6, 0xff, 0xf0,
    0x35, 0x4, 0x3e, 0xf8, 0xff, 0xc4, 0x0, 0x0,
    0x0, 0x66, 0xff, 0xff, 0xff, 0xff, 0xff, 0xff,
    0xfd, 0x47, 0x0, 0x0, 0x0, 0x4, 0x9f, 0xe4,
    0xea, 0xfa, 0xea, 0xb3, 0x3d, 0x0, 0x0, 0x0,
    0x1, 0xc4, 0xff, 0x32, 0x0, 0x0, 0x0, 0x0,
    0x0, 0x0, 0x0, 0x0, 0x19, 0xff, 0xff, 0xca,
    0x95, 0x94, 0x94, 0x93, 0x7f, 0x37, 0x0, 0x0,
    0x1, 0xcf, 0xff, 0xff, 0xff, 0xff, 0xff, 0xff,
    0xff, 0xff, 0x6f, 0x0, 0x0, 0x37, 0xdf, 0xff,
    0xff, 0xff, 0xff, 0xff, 0xff, 0xff, 0xf0, 0x3,
    0x42, 0xfc, 0xd3, 0x1, 0x0, 0x0, 0x0, 0x18,
    0xd5, 0xff, 0xff, 0x13, 0x8a, 0xff, 0xe5, 0x30,
    0x5, 0x0, 0x3, 0x2d, 0xe1, 0xff, 0xf0, 0x3,
    0x4b, 0xff, 0xff, 0xff, 0xff, 0xff, 0xff, 0xff,
    0xff, 0xff, 0x73, 0x0, 0x0, 0x4a, 0xb3, 0xe4,
    0xf9, 0xff, 0xf6, 0xde, 0xab, 0x46, 0x0, 0x0,

    /* U+0068 "h" */
    0xa0, 0xff, 0xff, 0x58, 0x0, 0x0, 0x0, 0x0,
    0x0, 0x0, 0xa0, 0xff, 0xff, 0x58, 0x0, 0x0,
    0x0, 0x0, 0x0, 0x0, 0xa0, 0xff, 0xff, 0x58,
    0x0, 0x0, 0x0, 0x0, 0x0, 0x0, 0xa0, 0xff,
    0xff, 0x58, 0x0, 0x0, 0x0, 0x0, 0x0, 0x0,
    0xa0, 0xff, 0xff, 0x58, 0x66, 0xe3, 0xfc, 0xcf,
    0x3f, 0x0, 0xa0, 0xff, 0xff, 0x9e, 0xff, 0xff,
    0xff, 0xff, 0xf2, 0x17, 0xa0, 0xff, 0xff, 0xf8,
    0x9a, 0x7f, 0xe9, 0xff, 0xff, 0x71, 0xa0, 0xff,
    0xff, 0x7a, 0x0, 0x0, 0x6d, 0xff, 0xff, 0x9d,
    0xa0, 0xff, 0xff, 0x58, 0x0, 0x0, 0x4d, 0xff,
    0xff, 0xa8, 0xa0, 0xff, 0xff, 0x58, 0x0, 0x0,
    0x4c, 0xff, 0xff, 0xa8, 0xa0, 0xff, 0xff, 0x58,
    0x0, 0x0, 0x4c, 0xff, 0xff, 0xa8, 0xa0, 0xff,
    0xff, 0x58, 0x0, 0x0, 0x4c, 0xff, 0xff, 0xa8,
    0xa0, 0xff, 0xff, 0x58, 0x0, 0x0, 0x4c, 0xff,
    0xff, 0xa8, 0xa0, 0xff, 0xff, 0x58, 0x0, 0x0,
    0x4c, 0xff, 0xff, 0xa8, 0xa0, 0xff, 0xff, 0x58,
    0x0, 0x0, 0x4c, 0xff, 0xff, 0xa8,

    /* U+0069 "i" */
    0x74, 0xf6, 0xe8, 0x3a, 0xd8, 0xff, 0xff, 0x90,
    0xba, 0xff, 0xff, 0x71, 0x15, 0x66, 0x57, 0x3,
    0xa0, 0xff, 0xff, 0x58, 0xa0, 0xff, 0xff, 0x58,
    0xa0, 0xff, 0xff, 0x58, 0xa0, 0xff, 0xff, 0x58,
    0xa0, 0xff, 0xff, 0x58, 0xa0, 0xff, 0xff, 0x58,
    0xa0, 0xff, 0xff, 0x58, 0xa0, 0xff, 0xff, 0x58,
    0xa0, 0xff, 0xff, 0x58, 0xa0, 0xff, 0xff, 0x58,
    0xa0, 0xff, 0xff, 0x58,

    /* U+006A "j" */
    0x0, 0x0, 0x74, 0xf6, 0xe8, 0x3a, 0x0, 0x0,
    0xd8, 0xff, 0xff, 0x90, 0x0, 0x0, 0xba, 0xff,
    0xff, 0x71, 0x0, 0x0, 0x15, 0x66, 0x57, 0x3,
    0x0, 0x0, 0xa0, 0xff, 0xff, 0x58, 0x0, 0x0,
    0xa0, 0xff, 0xff, 0x58, 0x0, 0x0, 0xa0, 0xff,
    0xff, 0x58, 0x0, 0x0, 0xa0, 0xff, 0xff, 0x58,
    0x0, 0x0, 0xa0, 0xff, 0xff, 0x58, 0x0, 0x0,
    0xa0, 0xff, 0xff, 0x58, 0x0, 0x0, 0xa0, 0xff,
    0xff, 0x58, 0x0, 0x0, 0xa0, 0xff, 0xff, 0x58,
    0x0, 0x0, 0xa0, 0xff, 0xff, 0x58, 0x0, 0x0,
    0xa0, 0xff, 0xff, 0x58, 0x0, 0x0, 0xa0, 0xff,
    0xff, 0x58, 0x0, 0x0, 0xa0, 0xff, 0xff, 0x58,
    0x11, 0x5c, 0xc3, 0xff, 0xff, 0x4e, 0x30, 0xff,
    0xff, 0xff, 0xf9, 0x17, 0x30, 0xff, 0xfd, 0xd8,
    0x52, 0x0,

    /* U+006B "k" */
    0xa0, 0xff, 0xff, 0x58, 0x0, 0x0, 0x0, 0x0,
    0x0, 0x0, 0x0, 0xa0, 0xff, 0xff, 0x58, 0x0,
    0x0, 0x0, 0x0, 0x0, 0x0, 0x0, 0xa0, 0xff,
    0xff, 0x58, 0x0, 0x0, 0x0, 0x0, 0x0, 0x0,
    0x0, 0xa0, 0xff, 0xff, 0x58, 0x0, 0x0, 0x0,
    0x0, 0x0, 0x0, 0x0, 0xa0, 0xff, 0xff, 0x58,
    0x0, 0x0, 0x8a, 0xff, 0xff, 0xb6, 0x3, 0xa0,
    0xff, 0xff, 0x58, 0x0, 0x57, 0xff, 0xff, 0xd6,
    0x10, 0x0, 0xa0, 0xff, 0xff, 0x58, 0x2c, 0xf6,
    0xff, 0xee, 0x24, 0x0, 0x0, 0xa0, 0xff, 0xff,
    0x5b, 0xcc, 0xff, 0xfb, 0x43, 0x0, 0x0, 0x0,
    0xa0, 0xff, 0xff, 0xca, 0xff, 0xff, 0xd4, 0x2,
    0x0, 0x0, 0x0, 0xa0, 0xff, 0xff, 0xff, 0xff,
    0xff, 0xff, 0x61, 0x0, 0x0, 0x0, 0xa0, 0xff,
    0xff, 0xff, 0xb7, 0xff, 0xff, 0xe7, 0xd, 0x0,
    0x0, 0xa0, 0xff, 0xff, 0xae, 0x2, 0xc2, 0xff,
    0xff, 0x88, 0x0, 0x0, 0xa0, 0xff, 0xff, 0x58,
    0x0, 0x40, 0xff, 0xff, 0xf9, 0x23, 0x0, 0xa0,
    0xff, 0xff, 0x58, 0x0, 0x0, 0xc0, 0xff, 0xff,
    0xaf, 0x0, 0xa0, 0xff, 0xff, 0x58, 0x0, 0x0,
    0x3c, 0xff, 0xff, 0xff, 0x42,

    /* U+006C "l" */
    0xa0, 0xff, 0xff, 0x58, 0x0, 0xa0, 0xff, 0xff,
    0x58, 0x0, 0xa0, 0xff, 0xff, 0x58, 0x0, 0xa0,
    0xff, 0xff, 0x58, 0x0, 0xa0, 0xff, 0xff, 0x58,
    0x0, 0xa0, 0xff, 0xff, 0x58, 0x0, 0xa0, 0xff,
    0xff, 0x58, 0x0, 0xa0, 0xff, 0xff, 0x58, 0x0,
    0xa0, 0xff, 0xff, 0x58, 0x0, 0xa0, 0xff, 0xff,
    0x58, 0x0, 0xa0, 0xff, 0xff, 0x58, 0x0, 0xa0,
    0xff, 0xff, 0x58, 0x0, 0x98, 0xff, 0xff, 0x94,
    0x3c, 0x5a, 0xff, 0xff, 0xff, 0xa8, 0x2, 0x8a,
    0xeb, 0xff, 0xa8,

    /* U+006D "m" */
    0xa0, 0xff, 0xff, 0x58, 0x6e, 0xe7, 0xfb, 0xc4,
    0x2d, 0x0, 0x66, 0xdd, 0xfc, 0xd3, 0x41, 0x0,
    0xa0, 0xff, 0xff, 0xa5, 0xff, 0xff, 0xff, 0xff,
    0xe2, 0x6b, 0xff, 0xff, 0xff, 0xff, 0xf1, 0x15,
    0xa0, 0xff, 0xff, 0xf8, 0x92, 0x8b, 0xfb, 0xff,
    0xff, 0xfa, 0x9d, 0x83, 0xf0, 0xff, 0xff, 0x6a,
    0xa0, 0xff, 0xff, 0x76, 0x0, 0x0, 0xa0, 0xff,
    0xff, 0x9b, 0x0, 0x0, 0x7b, 0xff, 0xff, 0x95,
    0xa0, 0xff, 0xff, 0x58, 0x0, 0x0, 0x7d, 0xff,
    0xff, 0x7c, 0x0, 0x0, 0x59, 0xff, 0xff, 0xa0,
    0xa0, 0xff, 0xff, 0x58, 0x0, 0x0, 0x7c, 0xff,
    0xff, 0x7c, 0x0, 0x0, 0x58, 0xff, 0xff, 0xa0,
    0xa0, 0xff, 0xff, 0x58, 0x0, 0x0, 0x7c, 0xff,
    0xff, 0x7c, 0x0, 0x0, 0x58, 0xff, 0xff, 0xa0,
    0xa0, 0xff, 0xff, 0x58, 0x0, 0x0, 0x7c, 0xff,
    0xff, 0x7c, 0x0, 0x0, 0x58, 0xff, 0xff, 0xa0,
    0xa0, 0xff, 0xff, 0x58, 0x0, 0x0, 0x7c, 0xff,
    0xff, 0x7c, 0x0, 0x0, 0x58, 0xff, 0xff, 0xa0,
    0xa0, 0xff, 0xff, 0x58, 0x0, 0x0, 0x7c, 0xff,
    0xff, 0x7c, 0x0, 0x0, 0x58, 0xff, 0xff, 0xa0,
    0xa0, 0xff, 0xff, 0x58, 0x0, 0x0, 0x7c, 0xff,
    0xff, 0x7c, 0x0, 0x0, 0x58, 0xff, 0xff, 0xa0,

    /* U+006E "n" */
    0xa0, 0xff, 0xff, 0x58, 0x6b, 0xe4, 0xfc, 0xcf,
    0x3f, 0x0, 0xa0, 0xff, 0xff, 0xa3, 0xff, 0xff,
    0xff, 0xff, 0xf2, 0x17, 0xa0, 0xff, 0xff, 0xfa,
    0x9a, 0x7f, 0xe9, 0xff, 0xff, 0x71, 0xa0, 0xff,
    0xff, 0x7a, 0x0, 0x0, 0x6d, 0xff, 0xff, 0x9d,
    0xa0, 0xff, 0xff, 0x58, 0x0, 0x0, 0x4d, 0xff,
    0xff, 0xa8, 0xa0, 0xff, 0xff, 0x58, 0x0, 0x0,
    0x4c, 0xff, 0xff, 0xa8, 0xa0, 0xff, 0xff, 0x58,
    0x0, 0x0, 0x4c, 0xff, 0xff, 0xa8, 0xa0, 0xff,
    0xff, 0x58, 0x0, 0x0, 0x4c, 0xff, 0xff, 0xa8,
    0xa0, 0xff, 0xff, 0x58, 0x0, 0x0, 0x4c, 0xff,
    0xff, 0xa8, 0xa0, 0xff, 0xff, 0x58, 0x0, 0x0,
    0x4c, 0xff, 0xff, 0xa8, 0xa0, 0xff, 0xff, 0x58,
    0x0, 0x0, 0x4c, 0xff, 0xff, 0xa8,

    /* U+006F "o" */
    0x0, 0x0, 0x13, 0x92, 0xe1, 0xfc, 0xed, 0xae,
    0x30, 0x0, 0x0, 0x0, 0x16, 0xde, 0xff, 0xff,
    0xff, 0xff, 0xff, 0xf8, 0x44, 0x0, 0x0, 0xa2,
    0xff, 0xff, 0xc2, 0x6a, 0x9a, 0xff, 0xff, 0xe4,
    0x7, 0xc, 0xfa, 0xff, 0xef, 0xa, 0x0, 0x0,
    0xb1, 0xff, 0xff, 0x4f, 0x37, 0xff, 0xff, 0xcd,
    0x0, 0x0, 0x0, 0x85, 0xff, 0xff, 0x7f, 0x46,
    0xff, 0xff, 0xcc, 0x0, 0x0, 0x0, 0x84, 0xff,
    0xff, 0x8e, 0x36, 0xff, 0xff, 0xcd, 0x0, 0x0,
    0x0, 0x85, 0xff, 0xff, 0x7e, 0xa, 0xf9, 0xff,
    0xf2, 0xb, 0x0, 0x0, 0xb4, 0xff, 0xff, 0x4b,
    0x0, 0xa0, 0xff, 0xff, 0xc6, 0x6e, 0x9e, 0xff,
    0xff, 0xe1, 0x5, 0x0, 0x16, 0xdd, 0xff, 0xff,
    0xff, 0xff, 0xff, 0xf8, 0x43, 0x0, 0x0, 0x0,
    0x13, 0x92, 0xe1, 0xfc, 0xee, 0xb0, 0x30, 0x0,
    0x0,

    /* U+0070 "p" */
    0xa0, 0xff, 0xff, 0x58, 0x73, 0xe5, 0xfb, 0xd2,
    0x55, 0x0, 0x0, 0xa0, 0xff, 0xff, 0xb2, 0xff,
    0xff, 0xff, 0xff, 0xff, 0x50, 0x0, 0xa0, 0xff,
    0xff, 0xf8, 0x96, 0x7e, 0xda, 0xff, 0xff, 0xd3,
    0x0, 0xa0, 0xff, 0xff, 0x77, 0x0, 0x0, 0x16,
    0xf5, 0xff, 0xff, 0x1d, 0xa0, 0xff, 0xff, 0x58,
    0x0, 0x0, 0x0, 0xcc, 0xff, 0xff, 0x40, 0xa0,
    0xff, 0xff, 0x58, 0x0, 0x0, 0x0, 0xc8, 0xff,
    0xff, 0x4a, 0xa0, 0xff, 0xff, 0x58, 0x0, 0x0,
    0x0, 0xcc, 0xff, 0xff, 0x3f, 0xa0, 0xff, 0xff,
    0x78, 0x0, 0x0, 0x18, 0xf7, 0xff, 0xff, 0x1a,
    0xa0, 0xff, 0xff, 0xf6, 0x98, 0x82, 0xdd, 0xff,
    0xff, 0xd2, 0x0, 0xa0, 0xff, 0xff, 0xa9, 0xff,
    0xff, 0xff, 0xff, 0xff, 0x4d, 0x0, 0xa0, 0xff,
    0xff, 0x58, 0x6a, 0xe4, 0xfb, 0xd2, 0x54, 0x0,
    0x0, 0xa0, 0xff, 0xff, 0x58, 0x0, 0x0, 0x0,
    0x0, 0x0, 0x0, 0x0, 0xa0, 0xff, 0xff, 0x58,
    0x0, 0x0, 0x0, 0x0, 0x0, 0x0, 0x0, 0xa0,
    0xff, 0xff, 0x58, 0x0, 0x0, 0x0, 0x0, 0x0,
    0x0, 0x0, 0xa0, 0xff, 0xff, 0x58, 0x0, 0x0,
    0x0, 0x0, 0x0, 0x0, 0x0,

    /* U+0071 "q" */
    0x0, 0x0, 0x3c, 0xc2, 0xf9, 0xef, 0x8d, 0x35,
    0xff, 0xff, 0xc8, 0x0, 0x2f, 0xf8, 0xff, 0xff,
    0xff, 0xff, 0xb2, 0xff, 0xff, 0xc8, 0x0, 0xad,
    0xff, 0xff, 0xea, 0x82, 0x8b, 0xef, 0xff, 0xff,
    0xc8, 0x2, 0xf3, 0xff, 0xff, 0x35, 0x0, 0x0,
    0x4f, 0xff, 0xff, 0xc8, 0x18, 0xff, 0xff, 0xf4,
    0x0, 0x0, 0x0, 0x30, 0xff, 0xff, 0xc8, 0x22,
    0xff, 0xff, 0xf0, 0x0, 0x0, 0x0, 0x30, 0xff,
    0xff, 0xc8, 0x17, 0xff, 0xff, 0xf4, 0x0, 0x0,
    0x0, 0x30, 0xff, 0xff, 0xc8, 0x2, 0xf2, 0xff,
    0xff, 0x37, 0x0, 0x0, 0x4f, 0xff, 0xff, 0xc8,
    0x0, 0xa9, 0xff, 0xff, 0xec, 0x87, 0x8f, 0xed,
    0xff, 0xff, 0xc8, 0x0, 0x2d, 0xf7, 0xff, 0xff,
    0xff, 0xff, 0xa9, 0xff, 0xff, 0xc8, 0x0, 0x0,
    0x3b, 0xc2, 0xf9, 0xed, 0x86, 0x33, 0xff, 0xff,
    0xc8, 0x0, 0x0, 0x0, 0x0, 0x0, 0x0, 0x0,
    0x30, 0xff, 0xff, 0xc8, 0x0, 0x0, 0x0, 0x0,
    0x0, 0x0, 0x0, 0x30, 0xff, 0xff, 0xc8, 0x0,
    0x0, 0x0, 0x0, 0x0, 0x0, 0x0, 0x30, 0xff,
    0xff, 0xc8, 0x0, 0x0, 0x0, 0x0, 0x0, 0x0,
    0x0, 0x30, 0xff, 0xff, 0xc8,

    /* U+0072 "r" */
    0xa0, 0xff, 0xff, 0x58, 0x6f, 0xeb, 0xa4, 0xa0,
    0xff, 0xff, 0x96, 0xff, 0xff, 0xa4, 0xa0, 0xff,
    0xff, 0xf3, 0xf7, 0xd9, 0x88, 0xa0, 0xff, 0xff,
    0xb0, 0xa, 0x0, 0x0, 0xa0, 0xff, 0xff, 0x5a,
    0x0, 0x0, 0x0, 0xa0, 0xff, 0xff, 0x58, 0x0,
    0x0, 0x0, 0xa0, 0xff, 0xff, 0x58, 0x0, 0x0,
    0x0, 0xa0, 0xff, 0xff, 0x58, 0x0, 0x0, 0x0,
    0xa0, 0xff, 0xff, 0x58, 0x0, 0x0, 0x0, 0xa0,
    0xff, 0xff, 0x58, 0x0, 0x0, 0x0, 0xa0, 0xff,
    0xff, 0x58, 0x0, 0x0, 0x0,

    /* U+0073 "s" */
    0x0, 0x1, 0x67, 0xd0, 0xf9, 0xfa, 0xdc, 0x8c,
    0x13, 0x0, 0x0, 0x87, 0xff, 0xff, 0xff, 0xff,
    0xff, 0xff, 0xdf, 0xc, 0xa, 0xf9, 0xff, 0xf0,
    0x6e, 0x63, 0xb5, 0xff, 0x69, 0x0, 0x20, 0xff,
    0xff, 0xca, 0x1, 0x0, 0x0, 0x2f, 0x0, 0x0,
    0x5, 0xef, 0xff, 0xff, 0xdf, 0xb4, 0x8b, 0x40,
    0x0, 0x0, 0x0, 0x59, 0xf9, 0xff, 0xff, 0xff,
    0xff, 0xff, 0xa5, 0x1, 0x0, 0x0, 0x1e, 0x72,
    0xa3, 0xc5, 0xfb, 0xff, 0xff, 0x43, 0x0, 0x17,
    0x64, 0x0, 0x0, 0x0, 0x7a, 0xff, 0xff, 0x6a,
    0x15, 0xd3, 0xff, 0xbb, 0x6b, 0x66, 0xd5, 0xff,
    0xff, 0x42, 0x29, 0xe3, 0xff, 0xff, 0xff, 0xff,
    0xff, 0xff, 0xb1, 0x1, 0x0, 0x12, 0x89, 0xda,
    0xfa, 0xf9, 0xd0, 0x71, 0x5, 0x0,

    /* U+0074 "t" */
    0x0, 0x0, 0x62, 0x80, 0x74, 0x0, 0x0, 0x0,
    0x0, 0xc4, 0xff, 0xe8, 0x0, 0x0, 0x0, 0xe,
    0xe1, 0xff, 0xe8, 0x0, 0x0, 0x8c, 0xff, 0xff,
    0xff, 0xff, 0xff, 0xfc, 0x8c, 0xff, 0xff, 0xff,
    0xff, 0xff, 0xfc, 0x32, 0x66, 0xff, 0xff, 0xf1,
    0x5c, 0x5b, 0x0, 0x10, 0xff, 0xff, 0xe8, 0x0,
    0x0, 0x0, 0x10, 0xff, 0xff, 0xe8, 0x0, 0x0,
    0x0, 0x10, 0xff, 0xff, 0xe8, 0x0, 0x0, 0x0,
    0x10, 0xff, 0xff, 0xe8, 0x0, 0x0, 0x0, 0x10,
    0xff, 0xff, 0xe8, 0x0, 0x0, 0x0, 0x4, 0xfa,
    0xff, 0xf1, 0x5c, 0x4b, 0x0, 0x0, 0xb3, 0xff,
    0xff, 0xff, 0xd0, 0x0, 0x0, 0x16, 0xac, 0xf3,
    0xff, 0xd0,

    /* U+0075 "u" */
    0xbc, 0xff, 0xff, 0x38, 0x0, 0x0, 0x6c, 0xff,
    0xff, 0x8c, 0xbc, 0xff, 0xff, 0x38, 0x0, 0x0,
    0x6c, 0xff, 0xff, 0x8c, 0xbc, 0xff, 0xff, 0x38,
    0x0, 0x0, 0x6c, 0xff, 0xff, 0x8c, 0xbc, 0xff,
    0xff, 0x38, 0x0, 0x0, 0x6c, 0xff, 0xff, 0x8c,
    0xbc, 0xff, 0xff, 0x38, 0x0, 0x0, 0x6c, 0xff,
    0xff, 0x8c, 0xbc, 0xff, 0xff, 0x38, 0x0, 0x0,
    0x6c, 0xff, 0xff, 0x8c, 0xbc, 0xff, 0xff, 0x39,
    0x0, 0x0, 0x6c, 0xff, 0xff, 0x8c, 0xb1, 0xff,
    0xff, 0x5e, 0x0, 0x0, 0x8d, 0xff, 0xff, 0x8c,
    0x85, 0xff, 0xff, 0xe8, 0x83, 0xa1, 0xfd, 0xff,
    0xff, 0x8c, 0x26, 0xfa, 0xff, 0xff, 0xff, 0xff,
    0xa8, 0xff, 0xff, 0x8c, 0x0, 0x4d, 0xd7, 0xfe,
    0xe2, 0x61, 0x6c, 0xff, 0xff, 0x8c,

    /* U+0076 "v" */
    0xaa, 0xff, 0xff, 0x3e, 0x0, 0x0, 0x0, 0x5d,
    0xff, 0xff, 0x6a, 0x59, 0xff, 0xff, 0x89, 0x0,
    0x0, 0x0, 0xa7, 0xff, 0xff, 0x1b, 0xf, 0xfa,
    0xff, 0xd5, 0x0, 0x0, 0x3, 0xec, 0xff, 0xcb,
    0x0, 0x0, 0xba, 0xff, 0xff, 0x21, 0x0, 0x39,
    0xff, 0xff, 0x7b, 0x0, 0x0, 0x6a, 0xff, 0xff,
    0x6b, 0x0, 0x7f, 0xff, 0xff, 0x2a, 0x0, 0x0,
    0x1b, 0xfe, 0xff, 0xab, 0x0, 0xbf, 0xff, 0xda,
    0x0, 0x0, 0x0, 0x0, 0xc9, 0xff, 0xe7, 0x6,
    0xf6, 0xff, 0x8b, 0x0, 0x0, 0x0, 0x0, 0x7a,
    0xff, 0xff, 0x63, 0xff, 0xff, 0x3b, 0x0, 0x0,
    0x0, 0x0, 0x2a, 0xff, 0xff, 0xe2, 0xff, 0xe8,
    0x2, 0x0, 0x0, 0x0, 0x0, 0x0, 0xd9, 0xff,
    0xff, 0xff, 0x9a, 0x0, 0x0, 0x0, 0x0, 0x0,
    0x0, 0x89, 0xff, 0xff, 0xff, 0x4b, 0x0, 0x0,
    0x0,

    /* U+0077 "w" */
    0x7e, 0xff, 0xff, 0x5a, 0x0, 0x0, 0xf, 0xfc,
    0xff, 0xed, 0x2, 0x0, 0x0, 0x69, 0xff, 0xff,
    0x4f, 0x3a, 0xff, 0xff, 0x94, 0x0, 0x0, 0x4f,
    0xff, 0xff, 0xff, 0x35, 0x0, 0x0, 0xa4, 0xff,
    0xfc, 0xf, 0x4, 0xf1, 0xff, 0xd1, 0x0, 0x0,
    0x93, 0xff, 0xff, 0xff, 0x7c, 0x0, 0x0, 0xde,
    0xff, 0xc7, 0x0, 0x0, 0xb1, 0xff, 0xfd, 0xf,
    0x0, 0xd7, 0xff, 0xe8, 0xff, 0xc2, 0x0, 0x19,
    0xff, 0xff, 0x84, 0x0, 0x0, 0x6d, 0xff, 0xff,
    0x47, 0x1c, 0xff, 0xff, 0x6f, 0xff, 0xfa, 0xc,
    0x53, 0xff, 0xff, 0x41, 0x0, 0x0, 0x29, 0xff,
    0xff, 0x7e, 0x5c, 0xff, 0xdc, 0x12, 0xfe, 0xff,
    0x4a, 0x8c, 0xff, 0xf6, 0x8, 0x0, 0x0, 0x0,
    0xe4, 0xff, 0xb5, 0x9c, 0xff, 0x99, 0x0, 0xce,
    0xff, 0x8c, 0xc4, 0xff, 0xbb, 0x0, 0x0, 0x0,
    0x0, 0x9f, 0xff, 0xec, 0xde, 0xff, 0x53, 0x0,
    0x87, 0xff, 0xd3, 0xf7, 0xff, 0x78, 0x0, 0x0,
    0x0, 0x0, 0x5c, 0xff, 0xff, 0xff, 0xfd, 0x10,
    0x0, 0x41, 0xff, 0xff, 0xff, 0xff, 0x34, 0x0,
    0x0, 0x0, 0x0, 0x18, 0xff, 0xff, 0xff, 0xc6,
    0x0, 0x0, 0x6, 0xf4, 0xff, 0xff, 0xee, 0x3,
    0x0, 0x0, 0x0, 0x0, 0x0, 0xd2, 0xff, 0xff,
    0x7f, 0x0, 0x0, 0x0, 0xb4, 0xff, 0xff, 0xad,
    0x0, 0x0, 0x0,

    /* U+0078 "x" */
    0x48, 0xff, 0xff, 0xf3, 0x19, 0x0, 0x0, 0x92,
    0xff, 0xff, 0x80, 0x0, 0xa7, 0xff, 0xff, 0x9e,
    0x0, 0x25, 0xfb, 0xff, 0xd9, 0x7, 0x0, 0x16,
    0xef, 0xff, 0xfe, 0x30, 0xae, 0xff, 0xff, 0x3e,
    0x0, 0x0, 0x0, 0x63, 0xff, 0xff, 0xda, 0xff,
    0xff, 0x9d, 0x0, 0x0, 0x0, 0x0, 0x1, 0xc2,
    0xff, 0xff, 0xff, 0xea, 0x12, 0x0, 0x0, 0x0,
    0x0, 0x0, 0x59, 0xff, 0xff, 0xff, 0x82, 0x0,
    0x0, 0x0, 0x0, 0x0, 0x6, 0xd7, 0xff, 0xff,
    0xff, 0xe8, 0x10, 0x0, 0x0, 0x0, 0x0, 0x7b,
    0xff, 0xff, 0xc6, 0xff, 0xff, 0x9c, 0x0, 0x0,
    0x0, 0x22, 0xf6, 0xff, 0xca, 0xb, 0xe4, 0xff,
    0xff, 0x41, 0x0, 0x0, 0xb7, 0xff, 0xff, 0x40,
    0x0, 0x5e, 0xff, 0xff, 0xda, 0x8, 0x54, 0xff,
    0xff, 0xb5, 0x0, 0x0, 0x2, 0xcc, 0xff, 0xff,
    0x87,

    /* U+0079 "y" */
    0xb7, 0xff, 0xff, 0x36, 0x0, 0x0, 0x0, 0x5a,
    0xff, 0xff, 0x67, 0x66, 0xff, 0xff, 0x83, 0x0,
    0x0, 0x0, 0xa7, 0xff, 0xfd, 0x17, 0x15, 0xfd,
    0xff, 0xd0, 0x0, 0x0, 0x4, 0xf0, 0xff, 0xc2,
    0x0, 0x0, 0xc1, 0xff, 0xff, 0x1e, 0x0, 0x42,
    0xff, 0xff, 0x6e, 0x0, 0x0, 0x6e, 0xff, 0xff,
    0x6a, 0x0, 0x8e, 0xff, 0xff, 0x1e, 0x0, 0x0,
    0x1d, 0xff, 0xff, 0xb0, 0x0, 0xd6, 0xff, 0xca,
    0x0, 0x0, 0x0, 0x0, 0xca, 0xff, 0xee, 0x17,
    0xff, 0xff, 0x78, 0x0, 0x0, 0x0, 0x0, 0x78,
    0xff, 0xff, 0x82, 0xff, 0xff, 0x26, 0x0, 0x0,
    0x0, 0x0, 0x26, 0xff, 0xff, 0xf5, 0xff, 0xd2,
    0x0, 0x0, 0x0, 0x0, 0x0, 0x0, 0xd3, 0xff,
    0xff, 0xff, 0x7f, 0x0, 0x0, 0x0, 0x0, 0x0,
    0x0, 0x82, 0xff, 0xff, 0xff, 0x2d, 0x0, 0x0,
    0x0, 0x0, 0x0, 0x0, 0x48, 0xff, 0xff, 0xda,
    0x0, 0x0, 0x0, 0x0, 0x0, 0x32, 0x5c, 0xa8,
    0xff, 0xff, 0x88, 0x0, 0x0, 0x0, 0x0, 0x0,
    0x8c, 0xff, 0xff, 0xff, 0xf8, 0x22, 0x0, 0x0,
    0x0, 0x0, 0x0, 0x8c, 0xff, 0xfd, 0xd4, 0x4a,
    0x0, 0x0, 0x0, 0x0, 0x0,

    /* U+007A "z" */
    0xc, 0xff, 0xff, 0xff, 0xff, 0xff, 0xff, 0xff,
    0xff, 0x70, 0xc, 0xff, 0xff, 0xff, 0xff, 0xff,
    0xff, 0xff, 0xff, 0x70, 0x4, 0x5c, 0x5c, 0x5c,
    0x5c, 0x87, 0xff, 0xff, 0xff, 0x47, 0x0, 0x0,
    0x0, 0x0, 0x15, 0xdf, 0xff, 0xff, 0x80, 0x0,
    0x0, 0x0, 0x0, 0x7, 0xc4, 0xff, 0xff, 0xa8,
    0x1, 0x0, 0x0, 0x0, 0x0, 0xa1, 0xff, 0xff,
    0xca, 0x9, 0x0, 0x0, 0x0, 0x0, 0x78, 0xff,
    0xff, 0xe4, 0x1a, 0x0, 0x0, 0x0, 0x0, 0x4f,
    0xfe, 0xff, 0xf6, 0x33, 0x0, 0x0, 0x0, 0x0,
    0x1e, 0xf4, 0xff, 0xff, 0xaa, 0x5c, 0x5c, 0x5c,
    0x5c, 0x35, 0x38, 0xff, 0xff, 0xff, 0xff, 0xff,
    0xff, 0xff, 0xff, 0x94, 0x38, 0xff, 0xff, 0xff,
    0xff, 0xff, 0xff, 0xff, 0xff, 0x94,

    /* U+007B "{" */
    0x0, 0x0, 0x26, 0xd3, 0xff, 0xff, 0x70, 0x0,
    0x0, 0x9b, 0xff, 0xff, 0xff, 0x70, 0x0, 0x0,
    0xb0, 0xff, 0xff, 0x32, 0x10, 0x0, 0x0, 0xb0,
    0xff, 0xff, 0x10, 0x0, 0x0, 0x0, 0xb0, 0xff,
    0xff, 0x10, 0x0, 0x0, 0x0, 0xb0, 0xff, 0xff,
    0x10, 0x0, 0x0, 0x0, 0xbb, 0xff, 0xff, 0xd,
    0x0, 0x4, 0x53, 0xfb, 0xff, 0xdc, 0x0, 0x0,
    0xa0, 0xff, 0xff, 0xeb, 0x3c, 0x0, 0x0, 0xa0,
    0xff, 0xff, 0x9f, 0xf, 0x0, 0x0, 0x39, 0xa2,
    0xff, 0xff, 0xb5, 0x0, 0x0, 0x0, 0x0, 0xcc,
    0xff, 0xff, 0x9, 0x0, 0x0, 0x0, 0xb0, 0xff,
    0xff, 0x10, 0x0, 0x0, 0x0, 0xb0, 0xff, 0xff,
    0x10, 0x0, 0x0, 0x0, 0xb0, 0xff, 0xff, 0x10,
    0x0, 0x0, 0x0, 0xb0, 0xff, 0xff, 0x10, 0x0,
    0x0, 0x0, 0xa5, 0xff, 0xff, 0xff, 0x70, 0x0,
    0x0, 0x39, 0xee, 0xff, 0xff, 0x70, 0x0, 0x0,
    0x0, 0x8, 0x1f, 0x20, 0xe,

    /* U+007C "|" */
    0x3c, 0xff, 0xff, 0x48, 0x3c, 0xff, 0xff, 0x48,
    0x3c, 0xff, 0xff, 0x48, 0x3c, 0xff, 0xff, 0x48,
    0x3c, 0xff, 0xff, 0x48, 0x3c, 0xff, 0xff, 0x48,
    0x3c, 0xff, 0xff, 0x48, 0x3c, 0xff, 0xff, 0x48,
    0x3c, 0xff, 0xff, 0x48, 0x3c, 0xff, 0xff, 0x48,
    0x3c, 0xff, 0xff, 0x48, 0x3c, 0xff, 0xff, 0x48,
    0x3c, 0xff, 0xff, 0x48, 0x3c, 0xff, 0xff, 0x48,
    0x3c, 0xff, 0xff, 0x48, 0x3c, 0xff, 0xff, 0x48,
    0x3c, 0xff, 0xff, 0x48, 0x3c, 0xff, 0xff, 0x48,
    0x18, 0x68, 0x68, 0x1d,

    /* U+007D "}" */
    0xff, 0xff, 0xf4, 0x77, 0x0, 0x0, 0x0, 0xff,
    0xff, 0xff, 0xfd, 0xf, 0x0, 0x0, 0x24, 0xae,
    0xff, 0xff, 0x20, 0x0, 0x0, 0x0, 0xa0, 0xff,
    0xff, 0x20, 0x0, 0x0, 0x0, 0xa0, 0xff, 0xff,
    0x20, 0x0, 0x0, 0x0, 0xa0, 0xff, 0xff, 0x20,
    0x0, 0x0, 0x0, 0x9d, 0xff, 0xff, 0x2b, 0x0,
    0x0, 0x0, 0x6a, 0xff, 0xff, 0xad, 0x16, 0x0,
    0x0, 0x5, 0xa8, 0xff, 0xff, 0xff, 0x10, 0x0,
    0x0, 0x5d, 0xe8, 0xff, 0xff, 0x10, 0x0, 0x4a,
    0xff, 0xff, 0xde, 0x68, 0x5, 0x0, 0x99, 0xff,
    0xff, 0x3c, 0x0, 0x0, 0x0, 0xa0, 0xff, 0xff,
    0x20, 0x0, 0x0, 0x0, 0xa0, 0xff, 0xff, 0x20,
    0x0, 0x0, 0x0, 0xa0, 0xff, 0xff, 0x20, 0x0,
    0x0, 0x0, 0xa0, 0xff, 0xff, 0x20, 0x0, 0x0,
    0xff, 0xff, 0xff, 0xff, 0x15, 0x0, 0x0, 0xff,
    0xff, 0xff, 0x99, 0x0, 0x0, 0x0, 0x20, 0x20,
    0x15, 0x0, 0x0, 0x0, 0x0,

    /* U+007E "~" */
    0x2f, 0xc8, 0xfb, 0xe6, 0x8c, 0x14, 0x0, 0x0,
    0x1, 0x0, 0xc6, 0xff, 0xff, 0xff, 0xff, 0xf4,
    0x98, 0x76, 0xc2, 0x48, 0x48, 0xc3, 0x76, 0x96,
    0xf2, 0xff, 0xff, 0xff, 0xff, 0xc6, 0x0, 0x1,
    0x0, 0x0, 0x14, 0x89, 0xe5, 0xfb, 0xc7, 0x2d,

    /* U+0E01 "ก" */
    0x0, 0x1, 0x60, 0xc5, 0xf3, 0xfd, 0xe5, 0xa3,
    0x27, 0x0, 0x0, 0x0, 0x9f, 0xff, 0xff, 0xff,
    0xff, 0xff, 0xff, 0xf3, 0x32, 0x0, 0x4c, 0xff,
    0xff, 0xef, 0x91, 0x86, 0xdc, 0xff, 0xff, 0xc8,
    0x0, 0xa6, 0xff, 0xff, 0x3f, 0x0, 0x0, 0x13,
    0xf2, 0xff, 0xff, 0x1d, 0xcf, 0xff, 0xff, 0xff,
    0xff, 0x34, 0x0, 0xbf, 0xff, 0xff, 0x41, 0xd8,
    0xff, 0xff, 0xff, 0xff, 0x34, 0x0, 0xb8, 0xff,
    0xff, 0x48, 0x11, 0x55, 0xdc, 0xef, 0x40, 0x5,
    0x0, 0xb8, 0xff, 0xff, 0x48, 0x29, 0xf9, 0xff,
    0x97, 0x0, 0x0, 0x0, 0xb8, 0xff, 0xff, 0x48,
    0x7d, 0xff, 0xff, 0x78, 0x0, 0x0, 0x0, 0xb8,
    0xff, 0xff, 0x48, 0x8c, 0xff, 0xff, 0x74, 0x0,
    0x0, 0x0, 0xb8, 0xff, 0xff, 0x48, 0x8c, 0xff,
    0xff, 0x74, 0x0, 0x0, 0x0, 0xb8, 0xff, 0xff,
    0x48, 0x8c, 0xff, 0xff, 0x74, 0x0, 0x0, 0x0,
    0xb8, 0xff, 0xff, 0x48,

    /* U+0E02 "ข" */
    0xff, 0xff, 0xff, 0xe1, 0x4d, 0x0, 0xa4, 0xff,
    0xff, 0x5c, 0xff, 0xff, 0xff, 0xff, 0xdc, 0x0,
    0xa4, 0xff, 0xff, 0x5c, 0x5c, 0x5c, 0xe8, 0xff,
    0xef, 0x0, 0xa4, 0xff, 0xff, 0x5c, 0x0, 0x16,
    0xf9, 0xff, 0xc6, 0x0, 0xa4, 0xff, 0xff, 0x5c,
    0x2, 0xb8, 0xff, 0xff, 0x5b, 0x0, 0xa4, 0xff,
    0xff, 0x5c, 0x5d, 0xff, 0xff, 0xbe, 0x1, 0x0,
    0xa4, 0xff, 0xff, 0x5c, 0xb9, 0xff, 0xff, 0x4c,
    0x0, 0x0, 0xa4, 0xff, 0xff, 0x5c, 0xd5, 0xff,
    0xff, 0x2c, 0x0, 0x0, 0xa7, 0xff, 0xff, 0x56,
    0xc9, 0xff, 0xff, 0x59, 0x0, 0x1, 0xd2, 0xff,
    0xff, 0x3d, 0x8b, 0xff, 0xff, 0xf1, 0xa0, 0xc1,
    0xff, 0xff, 0xf4, 0xa, 0x1a, 0xe8, 0xff, 0xff,
    0xff, 0xff, 0xff, 0xff, 0x7f, 0x0, 0x0, 0x1e,
    0xa0, 0xe5, 0xfd, 0xf6, 0xce, 0x6a, 0x1, 0x0,

    /* U+0E03 "ฃ" */
    0x58, 0xff, 0xff, 0x10, 0xdf, 0xff, 0xc4, 0x38,
    0xff, 0xff, 0xc8, 0x57, 0xff, 0xff, 0x76, 0xf7,
    0xff, 0xc4, 0x38, 0xff, 0xff, 0xc8, 0x2e, 0xff,
    0xff, 0xf7, 0xc4, 0xff, 0xbd, 0x38, 0xff, 0xff,
    0xc8, 0x0, 0x5d, 0x9e, 0x6b, 0xf5, 0xff, 0x83,
    0x38, 0xff, 0xff, 0xc8, 0x0, 0x0, 0x1d, 0xe1,
    0xff, 0xe4, 0x13, 0x38, 0xff, 0xff, 0xc8, 0x0,
    0x1, 0xc9, 0xff, 0xfe, 0x3d, 0x0, 0x38, 0xff,
    0xff, 0xc8, 0x0, 0x41, 0xff, 0xff, 0xbc, 0x0,
    0x0, 0x38, 0xff, 0xff, 0xc8, 0x0, 0x69, 0xff,
    0xff, 0x99, 0x0, 0x0, 0x3b, 0xff, 0xff, 0xc2,
    0x0, 0x5d, 0xff, 0xff, 0xc3, 0x0, 0x0, 0x69,
    0xff, 0xff, 0xa8, 0x0, 0x22, 0xff, 0xff, 0xff,
    0xbb, 0xa0, 0xf4, 0xff, 0xff, 0x6a, 0x0, 0x0,
    0x97, 0xff, 0xff, 0xff, 0xff, 0xff, 0xff, 0xde,
    0xc, 0x0, 0x0, 0x2, 0x6c, 0xcf, 0xf6, 0xfd,
    0xe5, 0x9e, 0x1c, 0x0,

    /* U+0E04 "ค" */
    0x0, 0x0, 0x54, 0xc0, 0xf3, 0xfd, 0xea, 0xac,
    0x34, 0x0, 0x0, 0x0, 0x83, 0xff, 0xff, 0xff,
    0xff, 0xff, 0xff, 0xfb, 0x4b, 0x0, 0x2f, 0xff,
    0xff, 0xff, 0xc0, 0x99, 0xd8, 0xff, 0xff, 0xe7,
    0x7, 0x83, 0xff, 0xff, 0xa2, 0x0, 0x0, 0x7,
    0xda, 0xff, 0xff, 0x43, 0xa9, 0xff, 0xff, 0x58,
    0x0, 0x0, 0x0, 0x98, 0xff, 0xff, 0x69, 0xb0,
    0xff, 0xff, 0x59, 0xae, 0xfb, 0x4c, 0x90, 0xff,
    0xff, 0x70, 0xb0, 0xff, 0xff, 0xbf, 0xff, 0xff,
    0x4c, 0x90, 0xff, 0xff, 0x70, 0xb0, 0xff, 0xff,
    0xfe, 0xb4, 0x93, 0x2b, 0x90, 0xff, 0xff, 0x70,
    0xb0, 0xff, 0xff, 0x80, 0x0, 0x0, 0x0, 0x90,
    0xff, 0xff, 0x70, 0xb0, 0xff, 0xff, 0x51, 0x0,
    0x0, 0x0, 0x90, 0xff, 0xff, 0x70, 0xb0, 0xff,
    0xff, 0x50, 0x0, 0x0, 0x0, 0x90, 0xff, 0xff,
    0x70, 0xb0, 0xff, 0xff, 0x50, 0x0, 0x0, 0x0,
    0x90, 0xff, 0xff, 0x70,

    /* U+0E05 "ฅ" */
    0x0, 0x16, 0x9f, 0xea, 0xcc, 0x26, 0xde, 0xe4,
    0x8e, 0xc, 0x0, 0xa, 0xd8, 0xff, 0xff, 0xff,
    0xfa, 0xff, 0xff, 0xff, 0xc0, 0x2, 0x69, 0xff,
    0xff, 0xe8, 0xdf, 0xff, 0xd6, 0xf2, 0xff, 0xff,
    0x48, 0xa2, 0xff, 0xff, 0x63, 0x16, 0x94, 0xc,
    0x86, 0xff, 0xff, 0x82, 0xb0, 0xff, 0xff, 0x50,
    0x0, 0x0, 0x0, 0x70, 0xff, 0xff, 0x90, 0xb0,
    0xff, 0xff, 0x59, 0xae, 0xfb, 0x4c, 0x70, 0xff,
    0xff, 0x90, 0xb0, 0xff, 0xff, 0xc1, 0xff, 0xff,
    0x4c, 0x70, 0xff, 0xff, 0x90, 0xb0, 0xff, 0xff,
    0xfe, 0xb3, 0x8f, 0x2a, 0x70, 0xff, 0xff, 0x90,
    0xb0, 0xff, 0xff, 0x82, 0x0, 0x0, 0x0, 0x70,
    0xff, 0xff, 0x90, 0xb0, 0xff, 0xff, 0x51, 0x0,
    0x0, 0x0, 0x70, 0xff, 0xff, 0x90, 0xb0, 0xff,
    0xff, 0x50, 0x0, 0x0, 0x0, 0x70, 0xff, 0xff,
    0x90, 0xb0, 0xff, 0xff, 0x50, 0x0, 0x0, 0x0,
    0x70, 0xff, 0xff, 0x90,

    /* U+0E06 "ฆ" */
    0x3c, 0xff, 0xff, 0x28, 0x95, 0xff, 0xff, 0x10,
    0x68, 0xff, 0xff, 0x98, 0x3b, 0xff, 0xff, 0x72,
    0xe3, 0xff, 0xff, 0x10, 0x68, 0xff, 0xff, 0x98,
    0x17, 0xfb, 0xff, 0xff, 0xb6, 0xff, 0xff, 0xd,
    0x68, 0xff, 0xff, 0x98, 0x0, 0x4b, 0x9e, 0x69,
    0xcf, 0xff, 0xeb, 0x1, 0x68, 0xff, 0xff, 0x98,
    0x0, 0x0, 0x4, 0xb3, 0xff, 0xff, 0x75, 0x0,
    0x68, 0xff, 0xff, 0x98, 0x0, 0x0, 0x83, 0xff,
    0xff, 0xa5, 0x1, 0x0, 0x68, 0xff, 0xff, 0x98,
    0x0, 0x5, 0xf4, 0xff, 0xf9, 0xe, 0x0, 0x0,
    0x68, 0xff, 0xff, 0x98, 0x0, 0x1d, 0xff, 0xff,
    0xe5, 0x0, 0x0, 0x0, 0x70, 0xff, 0xff, 0x97,
    0x0, 0x20, 0xff, 0xff, 0xff, 0x39, 0x0, 0x0,
    0xad, 0xff, 0xff, 0x8d, 0x0, 0x20, 0xff, 0xff,
    0xff, 0xf9, 0xb7, 0xc4, 0xff, 0xff, 0xff, 0x5d,
    0x0, 0x20, 0xff, 0xff, 0xe0, 0xbf, 0xff, 0xff,
    0xff, 0xff, 0xe8, 0xd, 0x0, 0x20, 0xff, 0xff,
    0xe0, 0x18, 0xb5, 0xf6, 0xf8, 0xbf, 0x2e, 0x0,

    /* U+0E07 "ง" */
    0x5c, 0xff, 0xff, 0x98, 0x0, 0x44, 0xff, 0xff,
    0xed, 0x6f, 0x0, 0x1c, 0xff, 0xff, 0xd0, 0x0,
    0x44, 0xff, 0xff, 0xff, 0xfe, 0x28, 0x0, 0xda,
    0xff, 0xfc, 0xa, 0x26, 0x90, 0xca, 0xff, 0xff,
    0x64, 0x0, 0x99, 0xff, 0xff, 0x3e, 0x0, 0x0,
    0x84, 0xff, 0xff, 0x70, 0x0, 0x57, 0xff, 0xff,
    0x76, 0x0, 0x0, 0x84, 0xff, 0xff, 0x70, 0x0,
    0x18, 0xff, 0xff, 0xad, 0x0, 0x0, 0x84, 0xff,
    0xff, 0x70, 0x0, 0x0, 0xd5, 0xff, 0xe4, 0x0,
    0x0, 0x86, 0xff, 0xff, 0x6a, 0x0, 0x0, 0x94,
    0xff, 0xff, 0x1c, 0x0, 0x97, 0xff, 0xff, 0x55,
    0x0, 0x0, 0x54, 0xff, 0xff, 0x53, 0x0, 0xcf,
    0xff, 0xff, 0x26, 0x0, 0x0, 0x15, 0xff, 0xff,
    0xb3, 0x9c, 0xff, 0xff, 0xd2, 0x0, 0x0, 0x0,
    0x0, 0xd1, 0xff, 0xff, 0xff, 0xff, 0xfc, 0x42,
    0x0, 0x0, 0x0, 0x0, 0x90, 0xff, 0xff, 0xf5,
    0xc0, 0x3f, 0x0, 0x0,

    /* U+0E08 "จ" */
    0x0, 0x0, 0x4e, 0xbd, 0xf1, 0xfd, 0xe6, 0xa5,
    0x26, 0x0, 0x0, 0x0, 0x88, 0xff, 0xff, 0xff,
    0xff, 0xff, 0xff, 0xf2, 0x2d, 0x0, 0x7, 0xc9,
    0xff, 0xfb, 0xb1, 0x99, 0xd8, 0xff, 0xff, 0xc1,
    0x0, 0x0, 0xa, 0xa8, 0x38, 0x0, 0x0, 0x9,
    0xe1, 0xff, 0xff, 0x1b, 0x0, 0x0, 0x0, 0x0,
    0x0, 0x0, 0x0, 0xa4, 0xff, 0xff, 0x48, 0x0,
    0xbc, 0xff, 0xfb, 0x80, 0x0, 0x0, 0xa0, 0xff,
    0xff, 0x5c, 0x0, 0xbc, 0xff, 0xff, 0xf7, 0xa,
    0x0, 0xa0, 0xff, 0xff, 0x5c, 0x0, 0x6a, 0xa4,
    0xff, 0xff, 0x41, 0x0, 0xa7, 0xff, 0xff, 0x4a,
    0x0, 0x0, 0x9, 0xfb, 0xff, 0x7d, 0x1, 0xd9,
    0xff, 0xff, 0x1f, 0x0, 0x0, 0x0, 0xce, 0xff,
    0xcf, 0xa3, 0xff, 0xff, 0xd0, 0x0, 0x0, 0x0,
    0x0, 0x97, 0xff, 0xff, 0xff, 0xff, 0xfa, 0x41,
    0x0, 0x0, 0x0, 0x0, 0x60, 0xff, 0xfe, 0xeb,
    0xaf, 0x37, 0x0, 0x0,

    /* U+0E09 "ฉ" */
    0x0, 0x0, 0x34, 0xa9, 0xe6, 0xfd, 0xf7, 0xd0,
    0x7b, 0xa, 0x0, 0x0, 0x0, 0x64, 0xfc, 0xff,
    0xff, 0xff, 0xff, 0xff, 0xff, 0xc7, 0x7, 0x0,
    0x10, 0xf1, 0xff, 0xff, 0xd2, 0xac, 0xca, 0xff,
    0xff, 0xff, 0x70, 0x0, 0x0, 0x33, 0xe1, 0x60,
    0x0, 0x0, 0x0, 0x87, 0xff, 0xff, 0xbd, 0x0,
    0x0, 0x0, 0x6, 0x0, 0x0, 0x0, 0x0, 0x2d,
    0xff, 0xff, 0xdb, 0x0, 0x0, 0xd0, 0xff, 0xf1,
    0x79, 0x0, 0x0, 0x20, 0xff, 0xff, 0xe0, 0x0,
    0x0, 0xd0, 0xff, 0xff, 0xfc, 0xd, 0x0, 0x20,
    0xff, 0xff, 0xe0, 0x0, 0x0, 0x58, 0xc2, 0xff,
    0xff, 0x20, 0x0, 0x20, 0xff, 0xff, 0xe0, 0x0,
    0x0, 0x0, 0x94, 0xff, 0xff, 0x24, 0x0, 0x40,
    0xff, 0xff, 0xe0, 0x0, 0x0, 0x0, 0x8a, 0xff,
    0xff, 0xa7, 0x7a, 0xe6, 0xfe, 0xff, 0xed, 0x66,
    0x0, 0x0, 0x4c, 0xff, 0xff, 0xff, 0xff, 0xcd,
    0xa4, 0xff, 0xff, 0xfc, 0x0, 0x0, 0x0, 0x7c,
    0xe9, 0xfc, 0xc1, 0x22, 0x23, 0xce, 0xff, 0xfc,

    /* U+0E0A "ช" */
    0x34, 0xff, 0xff, 0xf9, 0xb3, 0xc, 0x0, 0xd0,
    0xff, 0xff, 0x2f, 0x34, 0xff, 0xff, 0xff, 0xff,
    0x65, 0x0, 0xd2, 0xff, 0xff, 0x18, 0x13, 0x5c,
    0x83, 0xff, 0xff, 0x76, 0x1, 0xea, 0xff, 0xc6,
    0x0, 0x0, 0x0, 0x6a, 0xff, 0xff, 0x61, 0x7a,
    0xff, 0xc7, 0x17, 0x0, 0x0, 0xf, 0xe6, 0xff,
    0xf2, 0x3e, 0xff, 0xff, 0xff, 0xa4, 0x0, 0x0,
    0x79, 0xff, 0xff, 0x88, 0x30, 0xff, 0xff, 0xff,
    0xff, 0x1c, 0x0, 0xc1, 0xff, 0xff, 0x2e, 0x0,
    0x10, 0xd0, 0xff, 0xff, 0x45, 0x0, 0xdb, 0xff,
    0xff, 0x18, 0x0, 0x0, 0x9a, 0xff, 0xff, 0x4f,
    0x0, 0xcd, 0xff, 0xff, 0x4c, 0x0, 0x0, 0xc1,
    0xff, 0xff, 0x3e, 0x0, 0x91, 0xff, 0xff, 0xef,
    0x9f, 0xba, 0xff, 0xff, 0xf8, 0xe, 0x0, 0x1c,
    0xea, 0xff, 0xff, 0xff, 0xff, 0xff, 0xff, 0x89,
    0x0, 0x0, 0x0, 0x21, 0xa2, 0xe7, 0xfd, 0xf6,
    0xce, 0x6d, 0x2, 0x0,

    /* U+0E0B "ซ" */
    0x70, 0xff, 0xf4, 0x0, 0xf5, 0xff, 0xa8, 0x0,
    0xf0, 0xff, 0xff, 0xf, 0x6f, 0xff, 0xf5, 0x58,
    0xfe, 0xff, 0xa8, 0x0, 0xf2, 0xff, 0xf7, 0x2,
    0x46, 0xff, 0xff, 0xf1, 0xcc, 0xff, 0xa2, 0xd,
    0xff, 0xff, 0xa8, 0x0, 0x0, 0x6a, 0x9d, 0x55,
    0xf6, 0xff, 0x83, 0x91, 0xff, 0xae, 0xe, 0x0,
    0x0, 0x0, 0x9, 0xca, 0xff, 0xe5, 0x59, 0xff,
    0xff, 0xfb, 0x4f, 0x0, 0x0, 0x0, 0x8f, 0xff,
    0xff, 0x4e, 0x4c, 0xff, 0xff, 0xff, 0xca, 0x0,
    0x0, 0xa, 0xf8, 0xff, 0xe0, 0x0, 0x0, 0x2b,
    0xfe, 0xff, 0xf5, 0x0, 0x0, 0x2c, 0xff, 0xff,
    0xc8, 0x0, 0x0, 0x0, 0xee, 0xff, 0xff, 0x0,
    0x0, 0x23, 0xff, 0xff, 0xef, 0xb, 0x0, 0x16,
    0xfe, 0xff, 0xee, 0x0, 0x0, 0x2, 0xe8, 0xff,
    0xff, 0xd3, 0x9a, 0xdb, 0xff, 0xff, 0xb6, 0x0,
    0x0, 0x0, 0x61, 0xff, 0xff, 0xff, 0xff, 0xff,
    0xff, 0xfc, 0x3d, 0x0, 0x0, 0x0, 0x0, 0x4d,
    0xc0, 0xf2, 0xfe, 0xee, 0xb8, 0x40, 0x0, 0x0,

    /* U+0E0C "ฌ" */
    0x0, 0x6, 0x76, 0xd2, 0xf9, 0xfb, 0xdd, 0x8f,
    0x14, 0x0, 0x0, 0x0, 0x0, 0xcc, 0xff, 0xff,
    0x34, 0x3, 0xb9, 0xff, 0xff, 0xff, 0xff, 0xff,
    0xff, 0xde, 0x15, 0x0, 0x0, 0x0, 0xcc, 0xff,
    0xff, 0x34, 0x61, 0xff, 0xff, 0xe9, 0x8d, 0x89,
    0xe4, 0xff, 0xff, 0x97, 0x0, 0x0, 0x0, 0xcc,
    0xff, 0xff, 0x34, 0xb5, 0xff, 0xff, 0x4e, 0x24,
    0x6, 0x1f, 0xfb, 0xff, 0xe9, 0x0, 0x0, 0x0,
    0xcc, 0xff, 0xff, 0x34, 0xd9, 0xff, 0xff, 0xff,
    0xff, 0x28, 0x0, 0xd4, 0xff, 0xff, 0xd, 0x0,
    0x0, 0xcc, 0xff, 0xff, 0x34, 0xe0, 0xff, 0xff,
    0xff, 0xff, 0x28, 0x0, 0xcc, 0xff, 0xff, 0x14,
    0x0, 0x0, 0xcc, 0xff, 0xff, 0x34, 0x2, 0x81,
    0xec, 0xd1, 0x20, 0x0, 0x0, 0xcc, 0xff, 0xff,
    0x14, 0x0, 0x0, 0xcc, 0xff, 0xff, 0x34, 0x6c,
    0xff, 0xff, 0x66, 0x0, 0x0, 0x0, 0xcc, 0xff,
    0xff, 0x14, 0x0, 0x0, 0xcd, 0xff, 0xff, 0x34,
    0xb3, 0xff, 0xff, 0x48, 0x0, 0x0, 0x0, 0xcc,
    0xff, 0xff, 0x2c, 0x0, 0x1, 0xe6, 0xff, 0xff,
    0x2d, 0xb5, 0xff, 0xff, 0x99, 0x74, 0x0, 0x0,
    0xcc, 0xff, 0xff, 0xe0, 0x81, 0xa4, 0xff, 0xff,
    0xfc, 0xc, 0x78, 0xff, 0xff, 0xff, 0xff, 0x0,
    0x0, 0xcc, 0xff, 0xff, 0xb7, 0xff, 0xff, 0xff,
    0xff, 0xa9, 0x0, 0x7, 0x99, 0xef, 0xff, 0xff,
    0x0, 0x0, 0xcc, 0xff, 0xff, 0x22, 0xa2, 0xf2,
    0xf6, 0xa9, 0x11, 0x0,

    /* U+0E0D "ญ" */
    0x0, 0x4, 0x6e, 0xcc, 0xf6, 0xfd, 0xdd, 0x8b,
    0xf, 0x0, 0x0, 0x0, 0x0, 0xcc, 0xff, 0xff,
    0x34, 0x2, 0xb1, 0xff, 0xff, 0xff, 0xff, 0xff,
    0xff, 0xd5, 0xe, 0x0, 0x0, 0x0, 0xcc, 0xff,
    0xff, 0x34, 0x5c, 0xff, 0xff, 0xe9, 0x8d, 0x8a,
    0xe6, 0xff, 0xff, 0x8a, 0x0, 0x0, 0x0, 0xcc,
    0xff, 0xff, 0x34, 0xb4, 0xff, 0xff, 0x4e, 0x24,
    0x6, 0x22, 0xfc, 0xff, 0xe0, 0x0, 0x0, 0x0,
    0xcc, 0xff, 0xff, 0x34, 0xd9, 0xff, 0xff, 0xff,
    0xff, 0x28, 0x0, 0xd5, 0xff, 0xff, 0x9, 0x0,
    0x0, 0xcc, 0xff, 0xff, 0x34, 0xe0, 0xff, 0xff,
    0xff, 0xff, 0x28, 0x0, 0xcc, 0xff, 0xff, 0x14,
    0x0, 0x0, 0xcc, 0xff, 0xff, 0x34, 0x2, 0x81,
    0xec, 0xd1, 0x20, 0x0, 0x0, 0xcc, 0xff, 0xff,
    0x14, 0x0, 0x0, 0xcc, 0xff, 0xff, 0x34, 0x6c,
    0xff, 0xff, 0x66, 0x0, 0x0, 0x0, 0xcc, 0xff,
    0xff, 0x15, 0x0, 0x0, 0xcc, 0xff, 0xff, 0x34,
    0xb3, 0xff, 0xff, 0x48, 0x0, 0x0, 0x0, 0xc9,
    0xff, 0xff, 0x30, 0x0, 0x5, 0xe5, 0xff, 0xff,
    0x34, 0xb5, 0xff, 0xff, 0x99, 0x74, 0x0, 0x0,
    0xaa, 0xff, 0xff, 0xcc, 0x7a, 0xc4, 0xf6, 0xff,
    0xff, 0x34, 0x78, 0xff, 0xff, 0xff, 0xff, 0x0,
    0x0, 0x53, 0xff, 0xff, 0xff, 0xff, 0xbd, 0xcc,
    0xff, 0xff, 0x34, 0x7, 0x99, 0xef, 0xff, 0xff,
    0x0, 0x0, 0x0, 0x79, 0xeb, 0xfa, 0xb6, 0x19,
    0xce, 0xff, 0xff, 0x33, 0x0, 0x0, 0x0, 0x0,
    0x0, 0x0, 0x0, 0x5, 0x96, 0x48, 0x0, 0x0,
    0x11, 0xf3, 0xff, 0xff, 0x20, 0x0, 0x0, 0x0,
    0x0, 0x0, 0x0, 0x2, 0xbc, 0xff, 0xfe, 0xb9,
    0x99, 0xdb, 0xff, 0xff, 0xdd, 0x1, 0x0, 0x0,
    0x0, 0x0, 0x0, 0x0, 0x0, 0x77, 0xff, 0xff,
    0xff, 0xff, 0xff, 0xff, 0xfd, 0x4e, 0x0, 0x0,
    0x0, 0x0, 0x0, 0x0, 0x0, 0x0, 0x0, 0x45,
    0xb8, 0xed, 0xfd, 0xee, 0xb6, 0x3c, 0x0, 0x0,

    /* U+0E0E "ฎ" */
    0x0, 0x0, 0x7, 0x74, 0xcb, 0xf5, 0xfe, 0xeb,
    0xb1, 0x3c, 0x0, 0x0, 0x0, 0x8, 0xc7, 0xff,
    0xff, 0xff, 0xff, 0xff, 0xff, 0xfd, 0x58, 0x0,
    0x0, 0x73, 0xff, 0xff, 0xd4, 0x8a, 0x84, 0xce,
    0xff, 0xff, 0xee, 0xa, 0x0, 0xba, 0xff, 0xff,
    0xfd, 0xfc, 0x47, 0x6, 0xd8, 0xff, 0xff, 0x4a,
    0x0, 0xcc, 0xff, 0xff, 0xff, 0xff, 0x48, 0x0,
    0x97, 0xff, 0xff, 0x6b, 0x0, 0x0, 0x5, 0xab,
    0xff, 0x6f, 0x1, 0x0, 0x90, 0xff, 0xff, 0x70,
    0x0, 0x0, 0x65, 0xff, 0xff, 0x22, 0x0, 0x0,
    0x90, 0xff, 0xff, 0x70, 0x0, 0x0, 0xa6, 0xff,
    0xff, 0x15, 0x0, 0x0, 0x90, 0xff, 0xff, 0x70,
    0x0, 0x0, 0xb7, 0xff, 0xff, 0x14, 0x0, 0x0,
    0x90, 0xff, 0xff, 0x70, 0x14, 0x60, 0xd3, 0xff,
    0xff, 0xe, 0x0, 0x0, 0x90, 0xff, 0xff, 0x70,
    0x34, 0xff, 0xff, 0xff, 0xe2, 0x0, 0x0, 0x0,
    0x90, 0xff, 0xff, 0x70, 0x34, 0xff, 0xff, 0xde,
    0x48, 0x0, 0x0, 0x0, 0x90, 0xff, 0xff, 0x70,
    0x0, 0x0, 0x4, 0x4b, 0x77, 0x66, 0x19, 0x0,
    0x90, 0xff, 0xff, 0x70, 0x0, 0x25, 0xd7, 0xff,
    0xff, 0xff, 0xf5, 0x4e, 0x90, 0xff, 0xff, 0x70,
    0x1, 0xd6, 0xff, 0xff, 0xff, 0xff, 0xff, 0xf7,
    0xba, 0xff, 0xff, 0x70, 0x0, 0x39, 0xed, 0xb8,
    0x31, 0x4, 0x1a, 0x6c, 0xee, 0xff, 0xff, 0x70,
    0x0, 0x0, 0x23, 0x5, 0x0, 0x0, 0x0, 0x0,
    0x0, 0x0, 0x0, 0x0,

    /* U+0E0F "ฏ" */
    0x0, 0x0, 0x7, 0x74, 0xcb, 0xf5, 0xfe, 0xeb,
    0xb1, 0x3c, 0x0, 0x0, 0x0, 0x8, 0xc7, 0xff,
    0xff, 0xff, 0xff, 0xff, 0xff, 0xfd, 0x58, 0x0,
    0x0, 0x73, 0xff, 0xff, 0xd4, 0x8a, 0x84, 0xcd,
    0xff, 0xff, 0xee, 0xa, 0x0, 0xba, 0xff, 0xff,
    0xfd, 0xfc, 0x47, 0x5, 0xd6, 0xff, 0xff, 0x4a,
    0x0, 0xcc, 0xff, 0xff, 0xff, 0xff, 0x48, 0x0,
    0x97, 0xff, 0xff, 0x6b, 0x0, 0x0, 0x5, 0xab,
    0xff, 0x6f, 0x1, 0x0, 0x90, 0xff, 0xff, 0x70,
    0x0, 0x0, 0x65, 0xff, 0xff, 0x22, 0x0, 0x0,
    0x90, 0xff, 0xff, 0x70, 0x0, 0x0, 0xa6, 0xff,
    0xff, 0x15, 0x0, 0x0, 0x90, 0xff, 0xff, 0x70,
    0x0, 0x0, 0xb7, 0xff, 0xff, 0x14, 0x0, 0x0,
    0x90, 0xff, 0xff, 0x70, 0x14, 0x60, 0xd3, 0xff,
    0xff, 0xe, 0x0, 0x0, 0x90, 0xff, 0xff, 0x70,
    0x34, 0xff, 0xff, 0xff, 0xe2, 0x0, 0x0, 0x0,
    0x90, 0xff, 0xff, 0x70, 0x34, 0xff, 0xff, 0xde,
    0x48, 0x0, 0x0, 0x0, 0x90, 0xff, 0xff, 0x70,
    0x0, 0x0, 0x7, 0xb, 0x0, 0x12, 0x31, 0x0,
    0x92, 0xff, 0xff, 0x6b, 0x0, 0x3e, 0xd8, 0xbe,
    0x75, 0xd3, 0xfa, 0x8b, 0xe0, 0xff, 0xff, 0x4d,
    0x0, 0x81, 0xff, 0xff, 0xff, 0xf6, 0xdf, 0xff,
    0xff, 0xff, 0xec, 0xc, 0x0, 0x4, 0x91, 0xf3,
    0xeb, 0x5a, 0x1e, 0xdd, 0xf0, 0xb8, 0x32, 0x0,

    /* U+0E10 "ฐ" */
    0x0, 0x0, 0x0, 0x0, 0x0, 0x0, 0x0, 0x0,
    0x0, 0x23, 0x38, 0x21, 0x0, 0x0, 0x0, 0x0,
    0x0, 0x0, 0x0, 0x0, 0x4b, 0xff, 0xff, 0x98,
    0x0, 0x5, 0x6e, 0xca, 0xf3, 0xfc, 0xe3, 0x98,
    0x90, 0xff, 0xff, 0x98, 0x6, 0xc3, 0xff, 0xff,
    0xff, 0xff, 0xff, 0xff, 0xff, 0x94, 0x0, 0x0,
    0x0, 0x6a, 0xfa, 0xe8, 0xa8, 0x9d, 0xe2, 0xff,
    0xff, 0xbf, 0x0, 0x0, 0x0, 0x0, 0x2f, 0x8,
    0x0, 0x0, 0x12, 0xea, 0xff, 0xff, 0x17, 0x0,
    0x0, 0xbc, 0xff, 0xf9, 0x71, 0x0, 0x0, 0xaa,
    0xff, 0xff, 0x46, 0x0, 0x0, 0xbc, 0xff, 0xff,
    0xed, 0x2, 0x0, 0xa0, 0xff, 0xff, 0x5c, 0x0,
    0x0, 0x6a, 0xa5, 0xff, 0xff, 0x2a, 0x0, 0xa0,
    0xff, 0xff, 0x5c, 0x0, 0x0, 0x0, 0xf, 0xff,
    0xff, 0x5c, 0x0, 0xa7, 0xff, 0xff, 0x48, 0x0,
    0x0, 0x0, 0x0, 0xe2, 0xff, 0x8e, 0x1, 0xd9,
    0xff, 0xff, 0x17, 0x0, 0x0, 0x0, 0x0, 0xb4,
    0xff, 0xd6, 0xa3, 0xff, 0xff, 0xbe, 0x0, 0x0,
    0x0, 0x0, 0x0, 0x88, 0xff, 0xff, 0xff, 0xff,
    0xf1, 0x2c, 0x0, 0x0, 0x0, 0x0, 0x0, 0x5c,
    0xff, 0xff, 0xe8, 0xa4, 0x35, 0x10, 0x6, 0x0,
    0x0, 0x0, 0x0, 0x7f, 0xff, 0xea, 0x2, 0x26,
    0xff, 0xff, 0x60, 0x0, 0x0, 0x7e, 0xac, 0xe8,
    0xff, 0xf1, 0x90, 0x91, 0xff, 0xff, 0x5d, 0x0,
    0x0, 0xbc, 0xff, 0xff, 0xff, 0x6d, 0xf5, 0xff,
    0xff, 0xff, 0x36, 0x0, 0x0, 0xbc, 0xff, 0xfe,
    0xc2, 0x7, 0x4a, 0xdf, 0xf6, 0x8f, 0x0, 0x0,

    /* U+0E11 "ฑ" */
    0x98, 0xff, 0xcc, 0x1f, 0xff, 0xff, 0x80, 0x38,
    0xd6, 0xfa, 0xa8, 0x4, 0x97, 0xff, 0xda, 0x99,
    0xfa, 0xff, 0x97, 0xed, 0xff, 0xff, 0xff, 0x57,
    0x6d, 0xff, 0xff, 0xd0, 0xf6, 0xff, 0xf9, 0x91,
    0xca, 0xff, 0xff, 0x8b, 0x6, 0x7e, 0x97, 0x7e,
    0xff, 0xff, 0x95, 0x0, 0x6c, 0xff, 0xff, 0x97,
    0x0, 0x0, 0x13, 0xe5, 0xff, 0xed, 0x11, 0x0,
    0x68, 0xff, 0xff, 0x98, 0x0, 0x0, 0x9d, 0xff,
    0xff, 0x71, 0x0, 0x0, 0x68, 0xff, 0xff, 0x98,
    0x0, 0x1a, 0xfd, 0xff, 0xf5, 0xc, 0x0, 0x0,
    0x68, 0xff, 0xff, 0x98, 0x0, 0x44, 0xff, 0xff,
    0xc5, 0x0, 0x0, 0x0, 0x68, 0xff, 0xff, 0x98,
    0x0, 0x48, 0xff, 0xff, 0xb8, 0x0, 0x0, 0x0,
    0x68, 0xff, 0xff, 0x98, 0x0, 0x48, 0xff, 0xff,
    0xb8, 0x0, 0x0, 0x0, 0x68, 0xff, 0xff, 0x98,
    0x0, 0x48, 0xff, 0xff, 0xb8, 0x0, 0x0, 0x0,
    0x68, 0xff, 0xff, 0x98, 0x0, 0x48, 0xff, 0xff,
    0xb8, 0x0, 0x0, 0x0, 0x68, 0xff, 0xff, 0x98,

    /* U+0E12 "ฒ" */
    0x0, 0x0, 0x4c, 0xcd, 0xf7, 0x4b, 0x49, 0xf6,
    0xcb, 0x47, 0x0, 0x0, 0x0, 0x10, 0xff, 0xff,
    0xf0, 0x0, 0x3b, 0xfd, 0xff, 0xff, 0xf3, 0xee,
    0xff, 0xff, 0xfb, 0x33, 0x0, 0x0, 0x10, 0xff,
    0xff, 0xf0, 0x0, 0xad, 0xff, 0xff, 0xe0, 0xfb,
    0xfc, 0xdf, 0xff, 0xff, 0x9d, 0x0, 0x0, 0x10,
    0xff, 0xff, 0xf0, 0x0, 0xee, 0xff, 0xfe, 0x18,
    0x69, 0x6e, 0x29, 0xff, 0xff, 0xc8, 0x0, 0x0,
    0x10, 0xff, 0xff, 0xf0, 0x10, 0xff, 0xff, 0xe6,
    0x0, 0x0, 0x0, 0x14, 0xff, 0xff, 0xd0, 0x0,
    0x0, 0x10, 0xff, 0xff, 0xf0, 0x1e, 0xff, 0xff,
    0xe0, 0x0, 0x0, 0x0, 0x14, 0xff, 0xff, 0xd0,
    0x0, 0x0, 0x10, 0xff, 0xff, 0xf0, 0x1d, 0xff,
    0xff, 0xe0, 0x0, 0x0, 0x0, 0x14, 0xff, 0xff,
    0xd0, 0x0, 0x0, 0x10, 0xff, 0xff, 0xf0, 0xf,
    0xff, 0xff, 0xe9, 0x0, 0x0, 0x0, 0x14, 0xff,
    0xff, 0xd0, 0x0, 0x0, 0x11, 0xff, 0xff, 0xf0,
    0x0, 0xed, 0xff, 0xff, 0x20, 0x0, 0x0, 0x14,
    0xff, 0xff, 0xe8, 0x8, 0x0, 0x2f, 0xff, 0xff,
    0xe9, 0x0, 0xae, 0xff, 0xff, 0xdf, 0x90, 0x1e,
    0x14, 0xff, 0xff, 0xff, 0xd4, 0x8e, 0xd4, 0xff,
    0xff, 0xc3, 0x0, 0x37, 0xfb, 0xff, 0xff, 0xff,
    0x38, 0x14, 0xff, 0xff, 0xda, 0xdd, 0xff, 0xff,
    0xff, 0xff, 0x64, 0x0, 0x0, 0x40, 0xbc, 0xf2,
    0xff, 0x38, 0x14, 0xff, 0xff, 0xd0, 0x2b, 0xc1,
    0xf9, 0xeb, 0x80, 0x1,

    /* U+0E13 "ณ" */
    0x0, 0x5, 0x74, 0xd1, 0xf9, 0xfb, 0xde, 0x93,
    0x17, 0x0, 0x0, 0x0, 0x0, 0xcc, 0xff, 0xff,
    0x34, 0x3, 0xb8, 0xff, 0xff, 0xff, 0xff, 0xff,
    0xff, 0xe2, 0x17, 0x0, 0x0, 0x0, 0xcc, 0xff,
    0xff, 0x34, 0x5f, 0xff, 0xff, 0xe9, 0x8d, 0x89,
    0xe2, 0xff, 0xff, 0x98, 0x0, 0x0, 0x0, 0xcc,
    0xff, 0xff, 0x34, 0xb4, 0xff, 0xff, 0x4e, 0x24,
    0x6, 0x1d, 0xfa, 0xff, 0xeb, 0x0, 0x0, 0x0,
    0xcc, 0xff, 0xff, 0x34, 0xd9, 0xff, 0xff, 0xff,
    0xff, 0x28, 0x0, 0xd3, 0xff, 0xff, 0xe, 0x0,
    0x0, 0xcc, 0xff, 0xff, 0x34, 0xe0, 0xff, 0xff,
    0xff, 0xff, 0x28, 0x0, 0xcc, 0xff, 0xff, 0x14,
    0x0, 0x0, 0xcc, 0xff, 0xff, 0x34, 0x2, 0x81,
    0xec, 0xd1, 0x20, 0x0, 0x0, 0xcc, 0xff, 0xff,
    0x14, 0x0, 0x0, 0xcc, 0xff, 0xff, 0x34, 0x6c,
    0xff, 0xff, 0x66, 0x0, 0x0, 0x0, 0xcc, 0xff,
    0xff, 0x15, 0x0, 0x0, 0xcc, 0xff, 0xff, 0x34,
    0xb3, 0xff, 0xff, 0x48, 0x0, 0x0, 0x0, 0xc7,
    0xff, 0xff, 0x2d, 0x0, 0x3, 0xe2, 0xff, 0xff,
    0x34, 0xb5, 0xff, 0xff, 0x99, 0x74, 0x0, 0x0,
    0xa6, 0xff, 0xff, 0xca, 0x7a, 0xc1, 0xff, 0xff,
    0xff, 0x34, 0x78, 0xff, 0xff, 0xff, 0xff, 0x0,
    0x0, 0x4a, 0xff, 0xff, 0xff, 0xff, 0xe1, 0xd8,
    0xff, 0xff, 0x34, 0x7, 0x99, 0xef, 0xff, 0xff,
    0x0, 0x0, 0x0, 0x72, 0xe9, 0xfa, 0xc5, 0x2e,
    0xcc, 0xff, 0xff, 0x34,

    /* U+0E14 "ด" */
    0x0, 0x0, 0x7, 0x78, 0xd2, 0xf9, 0xfb, 0xd9,
    0x86, 0xe, 0x0, 0x0, 0x3, 0xbc, 0xff, 0xff,
    0xff, 0xff, 0xff, 0xff, 0xd2, 0xb, 0x0, 0x66,
    0xff, 0xff, 0xfa, 0xb6, 0xbb, 0xfd, 0xff, 0xff,
    0x7f, 0x0, 0xc9, 0xff, 0xff, 0x49, 0x0, 0x0,
    0x61, 0xff, 0xff, 0xd1, 0x6, 0xfb, 0xff, 0xf5,
    0x1, 0x0, 0x0, 0xe, 0xff, 0xff, 0xf5, 0x1f,
    0xff, 0xff, 0xec, 0x0, 0x0, 0x0, 0x4, 0xff,
    0xff, 0xfc, 0x27, 0xff, 0xff, 0xec, 0x0, 0x0,
    0x0, 0x4, 0xff, 0xff, 0xfc, 0x1a, 0xff, 0xff,
    0xf7, 0x1, 0x0, 0x0, 0x4, 0xff, 0xff, 0xfc,
    0x2, 0xf4, 0xff, 0xff, 0x3b, 0x0, 0x0, 0x4,
    0xff, 0xff, 0xfc, 0x0, 0xae, 0xff, 0xff, 0xf3,
    0xb2, 0x25, 0x4, 0xff, 0xff, 0xfc, 0x0, 0x2d,
    0xf5, 0xff, 0xff, 0xff, 0x38, 0x4, 0xff, 0xff,
    0xfc, 0x0, 0x0, 0x31, 0xb0, 0xed, 0xff, 0x38,
    0x4, 0xff, 0xff, 0xfc,

    /* U+0E15 "ต" */
    0x0, 0x0, 0x34, 0xbe, 0xf7, 0x56, 0xc, 0xd6,
    0xe0, 0x78, 0x2, 0x0, 0x0, 0x27, 0xf4, 0xff,
    0xff, 0xf3, 0xbb, 0xff, 0xff, 0xff, 0x84, 0x0,
    0x0, 0xa0, 0xff, 0xff, 0xe8, 0xf2, 0xff, 0xdc,
    0xff, 0xff, 0xf6, 0x8, 0x0, 0xe9, 0xff, 0xff,
    0x24, 0x4c, 0xb5, 0x4, 0xdf, 0xff, 0xff, 0x2e,
    0xe, 0xff, 0xff, 0xe7, 0x0, 0x0, 0x4, 0x0,
    0xc9, 0xff, 0xff, 0x38, 0x1e, 0xff, 0xff, 0xe0,
    0x0, 0x0, 0x0, 0x0, 0xc8, 0xff, 0xff, 0x38,
    0x1d, 0xff, 0xff, 0xe0, 0x0, 0x0, 0x0, 0x0,
    0xc8, 0xff, 0xff, 0x38, 0xf, 0xff, 0xff, 0xe9,
    0x0, 0x0, 0x0, 0x0, 0xc8, 0xff, 0xff, 0x38,
    0x0, 0xed, 0xff, 0xff, 0x20, 0x0, 0x0, 0x0,
    0xc8, 0xff, 0xff, 0x38, 0x0, 0xae, 0xff, 0xff,
    0xdf, 0x90, 0x3e, 0x0, 0xc8, 0xff, 0xff, 0x38,
    0x0, 0x37, 0xfb, 0xff, 0xff, 0xff, 0x74, 0x0,
    0xc8, 0xff, 0xff, 0x38, 0x0, 0x0, 0x40, 0xbc,
    0xf2, 0xff, 0x74, 0x0, 0xc8, 0xff, 0xff, 0x38,

    /* U+0E16 "ถ" */
    0x0, 0x2, 0x65, 0xca, 0xf5, 0xfd, 0xe5, 0xa3,
    0x26, 0x0, 0x0, 0x1, 0xa8, 0xff, 0xff, 0xff,
    0xff, 0xff, 0xff, 0xf3, 0x32, 0x0, 0x57, 0xff,
    0xff, 0xed, 0x91, 0x87, 0xdc, 0xff, 0xff, 0xc8,
    0x0, 0xb0, 0xff, 0xff, 0x33, 0x0, 0x0, 0x13,
    0xf2, 0xff, 0xff, 0x1d, 0xd8, 0xff, 0xff, 0xff,
    0xff, 0x28, 0x0, 0xbf, 0xff, 0xff, 0x41, 0xe0,
    0xff, 0xff, 0xff, 0xff, 0x28, 0x0, 0xb8, 0xff,
    0xff, 0x48, 0x13, 0x83, 0xeb, 0xd9, 0x32, 0x3,
    0x0, 0xb8, 0xff, 0xff, 0x48, 0x63, 0xff, 0xff,
    0x69, 0x0, 0x0, 0x0, 0xb8, 0xff, 0xff, 0x48,
    0xb2, 0xff, 0xff, 0x48, 0x0, 0x0, 0x0, 0xb8,
    0xff, 0xff, 0x48, 0xb5, 0xff, 0xff, 0x99, 0x74,
    0x0, 0x0, 0xb8, 0xff, 0xff, 0x48, 0x7b, 0xff,
    0xff, 0xff, 0xff, 0x0, 0x0, 0xb8, 0xff, 0xff,
    0x48, 0x7, 0x9a, 0xef, 0xff, 0xff, 0x0, 0x0,
    0xb8, 0xff, 0xff, 0x48,

    /* U+0E17 "ท" */
    0x84, 0xff, 0xff, 0x7c, 0x38, 0xc8, 0xfb, 0xee,
    0x9a, 0xb, 0x0, 0x84, 0xff, 0xff, 0x99, 0xf2,
    0xff, 0xff, 0xff, 0xff, 0xa5, 0x0, 0x84, 0xff,
    0xff, 0xfa, 0xe7, 0xaf, 0xd9, 0xff, 0xff, 0xfd,
    0x17, 0x84, 0xff, 0xff, 0xc7, 0xa, 0x0, 0x7,
    0xe3, 0xff, 0xff, 0x4a, 0x84, 0xff, 0xff, 0x7e,
    0x0, 0x0, 0x0, 0xab, 0xff, 0xff, 0x5a, 0x84,
    0xff, 0xff, 0x7c, 0x0, 0x0, 0x0, 0xa4, 0xff,
    0xff, 0x5c, 0x84, 0xff, 0xff, 0x7c, 0x0, 0x0,
    0x0, 0xa4, 0xff, 0xff, 0x5c, 0x84, 0xff, 0xff,
    0x7c, 0x0, 0x0, 0x0, 0xa4, 0xff, 0xff, 0x5c,
    0x84, 0xff, 0xff, 0x7c, 0x0, 0x0, 0x0, 0xa4,
    0xff, 0xff, 0x5c, 0x84, 0xff, 0xff, 0x7c, 0x0,
    0x0, 0x0, 0xa4, 0xff, 0xff, 0x5c, 0x84, 0xff,
    0xff, 0x7c, 0x0, 0x0, 0x0, 0xa4, 0xff, 0xff,
    0x5c, 0x84, 0xff, 0xff, 0x7c, 0x0, 0x0, 0x0,
    0xa4, 0xff, 0xff, 0x5c,

    /* U+0E18 "ธ" */
    0x0, 0x33, 0xad, 0xe8, 0xfc, 0xf1, 0xc7, 0x6d,
    0x5, 0x0, 0x41, 0xfb, 0xff, 0xff, 0xff, 0xff,
    0xff, 0xff, 0xbc, 0x6, 0xbf, 0xff, 0xff, 0xc1,
    0x8c, 0xa1, 0xf1, 0xff, 0x86, 0x1, 0xde, 0xff,
    0xea, 0x2, 0x0, 0x0, 0x1c, 0x5e, 0x0, 0x0,
    0xb4, 0xff, 0xff, 0xf4, 0xd4, 0xb3, 0x7e, 0x21,
    0x0, 0x0, 0x21, 0xcb, 0xff, 0xff, 0xff, 0xff,
    0xff, 0xf9, 0x58, 0x0, 0x0, 0x0, 0x1f, 0x42,
    0x5e, 0x91, 0xf9, 0xff, 0xf1, 0xa, 0xb4, 0xff,
    0xf0, 0x0, 0x0, 0x0, 0x94, 0xff, 0xff, 0x39,
    0xb4, 0xff, 0xf0, 0x0, 0x0, 0x0, 0x9c, 0xff,
    0xff, 0x3d, 0xb4, 0xff, 0xfd, 0xb2, 0x90, 0xab,
    0xfd, 0xff, 0xfc, 0x13, 0xae, 0xff, 0xff, 0xff,
    0xff, 0xff, 0xff, 0xff, 0x8d, 0x0, 0xe, 0x75,
    0xc3, 0xef, 0xfe, 0xf6, 0xce, 0x6a, 0x2, 0x0,

    /* U+0E19 "น" */
    0xa4, 0xff, 0xff, 0x5c, 0x0, 0x0, 0x0, 0xcc,
    0xff, 0xff, 0x34, 0xa4, 0xff, 0xff, 0x5c, 0x0,
    0x0, 0x0, 0xcc, 0xff, 0xff, 0x34, 0xa4, 0xff,
    0xff, 0x5c, 0x0, 0x0, 0x0, 0xcc, 0xff, 0xff,
    0x34, 0xa4, 0xff, 0xff, 0x5c, 0x0, 0x0, 0x0,
    0xcc, 0xff, 0xff, 0x34, 0xa4, 0xff, 0xff, 0x5c,
    0x0, 0x0, 0x0, 0xcc, 0xff, 0xff, 0x34, 0xa4,
    0xff, 0xff, 0x5c, 0x0, 0x0, 0x0, 0xcc, 0xff,
    0xff, 0x34, 0xa4, 0xff, 0xff, 0x5c, 0x0, 0x0,
    0x0, 0xcc, 0xff, 0xff, 0x34, 0xa2, 0xff, 0xff,
    0x63, 0x0, 0x0, 0x0, 0xce, 0xff, 0xff, 0x34,
    0x92, 0xff, 0xff, 0xa4, 0x0, 0x0, 0x2b, 0xf8,
    0xff, 0xff, 0x34, 0x5c, 0xff, 0xff, 0xff, 0xc2,
    0xb8, 0xf8, 0xfa, 0xff, 0xff, 0x34, 0xa, 0xe0,
    0xff, 0xff, 0xff, 0xff, 0xbc, 0xcc, 0xff, 0xff,
    0x34, 0x0, 0x26, 0xbb, 0xf8, 0xf2, 0xa6, 0x12,
    0xcc, 0xff, 0xff, 0x34,

    /* U+0E1A "บ" */
    0xa4, 0xff, 0xff, 0x5c, 0x0, 0x0, 0x0, 0xd8,
    0xff, 0xff, 0x28, 0xa4, 0xff, 0xff, 0x5c, 0x0,
    0x0, 0x0, 0xd8, 0xff, 0xff, 0x28, 0xa4, 0xff,
    0xff, 0x5c, 0x0, 0x0, 0x0, 0xd8, 0xff, 0xff,
    0x28, 0xa4, 0xff, 0xff, 0x5c, 0x0, 0x0, 0x0,
    0xd8, 0xff, 0xff, 0x28, 0xa4, 0xff, 0xff, 0x5c,
    0x0, 0x0, 0x0, 0xd8, 0xff, 0xff, 0x28, 0xa4,
    0xff, 0xff, 0x5c, 0x0, 0x0, 0x0, 0xd8, 0xff,
    0xff, 0x28, 0xa3, 0xff, 0xff, 0x5c, 0x0, 0x0,
    0x0, 0xd8, 0xff, 0xff, 0x27, 0x99, 0xff, 0xff,
    0x62, 0x0, 0x0, 0x0, 0xdf, 0xff, 0xff, 0x1d,
    0x78, 0xff, 0xff, 0xa2, 0x0, 0x0, 0x21, 0xfd,
    0xff, 0xf8, 0x4, 0x33, 0xff, 0xff, 0xff, 0xb7,
    0x9a, 0xe5, 0xff, 0xff, 0xb7, 0x0, 0x0, 0xa7,
    0xff, 0xff, 0xff, 0xff, 0xff, 0xff, 0xf7, 0x34,
    0x0, 0x0, 0x5, 0x74, 0xcf, 0xf5, 0xfd, 0xe8,
    0xac, 0x32, 0x0, 0x0,

    /* U+0E1B "ป" */
    0x0, 0x0, 0x0, 0x0, 0x0, 0x0, 0x0, 0xd8,
    0xff, 0xff, 0x28, 0x0, 0x0, 0x0, 0x0, 0x0,
    0x0, 0x0, 0xd8, 0xff, 0xff, 0x28, 0x0, 0x0,
    0x0, 0x0, 0x0, 0x0, 0x0, 0xd8, 0xff, 0xff,
    0x28, 0x0, 0x0, 0x0, 0x0, 0x0, 0x0, 0x0,
    0xd8, 0xff, 0xff, 0x28, 0xa4, 0xff, 0xff, 0x5c,
    0x0, 0x0, 0x0, 0xd8, 0xff, 0xff, 0x28, 0xa4,
    0xff, 0xff, 0x5c, 0x0, 0x0, 0x0, 0xd8, 0xff,
    0xff, 0x28, 0xa4, 0xff, 0xff, 0x5c, 0x0, 0x0,
    0x0, 0xd8, 0xff, 0xff, 0x28, 0xa4, 0xff, 0xff,
    0x5c, 0x0, 0x0, 0x0, 0xd8, 0xff, 0xff, 0x28,
    0xa4, 0xff, 0xff, 0x5c, 0x0, 0x0, 0x0, 0xd8,
    0xff, 0xff, 0x28, 0xa4, 0xff, 0xff, 0x5c, 0x0,
    0x0, 0x0, 0xd8, 0xff, 0xff, 0x28, 0xa3, 0xff,
    0xff, 0x5c, 0x0, 0x0, 0x0, 0xd8, 0xff, 0xff,
    0x27, 0x99, 0xff, 0xff, 0x62, 0x0, 0x0, 0x0,
    0xdc, 0xff, 0xff, 0x1d, 0x78, 0xff, 0xff, 0xa2,
    0x0, 0x0, 0x21, 0xfd, 0xff, 0xf9, 0x6, 0x33,
    0xff, 0xff, 0xff, 0xb7, 0x9a, 0xe5, 0xff, 0xff,
    0xba, 0x0, 0x0, 0xa7, 0xff, 0xff, 0xff, 0xff,
    0xff, 0xff, 0xf8, 0x37, 0x0, 0x0, 0x5, 0x74,
    0xcf, 0xf5, 0xfd, 0xe9, 0xad, 0x33, 0x0, 0x0,

    /* U+0E1C "ผ" */
    0x7, 0xa7, 0xf3, 0xff, 0xff, 0x4c, 0x0, 0x20,
    0xff, 0xff, 0xe0, 0x62, 0xff, 0xff, 0xff, 0xff,
    0x4c, 0x0, 0x20, 0xff, 0xff, 0xe0, 0x91, 0xff,
    0xff, 0xad, 0x74, 0x22, 0x0, 0x20, 0xff, 0xff,
    0xe0, 0x98, 0xff, 0xff, 0x68, 0x0, 0x0, 0x0,
    0x20, 0xff, 0xff, 0xe0, 0x98, 0xff, 0xff, 0x68,
    0x0, 0x0, 0x0, 0x20, 0xff, 0xff, 0xe0, 0x98,
    0xff, 0xff, 0x68, 0x0, 0x48, 0x1, 0x20, 0xff,
    0xff, 0xe0, 0x98, 0xff, 0xff, 0x68, 0x22, 0xf6,
    0x5f, 0x20, 0xff, 0xff, 0xe0, 0x98, 0xff, 0xff,
    0x68, 0xb6, 0xff, 0xea, 0x32, 0xff, 0xff, 0xe0,
    0x98, 0xff, 0xff, 0xbb, 0xff, 0xcd, 0xff, 0xba,
    0xff, 0xff, 0xe0, 0x98, 0xff, 0xff, 0xff, 0xec,
    0x13, 0xb8, 0xff, 0xff, 0xff, 0xe0, 0x98, 0xff,
    0xff, 0xff, 0x66, 0x0, 0x25, 0xf9, 0xff, 0xff,
    0xe0, 0x98, 0xff, 0xff, 0xcb, 0x2, 0x0, 0x0,
    0x85, 0xff, 0xff, 0xe0,

    /* U+0E1D "ฝ" */
    0x0, 0x0, 0x0, 0x0, 0x0, 0x0, 0x0, 0x20,
    0xff, 0xff, 0xe0, 0x0, 0x0, 0x0, 0x0, 0x0,
    0x0, 0x0, 0x20, 0xff, 0xff, 0xe0, 0x0, 0x0,
    0x0, 0x0, 0x0, 0x0, 0x0, 0x20, 0xff, 0xff,
    0xe0, 0x0, 0x0, 0x0, 0x0, 0x0, 0x0, 0x0,
    0x20, 0xff, 0xff, 0xe0, 0x7, 0xa5, 0xf3, 0xff,
    0xff, 0x4c, 0x0, 0x20, 0xff, 0xff, 0xe0, 0x61,
    0xff, 0xff, 0xff, 0xff, 0x4c, 0x0, 0x20, 0xff,
    0xff, 0xe0, 0x90, 0xff, 0xff, 0xad, 0x74, 0x22,
    0x0, 0x20, 0xff, 0xff, 0xe0, 0x98, 0xff, 0xff,
    0x68, 0x0, 0x0, 0x0, 0x20, 0xff, 0xff, 0xe0,
    0x98, 0xff, 0xff, 0x68, 0x0, 0x0, 0x0, 0x20,
    0xff, 0xff, 0xe0, 0x98, 0xff, 0xff, 0x68, 0x0,
    0x54, 0x2, 0x20, 0xff, 0xff, 0xe0, 0x98, 0xff,
    0xff, 0x68, 0x26, 0xf9, 0x67, 0x20, 0xff, 0xff,
    0xe0, 0x98, 0xff, 0xff, 0x68, 0xbb, 0xff, 0xef,
    0x36, 0xff, 0xff, 0xe0, 0x98, 0xff, 0xff, 0xbf,
    0xff, 0xc9, 0xff, 0xbf, 0xff, 0xff, 0xe0, 0x98,
    0xff, 0xff, 0xff, 0xeb, 0x11, 0xb4, 0xff, 0xff,
    0xff, 0xe0, 0x98, 0xff, 0xff, 0xff, 0x63, 0x0,
    0x24, 0xf9, 0xff, 0xff, 0xe0, 0x98, 0xff, 0xff,
    0xca, 0x2, 0x0, 0x0, 0x84, 0xff, 0xff, 0xe0,

    /* U+0E1E "พ" */
    0x9, 0xfe, 0xff, 0xbe, 0x0, 0x5, 0xfa, 0xff,
    0xf4, 0x2, 0x0, 0xc2, 0xff, 0xfc, 0x6, 0x0,
    0xe4, 0xff, 0xd1, 0x0, 0x2f, 0xff, 0xff, 0xff,
    0x26, 0x0, 0xd6, 0xff, 0xe0, 0x0, 0x0, 0xc0,
    0xff, 0xe4, 0x0, 0x5e, 0xff, 0xff, 0xff, 0x56,
    0x0, 0xea, 0xff, 0xbc, 0x0, 0x0, 0x9e, 0xff,
    0xf7, 0x0, 0x8e, 0xff, 0xe4, 0xff, 0x87, 0x1,
    0xfc, 0xff, 0x99, 0x0, 0x0, 0x7b, 0xff, 0xff,
    0xa, 0xbe, 0xff, 0x84, 0xff, 0xb6, 0x11, 0xff,
    0xff, 0x76, 0x0, 0x0, 0x58, 0xff, 0xff, 0x1e,
    0xed, 0xff, 0x24, 0xff, 0xe6, 0x25, 0xff, 0xff,
    0x54, 0x0, 0x0, 0x35, 0xff, 0xff, 0x4f, 0xff,
    0xda, 0x0, 0xe2, 0xff, 0x4e, 0xff, 0xff, 0x30,
    0x0, 0x0, 0x12, 0xff, 0xff, 0x8f, 0xff, 0xaa,
    0x0, 0xb1, 0xff, 0x93, 0xff, 0xff, 0xd, 0x0,
    0x0, 0x0, 0xef, 0xff, 0xd3, 0xff, 0x79, 0x0,
    0x7e, 0xff, 0xd7, 0xff, 0xea, 0x0, 0x0, 0x0,
    0x0, 0xcc, 0xff, 0xff, 0xff, 0x47, 0x0, 0x4d,
    0xff, 0xff, 0xff, 0xc8, 0x0, 0x0, 0x0, 0x0,
    0xa8, 0xff, 0xff, 0xff, 0x16, 0x0, 0x1a, 0xff,
    0xff, 0xff, 0xa4, 0x0, 0x0, 0x0, 0x0, 0x86,
    0xff, 0xff, 0xe6, 0x0, 0x0, 0x0, 0xea, 0xff,
    0xff, 0x81, 0x0, 0x0,

    /* U+0E1F "ฟ" */
    0x0, 0x0, 0x0, 0x0, 0x0, 0x0, 0x0, 0x0,
    0x0, 0x0, 0x0, 0xd3, 0xff, 0xf2, 0x0, 0x0,
    0x0, 0x0, 0x0, 0x0, 0x0, 0x0, 0x0, 0x0,
    0x0, 0xe2, 0xff, 0xd7, 0x0, 0x0, 0x0, 0x0,
    0x0, 0x0, 0x0, 0x0, 0x0, 0x0, 0x0, 0xf2,
    0xff, 0xbb, 0x0, 0x0, 0x0, 0x0, 0x0, 0x0,
    0x0, 0x0, 0x0, 0x0, 0x3, 0xff, 0xff, 0x9f,
    0x9, 0xfe, 0xff, 0xbe, 0x0, 0xc, 0xff, 0xff,
    0xe6, 0x0, 0x11, 0xff, 0xff, 0x84, 0x0, 0xe4,
    0xff, 0xd1, 0x0, 0x39, 0xff, 0xff, 0xff, 0x13,
    0x1e, 0xff, 0xff, 0x69, 0x0, 0xc0, 0xff, 0xe4,
    0x0, 0x67, 0xff, 0xff, 0xff, 0x40, 0x2e, 0xff,
    0xff, 0x4d, 0x0, 0x9e, 0xff, 0xf7, 0x0, 0x96,
    0xff, 0xe8, 0xff, 0x6d, 0x3e, 0xff, 0xff, 0x32,
    0x0, 0x7b, 0xff, 0xff, 0xa, 0xc3, 0xff, 0x8c,
    0xff, 0x9a, 0x4e, 0xff, 0xff, 0x16, 0x0, 0x58,
    0xff, 0xff, 0x1f, 0xf1, 0xfb, 0x31, 0xff, 0xc6,
    0x5c, 0xff, 0xf9, 0x1, 0x0, 0x35, 0xff, 0xff,
    0x51, 0xff, 0xd3, 0x4, 0xf9, 0xf2, 0x6b, 0xff,
    0xdf, 0x0, 0x0, 0x12, 0xff, 0xff, 0x92, 0xff,
    0xa2, 0x0, 0xce, 0xff, 0x99, 0xff, 0xc3, 0x0,
    0x0, 0x0, 0xef, 0xff, 0xd5, 0xff, 0x72, 0x0,
    0x9e, 0xff, 0xd7, 0xff, 0xa8, 0x0, 0x0, 0x0,
    0xcc, 0xff, 0xff, 0xff, 0x42, 0x0, 0x72, 0xff,
    0xff, 0xff, 0x8d, 0x0, 0x0, 0x0, 0xa8, 0xff,
    0xff, 0xff, 0x13, 0x0, 0x42, 0xff, 0xff, 0xff,
    0x71, 0x0, 0x0, 0x0, 0x86, 0xff, 0xff, 0xe2,
    0x0, 0x0, 0x13, 0xff, 0xff, 0xff, 0x56, 0x0,

    /* U+0E20 "ภ" */
    0x0, 0x0, 0x0, 0x59, 0xc0, 0xf3, 0xfd, 0xeb,
    0xaf, 0x38, 0x0, 0x0, 0x0, 0x0, 0x92, 0xff,
    0xff, 0xff, 0xff, 0xff, 0xff, 0xfc, 0x50, 0x0,
    0x0, 0x41, 0xff, 0xff, 0xf4, 0x98, 0x84, 0xce,
    0xff, 0xff, 0xe8, 0x7, 0x0, 0x9b, 0xff, 0xff,
    0x4c, 0x0, 0x0, 0x7, 0xda, 0xff, 0xff, 0x43,
    0x0, 0xc4, 0xff, 0xff, 0xff, 0xff, 0x48, 0x0,
    0x98, 0xff, 0xff, 0x69, 0x0, 0xc2, 0xf4, 0xf4,
    0xff, 0xff, 0x46, 0x0, 0x90, 0xff, 0xff, 0x70,
    0x0, 0x0, 0x13, 0xc7, 0xff, 0x60, 0x0, 0x0,
    0x90, 0xff, 0xff, 0x70, 0x0, 0x0, 0x86, 0xff,
    0xff, 0x1e, 0x0, 0x0, 0x90, 0xff, 0xff, 0x70,
    0x0, 0x0, 0xb2, 0xff, 0xff, 0x14, 0x0, 0x0,
    0x90, 0xff, 0xff, 0x70, 0x14, 0x60, 0xd3, 0xff,
    0xff, 0x13, 0x0, 0x0, 0x90, 0xff, 0xff, 0x70,
    0x34, 0xff, 0xff, 0xff, 0xef, 0x2, 0x0, 0x0,
    0x90, 0xff, 0xff, 0x70, 0x34, 0xff, 0xff, 0xe3,
    0x57, 0x0, 0x0, 0x0, 0x90, 0xff, 0xff, 0x70,

    /* U+0E21 "ม" */
    0x84, 0xff, 0xff, 0x7c, 0x0, 0x0, 0x0, 0x98,
    0xff, 0xff, 0x68, 0x84, 0xff, 0xff, 0x7c, 0x0,
    0x0, 0x0, 0x98, 0xff, 0xff, 0x68, 0x84, 0xff,
    0xff, 0x7c, 0x0, 0x0, 0x0, 0x98, 0xff, 0xff,
    0x68, 0x84, 0xff, 0xff, 0x7c, 0x0, 0x0, 0x0,
    0x98, 0xff, 0xff, 0x68, 0x84, 0xff, 0xff, 0x7c,
    0x0, 0x0, 0x0, 0x98, 0xff, 0xff, 0x68, 0x84,
    0xff, 0xff, 0x7c, 0x0, 0x0, 0x0, 0x98, 0xff,
    0xff, 0x68, 0x84, 0xff, 0xff, 0x7c, 0x0, 0x0,
    0x0, 0x98, 0xff, 0xff, 0x68, 0x84, 0xff, 0xff,
    0x7e, 0x0, 0x0, 0x0, 0xa0, 0xff, 0xff, 0x67,
    0x84, 0xff, 0xff, 0xc9, 0xa, 0x0, 0x5, 0xdb,
    0xff, 0xff, 0x5c, 0x84, 0xff, 0xff, 0xff, 0xe8,
    0xaf, 0xd6, 0xff, 0xff, 0xff, 0x2d, 0x84, 0xff,
    0xff, 0xa5, 0xfa, 0xff, 0xff, 0xff, 0xff, 0xc2,
    0x0, 0x84, 0xff, 0xff, 0x7c, 0x47, 0xcf, 0xfc,
    0xf2, 0xaa, 0x16, 0x0,

    /* U+0E22 "ย" */
    0x0, 0x20, 0xc6, 0xfc, 0xff, 0xd0, 0x0, 0x30,
    0xff, 0xff, 0xd0, 0x0, 0xa5, 0xff, 0xff, 0xff,
    0xd0, 0x0, 0x30, 0xff, 0xff, 0xd0, 0x0, 0xc2,
    0xff, 0xfe, 0x5d, 0x4b, 0x0, 0x30, 0xff, 0xff,
    0xd0, 0x0, 0x72, 0xff, 0xff, 0x24, 0x0, 0x0,
    0x30, 0xff, 0xff, 0xd0, 0x0, 0x1, 0x68, 0xd9,
    0xb7, 0x1f, 0x0, 0x30, 0xff, 0xff, 0xd0, 0x0,
    0x2b, 0xda, 0xff, 0xff, 0xfc, 0x0, 0x30, 0xff,
    0xff, 0xd0, 0x0, 0xc8, 0xff, 0xff, 0xff, 0xfc,
    0x0, 0x30, 0xff, 0xff, 0xcf, 0x6, 0xff, 0xff,
    0xf7, 0x0, 0x0, 0x0, 0x36, 0xff, 0xff, 0xc5,
    0x6, 0xfd, 0xff, 0xff, 0x34, 0x0, 0x0, 0x75,
    0xff, 0xff, 0xa4, 0x0, 0xc6, 0xff, 0xff, 0xf0,
    0xa1, 0xa9, 0xfb, 0xff, 0xff, 0x5f, 0x0, 0x39,
    0xf5, 0xff, 0xff, 0xff, 0xff, 0xff, 0xff, 0xce,
    0x6, 0x0, 0x0, 0x27, 0x9d, 0xe1, 0xfc, 0xf9,
    0xd9, 0x8b, 0xf, 0x0,

    /* U+0E23 "ร" */
    0x0, 0x0, 0x1b, 0x9a, 0xe4, 0xfd, 0xee, 0xb7,
    0x43, 0x0, 0x0, 0x14, 0xe3, 0xff, 0xff, 0xff,
    0xff, 0xff, 0xff, 0x71, 0x0, 0x79, 0xff, 0xff,
    0xd5, 0x8d, 0xb7, 0xff, 0xf3, 0x45, 0x0, 0xa0,
    0xff, 0xff, 0x2e, 0x0, 0x0, 0x4a, 0x31, 0x0,
    0x0, 0x8a, 0xff, 0xff, 0xbd, 0x58, 0x32, 0x6,
    0x0, 0x0, 0x0, 0x26, 0xf3, 0xff, 0xff, 0xff,
    0xff, 0xf3, 0x86, 0x3, 0x0, 0x0, 0x2a, 0xa6,
    0xf0, 0xff, 0xff, 0xff, 0xff, 0x78, 0x0, 0x0,
    0x3, 0x0, 0x1, 0x1f, 0x6c, 0xfd, 0xff, 0xd7,
    0x0, 0x21, 0xd4, 0x4d, 0x0, 0x0, 0x1, 0xe0,
    0xff, 0xec, 0xe, 0xe5, 0xff, 0xff, 0xbf, 0x90,
    0xc0, 0xff, 0xff, 0xc3, 0x0, 0x74, 0xfe, 0xff,
    0xff, 0xff, 0xff, 0xff, 0xfb, 0x42, 0x0, 0x0,
    0x38, 0xac, 0xea, 0xfd, 0xed, 0xb1, 0x34, 0x0,

    /* U+0E24 "ฤ" */
    0x0, 0x3, 0x6a, 0xca, 0xf5, 0xfd, 0xe5, 0xa5,
    0x2b, 0x0, 0x0, 0x2, 0xae, 0xff, 0xff, 0xff,
    0xff, 0xff, 0xff, 0xf6, 0x39, 0x0, 0x5c, 0xff,
    0xff, 0xea, 0x8f, 0x86, 0xd9, 0xff, 0xff, 0xd1,
    0x0, 0xb3, 0xff, 0xff, 0x4f, 0x24, 0x6, 0x11,
    0xf0, 0xff, 0xff, 0x22, 0xd9, 0xff, 0xff, 0xff,
    0xff, 0x28, 0x0, 0xbf, 0xff, 0xff, 0x43, 0xe0,
    0xff, 0xff, 0xff, 0xff, 0x28, 0x0, 0xb8, 0xff,
    0xff, 0x48, 0x2, 0x81, 0xec, 0xd1, 0x20, 0x0,
    0x0, 0xb8, 0xff, 0xff, 0x48, 0x6b, 0xff, 0xff,
    0x66, 0x0, 0x0, 0x0, 0xb8, 0xff, 0xff, 0x48,
    0xb2, 0xff, 0xff, 0x48, 0x0, 0x0, 0x0, 0xb8,
    0xff, 0xff, 0x48, 0xb5, 0xff, 0xff, 0x99, 0x74,
    0x0, 0x0, 0xb8, 0xff, 0xff, 0x48, 0x78, 0xff,
    0xff, 0xff, 0xff, 0x0, 0x0, 0xb8, 0xff, 0xff,
    0x48, 0x7, 0x99, 0xef, 0xff, 0xff, 0x0, 0x0,
    0xb8, 0xff, 0xff, 0x48, 0x0, 0x0, 0x0, 0x0,
    0x0, 0x0, 0x0, 0xb8, 0xff, 0xff, 0x48, 0x0,
    0x0, 0x0, 0x0, 0x0, 0x0, 0x0, 0xb8, 0xff,
    0xff, 0x48, 0x0, 0x0, 0x0, 0x0, 0x0, 0x0,
    0x0, 0xb8, 0xff, 0xff, 0x48, 0x0, 0x0, 0x0,
    0x0, 0x0, 0x0, 0x0, 0xb8, 0xff, 0xff, 0x48,

    /* U+0E25 "ล" */
    0x0, 0x0, 0x2c, 0xa4, 0xe6, 0xfd, 0xf3, 0xc7,
    0x61, 0x1, 0x0, 0x0, 0x55, 0xfa, 0xff, 0xff,
    0xff, 0xff, 0xff, 0xff, 0x8a, 0x0, 0x0, 0xaf,
    0xff, 0xff, 0xba, 0x98, 0xc8, 0xff, 0xff, 0xfd,
    0x1c, 0x0, 0x4, 0x98, 0x51, 0x0, 0x0, 0x1,
    0xc4, 0xff, 0xff, 0x58, 0x0, 0x0, 0x0, 0x0,
    0x0, 0x0, 0x0, 0x8e, 0xff, 0xff, 0x6b, 0x0,
    0x6, 0x82, 0xe0, 0xfd, 0xff, 0xff, 0xff, 0xff,
    0xff, 0x6c, 0x0, 0x96, 0xff, 0xff, 0xff, 0xff,
    0xff, 0xff, 0xff, 0xff, 0x6c, 0x9, 0xfa, 0xff,
    0xf2, 0x35, 0x18, 0x18, 0x98, 0xff, 0xff, 0x6c,
    0x1c, 0xff, 0xff, 0xd2, 0x0, 0x0, 0x0, 0x8c,
    0xff, 0xff, 0x6c, 0x7, 0xf8, 0xff, 0xff, 0x9a,
    0x80, 0xc, 0x8c, 0xff, 0xff, 0x6c, 0x0, 0x93,
    0xff, 0xff, 0xff, 0xff, 0x18, 0x8c, 0xff, 0xff,
    0x6c, 0x0, 0x5, 0x7f, 0xdf, 0xfd, 0xff, 0x18,
    0x8c, 0xff, 0xff, 0x6c,

    /* U+0E26 "ฦ" */
    0x0, 0x0, 0x7, 0x74, 0xcb, 0xf5, 0xfe, 0xeb,
    0xb1, 0x3c, 0x0, 0x0, 0x0, 0x8, 0xc7, 0xff,
    0xff, 0xff, 0xff, 0xff, 0xff, 0xfd, 0x58, 0x0,
    0x0, 0x73, 0xff, 0xff, 0xd4, 0x8a, 0x84, 0xcd,
    0xff, 0xff, 0xee, 0xa, 0x0, 0xba, 0xff, 0xff,
    0xfd, 0xfc, 0x47, 0x5, 0xd6, 0xff, 0xff, 0x4a,
    0x0, 0xcc, 0xff, 0xff, 0xff, 0xff, 0x48, 0x0,
    0x97, 0xff, 0xff, 0x6b, 0x0, 0x0, 0x5, 0xab,
    0xff, 0x6f, 0x1, 0x0, 0x90, 0xff, 0xff, 0x70,
    0x0, 0x0, 0x65, 0xff, 0xff, 0x22, 0x0, 0x0,
    0x90, 0xff, 0xff, 0x70, 0x0, 0x0, 0xa6, 0xff,
    0xff, 0x15, 0x0, 0x0, 0x90, 0xff, 0xff, 0x70,
    0x0, 0x0, 0xb7, 0xff, 0xff, 0x14, 0x0, 0x0,
    0x90, 0xff, 0xff, 0x70, 0x14, 0x60, 0xd3, 0xff,
    0xff, 0xe, 0x0, 0x0, 0x90, 0xff, 0xff, 0x70,
    0x34, 0xff, 0xff, 0xff, 0xe2, 0x0, 0x0, 0x0,
    0x90, 0xff, 0xff, 0x70, 0x34, 0xff, 0xff, 0xde,
    0x48, 0x0, 0x0, 0x0, 0x90, 0xff, 0xff, 0x70,
    0x0, 0x0, 0x0, 0x0, 0x0, 0x0, 0x0, 0x0,
    0x90, 0xff, 0xff, 0x70, 0x0, 0x0, 0x0, 0x0,
    0x0, 0x0, 0x0, 0x0, 0x90, 0xff, 0xff, 0x70,
    0x0, 0x0, 0x0, 0x0, 0x0, 0x0, 0x0, 0x0,
    0x90, 0xff, 0xff, 0x70, 0x0, 0x0, 0x0, 0x0,
    0x0, 0x0, 0x0, 0x0, 0x90, 0xff, 0xff, 0x70,

    /* U+0E27 "ว" */
    0x0, 0x0, 0x43, 0xba, 0xf2, 0xfb, 0xd6, 0x77,
    0x5, 0x0, 0x0, 0x63, 0xfe, 0xff, 0xff, 0xff,
    0xff, 0xff, 0xae, 0x1, 0x17, 0xf6, 0xff, 0xff,
    0xb6, 0xae, 0xfb, 0xff, 0xff, 0x50, 0x7, 0x62,
    0xd0, 0x9b, 0x0, 0x0, 0x6e, 0xff, 0xff, 0xab,
    0x0, 0x0, 0x0, 0xa, 0x0, 0x0, 0x28, 0xff,
    0xff, 0xdb, 0x0, 0x0, 0x0, 0x0, 0x0, 0x0,
    0x20, 0xff, 0xff, 0xf0, 0x0, 0x0, 0x0, 0x0,
    0x0, 0x0, 0x20, 0xff, 0xff, 0xf0, 0x0, 0x0,
    0xf, 0xf, 0x0, 0x0, 0x28, 0xff, 0xff, 0xdc,
    0x18, 0x96, 0xf4, 0x87, 0x0, 0x0, 0x70, 0xff,
    0xff, 0xab, 0x16, 0xf3, 0xff, 0xff, 0xb6, 0xb2,
    0xfc, 0xff, 0xff, 0x53, 0x0, 0x5e, 0xfe, 0xff,
    0xff, 0xff, 0xff, 0xff, 0xb4, 0x1, 0x0, 0x0,
    0x3e, 0xb6, 0xf2, 0xfd, 0xda, 0x7c, 0x6, 0x0,

    /* U+0E28 "ศ" */
    0x0, 0x0, 0x0, 0x0, 0x0, 0x0, 0x0, 0x0,
    0x0, 0x20, 0x38, 0x27, 0x0, 0x0, 0x53, 0xc0,
    0xf3, 0xfd, 0xe5, 0x9e, 0x5e, 0xfe, 0xff, 0xb0,
    0x0, 0x83, 0xff, 0xff, 0xff, 0xff, 0xff, 0xff,
    0xff, 0xff, 0xff, 0xb0, 0x2d, 0xfe, 0xff, 0xff,
    0xd4, 0xad, 0xe6, 0xff, 0xff, 0xe5, 0x6, 0x0,
    0x83, 0xff, 0xff, 0xb2, 0x2, 0x0, 0xe, 0xe1,
    0xff, 0xff, 0x43, 0x0, 0xa9, 0xff, 0xff, 0x5a,
    0x0, 0x0, 0x0, 0x9a, 0xff, 0xff, 0x68, 0x0,
    0xb0, 0xff, 0xff, 0x59, 0xae, 0xfb, 0x4c, 0x90,
    0xff, 0xff, 0x70, 0x0, 0xb0, 0xff, 0xff, 0xbf,
    0xff, 0xff, 0x4c, 0x90, 0xff, 0xff, 0x70, 0x0,
    0xb0, 0xff, 0xff, 0xfe, 0xb4, 0x93, 0x2b, 0x90,
    0xff, 0xff, 0x70, 0x0, 0xb0, 0xff, 0xff, 0x80,
    0x0, 0x0, 0x0, 0x90, 0xff, 0xff, 0x70, 0x0,
    0xb0, 0xff, 0xff, 0x51, 0x0, 0x0, 0x0, 0x90,
    0xff, 0xff, 0x70, 0x0, 0xb0, 0xff, 0xff, 0x50,
    0x0, 0x0, 0x0, 0x90, 0xff, 0xff, 0x70, 0x0,
    0xb0, 0xff, 0xff, 0x50, 0x0, 0x0, 0x0, 0x90,
    0xff, 0xff, 0x70, 0x0,

    /* U+0E29 "ษ" */
    0xa4, 0xff, 0xff, 0x5c, 0x0, 0x0, 0x0, 0xb8,
    0xff, 0xff, 0x28, 0x0, 0xa4, 0xff, 0xff, 0x5c,
    0x0, 0x0, 0x0, 0xb8, 0xff, 0xff, 0x28, 0x0,
    0xa4, 0xff, 0xff, 0x5c, 0x0, 0x0, 0x0, 0xb8,
    0xff, 0xff, 0x28, 0x0, 0xa4, 0xff, 0xff, 0x5c,
    0x0, 0x60, 0x8c, 0xe1, 0xff, 0xff, 0xa0, 0x51,
    0xa4, 0xff, 0xff, 0x5c, 0x0, 0xb0, 0xff, 0xff,
    0xff, 0xff, 0xff, 0x94, 0xa4, 0xff, 0xff, 0x5c,
    0x0, 0xb0, 0xff, 0xff, 0xff, 0xff, 0xff, 0x94,
    0xa4, 0xff, 0xff, 0x5c, 0x0, 0x0, 0x0, 0xb8,
    0xff, 0xff, 0x28, 0x0, 0x9c, 0xff, 0xff, 0x67,
    0x0, 0x0, 0x0, 0xc3, 0xff, 0xff, 0x20, 0x0,
    0x77, 0xff, 0xff, 0xb7, 0x1, 0x0, 0x1c, 0xf7,
    0xff, 0xf6, 0x5, 0x0, 0x24, 0xfc, 0xff, 0xff,
    0xd1, 0xae, 0xeb, 0xff, 0xff, 0xa8, 0x0, 0x0,
    0x0, 0x7b, 0xff, 0xff, 0xff, 0xff, 0xff, 0xff,
    0xe8, 0x1e, 0x0, 0x0, 0x0, 0x0, 0x52, 0xc1,
    0xf3, 0xfd, 0xe3, 0x98, 0x1b, 0x0, 0x0, 0x0,

    /* U+0E2A "ส" */
    0x0, 0x0, 0x0, 0x0, 0x0, 0x0, 0x0, 0x0,
    0x0, 0x20, 0x38, 0x27, 0x0, 0x0, 0x27, 0xa1,
    0xe5, 0xfc, 0xef, 0xb4, 0x70, 0xfe, 0xff, 0xb4,
    0x0, 0x4c, 0xf7, 0xff, 0xff, 0xff, 0xff, 0xff,
    0xff, 0xff, 0xff, 0xb4, 0x0, 0xb6, 0xff, 0xff,
    0xbc, 0x98, 0xc8, 0xff, 0xff, 0xea, 0xb, 0x0,
    0x0, 0x8, 0xa8, 0x5c, 0x0, 0x0, 0x2, 0xc7,
    0xff, 0xff, 0x4c, 0x0, 0x0, 0x0, 0x0, 0x0,
    0x0, 0x0, 0x0, 0x8f, 0xff, 0xff, 0x68, 0x0,
    0x0, 0x5, 0x7c, 0xda, 0xfc, 0xff, 0xff, 0xff,
    0xff, 0xff, 0x6c, 0x0, 0x0, 0x99, 0xff, 0xff,
    0xff, 0xff, 0xff, 0xff, 0xff, 0xff, 0x6c, 0x0,
    0x9, 0xfa, 0xff, 0xf2, 0x35, 0x18, 0x18, 0x98,
    0xff, 0xff, 0x6c, 0x0, 0x1c, 0xff, 0xff, 0xd1,
    0x0, 0x0, 0x0, 0x8c, 0xff, 0xff, 0x6c, 0x0,
    0x7, 0xf8, 0xff, 0xfe, 0x99, 0x80, 0xc, 0x8c,
    0xff, 0xff, 0x6c, 0x0, 0x0, 0x93, 0xff, 0xff,
    0xff, 0xff, 0x18, 0x8c, 0xff, 0xff, 0x6c, 0x0,
    0x0, 0x5, 0x7f, 0xdf, 0xfd, 0xff, 0x18, 0x8c,
    0xff, 0xff, 0x6c, 0x0,

    /* U+0E2B "ห" */
    0x84, 0xff, 0xff, 0x7c, 0x0, 0x0, 0x18, 0xff,
    0xff, 0xfc, 0x0, 0x84, 0xff, 0xff, 0x7c, 0x0,
    0x0, 0x18, 0xff, 0xff, 0xf0, 0x0, 0x84, 0xff,
    0xff, 0x7c, 0x0, 0x0, 0x2d, 0xff, 0xff, 0x99,
    0x0, 0x84, 0xff, 0xff, 0x7c, 0x0, 0x14, 0xaa,
    0xed, 0x89, 0x8, 0x0, 0x84, 0xff, 0xff, 0xff,
    0xff, 0xff, 0xff, 0xf4, 0x9c, 0xb, 0x0, 0x84,
    0xff, 0xff, 0xff, 0xff, 0xff, 0xff, 0xff, 0xff,
    0x9f, 0x0, 0x84, 0xff, 0xff, 0x9f, 0x44, 0x47,
    0x95, 0xff, 0xff, 0xf7, 0x5, 0x84, 0xff, 0xff,
    0x7c, 0x0, 0x0, 0x1, 0xe2, 0xff, 0xff, 0x1c,
    0x84, 0xff, 0xff, 0x7c, 0x0, 0x0, 0x0, 0xc5,
    0xff, 0xff, 0x20, 0x84, 0xff, 0xff, 0x7c, 0x0,
    0x0, 0x0, 0xc4, 0xff, 0xff, 0x20, 0x84, 0xff,
    0xff, 0x7c, 0x0, 0x0, 0x0, 0xc4, 0xff, 0xff,
    0x20, 0x84, 0xff, 0xff, 0x7c, 0x0, 0x0, 0x0,
    0xc4, 0xff, 0xff, 0x20,

    /* U+0E2C "ฬ" */
    0x0, 0x0, 0x0, 0x0, 0x0, 0x0, 0x0, 0x0,
    0x0, 0x0, 0x0, 0x0, 0xaa, 0xff, 0xe9, 0x0,
    0x0, 0x0, 0x0, 0x0, 0x0, 0x0, 0x0, 0x0,
    0x0, 0x0, 0x0, 0x1e, 0xf8, 0xff, 0xa3, 0x0,
    0x0, 0x0, 0x0, 0x0, 0x0, 0x0, 0x0, 0x0,
    0x8, 0x58, 0x6d, 0xdb, 0xff, 0xed, 0x29, 0x0,
    0x0, 0x0, 0x0, 0x0, 0x0, 0x0, 0x0, 0x0,
    0x18, 0xff, 0xff, 0xff, 0xec, 0x28, 0x0, 0x0,
    0x9, 0xfe, 0xff, 0xbe, 0x0, 0x0, 0x0, 0x0,
    0x18, 0xff, 0xff, 0xff, 0xff, 0x9e, 0x0, 0x0,
    0x0, 0xe4, 0xff, 0xd1, 0x0, 0x0, 0x4c, 0x50,
    0x49, 0x0, 0x23, 0xf5, 0xff, 0xc3, 0x0, 0x0,
    0x0, 0xc0, 0xff, 0xe3, 0x0, 0x18, 0xff, 0xff,
    0xfe, 0x11, 0x0, 0xd8, 0xff, 0xb4, 0x0, 0x0,
    0x0, 0x9e, 0xff, 0xf6, 0x0, 0x51, 0xff, 0xff,
    0xff, 0x4a, 0x0, 0xeb, 0xff, 0x93, 0x0, 0x0,
    0x0, 0x7b, 0xff, 0xff, 0xa, 0x8b, 0xff, 0xe1,
    0xff, 0x85, 0x4, 0xfe, 0xff, 0x70, 0x0, 0x0,
    0x0, 0x58, 0xff, 0xff, 0x1d, 0xc5, 0xff, 0x74,
    0xff, 0xbf, 0x18, 0xff, 0xff, 0x4e, 0x0, 0x0,
    0x0, 0x35, 0xff, 0xff, 0x36, 0xf8, 0xf8, 0x10,
    0xfb, 0xf5, 0x33, 0xff, 0xff, 0x2c, 0x0, 0x0,
    0x0, 0x12, 0xff, 0xff, 0x7b, 0xff, 0xc6, 0x0,
    0xce, 0xff, 0x79, 0xff, 0xff, 0xb, 0x0, 0x0,
    0x0, 0x0, 0xef, 0xff, 0xc8, 0xff, 0x8f, 0x0,
    0x96, 0xff, 0xca, 0xff, 0xe8, 0x0, 0x0, 0x0,
    0x0, 0x0, 0xcc, 0xff, 0xff, 0xff, 0x58, 0x0,
    0x5c, 0xff, 0xff, 0xff, 0xc5, 0x0, 0x0, 0x0,
    0x0, 0x0, 0xa8, 0xff, 0xff, 0xff, 0x20, 0x0,
    0x24, 0xff, 0xff, 0xff, 0xa4, 0x0, 0x0, 0x0,
    0x0, 0x0, 0x86, 0xff, 0xff, 0xe8, 0x0, 0x0,
    0x1, 0xec, 0xff, 0xff, 0x80, 0x0, 0x0, 0x0,

    /* U+0E2D "อ" */
    0x0, 0x0, 0x21, 0x9c, 0xe2, 0xfd, 0xf3, 0xbf,
    0x50, 0x0, 0x0, 0x0, 0x31, 0xf0, 0xff, 0xff,
    0xff, 0xff, 0xff, 0xff, 0x7c, 0x0, 0x0, 0xcd,
    0xff, 0xff, 0xe1, 0x91, 0xaf, 0xff, 0xff, 0xfe,
    0x31, 0x0, 0x2b, 0x95, 0xe3, 0x18, 0x0, 0x0,
    0x98, 0xff, 0xff, 0x96, 0x0, 0x0, 0x0, 0x3,
    0x0, 0x0, 0x0, 0x4c, 0xff, 0xff, 0xce, 0x0,
    0x45, 0xdd, 0xff, 0xff, 0xb0, 0x0, 0x44, 0xff,
    0xff, 0xe5, 0x0, 0xe2, 0xff, 0xff, 0xff, 0xb0,
    0x0, 0x44, 0xff, 0xff, 0xe1, 0x9, 0xff, 0xff,
    0xea, 0x5c, 0x3f, 0x0, 0x47, 0xff, 0xff, 0xc5,
    0x2, 0xf8, 0xff, 0xf7, 0x11, 0x0, 0x0, 0x7a,
    0xff, 0xff, 0x89, 0x0, 0xb2, 0xff, 0xff, 0xd0,
    0x75, 0x8c, 0xf8, 0xff, 0xfc, 0x26, 0x0, 0x24,
    0xe8, 0xff, 0xff, 0xff, 0xff, 0xff, 0xff, 0x74,
    0x0, 0x0, 0x0, 0x1b, 0x96, 0xe0, 0xfd, 0xf3,
    0xc1, 0x4e, 0x0, 0x0,

    /* U+0E2E "ฮ" */
    0x0, 0x0, 0x0, 0x0, 0x0, 0x0, 0x0, 0x0,
    0x0, 0xe, 0x36, 0x38, 0x4, 0x0, 0x0, 0x22,
    0xa0, 0xe8, 0xfe, 0xeb, 0xa8, 0x2a, 0xdd, 0xff,
    0xff, 0x10, 0x0, 0x31, 0xf1, 0xff, 0xff, 0xff,
    0xff, 0xff, 0xf7, 0xff, 0xff, 0xff, 0x10, 0x0,
    0xcd, 0xff, 0xff, 0xe1, 0x91, 0xaf, 0xff, 0xff,
    0xff, 0x2c, 0x0, 0x0, 0x0, 0x2b, 0x95, 0xe3,
    0x18, 0x0, 0x0, 0x98, 0xff, 0xff, 0x94, 0x0,
    0x0, 0x0, 0x0, 0x0, 0x3, 0x0, 0x0, 0x0,
    0x4c, 0xff, 0xff, 0xce, 0x0, 0x0, 0x0, 0x45,
    0xdd, 0xff, 0xff, 0xb0, 0x0, 0x44, 0xff, 0xff,
    0xe5, 0x0, 0x0, 0x0, 0xe2, 0xff, 0xff, 0xff,
    0xb0, 0x0, 0x44, 0xff, 0xff, 0xe1, 0x0, 0x0,
    0x9, 0xff, 0xff, 0xea, 0x5c, 0x3f, 0x0, 0x47,
    0xff, 0xff, 0xc5, 0x0, 0x0, 0x2, 0xf8, 0xff,
    0xf7, 0x11, 0x0, 0x0, 0x7a, 0xff, 0xff, 0x89,
    0x0, 0x0, 0x0, 0xb2, 0xff, 0xff, 0xd0, 0x75,
    0x8c, 0xf8, 0xff, 0xfc, 0x26, 0x0, 0x0, 0x0,
    0x24, 0xe8, 0xff, 0xff, 0xff, 0xff, 0xff, 0xff,
    0x74, 0x0, 0x0, 0x0, 0x0, 0x0, 0x1b, 0x96,
    0xe0, 0xfd, 0xf3, 0xc1, 0x4e, 0x0, 0x0, 0x0,
    0x0,

    /* U+0E2F "ฯ" */
    0x0, 0x2d, 0xba, 0xf7, 0xff, 0xdc, 0x20, 0xff,
    0xff, 0xd8, 0x1c, 0xee, 0xff, 0xff, 0xff, 0xdc,
    0x21, 0xff, 0xff, 0xd8, 0x80, 0xff, 0xff, 0xc5,
    0x60, 0x4f, 0x2f, 0xff, 0xff, 0xd8, 0xab, 0xff,
    0xff, 0x3f, 0x0, 0x0, 0x65, 0xff, 0xff, 0xd8,
    0xa0, 0xff, 0xff, 0x8c, 0x8, 0x2b, 0xe0, 0xff,
    0xff, 0xd8, 0x5c, 0xff, 0xff, 0xff, 0xff, 0xff,
    0xbf, 0xff, 0xff, 0xd8, 0x2, 0x9d, 0xff, 0xff,
    0xff, 0xd6, 0x36, 0xff, 0xff, 0xd8, 0x0, 0x0,
    0x2b, 0x5a, 0x4b, 0x7, 0x20, 0xff, 0xff, 0xd8,
    0x0, 0x0, 0x0, 0x0, 0x0, 0x0, 0x20, 0xff,
    0xff, 0xd8, 0x0, 0x0, 0x0, 0x0, 0x0, 0x0,
    0x20, 0xff, 0xff, 0xd8, 0x0, 0x0, 0x0, 0x0,
    0x0, 0x0, 0x20, 0xff, 0xff, 0xd8, 0x0, 0x0,
    0x0, 0x0, 0x0, 0x0, 0x20, 0xff, 0xff, 0xd8,

    /* U+0E30 "ะ" */
    0x62, 0x80, 0x80, 0x12, 0x0, 0x0, 0x0, 0xc4,
    0xff, 0xff, 0x24, 0x0, 0x0, 0x0, 0xbc, 0xff,
    0xff, 0xb4, 0xa8, 0xa8, 0x9e, 0x80, 0xff, 0xff,
    0xff, 0xff, 0xff, 0xf0, 0x9, 0x9f, 0xf1, 0xff,
    0xff, 0xff, 0xf0, 0x0, 0x0, 0x0, 0x0, 0x0,
    0x0, 0x0, 0x6e, 0x90, 0x90, 0x14, 0x0, 0x0,
    0x0, 0xc4, 0xff, 0xff, 0x24, 0x0, 0x0, 0x0,
    0xb9, 0xff, 0xff, 0xb4, 0xa8, 0xa8, 0x9e, 0x7e,
    0xff, 0xff, 0xff, 0xff, 0xff, 0xf0, 0x9, 0x9f,
    0xf1, 0xff, 0xff, 0xff, 0xf0,

    /* U+0E31 "ั" */
    0x3c, 0xff, 0xff, 0x6c, 0x0, 0x0, 0x0, 0x0,
    0x34, 0xff, 0xff, 0x91, 0x40, 0x40, 0x40, 0x20,
    0x9, 0xf0, 0xff, 0xff, 0xff, 0xff, 0xff, 0x80,
    0x0, 0x44, 0xd3, 0xfd, 0xff, 0xff, 0xff, 0x80,

    /* U+0E32 "า" */
    0x0, 0x3d, 0xb7, 0xee, 0xfe, 0xe9, 0xa4, 0x22,
    0x0, 0x62, 0xfd, 0xff, 0xff, 0xff, 0xff, 0xff,
    0xea, 0x1b, 0xae, 0xff, 0xfe, 0xb4, 0x9e, 0xf0,
    0xff, 0xff, 0x90, 0x5, 0xa0, 0x51, 0x0, 0x0,
    0x56, 0xff, 0xff, 0xcb, 0x0, 0x0, 0x0, 0x0,
    0x0, 0x25, 0xff, 0xff, 0xdb, 0x0, 0x0, 0x0,
    0x0, 0x0, 0x24, 0xff, 0xff, 0xdc, 0x0, 0x0,
    0x0, 0x0, 0x0, 0x24, 0xff, 0xff, 0xdc, 0x0,
    0x0, 0x0, 0x0, 0x0, 0x24, 0xff, 0xff, 0xdc,
    0x0, 0x0, 0x0, 0x0, 0x0, 0x24, 0xff, 0xff,
    0xdc, 0x0, 0x0, 0x0, 0x0, 0x0, 0x24, 0xff,
    0xff, 0xdc, 0x0, 0x0, 0x0, 0x0, 0x0, 0x24,
    0xff, 0xff, 0xdc, 0x0, 0x0, 0x0, 0x0, 0x0,
    0x24, 0xff, 0xff, 0xdc,

    /* U+0E33 "ำ" */
    0x0, 0x0, 0xd, 0x14, 0x0, 0x0, 0x0, 0x0,
    0x0, 0x0, 0x0, 0x0, 0x0, 0x0, 0x0, 0x0,
    0x94, 0xff, 0xff, 0xc2, 0x9, 0x0, 0x0, 0x0,
    0x0, 0x0, 0x0, 0x0, 0x0, 0x0, 0x15, 0xff,
    0xa5, 0x88, 0xff, 0x4d, 0x0, 0x0, 0x0, 0x0,
    0x0, 0x0, 0x0, 0x0, 0x0, 0x1b, 0xff, 0x85,
    0x61, 0xff, 0x53, 0x0, 0x0, 0x0, 0x0, 0x0,
    0x0, 0x0, 0x0, 0x0, 0x0, 0xbe, 0xff, 0xff,
    0xe3, 0x12, 0x0, 0x0, 0x0, 0x0, 0x0, 0x0,
    0x0, 0x0, 0x0, 0x0, 0x4, 0x3b, 0x44, 0xd,
    0x0, 0x0, 0x0, 0x0, 0x0, 0x0, 0x0, 0x0,
    0x0, 0x0, 0x0, 0x0, 0x0, 0x0, 0x0, 0x0,
    0x0, 0x3d, 0xb7, 0xee, 0xfe, 0xe9, 0xa4, 0x22,
    0x0, 0x0, 0x0, 0x0, 0x0, 0x0, 0x0, 0x62,
    0xfd, 0xff, 0xff, 0xff, 0xff, 0xff, 0xea, 0x1b,
    0x0, 0x0, 0x0, 0x0, 0x0, 0x0, 0xae, 0xff,
    0xfe, 0xb4, 0x9e, 0xf0, 0xff, 0xff, 0x90, 0x0,
    0x0, 0x0, 0x0, 0x0, 0x0, 0x5, 0xa0, 0x51,
    0x0, 0x0, 0x56, 0xff, 0xff, 0xcb, 0x0, 0x0,
    0x0, 0x0, 0x0, 0x0, 0x0, 0x0, 0x0, 0x0,
    0x0, 0x25, 0xff, 0xff, 0xdb, 0x0, 0x0, 0x0,
    0x0, 0x0, 0x0, 0x0, 0x0, 0x0, 0x0, 0x0,
    0x24, 0xff, 0xff, 0xdc, 0x0, 0x0, 0x0, 0x0,
    0x0, 0x0, 0x0, 0x0, 0x0, 0x0, 0x0, 0x24,
    0xff, 0xff, 0xdc, 0x0, 0x0, 0x0, 0x0, 0x0,
    0x0, 0x0, 0x0, 0x0, 0x0, 0x0, 0x24, 0xff,
    0xff, 0xdc, 0x0, 0x0, 0x0, 0x0, 0x0, 0x0,
    0x0, 0x0, 0x0, 0x0, 0x0, 0x24, 0xff, 0xff,
    0xdc, 0x0, 0x0, 0x0, 0x0, 0x0, 0x0, 0x0,
    0x0, 0x0, 0x0, 0x0, 0x24, 0xff, 0xff, 0xdc,
    0x0, 0x0, 0x0, 0x0, 0x0, 0x0, 0x0, 0x0,
    0x0, 0x0, 0x0, 0x24, 0xff, 0xff, 0xdc, 0x0,
    0x0, 0x0, 0x0, 0x0, 0x0, 0x0, 0x0, 0x0,
    0x0, 0x0, 0x24, 0xff, 0xff, 0xdc,

    /* U+0E34 "ิ" */
    0xa, 0x40, 0x40, 0x40, 0x40, 0x40, 0x40, 0x40,
    0x40, 0x29, 0x28, 0xff, 0xff, 0xff, 0xff, 0xff,
    0xff, 0xff, 0xff, 0xa4, 0x28, 0xff, 0xff, 0xff,
    0xff, 0xff, 0xff, 0xff, 0xff, 0xa4,

    /* U+0E35 "ี" */
    0x0, 0x0, 0x0, 0x0, 0x0, 0x0, 0x6, 0x80,
    0x80, 0x54, 0x0, 0x0, 0x0, 0x0, 0x0, 0x0,
    0xc, 0xff, 0xff, 0xa8, 0x9, 0x40, 0x40, 0x40,
    0x40, 0x40, 0x49, 0xff, 0xff, 0xa0, 0x24, 0xff,
    0xff, 0xff, 0xff, 0xff, 0xff, 0xff, 0xff, 0x65,
    0x24, 0xff, 0xff, 0xff, 0xff, 0xff, 0xff, 0xed,
    0x91, 0x3,

    /* U+0E36 "ึ" */
    0x0, 0x0, 0x0, 0x0, 0x0, 0x0, 0x0, 0x18,
    0xe, 0x0, 0x0, 0x0, 0x0, 0x0, 0x0, 0x0,
    0xb, 0xc6, 0xff, 0xfe, 0x86, 0x0, 0x0, 0x0,
    0x0, 0x0, 0x0, 0x5f, 0xff, 0x7c, 0xba, 0xfe,
    0x14, 0xd, 0x40, 0x40, 0x40, 0x40, 0x97, 0xff,
    0x11, 0x71, 0xff, 0x28, 0x34, 0xff, 0xff, 0xff,
    0xff, 0xff, 0xff, 0xa7, 0xd3, 0xfb, 0xf, 0x34,
    0xff, 0xff, 0xff, 0xff, 0xff, 0xff, 0xff, 0xec,
    0x69, 0x0,

    /* U+0E37 "ื" */
    0x0, 0x0, 0x0, 0x1a, 0x80, 0x80, 0x18, 0x6e,
    0x80, 0x52, 0x0, 0x0, 0x0, 0x34, 0xff, 0xff,
    0x30, 0xdc, 0xff, 0xa4, 0xa, 0x40, 0x40, 0x67,
    0xff, 0xff, 0x64, 0xe5, 0xff, 0x9b, 0x28, 0xff,
    0xff, 0xff, 0xff, 0xff, 0xff, 0xff, 0xff, 0x5f,
    0x28, 0xff, 0xff, 0xff, 0xff, 0xff, 0xff, 0xeb,
    0x8a, 0x2,

    /* U+0E38 "ุ" */
    0x3a, 0x5c, 0x59, 0x29, 0x0, 0xa0, 0xff, 0xff,
    0xfe, 0x4b, 0xa0, 0xff, 0xff, 0xff, 0x9c, 0x0,
    0x0, 0xc4, 0xff, 0xa4, 0x0, 0x0, 0xc4, 0xff,
    0xa4, 0x0, 0x0, 0x62, 0x80, 0x52,

    /* U+0E39 "ู" */
    0xbc, 0xff, 0xe0, 0x31, 0x90, 0xff, 0xa4, 0xbc,
    0xff, 0xff, 0x95, 0x90, 0xff, 0xa4, 0x1d, 0xa5,
    0xff, 0xa0, 0x90, 0xff, 0xa4, 0x0, 0x89, 0xff,
    0xe5, 0xe1, 0xff, 0x99, 0x0, 0x26, 0xd9, 0xff,
    0xff, 0xe0, 0x31,

    /* U+0E3A "ฺ" */
    0x4, 0x57, 0x65, 0x12, 0x77, 0xff, 0xff, 0xb5,
    0x94, 0xff, 0xff, 0xd4, 0x3c, 0xe8, 0xf5, 0x6d,

    /* U+0E3F "฿" */
    0x0, 0x0, 0x0, 0x0, 0x7c, 0xff, 0xcc, 0x0,
    0x0, 0x0, 0x0, 0x0, 0x0, 0x0, 0x0, 0x0,
    0x7c, 0xff, 0xcc, 0x0, 0x0, 0x0, 0x0, 0x0,
    0x36, 0x78, 0x78, 0x78, 0xba, 0xff, 0xe4, 0x76,
    0x5a, 0xe, 0x0, 0x0, 0x74, 0xff, 0xff, 0xff,
    0xff, 0xff, 0xff, 0xff, 0xff, 0xe7, 0x2a, 0x0,
    0x74, 0xff, 0xff, 0xff, 0xff, 0xff, 0xff, 0xff,
    0xff, 0xff, 0xb9, 0x0, 0x74, 0xff, 0xff, 0x68,
    0x48, 0xff, 0xa0, 0x35, 0xff, 0xff, 0xf6, 0x0,
    0x74, 0xff, 0xff, 0x68, 0x48, 0xff, 0xa0, 0x0,
    0xf4, 0xff, 0xf4, 0x0, 0x74, 0xff, 0xff, 0x68,
    0x48, 0xff, 0xa0, 0x38, 0xff, 0xff, 0xac, 0x0,
    0x74, 0xff, 0xff, 0xff, 0xff, 0xff, 0xff, 0xff,
    0xe3, 0x89, 0xd, 0x0, 0x74, 0xff, 0xff, 0xff,
    0xff, 0xff, 0xff, 0xff, 0xff, 0xdb, 0x55, 0x0,
    0x74, 0xff, 0xff, 0xa1, 0x8d, 0xff, 0xc4, 0x6a,
    0xe3, 0xff, 0xfc, 0x2a, 0x74, 0xff, 0xff, 0x68,
    0x48, 0xff, 0xa0, 0x0, 0x7c, 0xff, 0xff, 0x72,
    0x74, 0xff, 0xff, 0x68, 0x48, 0xff, 0xa0, 0x0,
    0x7f, 0xff, 0xff, 0x79, 0x74, 0xff, 0xff, 0xb2,
    0xa1, 0xff, 0xcf, 0x85, 0xed, 0xff, 0xff, 0x44,
    0x74, 0xff, 0xff, 0xff, 0xff, 0xff, 0xff, 0xff,
    0xff, 0xff, 0xc1, 0x1, 0x74, 0xff, 0xff, 0xff,
    0xff, 0xff, 0xff, 0xff, 0xf6, 0xa5, 0x11, 0x0,
    0x0, 0x0, 0x0, 0x0, 0x7c, 0xff, 0xcc, 0x0,
    0x0, 0x0, 0x0, 0x0, 0x0, 0x0, 0x0, 0x0,
    0x7c, 0xff, 0xcc, 0x0, 0x0, 0x0, 0x0, 0x0,

    /* U+0E40 "เ" */
    0x7c, 0xff, 0xff, 0x84, 0x0, 0x0, 0x7c, 0xff,
    0xff, 0x84, 0x0, 0x0, 0x7c, 0xff, 0xff, 0x84,
    0x0, 0x0, 0x7c, 0xff, 0xff, 0x84, 0x0, 0x0,
    0x7c, 0xff, 0xff, 0x84, 0x0, 0x0, 0x7c, 0xff,
    0xff, 0x84, 0x0, 0x0, 0x7c, 0xff, 0xff, 0x84,
    0x0, 0x0, 0x7c, 0xff, 0xff, 0x84, 0x0, 0x0,
    0x7c, 0xff, 0xff, 0x84, 0x0, 0x0, 0x73, 0xff,
    0xff, 0xca, 0x90, 0x1b, 0x33, 0xff, 0xff, 0xff,
    0xff, 0x30, 0x0, 0x6b, 0xe3, 0xff, 0xff, 0x30,

    /* U+0E41 "แ" */
    0x7c, 0xff, 0xff, 0x84, 0x0, 0x0, 0x70, 0xff,
    0xff, 0x90, 0x0, 0x0, 0x7c, 0xff, 0xff, 0x84,
    0x0, 0x0, 0x70, 0xff, 0xff, 0x90, 0x0, 0x0,
    0x7c, 0xff, 0xff, 0x84, 0x0, 0x0, 0x70, 0xff,
    0xff, 0x90, 0x0, 0x0, 0x7c, 0xff, 0xff, 0x84,
    0x0, 0x0, 0x70, 0xff, 0xff, 0x90, 0x0, 0x0,
    0x7c, 0xff, 0xff, 0x84, 0x0, 0x0, 0x70, 0xff,
    0xff, 0x90, 0x0, 0x0, 0x7c, 0xff, 0xff, 0x84,
    0x0, 0x0, 0x70, 0xff, 0xff, 0x90, 0x0, 0x0,
    0x7c, 0xff, 0xff, 0x84, 0x0, 0x0, 0x70, 0xff,
    0xff, 0x90, 0x0, 0x0, 0x7c, 0xff, 0xff, 0x84,
    0x0, 0x0, 0x70, 0xff, 0xff, 0x90, 0x0, 0x0,
    0x7c, 0xff, 0xff, 0x84, 0x0, 0x0, 0x70, 0xff,
    0xff, 0x90, 0x0, 0x0, 0x73, 0xff, 0xff, 0xca,
    0x90, 0x1b, 0x67, 0xff, 0xff, 0xcf, 0x90, 0x20,
    0x33, 0xff, 0xff, 0xff, 0xff, 0x30, 0x29, 0xfe,
    0xff, 0xff, 0xff, 0x38, 0x0, 0x6b, 0xe3, 0xff,
    0xff, 0x30, 0x0, 0x63, 0xe0, 0xfd, 0xff, 0x38,

    /* U+0E42 "โ" */
    0xd0, 0xff, 0xff, 0xff, 0xff, 0xff, 0xff, 0xff,
    0x68, 0xd0, 0xff, 0xff, 0xff, 0xff, 0xff, 0xff,
    0xff, 0x68, 0x95, 0xfc, 0xf9, 0xb0, 0x8c, 0x8c,
    0x8c, 0x8c, 0x39, 0x0, 0x4a, 0xff, 0xfc, 0x58,
    0x0, 0x0, 0x0, 0x0, 0x0, 0x0, 0xc4, 0xff,
    0xea, 0x7, 0x0, 0x0, 0x0, 0x0, 0x0, 0x9b,
    0xff, 0xff, 0x3e, 0x0, 0x0, 0x0, 0x0, 0x0,
    0x94, 0xff, 0xff, 0x61, 0x0, 0x0, 0x0, 0x0,
    0x0, 0x94, 0xff, 0xff, 0x6b, 0x0, 0x0, 0x0,
    0x0, 0x0, 0x94, 0xff, 0xff, 0x6c, 0x0, 0x0,
    0x0, 0x0, 0x0, 0x94, 0xff, 0xff, 0x6c, 0x0,
    0x0, 0x0, 0x0, 0x0, 0x94, 0xff, 0xff, 0x6c,
    0x0, 0x0, 0x0, 0x0, 0x0, 0x94, 0xff, 0xff,
    0x6c, 0x0, 0x0, 0x0, 0x0, 0x0, 0x94, 0xff,
    0xff, 0x6c, 0x0, 0x0, 0x0, 0x0, 0x0, 0x94,
    0xff, 0xff, 0x6c, 0x0, 0x0, 0x0, 0x0, 0x0,
    0x94, 0xff, 0xff, 0x6c, 0x0, 0x0, 0x0, 0x0,
    0x0, 0x8d, 0xff, 0xff, 0xbf, 0x90, 0x29, 0x0,
    0x0, 0x0, 0x52, 0xff, 0xff, 0xff, 0xff, 0x48,
    0x0, 0x0, 0x0, 0x1, 0x84, 0xe8, 0xff, 0xff,
    0x48, 0x0,

    /* U+0E43 "ใ" */
    0x0, 0x0, 0x9, 0x52, 0x7a, 0x75, 0x42, 0x2,
    0x0, 0x0, 0x35, 0xe4, 0xff, 0xff, 0xff, 0xff,
    0xc7, 0x14, 0xc, 0xe7, 0xff, 0xff, 0xf0, 0xfa,
    0xff, 0xff, 0xa1, 0x36, 0xe4, 0xff, 0x9e, 0x3,
    0x1d, 0xf8, 0xff, 0xee, 0x0, 0x4, 0x53, 0x22,
    0x0, 0x0, 0xe6, 0xff, 0xf4, 0x0, 0x0, 0x0,
    0x0, 0x6, 0x66, 0xff, 0xff, 0xb7, 0x0, 0x0,
    0x0, 0xa2, 0xfa, 0xff, 0xff, 0xed, 0x2b, 0x0,
    0x0, 0x0, 0xb4, 0xff, 0xff, 0x9e, 0x1b, 0x0,
    0x0, 0x0, 0x0, 0xb4, 0xff, 0xff, 0x4c, 0x0,
    0x0, 0x0, 0x0, 0x0, 0xb4, 0xff, 0xff, 0x4c,
    0x0, 0x0, 0x0, 0x0, 0x0, 0xb4, 0xff, 0xff,
    0x4c, 0x0, 0x0, 0x0, 0x0, 0x0, 0xb4, 0xff,
    0xff, 0x4c, 0x0, 0x0, 0x0, 0x0, 0x0, 0xb4,
    0xff, 0xff, 0x4c, 0x0, 0x0, 0x0, 0x0, 0x0,
    0xb4, 0xff, 0xff, 0x4c, 0x0, 0x0, 0x0, 0x0,
    0x0, 0xb4, 0xff, 0xff, 0x4c, 0x0, 0x0, 0x0,
    0x0, 0x0, 0xb4, 0xff, 0xff, 0x4c, 0x0, 0x0,
    0x0, 0x0, 0x0, 0xad, 0xff, 0xff, 0xb1, 0x90,
    0x17, 0x0, 0x0, 0x0, 0x73, 0xff, 0xff, 0xff,
    0xff, 0x28, 0x0, 0x0, 0x0, 0x6, 0x9a, 0xee,
    0xff, 0xff, 0x28,

    /* U+0E44 "ไ" */
    0x68, 0xff, 0xff, 0xff, 0xff, 0xff, 0xff, 0xd0,
    0x68, 0xff, 0xff, 0xff, 0xff, 0xff, 0xff, 0xd0,
    0x3e, 0x98, 0x98, 0x98, 0xd0, 0xff, 0xf5, 0x8c,
    0x0, 0x0, 0x0, 0x92, 0xff, 0xde, 0x1d, 0x0,
    0x0, 0x0, 0x4d, 0xff, 0xff, 0x57, 0x0, 0x0,
    0x0, 0x0, 0xae, 0xff, 0xff, 0x1c, 0x0, 0x0,
    0x0, 0x0, 0xdc, 0xff, 0xff, 0x14, 0x0, 0x0,
    0x0, 0x0, 0xeb, 0xff, 0xff, 0x14, 0x0, 0x0,
    0x0, 0x0, 0xec, 0xff, 0xff, 0x14, 0x0, 0x0,
    0x0, 0x0, 0xec, 0xff, 0xff, 0x14, 0x0, 0x0,
    0x0, 0x0, 0xec, 0xff, 0xff, 0x14, 0x0, 0x0,
    0x0, 0x0, 0xec, 0xff, 0xff, 0x14, 0x0, 0x0,
    0x0, 0x0, 0xec, 0xff, 0xff, 0x14, 0x0, 0x0,
    0x0, 0x0, 0xec, 0xff, 0xff, 0x14, 0x0, 0x0,
    0x0, 0x0, 0xec, 0xff, 0xff, 0x14, 0x0, 0x0,
    0x0, 0x0, 0xe5, 0xff, 0xff, 0x99, 0x87, 0x0,
    0x0, 0x0, 0xaa, 0xff, 0xff, 0xff, 0xf0, 0x0,
    0x0, 0x0, 0x19, 0xb5, 0xf4, 0xff, 0xf0, 0x0,

    /* U+0E45 "ๅ" */
    0x0, 0x3c, 0xb6, 0xee, 0xfe, 0xeb, 0xaa, 0x2b,
    0x0, 0x5f, 0xfd, 0xff, 0xff, 0xff, 0xff, 0xff,
    0xf2, 0x29, 0xac, 0xff, 0xff, 0xcf, 0xb0, 0xf1,
    0xff, 0xff, 0xaa, 0x4, 0x9c, 0x74, 0x0, 0x0,
    0x3c, 0xff, 0xff, 0xea, 0x0, 0x0, 0x0, 0x0,
    0x0, 0x7, 0xff, 0xff, 0xfb, 0x0, 0x0, 0x0,
    0x0, 0x0, 0x4, 0xff, 0xff, 0xfc, 0x0, 0x0,
    0x0, 0x0, 0x0, 0x4, 0xff, 0xff, 0xfc, 0x0,
    0x0, 0x0, 0x0, 0x0, 0x4, 0xff, 0xff, 0xfc,
    0x0, 0x0, 0x0, 0x0, 0x0, 0x4, 0xff, 0xff,
    0xfc, 0x0, 0x0, 0x0, 0x0, 0x0, 0x4, 0xff,
    0xff, 0xfc, 0x0, 0x0, 0x0, 0x0, 0x0, 0x4,
    0xff, 0xff, 0xfc, 0x0, 0x0, 0x0, 0x0, 0x0,
    0x4, 0xff, 0xff, 0xfc, 0x0, 0x0, 0x0, 0x0,
    0x0, 0x4, 0xff, 0xff, 0xfc, 0x0, 0x0, 0x0,
    0x0, 0x0, 0x4, 0xff, 0xff, 0xfc, 0x0, 0x0,
    0x0, 0x0, 0x0, 0x4, 0xff, 0xff, 0xfc, 0x0,
    0x0, 0x0, 0x0, 0x0, 0x4, 0xff, 0xff, 0xfc,

    /* U+0E46 "ๆ" */
    0x0, 0x33, 0xbe, 0xf5, 0x9e, 0xde, 0xee, 0xad,
    0x21, 0x0, 0xb, 0xea, 0xff, 0xff, 0xff, 0xff,
    0xff, 0xff, 0xd9, 0x3, 0x4c, 0xff, 0xff, 0x77,
    0xab, 0x5f, 0xd7, 0xff, 0xff, 0x33, 0x65, 0xff,
    0xff, 0x39, 0x0, 0x0, 0xb4, 0xff, 0xff, 0x4a,
    0x5e, 0xff, 0xff, 0xb4, 0x56, 0x0, 0xb4, 0xff,
    0xff, 0x4c, 0x20, 0xfa, 0xff, 0xff, 0xcc, 0x0,
    0xb4, 0xff, 0xff, 0x4c, 0x0, 0x4c, 0xcf, 0xfa,
    0xcc, 0x0, 0xb4, 0xff, 0xff, 0x4c, 0x0, 0x0,
    0x0, 0x0, 0x0, 0x0, 0xb4, 0xff, 0xff, 0x4c,
    0x0, 0x0, 0x0, 0x0, 0x0, 0x0, 0xb4, 0xff,
    0xff, 0x4c, 0x0, 0x0, 0x0, 0x0, 0x0, 0x0,
    0xb4, 0xff, 0xff, 0x4c, 0x0, 0x0, 0x0, 0x0,
    0x0, 0x0, 0xb4, 0xff, 0xff, 0x4c, 0x0, 0x0,
    0x0, 0x0, 0x0, 0x0, 0xb4, 0xff, 0xff, 0x4c,
    0x0, 0x0, 0x0, 0x0, 0x0, 0x0, 0xb4, 0xff,
    0xff, 0x4c, 0x0, 0x0, 0x0, 0x0, 0x0, 0x0,
    0xb4, 0xff, 0xff, 0x4c, 0x0, 0x0, 0x0, 0x0,
    0x0, 0x0, 0x1c, 0x28, 0x28, 0xc,

    /* U+0E47 "็" */
    0x0, 0x21, 0x8d, 0xa4, 0xa4, 0xa4, 0xa4, 0x5a,
    0xa, 0xe5, 0xff, 0xff, 0xff, 0xff, 0xff, 0x8c,
    0x40, 0xff, 0x9e, 0x1a, 0x23, 0x7, 0x2c, 0x10,
    0x33, 0xff, 0xac, 0xc7, 0xdf, 0x52, 0xff, 0x5c,
    0x1, 0xb8, 0xff, 0xff, 0x75, 0xfb, 0xff, 0x3a,
    0x0, 0x2, 0x39, 0x2f, 0x0, 0x24, 0x30, 0x0,

    /* U+0E48 "่" */
    0x21, 0x5c, 0x5c, 0x28, 0x5c, 0xff, 0xff, 0x70,
    0x5c, 0xff, 0xff, 0x70, 0x5c, 0xff, 0xff, 0x70,
    0x5c, 0xff, 0xff, 0x70,

    /* U+0E49 "้" */
    0xa4, 0xff, 0xeb, 0x7a, 0x0, 0x0, 0x0, 0x0,
    0xa4, 0xff, 0xff, 0xff, 0x1a, 0x0, 0x0, 0x0,
    0x29, 0x52, 0xff, 0xff, 0x6f, 0x40, 0x40, 0x16,
    0x0, 0x18, 0xff, 0xff, 0xff, 0xff, 0xff, 0x58,
    0x0, 0x18, 0xff, 0xff, 0xff, 0xff, 0xff, 0x58,

    /* U+0E4A "๊" */
    0x0, 0x10, 0x6b, 0x3c, 0x7, 0x6e, 0x40, 0x0,
    0x0, 0x8, 0xd8, 0xff, 0xfe, 0xe4, 0xff, 0xff,
    0x52, 0x0, 0x3b, 0xff, 0xda, 0x44, 0x90, 0x68,
    0xff, 0xa2, 0x0, 0x23, 0xfe, 0xfa, 0xa2, 0x61,
    0x3c, 0xff, 0xfa, 0xe4, 0x0, 0x6a, 0xe4, 0xff,
    0xa8, 0x3c, 0xff, 0xff, 0xfc,

    /* U+0E4B "๋" */
    0x0, 0x6, 0x80, 0x80, 0x26, 0x0, 0x2, 0x10,
    0xff, 0xff, 0x4f, 0x3, 0x98, 0xff, 0xff, 0xff,
    0xff, 0xdc, 0x98, 0xff, 0xff, 0xff, 0xff, 0xdc,
    0x0, 0xc, 0xff, 0xff, 0x4c, 0x0, 0x0, 0x6,
    0x80, 0x80, 0x26, 0x0,

    /* U+0E4C "์" */
    0x0, 0x8, 0x35, 0x40, 0x40, 0xa, 0x34, 0xea,
    0xff, 0xff, 0xff, 0x28, 0xba, 0xff, 0xff, 0xff,
    0xff, 0x28, 0xe6, 0xff, 0xa0, 0x0, 0x0, 0x0,
    0xec, 0xff, 0xa0, 0x0, 0x0, 0x0,

    /* U+0E4D "ํ" */
    0x0, 0x0, 0x5, 0x8, 0x0, 0x0, 0x0, 0x99,
    0xfd, 0xfe, 0xad, 0x2, 0x24, 0xff, 0x88, 0x7c,
    0xff, 0x38, 0x2b, 0xff, 0x62, 0x52, 0xff, 0x3f,
    0x3, 0xc4, 0xff, 0xff, 0xd5, 0x9, 0x0, 0x3,
    0x32, 0x36, 0x5, 0x0,

    /* U+0E4E "๎" */
    0x0, 0x0, 0x74, 0xf5, 0xff, 0xc4, 0x1b, 0x64,
    0xea, 0xff, 0xe4, 0xaf, 0xd2, 0xff, 0xff, 0xff,
    0x0, 0x0, 0xfb, 0xff, 0xac, 0x94, 0x0, 0x0,
    0xfc, 0xff, 0x38, 0x0, 0x0, 0x0,

    /* U+0E4F "๏" */
    0x0, 0x0, 0x0, 0x0, 0x0, 0x1, 0x0, 0x0,
    0x0, 0x0, 0x0, 0x0, 0x0, 0x16, 0x99, 0xea,
    0xff, 0xe5, 0x8e, 0xe, 0x0, 0x0, 0x0, 0x16,
    0xdf, 0xff, 0xff, 0xff, 0xff, 0xff, 0xd2, 0xe,
    0x0, 0x0, 0xa2, 0xff, 0xcb, 0x2e, 0x13, 0x36,
    0xd8, 0xff, 0x8e, 0x0, 0x9, 0xf9, 0xff, 0x3c,
    0xc6, 0xff, 0xb5, 0x50, 0xff, 0xed, 0x1, 0x2d,
    0xff, 0xff, 0x44, 0xff, 0xff, 0xff, 0x44, 0xff,
    0xff, 0x19, 0x2d, 0xff, 0xff, 0x43, 0xff, 0xff,
    0xff, 0x44, 0xff, 0xff, 0x19, 0x9, 0xf8, 0xff,
    0x3b, 0xb0, 0xfa, 0x9f, 0x50, 0xff, 0xec, 0x1,
    0x0, 0xa1, 0xff, 0xcf, 0x2e, 0x5, 0x37, 0xdb,
    0xff, 0x8c, 0x0, 0x0, 0x16, 0xdd, 0xff, 0xff,
    0xff, 0xff, 0xff, 0xd1, 0xd, 0x0, 0x0, 0x0,
    0x13, 0x95, 0xe6, 0xfc, 0xe1, 0x8d, 0xe, 0x0,
    0x0,

    /* U+0E50 "๐" */
    0x0, 0x0, 0x0, 0x8, 0x45, 0x60, 0x51, 0x16,
    0x0, 0x0, 0x0, 0x0, 0x0, 0x50, 0xe9, 0xff,
    0xff, 0xff, 0xfa, 0x84, 0x2, 0x0, 0x0, 0x3c,
    0xfc, 0xff, 0xff, 0xff, 0xff, 0xff, 0xff, 0x80,
    0x0, 0x0, 0xc6, 0xff, 0xff, 0x72, 0x7, 0x3a,
    0xf0, 0xff, 0xf9, 0x15, 0x18, 0xff, 0xff, 0xe1,
    0x0, 0x0, 0x0, 0x99, 0xff, 0xff, 0x5f, 0x3d,
    0xff, 0xff, 0xcc, 0x0, 0x0, 0x0, 0x84, 0xff,
    0xff, 0x85, 0x45, 0xff, 0xff, 0xcc, 0x0, 0x0,
    0x0, 0x84, 0xff, 0xff, 0x8c, 0x32, 0xff, 0xff,
    0xcf, 0x0, 0x0, 0x0, 0x87, 0xff, 0xff, 0x79,
    0x6, 0xf4, 0xff, 0xf4, 0xe, 0x0, 0x0, 0xb9,
    0xff, 0xff, 0x42, 0x0, 0x96, 0xff, 0xff, 0xc7,
    0x6a, 0x9f, 0xff, 0xff, 0xdb, 0x3, 0x0, 0x11,
    0xd5, 0xff, 0xff, 0xff, 0xff, 0xff, 0xf6, 0x39,
    0x0, 0x0, 0x0, 0x10, 0x8e, 0xe1, 0xfc, 0xec,
    0xac, 0x2b, 0x0, 0x0,

    /* U+0E51 "๑" */
    0x0, 0x0, 0x0, 0x29, 0x58, 0x61, 0x43, 0x8,
    0x0, 0x0, 0x0, 0x0, 0x1a, 0xbe, 0xff, 0xff,
    0xff, 0xff, 0xec, 0x58, 0x0, 0x0, 0x2, 0xcd,
    0xff, 0xff, 0xff, 0xff, 0xff, 0xff, 0xfe, 0x42,
    0x0, 0x3d, 0xff, 0xff, 0xc8, 0x1e, 0xa, 0x80,
    0xff, 0xff, 0xbd, 0x0, 0x65, 0xff, 0xff, 0x6c,
    0x0, 0x0, 0x6, 0xfa, 0xff, 0xf6, 0x1, 0x57,
    0xff, 0xff, 0xaa, 0xb, 0x0, 0x0, 0xee, 0xff,
    0xff, 0xa, 0x15, 0xf5, 0xff, 0xff, 0xff, 0x3c,
    0x5, 0xfd, 0xff, 0xf9, 0x1, 0x0, 0x4c, 0xed,
    0xff, 0xff, 0x3c, 0x38, 0xff, 0xff, 0xc6, 0x0,
    0x0, 0x0, 0x9, 0x3f, 0x56, 0x15, 0xa0, 0xff,
    0xff, 0x70, 0x0, 0x0, 0x0, 0x0, 0x0, 0x0,
    0x48, 0xfe, 0xff, 0xe4, 0xc, 0x0, 0x0, 0x0,
    0x0, 0x0, 0x39, 0xf2, 0xff, 0xfd, 0x48, 0x0,
    0x0, 0x0, 0x0, 0x0, 0x53, 0xf6, 0xff, 0xfb,
    0x60, 0x0, 0x0, 0x0,

    /* U+0E52 "๒" */
    0xbc, 0xff, 0xff, 0xc, 0x0, 0x0, 0x0, 0x0,
    0x0, 0x0, 0x0, 0x0, 0x0, 0xbc, 0xff, 0xff,
    0xc, 0x0, 0x0, 0x0, 0x0, 0x0, 0x0, 0x0,
    0x0, 0x0, 0xbc, 0xff, 0xff, 0xc, 0x0, 0x7c,
    0xe6, 0xc3, 0x4d, 0xf5, 0xce, 0x46, 0x0, 0xbc,
    0xff, 0xff, 0xc, 0x4f, 0xff, 0xff, 0xff, 0xff,
    0xff, 0xff, 0xf7, 0x1c, 0xbc, 0xff, 0xff, 0xc,
    0x9d, 0xff, 0xdf, 0x62, 0xc2, 0x77, 0xff, 0xff,
    0x6e, 0xbc, 0xff, 0xff, 0xc, 0xb5, 0xff, 0xb1,
    0x0, 0x1, 0x34, 0xff, 0xff, 0x8e, 0xbc, 0xff,
    0xff, 0xc, 0xb2, 0xff, 0xb0, 0x0, 0x0, 0x34,
    0xff, 0xff, 0x94, 0xbc, 0xff, 0xff, 0xc, 0x83,
    0xff, 0xff, 0xff, 0x48, 0x34, 0xff, 0xff, 0x94,
    0xb9, 0xff, 0xff, 0xf, 0x13, 0xd2, 0xff, 0xff,
    0x48, 0x37, 0xff, 0xff, 0x90, 0xa3, 0xff, 0xff,
    0x3b, 0x0, 0x2, 0x2e, 0x40, 0x12, 0x68, 0xff,
    0xff, 0x75, 0x64, 0xff, 0xff, 0xdf, 0x71, 0x64,
    0x64, 0x64, 0x7d, 0xef, 0xff, 0xff, 0x32, 0x9,
    0xd7, 0xff, 0xff, 0xff, 0xff, 0xff, 0xff, 0xff,
    0xff, 0xff, 0xa2, 0x0, 0x0, 0x13, 0x90, 0xda,
    0xfa, 0xff, 0xff, 0xff, 0xef, 0xc4, 0x67, 0x3,
    0x0,

    /* U+0E53 "๓" */
    0x0, 0x67, 0xd6, 0xfc, 0xf4, 0xbf, 0x31, 0xf,
    0xb9, 0xfa, 0xe6, 0x65, 0x0, 0x50, 0xff, 0xff,
    0xff, 0xff, 0xff, 0xec, 0x91, 0xff, 0xff, 0xff,
    0xfd, 0x1e, 0xae, 0xff, 0xff, 0x94, 0x91, 0xff,
    0xff, 0xdb, 0x6d, 0xdf, 0xff, 0xff, 0x4c, 0xd2,
    0xff, 0xf9, 0x2, 0x2, 0xfa, 0xff, 0x77, 0x0,
    0x83, 0xff, 0xff, 0x50, 0xd8, 0xff, 0xf4, 0x0,
    0x0, 0xf4, 0xff, 0x70, 0x0, 0x7c, 0xff, 0xff,
    0x50, 0xd8, 0xff, 0xf4, 0x0, 0x0, 0xf4, 0xff,
    0x70, 0x0, 0x7c, 0xff, 0xff, 0x50, 0xd8, 0xff,
    0xf4, 0x0, 0x0, 0xf4, 0xff, 0x70, 0x0, 0x7c,
    0xff, 0xff, 0x50, 0xd8, 0xff, 0xf4, 0x0, 0x0,
    0xf4, 0xff, 0x70, 0x0, 0x7c, 0xff, 0xff, 0x50,
    0xd0, 0xff, 0xf8, 0x5c, 0xe, 0x54, 0x58, 0x27,
    0x0, 0x7c, 0xff, 0xff, 0x50, 0x92, 0xff, 0xff,
    0xff, 0x28, 0x0, 0x0, 0x0, 0x0, 0x7c, 0xff,
    0xff, 0x50, 0x10, 0xaa, 0xf3, 0xff, 0x28, 0x0,
    0x0, 0x0, 0x0, 0x7c, 0xff, 0xff, 0x50,

    /* U+0E54 "๔" */
    0x0, 0x0, 0x0, 0x0, 0x0, 0x0, 0x0, 0x0,
    0x8c, 0xff, 0xff, 0x28, 0x0, 0x0, 0x0, 0x0,
    0x0, 0x0, 0x0, 0x0, 0x8c, 0xff, 0xff, 0x27,
    0x0, 0x0, 0x12, 0x90, 0xe1, 0xfd, 0xff, 0xff,
    0xff, 0xff, 0xfc, 0xd, 0x0, 0x15, 0xdc, 0xff,
    0xff, 0xff, 0xff, 0xff, 0xff, 0xff, 0x8a, 0x0,
    0x0, 0xa0, 0xff, 0xff, 0xc4, 0x69, 0x64, 0x64,
    0x60, 0x33, 0x0, 0x0, 0xb, 0xf9, 0xff, 0xf2,
    0xb, 0x0, 0x0, 0x0, 0x0, 0x0, 0x0, 0x0,
    0x36, 0xff, 0xff, 0xcd, 0x0, 0x1d, 0xc3, 0xfc,
    0xff, 0xdc, 0x0, 0x0, 0x46, 0xff, 0xff, 0xcc,
    0x0, 0x8d, 0xff, 0xff, 0xff, 0xdc, 0x0, 0x0,
    0x35, 0xff, 0xff, 0xcd, 0x0, 0x9b, 0xff, 0xff,
    0x5a, 0x37, 0x0, 0x0, 0xa, 0xf8, 0xff, 0xf2,
    0xc, 0x3c, 0xf7, 0xff, 0x4e, 0x0, 0x0, 0x0,
    0x0, 0x9e, 0xff, 0xff, 0xc5, 0x69, 0x84, 0xdc,
    0xe7, 0x76, 0x40, 0x0, 0x0, 0x15, 0xdc, 0xff,
    0xff, 0xff, 0xff, 0xff, 0xff, 0xff, 0xa4, 0x0,
    0x0, 0x0, 0x12, 0x91, 0xe1, 0xfd, 0xff, 0xff,
    0xff, 0xff, 0xa4, 0x0,

    /* U+0E55 "๕" */
    0x0, 0x0, 0x0, 0x0, 0x3, 0x18, 0x7, 0x0,
    0x0, 0x0, 0x0, 0x0, 0x0, 0x0, 0x0, 0x38,
    0xeb, 0xff, 0xf6, 0x5a, 0x43, 0xc4, 0xc4, 0x1f,
    0x0, 0x0, 0x0, 0x9e, 0xed, 0x57, 0xdc, 0xca,
    0x58, 0xff, 0xff, 0x25, 0x0, 0x0, 0x3c, 0xe5,
    0xf9, 0xa3, 0xf2, 0xff, 0xff, 0xff, 0xf5, 0xa,
    0x0, 0x30, 0xf7, 0xff, 0xff, 0xff, 0xff, 0xff,
    0xff, 0xef, 0x5e, 0x0, 0x0, 0xbc, 0xff, 0xff,
    0x8e, 0x26, 0x20, 0x20, 0x1d, 0x3, 0x0, 0x0,
    0x14, 0xff, 0xff, 0xe9, 0x2, 0x0, 0x0, 0x0,
    0x0, 0x0, 0x0, 0x0, 0x3c, 0xff, 0xff, 0xcd,
    0x0, 0x1d, 0xc3, 0xfc, 0xff, 0xdc, 0x0, 0x0,
    0x45, 0xff, 0xff, 0xcc, 0x0, 0x8d, 0xff, 0xff,
    0xff, 0xdc, 0x0, 0x0, 0x33, 0xff, 0xff, 0xcf,
    0x0, 0x9b, 0xff, 0xff, 0x5a, 0x37, 0x0, 0x0,
    0x8, 0xf6, 0xff, 0xf4, 0xf, 0x3c, 0xf7, 0xff,
    0x4e, 0x0, 0x0, 0x0, 0x0, 0x99, 0xff, 0xff,
    0xc7, 0x69, 0x84, 0xdc, 0xe7, 0x76, 0x40, 0x0,
    0x0, 0x12, 0xd8, 0xff, 0xff, 0xff, 0xff, 0xff,
    0xff, 0xff, 0xa4, 0x0, 0x0, 0x0, 0x12, 0x8e,
    0xe1, 0xfe, 0xff, 0xff, 0xff, 0xff, 0xa4, 0x0,

    /* U+0E56 "๖" */
    0x3a, 0x54, 0x4c, 0x0, 0x0, 0x0, 0x0, 0x0,
    0x0, 0x0, 0x0, 0x93, 0xff, 0xfd, 0x8, 0x0,
    0x0, 0x0, 0x0, 0x0, 0x0, 0x0, 0x66, 0xff,
    0xff, 0x32, 0x3, 0x45, 0x60, 0x3c, 0x1, 0x0,
    0x0, 0x38, 0xff, 0xff, 0x61, 0xbc, 0xff, 0xff,
    0xff, 0xc0, 0xe, 0x0, 0xd, 0xff, 0xff, 0xd4,
    0xff, 0xff, 0xff, 0xff, 0xff, 0x9e, 0x0, 0x0,
    0xde, 0xff, 0xf3, 0x3c, 0x4, 0x4d, 0xfa, 0xff,
    0xfb, 0x13, 0x0, 0x0, 0x0, 0x0, 0x0, 0x0,
    0x0, 0xb5, 0xff, 0xff, 0x4d, 0x0, 0x0, 0x24,
    0x3f, 0x40, 0x8, 0x0, 0xa0, 0xff, 0xff, 0x6b,
    0x0, 0x8a, 0xff, 0xff, 0xff, 0x20, 0x0, 0xa0,
    0xff, 0xff, 0x71, 0x5, 0xfa, 0xff, 0xff, 0xff,
    0x20, 0x0, 0xa3, 0xff, 0xff, 0x5e, 0x9, 0xff,
    0xff, 0xc9, 0x0, 0x0, 0x1, 0xd4, 0xff, 0xff,
    0x28, 0x0, 0xcd, 0xff, 0xff, 0xa3, 0x6a, 0xae,
    0xff, 0xff, 0xc3, 0x0, 0x0, 0x39, 0xf6, 0xff,
    0xff, 0xff, 0xff, 0xff, 0xed, 0x2a, 0x0, 0x0,
    0x0, 0x2a, 0xa6, 0xea, 0xfe, 0xe9, 0xa0, 0x20,
    0x0, 0x0,

    /* U+0E57 "๗" */
    0x0, 0x0, 0x0, 0x0, 0x0, 0x0, 0x0, 0x0,
    0x0, 0x0, 0x0, 0x0, 0x0, 0xe0, 0xff, 0xc4,
    0x0, 0x0, 0x0, 0x0, 0x0, 0x0, 0x0, 0x0,
    0x0, 0x0, 0x0, 0x0, 0x0, 0xe0, 0xff, 0xc4,
    0x0, 0x6b, 0xdb, 0xfc, 0xeb, 0x91, 0x5, 0x47,
    0xe3, 0xf5, 0x89, 0x0, 0x0, 0xe0, 0xff, 0xc4,
    0x54, 0xff, 0xff, 0xff, 0xff, 0xff, 0x89, 0xeb,
    0xff, 0xff, 0xff, 0x39, 0x0, 0xe0, 0xff, 0xc4,
    0xaf, 0xff, 0xfc, 0x7b, 0xc4, 0xff, 0xff, 0x88,
    0xb5, 0xff, 0xff, 0x69, 0x0, 0xe0, 0xff, 0xc4,
    0xd2, 0xff, 0xda, 0x0, 0x5e, 0xff, 0xf6, 0x0,
    0x3e, 0xff, 0xff, 0x70, 0x0, 0xe0, 0xff, 0xc4,
    0xd8, 0xff, 0xd8, 0x0, 0x5c, 0xff, 0xf4, 0x0,
    0x3c, 0xff, 0xff, 0x70, 0x0, 0xe0, 0xff, 0xc4,
    0xd8, 0xff, 0xd8, 0x0, 0x5c, 0xff, 0xf4, 0x0,
    0x3c, 0xff, 0xff, 0x70, 0x0, 0xe0, 0xff, 0xc4,
    0xd8, 0xff, 0xd8, 0x0, 0x5c, 0xff, 0xf4, 0x0,
    0x3c, 0xff, 0xff, 0x70, 0x0, 0xe3, 0xff, 0xc3,
    0xd8, 0xff, 0xd8, 0x0, 0x2f, 0x84, 0x7e, 0x0,
    0x3c, 0xff, 0xff, 0x70, 0x11, 0xfc, 0xff, 0xb2,
    0xd0, 0xff, 0xe8, 0x64, 0x10, 0x0, 0x0, 0x0,
    0x3c, 0xff, 0xff, 0xb3, 0xc7, 0xff, 0xff, 0x75,
    0x92, 0xff, 0xff, 0xff, 0x28, 0x0, 0x0, 0x0,
    0x3c, 0xff, 0xff, 0xff, 0xff, 0xff, 0xdb, 0xe,
    0x10, 0xaa, 0xf3, 0xff, 0x28, 0x0, 0x0, 0x0,
    0x3c, 0xff, 0xff, 0xfc, 0xdc, 0x91, 0x14, 0x0,

    /* U+0E58 "๘" */
    0x0, 0x0, 0x0, 0x0, 0x0, 0x0, 0x0, 0x0,
    0x8c, 0xff, 0xff, 0x28, 0x0, 0x0, 0x0, 0x0,
    0x0, 0x0, 0x0, 0x0, 0x8c, 0xff, 0xff, 0x27,
    0x0, 0x0, 0xf, 0x8c, 0xe1, 0xfd, 0xff, 0xff,
    0xff, 0xff, 0xfc, 0xd, 0x0, 0xf, 0xd5, 0xff,
    0xff, 0xff, 0xff, 0xff, 0xff, 0xff, 0x8a, 0x0,
    0x0, 0x90, 0xff, 0xff, 0xb5, 0x67, 0x64, 0x64,
    0x60, 0x33, 0x0, 0x0, 0x3, 0xef, 0xff, 0xe0,
    0x4, 0x0, 0x0, 0x0, 0x0, 0x0, 0x0, 0x0,
    0x24, 0xff, 0xff, 0xb3, 0x0, 0x0, 0x0, 0x0,
    0xbc, 0xfd, 0xca, 0x1d, 0x39, 0xff, 0xff, 0xb0,
    0x0, 0x3e, 0x58, 0x27, 0xbc, 0xff, 0xff, 0x9c,
    0x33, 0xff, 0xff, 0xb0, 0x0, 0xdc, 0xff, 0x78,
    0x2f, 0xa3, 0xff, 0xcf, 0x12, 0xff, 0xff, 0xc4,
    0x1c, 0xff, 0xff, 0x9b, 0x0, 0x8d, 0xff, 0xd5,
    0x0, 0xc9, 0xff, 0xfd, 0xb5, 0xff, 0xc3, 0xf5,
    0x8d, 0xea, 0xff, 0xbf, 0x0, 0x48, 0xff, 0xff,
    0xff, 0xff, 0x79, 0xbf, 0xff, 0xff, 0xff, 0x79,
    0x0, 0x0, 0x5a, 0xdd, 0xfb, 0xb5, 0xd, 0x24,
    0xcb, 0xfa, 0xb1, 0xa,

    /* U+0E59 "๙" */
    0x0, 0x0, 0x0, 0x0, 0x0, 0x0, 0x0, 0x0,
    0x0, 0x14, 0xff, 0xff, 0x3c, 0x0, 0x0, 0x0,
    0x0, 0x0, 0x0, 0x0, 0x0, 0x0, 0x14, 0xff,
    0xff, 0x3c, 0x16, 0xb7, 0xf8, 0xe2, 0x5d, 0x7,
    0xcb, 0xec, 0x38, 0x14, 0xff, 0xff, 0x3c, 0xa6,
    0xff, 0xff, 0xff, 0xfe, 0x7c, 0xff, 0xff, 0xc2,
    0x16, 0xff, 0xff, 0x34, 0xed, 0xff, 0xe8, 0xb6,
    0xff, 0xfe, 0x96, 0xfc, 0xff, 0x6e, 0xff, 0xfe,
    0x12, 0xfc, 0xff, 0xb4, 0x15, 0xf9, 0xff, 0x39,
    0xa4, 0xff, 0xff, 0xff, 0xb4, 0x0, 0xfc, 0xff,
    0xb4, 0x0, 0xa6, 0xff, 0xa2, 0x2c, 0xff, 0xf2,
    0xac, 0x15, 0x0, 0xfc, 0xff, 0xb4, 0x0, 0x3e,
    0xff, 0xf9, 0x16, 0x0, 0x0, 0x0, 0x0, 0x0,
    0xfc, 0xff, 0xb4, 0x0, 0x1, 0xd6, 0xff, 0x7b,
    0x0, 0x0, 0x0, 0x0, 0x0, 0xfc, 0xff, 0xb4,
    0x0, 0x0, 0x6e, 0xff, 0xe3, 0x4, 0x0, 0x0,
    0x0, 0x0, 0xf4, 0xff, 0xcf, 0x5c, 0x1, 0x11,
    0xf6, 0xff, 0x53, 0x0, 0x0, 0x0, 0x0, 0xb6,
    0xff, 0xff, 0xff, 0x4, 0x0, 0xa0, 0xff, 0xbe,
    0x0, 0x0, 0x0, 0x0, 0x1e, 0xba, 0xf8, 0xff,
    0x4, 0x0, 0x39, 0xff, 0xff, 0x2b, 0x0, 0x0,
    0x0,

    /* U+0E5A "๚" */
    0x0, 0x30, 0xbd, 0xf7, 0xff, 0xdc, 0x20, 0xff,
    0xff, 0xc8, 0x0, 0x24, 0xff, 0xff, 0xc4, 0x1b,
    0xee, 0xff, 0xff, 0xff, 0xdc, 0x21, 0xff, 0xff,
    0xc8, 0x0, 0x25, 0xff, 0xff, 0xc4, 0x7f, 0xff,
    0xff, 0xc5, 0x60, 0x4f, 0x2f, 0xff, 0xff, 0xc8,
    0x0, 0x33, 0xff, 0xff, 0xc4, 0xaa, 0xff, 0xff,
    0x3f, 0x0, 0x0, 0x65, 0xff, 0xff, 0xc8, 0x0,
    0x69, 0xff, 0xff, 0xc4, 0xa0, 0xff, 0xff, 0x8c,
    0x8, 0x2b, 0xe0, 0xff, 0xff, 0xc9, 0x2e, 0xe2,
    0xff, 0xff, 0xc4, 0x5c, 0xff, 0xff, 0xff, 0xff,
    0xff, 0xbf, 0xff, 0xff, 0xff, 0xff, 0xbb, 0xff,
    0xff, 0xc4, 0x2, 0xa2, 0xff, 0xff, 0xff, 0xd4,
    0x36, 0xff, 0xff, 0xff, 0xd1, 0x37, 0xff, 0xff,
    0xc4, 0x0, 0x0, 0x2f, 0x5b, 0x47, 0x6, 0x20,
    0xff, 0xff, 0xd4, 0x5, 0x24, 0xff, 0xff, 0xc4,
    0x0, 0x0, 0x0, 0x0, 0x0, 0x0, 0x20, 0xff,
    0xff, 0xc8, 0x0, 0x24, 0xff, 0xff, 0xc4, 0x0,
    0x0, 0x0, 0x0, 0x0, 0x0, 0x20, 0xff, 0xff,
    0xc8, 0x0, 0x24, 0xff, 0xff, 0xc4, 0x0, 0x0,
    0x0, 0x0, 0x0, 0x0, 0x20, 0xff, 0xff, 0xc8,
    0x0, 0x24, 0xff, 0xff, 0xc4, 0x0, 0x0, 0x0,
    0x0, 0x0, 0x0, 0x20, 0xff, 0xff, 0xc8, 0x0,
    0x24, 0xff, 0xff, 0xc4,

    /* U+0E5B "๛" */
    0x0, 0x47, 0xc5, 0xf7, 0xff, 0x50, 0x36, 0x9c,
    0x9c, 0x19, 0x5d, 0x9c, 0x83, 0x0, 0x0, 0x0,
    0x45, 0xfd, 0xff, 0xff, 0xff, 0x50, 0x8b, 0xff,
    0xff, 0x61, 0xc9, 0xff, 0xff, 0x38, 0x0, 0x0,
    0xbc, 0xff, 0xff, 0xbd, 0x60, 0x1d, 0xd2, 0xff,
    0xff, 0xb1, 0xfb, 0xff, 0xff, 0xac, 0x0, 0x0,
    0xdd, 0xff, 0xff, 0x40, 0x0, 0x34, 0xff, 0xbf,
    0xf5, 0xff, 0xff, 0xac, 0xfe, 0xff, 0xff, 0x80,
    0xc0, 0xff, 0xff, 0xc6, 0x7d, 0xe3, 0xff, 0x5b,
    0xca, 0xff, 0xff, 0x64, 0x97, 0xff, 0xff, 0x80,
    0x50, 0xff, 0xff, 0xff, 0xff, 0xff, 0xc2, 0x2,
    0x9a, 0xff, 0xff, 0x3c, 0x1, 0x2e, 0x40, 0x20,
    0x0, 0x57, 0xd2, 0xf9, 0xea, 0x95, 0xd, 0x0,
    0x0, 0x0, 0x0, 0x0, 0x0, 0x0, 0x0, 0x0
};


/*---------------------
 *  GLYPH DESCRIPTION
 *--------------------*/

static const lv_font_fmt_txt_glyph_dsc_t glyph_dsc[] = {
    {.bitmap_index = 0, .adv_w = 0, .box_w = 0, .box_h = 0, .ofs_x = 0, .ofs_y = 0} /* id = 0 reserved */,
    {.bitmap_index = 0, .adv_w = 76, .box_w = 0, .box_h = 0, .ofs_x = 0, .ofs_y = 0},
    {.bitmap_index = 0, .adv_w = 102, .box_w = 4, .box_h = 14, .ofs_x = 1, .ofs_y = 0},
    {.bitmap_index = 56, .adv_w = 158, .box_w = 8, .box_h = 7, .ofs_x = 1, .ofs_y = 8},
    {.bitmap_index = 112, .adv_w = 202, .box_w = 13, .box_h = 14, .ofs_x = 0, .ofs_y = 0},
    {.bitmap_index = 294, .adv_w = 192, .box_w = 12, .box_h = 18, .ofs_x = 0, .ofs_y = -2},
    {.bitmap_index = 510, .adv_w = 312, .box_w = 18, .box_h = 14, .ofs_x = 1, .ofs_y = 0},
    {.bitmap_index = 762, .adv_w = 231, .box_w = 14, .box_h = 14, .ofs_x = 1, .ofs_y = 0},
    {.bitmap_index = 958, .adv_w = 86, .box_w = 3, .box_h = 7, .ofs_x = 1, .ofs_y = 8},
    {.bitmap_index = 979, .adv_w = 108, .box_w = 8, .box_h = 19, .ofs_x = 0, .ofs_y = -4},
    {.bitmap_index = 1131, .adv_w = 108, .box_w = 8, .box_h = 19, .ofs_x = -1, .ofs_y = -4},
    {.bitmap_index = 1283, .adv_w = 192, .box_w = 12, .box_h = 11, .ofs_x = 0, .ofs_y = 4},
    {.bitmap_index = 1415, .adv_w = 192, .box_w = 10, .box_h = 10, .ofs_x = 1, .ofs_y = 1},
    {.bitmap_index = 1515, .adv_w = 99, .box_w = 5, .box_h = 7, .ofs_x = 0, .ofs_y = -3},
    {.bitmap_index = 1550, .adv_w = 129, .box_w = 6, .box_h = 3, .ofs_x = 1, .ofs_y = 5},
    {.bitmap_index = 1568, .adv_w = 99, .box_w = 4, .box_h = 4, .ofs_x = 1, .ofs_y = 0},
    {.bitmap_index = 1584, .adv_w = 147, .box_w = 9, .box_h = 19, .ofs_x = 0, .ofs_y = -4},
    {.bitmap_index = 1755, .adv_w = 192, .box_w = 12, .box_h = 14, .ofs_x = 0, .ofs_y = 0},
    {.bitmap_index = 1923, .adv_w = 192, .box_w = 12, .box_h = 14, .ofs_x = 0, .ofs_y = 0},
    {.bitmap_index = 2091, .adv_w = 192, .box_w = 12, .box_h = 14, .ofs_x = 0, .ofs_y = 0},
    {.bitmap_index = 2259, .adv_w = 192, .box_w = 11, .box_h = 14, .ofs_x = 0, .ofs_y = 0},
    {.bitmap_index = 2413, .adv_w = 192, .box_w = 12, .box_h = 14, .ofs_x = 0, .ofs_y = 0},
    {.bitmap_index = 2581, .adv_w = 192, .box_w = 12, .box_h = 14, .ofs_x = 0, .ofs_y = 0},
    {.bitmap_index = 2749, .adv_w = 192, .box_w = 12, .box_h = 14, .ofs_x = 0, .ofs_y = 0},
    {.bitmap_index = 2917, .adv_w = 192, .box_w = 10, .box_h = 14, .ofs_x = 1, .ofs_y = 0},
    {.bitmap_index = 3057, .adv_w = 192, .box_w = 12, .box_h = 14, .ofs_x = 0, .ofs_y = 0},
    {.bitmap_index = 3225, .adv_w = 192, .box_w = 12, .box_h = 14, .ofs_x = 0, .ofs_y = 0},
    {.bitmap_index = 3393, .adv_w = 106, .box_w = 5, .box_h = 11, .ofs_x = 1, .ofs_y = 0},
    {.bitmap_index = 3448, .adv_w = 106, .box_w = 6, .box_h = 14, .ofs_x = 0, .ofs_y = -3},
    {.bitmap_index = 3532, .adv_w = 192, .box_w = 8, .box_h = 14, .ofs_x = 2, .ofs_y = -1},
    {.bitmap_index = 3644, .adv_w = 192, .box_w = 10, .box_h = 7, .ofs_x = 1, .ofs_y = 3},
    {.bitmap_index = 3714, .adv_w = 192, .box_w = 8, .box_h = 14, .ofs_x = 2, .ofs_y = -1},
    {.bitmap_index = 3826, .adv_w = 160, .box_w = 10, .box_h = 14, .ofs_x = 0, .ofs_y = 0},
    {.bitmap_index = 3966, .adv_w = 289, .box_w = 16, .box_h = 17, .ofs_x = 1, .ofs_y = -3},
    {.bitmap_index = 4238, .adv_w = 219, .box_w = 14, .box_h = 14, .ofs_x = 0, .ofs_y = 0},
    {.bitmap_index = 4434, .adv_w = 213, .box_w = 12, .box_h = 14, .ofs_x = 1, .ofs_y = 0},
    {.bitmap_index = 4602, .adv_w = 208, .box_w = 12, .box_h = 14, .ofs_x = 1, .ofs_y = 0},
    {.bitmap_index = 4770, .adv_w = 223, .box_w = 12, .box_h = 14, .ofs_x = 1, .ofs_y = 0},
    {.bitmap_index = 4938, .adv_w = 194, .box_w = 11, .box_h = 14, .ofs_x = 1, .ofs_y = 0},
    {.bitmap_index = 5092, .adv_w = 187, .box_w = 10, .box_h = 14, .ofs_x = 1, .ofs_y = 0},
    {.bitmap_index = 5232, .adv_w = 230, .box_w = 12, .box_h = 14, .ofs_x = 1, .ofs_y = 0},
    {.bitmap_index = 5400, .adv_w = 232, .box_w = 12, .box_h = 14, .ofs_x = 1, .ofs_y = 0},
    {.bitmap_index = 5568, .adv_w = 138, .box_w = 7, .box_h = 14, .ofs_x = 1, .ofs_y = 0},
    {.bitmap_index = 5666, .adv_w = 179, .box_w = 10, .box_h = 14, .ofs_x = 0, .ofs_y = 0},
    {.bitmap_index = 5806, .adv_w = 223, .box_w = 13, .box_h = 14, .ofs_x = 1, .ofs_y = 0},
    {.bitmap_index = 5988, .adv_w = 170, .box_w = 9, .box_h = 14, .ofs_x = 1, .ofs_y = 0},
    {.bitmap_index = 6114, .adv_w = 262, .box_w = 14, .box_h = 14, .ofs_x = 1, .ofs_y = 0},
    {.bitmap_index = 6310, .adv_w = 232, .box_w = 12, .box_h = 14, .ofs_x = 1, .ofs_y = 0},
    {.bitmap_index = 6478, .adv_w = 228, .box_w = 13, .box_h = 14, .ofs_x = 1, .ofs_y = 0},
    {.bitmap_index = 6660, .adv_w = 210, .box_w = 12, .box_h = 14, .ofs_x = 1, .ofs_y = 0},
    {.bitmap_index = 6828, .adv_w = 228, .box_w = 13, .box_h = 18, .ofs_x = 1, .ofs_y = -4},
    {.bitmap_index = 7062, .adv_w = 216, .box_w = 12, .box_h = 14, .ofs_x = 1, .ofs_y = 0},
    {.bitmap_index = 7230, .adv_w = 200, .box_w = 12, .box_h = 14, .ofs_x = 0, .ofs_y = 0},
    {.bitmap_index = 7398, .adv_w = 187, .box_w = 12, .box_h = 14, .ofs_x = 0, .ofs_y = 0},
    {.bitmap_index = 7566, .adv_w = 222, .box_w = 12, .box_h = 14, .ofs_x = 1, .ofs_y = 0},
    {.bitmap_index = 7734, .adv_w = 208, .box_w = 13, .box_h = 14, .ofs_x = 0, .ofs_y = 0},
    {.bitmap_index = 7916, .adv_w = 311, .box_w = 19, .box_h = 14, .ofs_x = 0, .ofs_y = 0},
    {.bitmap_index = 8182, .adv_w = 215, .box_w = 14, .box_h = 14, .ofs_x = 0, .ofs_y = 0},
    {.bitmap_index = 8378, .adv_w = 208, .box_w = 13, .box_h = 14, .ofs_x = 0, .ofs_y = 0},
    {.bitmap_index = 8560, .adv_w = 194, .box_w = 12, .box_h = 14, .ofs_x = 0, .ofs_y = 0},
    {.bitmap_index = 8728, .adv_w = 107, .box_w = 5, .box_h = 19, .ofs_x = 1, .ofs_y = -4},
    {.bitmap_index = 8823, .adv_w = 147, .box_w = 10, .box_h = 19, .ofs_x = 0, .ofs_y = -4},
    {.bitmap_index = 9013, .adv_w = 107, .box_w = 5, .box_h = 19, .ofs_x = 1, .ofs_y = -4},
    {.bitmap_index = 9108, .adv_w = 192, .box_w = 12, .box_h = 9, .ofs_x = 0, .ofs_y = 5},
    {.bitmap_index = 9216, .adv_w = 178, .box_w = 11, .box_h = 3, .ofs_x = 0, .ofs_y = -4},
    {.bitmap_index = 9249, .adv_w = 192, .box_w = 5, .box_h = 6, .ofs_x = 3, .ofs_y = 11},
    {.bitmap_index = 9279, .adv_w = 182, .box_w = 11, .box_h = 11, .ofs_x = 0, .ofs_y = 0},
    {.bitmap_index = 9400, .adv_w = 195, .box_w = 11, .box_h = 15, .ofs_x = 1, .ofs_y = 0},
    {.bitmap_index = 9565, .adv_w = 165, .box_w = 10, .box_h = 11, .ofs_x = 0, .ofs_y = 0},
    {.bitmap_index = 9675, .adv_w = 195, .box_w = 11, .box_h = 15, .ofs_x = 0, .ofs_y = 0},
    {.bitmap_index = 9840, .adv_w = 180, .box_w = 11, .box_h = 11, .ofs_x = 0, .ofs_y = 0},
    {.bitmap_index = 9961, .adv_w = 116, .box_w = 7, .box_h = 15, .ofs_x = 0, .ofs_y = 0},
    {.bitmap_index = 10066, .adv_w = 177, .box_w = 12, .box_h = 18, .ofs_x = 0, .ofs_y = -4},
    {.bitmap_index = 10282, .adv_w = 191, .box_w = 10, .box_h = 15, .ofs_x = 1, .ofs_y = 0},
    {.bitmap_index = 10432, .adv_w = 92, .box_w = 4, .box_h = 15, .ofs_x = 1, .ofs_y = 0},
    {.bitmap_index = 10492, .adv_w = 92, .box_w = 6, .box_h = 19, .ofs_x = -1, .ofs_y = -4},
    {.bitmap_index = 10606, .adv_w = 185, .box_w = 11, .box_h = 15, .ofs_x = 1, .ofs_y = 0},
    {.bitmap_index = 10771, .adv_w = 97, .box_w = 5, .box_h = 15, .ofs_x = 1, .ofs_y = 0},
    {.bitmap_index = 10846, .adv_w = 286, .box_w = 16, .box_h = 11, .ofs_x = 1, .ofs_y = 0},
    {.bitmap_index = 11022, .adv_w = 191, .box_w = 10, .box_h = 11, .ofs_x = 1, .ofs_y = 0},
    {.bitmap_index = 11132, .adv_w = 180, .box_w = 11, .box_h = 11, .ofs_x = 0, .ofs_y = 0},
    {.bitmap_index = 11253, .adv_w = 195, .box_w = 11, .box_h = 15, .ofs_x = 1, .ofs_y = -4},
    {.bitmap_index = 11418, .adv_w = 195, .box_w = 11, .box_h = 15, .ofs_x = 0, .ofs_y = -4},
    {.bitmap_index = 11583, .adv_w = 129, .box_w = 7, .box_h = 11, .ofs_x = 1, .ofs_y = 0},
    {.bitmap_index = 11660, .adv_w = 161, .box_w = 10, .box_h = 11, .ofs_x = 0, .ofs_y = 0},
    {.bitmap_index = 11770, .adv_w = 123, .box_w = 7, .box_h = 14, .ofs_x = 0, .ofs_y = 0},
    {.bitmap_index = 11868, .adv_w = 191, .box_w = 10, .box_h = 11, .ofs_x = 1, .ofs_y = 0},
    {.bitmap_index = 11978, .adv_w = 172, .box_w = 11, .box_h = 11, .ofs_x = 0, .ofs_y = 0},
    {.bitmap_index = 12099, .adv_w = 269, .box_w = 17, .box_h = 11, .ofs_x = 0, .ofs_y = 0},
    {.bitmap_index = 12286, .adv_w = 179, .box_w = 11, .box_h = 11, .ofs_x = 0, .ofs_y = 0},
    {.bitmap_index = 12407, .adv_w = 171, .box_w = 11, .box_h = 15, .ofs_x = 0, .ofs_y = -4},
    {.bitmap_index = 12572, .adv_w = 166, .box_w = 10, .box_h = 11, .ofs_x = 0, .ofs_y = 0},
    {.bitmap_index = 12682, .adv_w = 119, .box_w = 7, .box_h = 19, .ofs_x = 0, .ofs_y = -4},
    {.bitmap_index = 12815, .adv_w = 129, .box_w = 4, .box_h = 19, .ofs_x = 2, .ofs_y = -4},
    {.bitmap_index = 12891, .adv_w = 119, .box_w = 7, .box_h = 19, .ofs_x = 1, .ofs_y = -4},
    {.bitmap_index = 13024, .adv_w = 192, .box_w = 10, .box_h = 4, .ofs_x = 1, .ofs_y = 4},
    {.bitmap_index = 13064, .adv_w = 202, .box_w = 11, .box_h = 12, .ofs_x = 1, .ofs_y = 0},
    {.bitmap_index = 13196, .adv_w = 188, .box_w = 10, .box_h = 12, .ofs_x = 1, .ofs_y = 0},
    {.bitmap_index = 13316, .adv_w = 194, .box_w = 11, .box_h = 12, .ofs_x = 0, .ofs_y = 0},
    {.bitmap_index = 13448, .adv_w = 204, .box_w = 11, .box_h = 12, .ofs_x = 1, .ofs_y = 0},
    {.bitmap_index = 13580, .adv_w = 206, .box_w = 11, .box_h = 12, .ofs_x = 1, .ofs_y = 0},
    {.bitmap_index = 13712, .adv_w = 207, .box_w = 12, .box_h = 12, .ofs_x = 0, .ofs_y = 0},
    {.bitmap_index = 13856, .adv_w = 188, .box_w = 11, .box_h = 12, .ofs_x = 0, .ofs_y = 0},
    {.bitmap_index = 13988, .adv_w = 181, .box_w = 11, .box_h = 12, .ofs_x = 0, .ofs_y = 0},
    {.bitmap_index = 14120, .adv_w = 199, .box_w = 12, .box_h = 12, .ofs_x = 0, .ofs_y = 0},
    {.bitmap_index = 14264, .adv_w = 180, .box_w = 11, .box_h = 12, .ofs_x = 0, .ofs_y = 0},
    {.bitmap_index = 14396, .adv_w = 191, .box_w = 12, .box_h = 12, .ofs_x = 0, .ofs_y = 0},
    {.bitmap_index = 14540, .adv_w = 297, .box_w = 17, .box_h = 12, .ofs_x = 1, .ofs_y = 0},
    {.bitmap_index = 14744, .adv_w = 297, .box_w = 17, .box_h = 16, .ofs_x = 1, .ofs_y = -4},
    {.bitmap_index = 15016, .adv_w = 204, .box_w = 12, .box_h = 17, .ofs_x = 0, .ofs_y = -5},
    {.bitmap_index = 15220, .adv_w = 204, .box_w = 12, .box_h = 16, .ofs_x = 0, .ofs_y = -4},
    {.bitmap_index = 15412, .adv_w = 193, .box_w = 12, .box_h = 18, .ofs_x = 0, .ofs_y = -4},
    {.bitmap_index = 15628, .adv_w = 209, .box_w = 12, .box_h = 12, .ofs_x = 0, .ofs_y = 0},
    {.bitmap_index = 15772, .adv_w = 293, .box_w = 17, .box_h = 12, .ofs_x = 0, .ofs_y = 0},
    {.bitmap_index = 15976, .adv_w = 299, .box_w = 17, .box_h = 12, .ofs_x = 1, .ofs_y = 0},
    {.bitmap_index = 16180, .adv_w = 197, .box_w = 11, .box_h = 12, .ofs_x = 0, .ofs_y = 0},
    {.bitmap_index = 16312, .adv_w = 201, .box_w = 12, .box_h = 12, .ofs_x = 0, .ofs_y = 0},
    {.bitmap_index = 16456, .adv_w = 202, .box_w = 11, .box_h = 12, .ofs_x = 1, .ofs_y = 0},
    {.bitmap_index = 16588, .adv_w = 204, .box_w = 11, .box_h = 12, .ofs_x = 1, .ofs_y = 0},
    {.bitmap_index = 16720, .adv_w = 176, .box_w = 10, .box_h = 12, .ofs_x = 1, .ofs_y = 0},
    {.bitmap_index = 16840, .adv_w = 203, .box_w = 11, .box_h = 12, .ofs_x = 1, .ofs_y = 0},
    {.bitmap_index = 16972, .adv_w = 200, .box_w = 11, .box_h = 12, .ofs_x = 1, .ofs_y = 0},
    {.bitmap_index = 17104, .adv_w = 200, .box_w = 11, .box_h = 16, .ofs_x = 1, .ofs_y = 0},
    {.bitmap_index = 17280, .adv_w = 214, .box_w = 11, .box_h = 12, .ofs_x = 1, .ofs_y = 0},
    {.bitmap_index = 17412, .adv_w = 214, .box_w = 11, .box_h = 16, .ofs_x = 1, .ofs_y = 0},
    {.bitmap_index = 17588, .adv_w = 240, .box_w = 15, .box_h = 12, .ofs_x = 0, .ofs_y = 0},
    {.bitmap_index = 17768, .adv_w = 230, .box_w = 14, .box_h = 16, .ofs_x = 0, .ofs_y = 0},
    {.bitmap_index = 17992, .adv_w = 204, .box_w = 12, .box_h = 12, .ofs_x = 0, .ofs_y = 0},
    {.bitmap_index = 18136, .adv_w = 204, .box_w = 11, .box_h = 12, .ofs_x = 1, .ofs_y = 0},
    {.bitmap_index = 18268, .adv_w = 195, .box_w = 11, .box_h = 12, .ofs_x = 0, .ofs_y = 0},
    {.bitmap_index = 18400, .adv_w = 174, .box_w = 10, .box_h = 12, .ofs_x = 0, .ofs_y = 0},
    {.bitmap_index = 18520, .adv_w = 202, .box_w = 11, .box_h = 16, .ofs_x = 1, .ofs_y = -4},
    {.bitmap_index = 18696, .adv_w = 188, .box_w = 11, .box_h = 12, .ofs_x = 0, .ofs_y = 0},
    {.bitmap_index = 18828, .adv_w = 204, .box_w = 12, .box_h = 16, .ofs_x = 0, .ofs_y = -4},
    {.bitmap_index = 19020, .adv_w = 174, .box_w = 10, .box_h = 12, .ofs_x = 0, .ofs_y = 0},
    {.bitmap_index = 19140, .adv_w = 212, .box_w = 12, .box_h = 13, .ofs_x = 1, .ofs_y = 0},
    {.bitmap_index = 19296, .adv_w = 205, .box_w = 12, .box_h = 12, .ofs_x = 1, .ofs_y = 0},
    {.bitmap_index = 19440, .adv_w = 196, .box_w = 12, .box_h = 13, .ofs_x = 0, .ofs_y = 0},
    {.bitmap_index = 19596, .adv_w = 196, .box_w = 11, .box_h = 12, .ofs_x = 1, .ofs_y = 0},
    {.bitmap_index = 19728, .adv_w = 234, .box_w = 16, .box_h = 16, .ofs_x = 0, .ofs_y = 0},
    {.bitmap_index = 19984, .adv_w = 189, .box_w = 11, .box_h = 12, .ofs_x = 0, .ofs_y = 0},
    {.bitmap_index = 20116, .adv_w = 201, .box_w = 13, .box_h = 13, .ofs_x = 0, .ofs_y = 0},
    {.bitmap_index = 20285, .adv_w = 181, .box_w = 10, .box_h = 12, .ofs_x = 0, .ofs_y = 0},
    {.bitmap_index = 20405, .adv_w = 146, .box_w = 7, .box_h = 11, .ofs_x = 1, .ofs_y = 1},
    {.bitmap_index = 20482, .adv_w = 0, .box_w = 8, .box_h = 4, .ofs_x = -7, .ofs_y = 13},
    {.bitmap_index = 20514, .adv_w = 163, .box_w = 9, .box_h = 12, .ofs_x = 0, .ofs_y = 0},
    {.bitmap_index = 20622, .adv_w = 163, .box_w = 15, .box_h = 18, .ofs_x = -6, .ofs_y = 0},
    {.bitmap_index = 20892, .adv_w = 0, .box_w = 10, .box_h = 3, .ofs_x = -11, .ofs_y = 13},
    {.bitmap_index = 20922, .adv_w = 0, .box_w = 10, .box_h = 5, .ofs_x = -11, .ofs_y = 13},
    {.bitmap_index = 20972, .adv_w = 0, .box_w = 11, .box_h = 6, .ofs_x = -11, .ofs_y = 13},
    {.bitmap_index = 21038, .adv_w = 0, .box_w = 10, .box_h = 5, .ofs_x = -11, .ofs_y = 13},
    {.bitmap_index = 21088, .adv_w = 0, .box_w = 5, .box_h = 6, .ofs_x = -6, .ofs_y = -7},
    {.bitmap_index = 21118, .adv_w = 0, .box_w = 7, .box_h = 5, .ofs_x = -8, .ofs_y = -6},
    {.bitmap_index = 21153, .adv_w = 0, .box_w = 4, .box_h = 4, .ofs_x = -5, .ofs_y = -5},
    {.bitmap_index = 21169, .adv_w = 213, .box_w = 12, .box_h = 18, .ofs_x = 1, .ofs_y = -2},
    {.bitmap_index = 21385, .adv_w = 105, .box_w = 6, .box_h = 12, .ofs_x = 1, .ofs_y = 0},
    {.bitmap_index = 21457, .adv_w = 202, .box_w = 12, .box_h = 12, .ofs_x = 1, .ofs_y = 0},
    {.bitmap_index = 21601, .adv_w = 125, .box_w = 9, .box_h = 18, .ofs_x = 0, .ofs_y = 0},
    {.bitmap_index = 21763, .adv_w = 126, .box_w = 9, .box_h = 19, .ofs_x = -1, .ofs_y = 0},
    {.bitmap_index = 21934, .adv_w = 122, .box_w = 8, .box_h = 18, .ofs_x = 0, .ofs_y = 0},
    {.bitmap_index = 22078, .adv_w = 165, .box_w = 9, .box_h = 16, .ofs_x = 0, .ofs_y = -4},
    {.bitmap_index = 22222, .adv_w = 177, .box_w = 10, .box_h = 15, .ofs_x = 0, .ofs_y = -3},
    {.bitmap_index = 22372, .adv_w = 0, .box_w = 8, .box_h = 6, .ofs_x = -10, .ofs_y = 12},
    {.bitmap_index = 22420, .adv_w = 0, .box_w = 4, .box_h = 5, .ofs_x = -5, .ofs_y = 13},
    {.bitmap_index = 22440, .adv_w = 0, .box_w = 8, .box_h = 5, .ofs_x = -8, .ofs_y = 13},
    {.bitmap_index = 22480, .adv_w = 0, .box_w = 9, .box_h = 5, .ofs_x = -9, .ofs_y = 13},
    {.bitmap_index = 22525, .adv_w = 0, .box_w = 6, .box_h = 6, .ofs_x = -6, .ofs_y = 13},
    {.bitmap_index = 22561, .adv_w = 0, .box_w = 6, .box_h = 5, .ofs_x = -6, .ofs_y = 13},
    {.bitmap_index = 22591, .adv_w = 0, .box_w = 6, .box_h = 6, .ofs_x = -6, .ofs_y = 12},
    {.bitmap_index = 22627, .adv_w = 0, .box_w = 6, .box_h = 5, .ofs_x = -6, .ofs_y = 13},
    {.bitmap_index = 22657, .adv_w = 175, .box_w = 11, .box_h = 11, .ofs_x = 0, .ofs_y = 0},
    {.bitmap_index = 22778, .adv_w = 180, .box_w = 11, .box_h = 12, .ofs_x = 0, .ofs_y = 0},
    {.bitmap_index = 22910, .adv_w = 172, .box_w = 11, .box_h = 12, .ofs_x = 0, .ofs_y = 0},
    {.bitmap_index = 23042, .adv_w = 236, .box_w = 13, .box_h = 13, .ofs_x = 1, .ofs_y = 0},
    {.bitmap_index = 23211, .adv_w = 233, .box_w = 13, .box_h = 11, .ofs_x = 1, .ofs_y = 0},
    {.bitmap_index = 23354, .adv_w = 184, .box_w = 12, .box_h = 13, .ofs_x = 0, .ofs_y = 0},
    {.bitmap_index = 23510, .adv_w = 184, .box_w = 12, .box_h = 14, .ofs_x = 0, .ofs_y = 0},
    {.bitmap_index = 23678, .adv_w = 179, .box_w = 11, .box_h = 14, .ofs_x = 0, .ofs_y = 0},
    {.bitmap_index = 23832, .adv_w = 289, .box_w = 16, .box_h = 13, .ofs_x = 1, .ofs_y = 0},
    {.bitmap_index = 24040, .adv_w = 196, .box_w = 12, .box_h = 13, .ofs_x = 0, .ofs_y = 0},
    {.bitmap_index = 24196, .adv_w = 221, .box_w = 13, .box_h = 13, .ofs_x = 1, .ofs_y = 0},
    {.bitmap_index = 24365, .adv_w = 260, .box_w = 15, .box_h = 12, .ofs_x = 0, .ofs_y = 0},
    {.bitmap_index = 24545, .adv_w = 279, .box_w = 16, .box_h = 7, .ofs_x = 1, .ofs_y = 2}
};

/*---------------------
 *  CHARACTER MAPPING
 *--------------------*/



/*Collect the unicode lists and glyph_id offsets*/
static const lv_font_fmt_txt_cmap_t cmaps[] =
{
    {
        .range_start = 32, .range_length = 95, .glyph_id_start = 1,
        .unicode_list = NULL, .glyph_id_ofs_list = NULL, .list_length = 0, .type = LV_FONT_FMT_TXT_CMAP_FORMAT0_TINY
    },
    {
        .range_start = 3585, .range_length = 58, .glyph_id_start = 96,
        .unicode_list = NULL, .glyph_id_ofs_list = NULL, .list_length = 0, .type = LV_FONT_FMT_TXT_CMAP_FORMAT0_TINY
    },
    {
        .range_start = 3647, .range_length = 29, .glyph_id_start = 154,
        .unicode_list = NULL, .glyph_id_ofs_list = NULL, .list_length = 0, .type = LV_FONT_FMT_TXT_CMAP_FORMAT0_TINY
    }
};

/*-----------------
 *    KERNING
 *----------------*/


/*Pair left and right glyphs for kerning*/
static const uint8_t kern_pair_glyph_ids[] =
{
    3, 13,
    3, 15,
    6, 3,
    6, 8,
    6, 11,
    8, 13,
    8, 15,
    11, 13,
    11, 15,
    13, 3,
    13, 8,
    13, 11,
    13, 32,
    15, 3,
    15, 8,
    15, 11,
    15, 32,
    16, 16,
    32, 13,
    32, 15
};

/* Kerning between the respective left and right glyphs
 * 4.4 format which needs to scaled with `kern_scale`*/
static const int8_t kern_pair_values[] =
{
    -29, -29, -19, -19, -19, -29, -29, -29,
    -29, -29, -29, -29, -26, -29, -29, -29,
    -26, -61, -38, -38
};

/*Collect the kern pair's data in one place*/
static const lv_font_fmt_txt_kern_pair_t kern_pairs =
{
    .glyph_ids = kern_pair_glyph_ids,
    .values = kern_pair_values,
    .pair_cnt = 20,
    .glyph_ids_size = 0
};

/*--------------------
 *  ALL CUSTOM DATA
 *--------------------*/

#if LVGL_VERSION_MAJOR == 8
/*Store all the custom data of the font*/
static  lv_font_fmt_txt_glyph_cache_t cache;
#endif

#if LVGL_VERSION_MAJOR >= 8
static const lv_font_fmt_txt_dsc_t font_dsc = {
#else
static lv_font_fmt_txt_dsc_t font_dsc = {
#endif
    .glyph_bitmap = glyph_bitmap,
    .glyph_dsc = glyph_dsc,
    .cmaps = cmaps,
    .kern_dsc = &kern_pairs,
    .kern_scale = 16,
    .cmap_num = 3,
    .bpp = 8,
    .kern_classes = 0,
    .bitmap_format = 0,
#if LVGL_VERSION_MAJOR == 8
    .cache = &cache
#endif

};



/*-----------------
 *  PUBLIC FONT
 *----------------*/

/*Initialize a public general font descriptor*/
#if LVGL_VERSION_MAJOR >= 8
lv_font_t anuphan_bold_20 = {
#else
lv_font_t anuphan_bold_20 = {
#endif
    .get_glyph_dsc = lv_font_get_glyph_dsc_fmt_txt,    /*Function pointer to get glyph's data*/
    .get_glyph_bitmap = lv_font_get_bitmap_fmt_txt,    /*Function pointer to get glyph's bitmap*/
    .line_height = 26,          /*The maximum line height required by the font*/
    .base_line = 7,             /*Baseline measured from the bottom of the line*/
#if !(LVGL_VERSION_MAJOR == 6 && LVGL_VERSION_MINOR == 0)
    .subpx = LV_FONT_SUBPX_NONE,
#endif
#if LV_VERSION_CHECK(7, 4, 0) || LVGL_VERSION_MAJOR >= 8
    .underline_position = -2,
    .underline_thickness = 2,
#endif
    .static_bitmap = 0,
    .dsc = &font_dsc,          /*The custom font data. Will be accessed by `get_glyph_bitmap/dsc` */
#if LV_VERSION_CHECK(8, 2, 0) || LVGL_VERSION_MAJOR >= 9
    .fallback = NULL,
#endif
    .user_data = NULL,
};



#endif /*#if ANUPHAN_BOLD_20*/
