#include <stdio.h>
#include <stdint.h>

const uint8_t anuphan_med_ttf[] = {
  0x00, 0x01, 0x00, 0x00, 0x00, 0x10, 0x01, 0x00, 0x00, 0x04, 0x00, 0x00, 0x47, 0x44, 0x45, 0x46,
0x32, 0x82, 0x31, 0x25, 0x00, 0x00, 0x02, 0x24, 0x00, 0x00, 0x01, 0x46, 0x47, 0x50, 0x4F, 0x53,
0x12, 0x4C, 0x82, 0xFA, 0x00, 0x00, 0x42, 0x2C, 0x00, 0x00, 0xB9, 0x16, 0x47, 0x53, 0x55, 0x42,
0xD4, 0x0D, 0xD6, 0x34, 0x00, 0x00, 0x14, 0xBC, 0x00, 0x00, 0x09, 0xD8, 0x4F, 0x53, 0x2F, 0x32,
0x03, 0x3C, 0x68, 0x52, 0x00, 0x00, 0x01, 0xC4, 0x00, 0x00, 0x00, 0x60, 0x53, 0x54, 0x41, 0x54,
0x79, 0x94, 0x6A, 0x81, 0x00, 0x00, 0x01, 0x60, 0x00, 0x00, 0x00, 0x2A, 0x63, 0x6D, 0x61, 0x70,
0x95, 0x3A, 0x9E, 0x33, 0x00, 0x00, 0x0D, 0x98, 0x00, 0x00, 0x07, 0x22, 0x67, 0x61, 0x73, 0x70,
0x00, 0x00, 0x00, 0x10, 0x00, 0x00, 0x01, 0x14, 0x00, 0x00, 0x00, 0x08, 0x67, 0x6C, 0x79, 0x66,
0xA1, 0x87, 0xE9, 0x0F, 0x00, 0x00, 0xFB, 0x44, 0x00, 0x00, 0xC2, 0x06, 0x68, 0x65, 0x61, 0x64,
0x1E, 0x99, 0x62, 0xCA, 0x00, 0x00, 0x01, 0x8C, 0x00, 0x00, 0x00, 0x36, 0x68, 0x68, 0x65, 0x61,
0x06, 0xB3, 0x09, 0xE1, 0x00, 0x00, 0x01, 0x3C, 0x00, 0x00, 0x00, 0x24, 0x68, 0x6D, 0x74, 0x78,
0x29, 0x63, 0x45, 0xDC, 0x00, 0x00, 0x1E, 0x94, 0x00, 0x00, 0x0B, 0xB4, 0x6C, 0x6F, 0x63, 0x61,
0xAE, 0x8F, 0xDF, 0xEA, 0x00, 0x00, 0x07, 0xBC, 0x00, 0x00, 0x05, 0xDC, 0x6D, 0x61, 0x78, 0x70,
0x02, 0xFD, 0x00, 0xCF, 0x00, 0x00, 0x01, 0x1C, 0x00, 0x00, 0x00, 0x20, 0x6E, 0x61, 0x6D, 0x65,
0x6E, 0x6B, 0xA8, 0x29, 0x00, 0x00, 0x03, 0x6C, 0x00, 0x00, 0x04, 0x50, 0x70, 0x6F, 0x73, 0x74,
0xF0, 0xA9, 0x7A, 0x9D, 0x00, 0x00, 0x2A, 0x48, 0x00, 0x00, 0x17, 0xE2, 0x70, 0x72, 0x65, 0x70,
0x68, 0x06, 0x8C, 0x85, 0x00, 0x00, 0x01, 0x0C, 0x00, 0x00, 0x00, 0x07, 0xB8, 0x01, 0xFF, 0x85,
0xB0, 0x04, 0x8D, 0x00, 0x00, 0x01, 0x00, 0x01, 0xFF, 0xFF, 0x00, 0x0F, 0x00, 0x01, 0x00, 0x00,
0x02, 0xED, 0x00, 0x6A, 0x00, 0x07, 0x00, 0x63, 0x00, 0x05, 0x00, 0x01, 0x00, 0x00, 0x00, 0x00,
0x00, 0x00, 0x00, 0x00, 0x00, 0x00, 0x00, 0x00, 0x00, 0x03, 0x00, 0x01, 0x00, 0x01, 0x00, 0x00,
0x04, 0x01, 0xFE, 0xED, 0x00, 0x00, 0x05, 0x33, 0xFD, 0xB8, 0xFE, 0xEC, 0x04, 0xF7, 0x03, 0xE8,
0x00, 0x00, 0x00, 0x00, 0x00, 0x00, 0x00, 0x00, 0x00, 0x00, 0x00, 0x00, 0x00, 0x00, 0x02, 0xED,
0x00, 0x01, 0x00, 0x01, 0x00, 0x08, 0x00, 0x01, 0x00, 0x00, 0x00, 0x14, 0x00, 0x01, 0x00, 0x00,
0x00, 0x1C, 0x00, 0x02, 0x77, 0x67, 0x68, 0x74, 0x01, 0x00, 0x00, 0x00, 0x00, 0x02, 0x00, 0x01,
0x00, 0x00, 0x00, 0x00, 0x01, 0x05, 0x01, 0xF4, 0x00, 0x00, 0x00, 0x00, 0x00, 0x01, 0x00, 0x00,
0x00, 0x03, 0x00, 0x83, 0x7C, 0xED, 0xDF, 0x71, 0x5F, 0x0F, 0x3C, 0xF5, 0x00, 0x03, 0x03, 0xE8,
0x00, 0x00, 0x00, 0x00, 0xDA, 0x1C, 0xDA, 0x2B, 0x00, 0x00, 0x00, 0x00, 0xE2, 0xB4, 0x44, 0x2D,
0xFD, 0xB8, 0xFE, 0xA3, 0x04, 0xF7, 0x04, 0x69, 0x00, 0x00, 0x00, 0x06, 0x00, 0x02, 0x00, 0x00,
0x00, 0x00, 0x00, 0x00, 0x00, 0x04, 0x02, 0x53, 0x01, 0xF4, 0x00, 0x05, 0x00, 0x00, 0x02, 0x8A,
0x02, 0x58, 0x00, 0x00, 0x00, 0x4B, 0x02, 0x8A, 0x02, 0x58, 0x00, 0x00, 0x01, 0x5E, 0x00, 0x49,
0x01, 0x57, 0x00, 0x00, 0x00, 0x00, 0x00, 0x00, 0x00, 0x00, 0x00, 0x00, 0x00, 0x00, 0xA1, 0x00,
0x00, 0xFF, 0x50, 0x00, 0xA0, 0x7B, 0x00, 0x00, 0x00, 0x00, 0x00, 0x00, 0x00, 0x00, 0x4E, 0x4F,
0x4E, 0x45, 0x00, 0xC0, 0x00, 0x20, 0xFB, 0x02, 0x04, 0x01, 0xFE, 0xED, 0x00, 0x00, 0x04, 0x5F,
0x01, 0x44, 0x20, 0x01, 0x01, 0x93, 0x00, 0x00, 0x00, 0x00, 0x02, 0x3C, 0x02, 0xBA, 0x00, 0x00,
0x00, 0x20, 0x00, 0x03, 0x00, 0x01, 0x00, 0x02, 0x00, 0x0E, 0x00, 0x00, 0x00, 0x00, 0x00, 0x00,
0x01, 0x1A, 0x00, 0x02, 0x00, 0x2C, 0x00, 0x01, 0x00, 0x13, 0x00, 0x01, 0x00, 0x15, 0x00, 0x1D,
0x00, 0x01, 0x00, 0x1F, 0x00, 0x21, 0x00, 0x01, 0x00, 0x23, 0x00, 0x23, 0x00, 0x01, 0x00, 0x25,
0x00, 0x34, 0x00, 0x01, 0x00, 0x36, 0x00, 0x36, 0x00, 0x01, 0x00, 0x38, 0x00, 0x3E, 0x00, 0x01,
0x00, 0x40, 0x00, 0x41, 0x00, 0x01, 0x00, 0x43, 0x00, 0x4B, 0x00, 0x01, 0x00, 0x4D, 0x00, 0x57,
0x00, 0x01, 0x00, 0x59, 0x00, 0x5E, 0x00, 0x01, 0x00, 0x60, 0x00, 0x77, 0x00, 0x01, 0x00, 0x79,
0x00, 0x79, 0x00, 0x01, 0x00, 0x7B, 0x00, 0x82, 0x00, 0x01, 0x00, 0x84, 0x00, 0x85, 0x00, 0x01,
0x00, 0x87, 0x00, 0x87, 0x00, 0x01, 0x00, 0x89, 0x00, 0x9B, 0x00, 0x01, 0x00, 0x9D, 0x00, 0xC4,
0x00, 0x01, 0x00, 0xC6, 0x00, 0xCE, 0x00, 0x01, 0x00, 0xD0, 0x00, 0xD2, 0x00, 0x01, 0x00, 0xD4,
0x00, 0xD4, 0x00, 0x01, 0x00, 0xD6, 0x00, 0xE5, 0x00, 0x01, 0x00, 0xE7, 0x00, 0xE7, 0x00, 0x01,
0x00, 0xE9, 0x00, 0xEF, 0x00, 0x01, 0x00, 0xF1, 0x00, 0xFC, 0x00, 0x01, 0x00, 0xFE, 0x00, 0xFE,
0x00, 0x01, 0x01, 0x00, 0x01, 0x04, 0x00, 0x01, 0x01, 0x06, 0x01, 0x09, 0x00, 0x01, 0x01, 0x0C,
0x01, 0x0E, 0x00, 0x01, 0x01, 0x10, 0x01, 0x12, 0x00, 0x01, 0x01, 0x14, 0x01, 0x2B, 0x00, 0x01,
0x01, 0x2D, 0x01, 0x2D, 0x00, 0x01, 0x01, 0x2F, 0x01, 0x36, 0x00, 0x01, 0x01, 0x38, 0x01, 0x39,
0x00, 0x01, 0x01, 0x3B, 0x01, 0x3B, 0x00, 0x01, 0x01, 0x3E, 0x01, 0x4F, 0x00, 0x01, 0x01, 0x51,
0x01, 0x65, 0x00, 0x01, 0x01, 0x6B, 0x01, 0x93, 0x00, 0x01, 0x01, 0x95, 0x01, 0x97, 0x00, 0x01,
0x01, 0x99, 0x01, 0xA1, 0x00, 0x01, 0x01, 0xAB, 0x01, 0xB2, 0x00, 0x01, 0x01, 0xB4, 0x01, 0xB4,
0x00, 0x01, 0x01, 0xB5, 0x01, 0xB8, 0x00, 0x02, 0x02, 0x87, 0x02, 0xC5, 0x00, 0x03, 0x00, 0x01,
0x00, 0x02, 0x00, 0x00, 0x00, 0x1C, 0x00, 0x00, 0x00, 0x0C, 0x00, 0x02, 0x00, 0x02, 0x02, 0x87,
0x02, 0xA6, 0x00, 0x00, 0x02, 0xAD, 0x02, 0xBF, 0x00, 0x20, 0x00, 0x02, 0x00, 0x02, 0x02, 0xA7,
0x02, 0xAC, 0x00, 0x00, 0x02, 0xC2, 0x02, 0xC4, 0x00, 0x06, 0x00, 0x00, 0x00, 0x00, 0x00, 0x16,
0x01, 0x0E, 0x00, 0x03, 0x00, 0x01, 0x04, 0x09, 0x00, 0x00, 0x00, 0xA6, 0x02, 0x9C, 0x00, 0x03,
0x00, 0x01, 0x04, 0x09, 0x00, 0x01, 0x00, 0x1C, 0x02, 0x80, 0x00, 0x03, 0x00, 0x01, 0x04, 0x09,
0x00, 0x02, 0x00, 0x0E, 0x02, 0x72, 0x00, 0x03, 0x00, 0x01, 0x04, 0x09, 0x00, 0x03, 0x00, 0x32,
0x02, 0x40, 0x00, 0x03, 0x00, 0x01, 0x04, 0x09, 0x00, 0x04, 0x00, 0x1C, 0x02, 0x80, 0x00, 0x03,
0x00, 0x01, 0x04, 0x09, 0x00, 0x05, 0x00, 0x1A, 0x02, 0x26, 0x00, 0x03, 0x00, 0x01, 0x04, 0x09,
0x00, 0x06, 0x00, 0x1C, 0x02, 0x0A, 0x00, 0x03, 0x00, 0x01, 0x04, 0x09, 0x00, 0x09, 0x00, 0x18,
0x01, 0xF2, 0x00, 0x03, 0x00, 0x01, 0x04, 0x09, 0x00, 0x0C, 0x00, 0x36, 0x01, 0xBC, 0x00, 0x03,
0x00, 0x01, 0x04, 0x09, 0x00, 0x0D, 0x01, 0x22, 0x00, 0x9A, 0x00, 0x03, 0x00, 0x01, 0x04, 0x09,
0x00, 0x0E, 0x00, 0x36, 0x00, 0x64, 0x00, 0x03, 0x00, 0x01, 0x04, 0x09, 0x00, 0x10, 0x00, 0x0E,
0x00, 0x56, 0x00, 0x03, 0x00, 0x01, 0x04, 0x09, 0x00, 0x11, 0x00, 0x0C, 0x00, 0x4A, 0x00, 0x03,
0x00, 0x01, 0x04, 0x09, 0x00, 0x19, 0x00, 0x0E, 0x00, 0x56, 0x00, 0x03, 0x00, 0x01, 0x04, 0x09,
0x01, 0x00, 0x00, 0x0C, 0x00, 0x3E, 0x00, 0x03, 0x00, 0x01, 0x04, 0x09, 0x01, 0x01, 0x00, 0x08,
0x00, 0x36, 0x00, 0x03, 0x00, 0x01, 0x04, 0x09, 0x01, 0x02, 0x00, 0x14, 0x00, 0x22, 0x00, 0x03,
0x00, 0x01, 0x04, 0x09, 0x01, 0x03, 0x00, 0x0A, 0x00, 0x18, 0x00, 0x03, 0x00, 0x01, 0x04, 0x09,
0x01, 0x04, 0x00, 0x0E, 0x02, 0x72, 0x00, 0x03, 0x00, 0x01, 0x04, 0x09, 0x01, 0x05, 0x00, 0x0C,
0x00, 0x4A, 0x00, 0x03, 0x00, 0x01, 0x04, 0x09, 0x01, 0x06, 0x00, 0x10, 0x00, 0x08, 0x00, 0x03,
0x00, 0x01, 0x04, 0x09, 0x01, 0x07, 0x00, 0x08, 0x00, 0x00, 0x00, 0x42, 0x00, 0x6F, 0x00, 0x6C,
0x00, 0x64, 0x00, 0x53, 0x00, 0x65, 0x00, 0x6D, 0x00, 0x69, 0x00, 0x42, 0x00, 0x6F, 0x00, 0x6C,
0x00, 0x64, 0x00, 0x4C, 0x00, 0x69, 0x00, 0x67, 0x00, 0x68, 0x00, 0x74, 0x00, 0x45, 0x00, 0x78,
0x00, 0x74, 0x00, 0x72, 0x00, 0x61, 0x00, 0x4C, 0x00, 0x69, 0x00, 0x67, 0x00, 0x68, 0x00, 0x74,
0x00, 0x54, 0x00, 0x68, 0x00, 0x69, 0x00, 0x6E, 0x00, 0x57, 0x00, 0x65, 0x00, 0x69, 0x00, 0x67,
0x00, 0x68, 0x00, 0x74, 0x00, 0x4D, 0x00, 0x65, 0x00, 0x64, 0x00, 0x69, 0x00, 0x75, 0x00, 0x6D,
0x00, 0x41, 0x00, 0x6E, 0x00, 0x75, 0x00, 0x70, 0x00, 0x68, 0x00, 0x61, 0x00, 0x6E, 0x00, 0x68,
0x00, 0x74, 0x00, 0x74, 0x00, 0x70, 0x00, 0x73, 0x00, 0x3A, 0x00, 0x2F, 0x00, 0x2F, 0x00, 0x6F,
0x00, 0x70, 0x00, 0x65, 0x00, 0x6E, 0x00, 0x66, 0x00, 0x6F, 0x00, 0x6E, 0x00, 0x74, 0x00, 0x6C,
0x00, 0x69, 0x00, 0x63, 0x00, 0x65, 0x00, 0x6E, 0x00, 0x73, 0x00, 0x65, 0x00, 0x2E, 0x00, 0x6F,
0x00, 0x72, 0x00, 0x67, 0x00, 0x54, 0x00, 0x68, 0x00, 0x69, 0x00, 0x73, 0x00, 0x20, 0x00, 0x46,
0x00, 0x6F, 0x00, 0x6E, 0x00, 0x74, 0x00, 0x20, 0x00, 0x53, 0x00, 0x6F, 0x00, 0x66, 0x00, 0x74,
0x00, 0x77, 0x00, 0x61, 0x00, 0x72, 0x00, 0x65, 0x00, 0x20, 0x00, 0x69, 0x00, 0x73, 0x00, 0x20,
0x00, 0x6C, 0x00, 0x69, 0x00, 0x63, 0x00, 0x65, 0x00, 0x6E, 0x00, 0x73, 0x00, 0x65, 0x00, 0x64,
0x00, 0x20, 0x00, 0x75, 0x00, 0x6E, 0x00, 0x64, 0x00, 0x65, 0x00, 0x72, 0x00, 0x20, 0x00, 0x74,
0x00, 0x68, 0x00, 0x65, 0x00, 0x20, 0x00, 0x53, 0x00, 0x49, 0x00, 0x4C, 0x00, 0x20, 0x00, 0x4F,
0x00, 0x70, 0x00, 0x65, 0x00, 0x6E, 0x00, 0x20, 0x00, 0x46, 0x00, 0x6F, 0x00, 0x6E, 0x00, 0x74,
0x00, 0x20, 0x00, 0x4C, 0x00, 0x69, 0x00, 0x63, 0x00, 0x65, 0x00, 0x6E, 0x00, 0x73, 0x00, 0x65,
0x00, 0x2C, 0x00, 0x20, 0x00, 0x56, 0x00, 0x65, 0x00, 0x72, 0x00, 0x73, 0x00, 0x69, 0x00, 0x6F,
0x00, 0x6E, 0x00, 0x20, 0x00, 0x31, 0x00, 0x2E, 0x00, 0x31, 0x00, 0x2E, 0x00, 0x20, 0x00, 0x54,
0x00, 0x68, 0x00, 0x69, 0x00, 0x73, 0x00, 0x20, 0x00, 0x6C, 0x00, 0x69, 0x00, 0x63, 0x00, 0x65,
0x00, 0x6E, 0x00, 0x73, 0x00, 0x65, 0x00, 0x20, 0x00, 0x69, 0x00, 0x73, 0x00, 0x20, 0x00, 0x61,
0x00, 0x76, 0x00, 0x61, 0x00, 0x69, 0x00, 0x6C, 0x00, 0x61, 0x00, 0x62, 0x00, 0x6C, 0x00, 0x65,
0x00, 0x20, 0x00, 0x77, 0x00, 0x69, 0x00, 0x74, 0x00, 0x68, 0x00, 0x20, 0x00, 0x61, 0x00, 0x20,
0x00, 0x46, 0x00, 0x41, 0x00, 0x51, 0x00, 0x20, 0x00, 0x61, 0x00, 0x74, 0x00, 0x3A, 0x00, 0x20,
0x00, 0x68, 0x00, 0x74, 0x00, 0x74, 0x00, 0x70, 0x00, 0x73, 0x00, 0x3A, 0x00, 0x2F, 0x00, 0x2F,
0x00, 0x6F, 0x00, 0x70, 0x00, 0x65, 0x00, 0x6E, 0x00, 0x66, 0x00, 0x6F, 0x00, 0x6E, 0x00, 0x74,
0x00, 0x6C, 0x00, 0x69, 0x00, 0x63, 0x00, 0x65, 0x00, 0x6E, 0x00, 0x73, 0x00, 0x65, 0x00, 0x2E,
0x00, 0x6F, 0x00, 0x72, 0x00, 0x67, 0x00, 0x68, 0x00, 0x74, 0x00, 0x74, 0x00, 0x70, 0x00, 0x73,
0x00, 0x3A, 0x00, 0x2F, 0x00, 0x2F, 0x00, 0x77, 0x00, 0x77, 0x00, 0x77, 0x00, 0x2E, 0x00, 0x63,
0x00, 0x61, 0x00, 0x64, 0x00, 0x73, 0x00, 0x6F, 0x00, 0x6E, 0x00, 0x64, 0x00, 0x65, 0x00, 0x6D,
0x00, 0x61, 0x00, 0x6B, 0x00, 0x2E, 0x00, 0x63, 0x00, 0x6F, 0x00, 0x6D, 0x00, 0x43, 0x00, 0x61,
0x00, 0x64, 0x00, 0x73, 0x00, 0x6F, 0x00, 0x6E, 0x00, 0x20, 0x00, 0x44, 0x00, 0x65, 0x00, 0x6D,
0x00, 0x61, 0x00, 0x6B, 0x00, 0x41, 0x00, 0x6E, 0x00, 0x75, 0x00, 0x70, 0x00, 0x68, 0x00, 0x61,
0x00, 0x6E, 0x00, 0x2D, 0x00, 0x4D, 0x00, 0x65, 0x00, 0x64, 0x00, 0x69, 0x00, 0x75, 0x00, 0x6D,
0x00, 0x56, 0x00, 0x65, 0x00, 0x72, 0x00, 0x73, 0x00, 0x69, 0x00, 0x6F, 0x00, 0x6E, 0x00, 0x20,
0x00, 0x33, 0x00, 0x2E, 0x00, 0x30, 0x00, 0x30, 0x00, 0x32, 0x00, 0x33, 0x00, 0x2E, 0x00, 0x30,
0x00, 0x30, 0x00, 0x32, 0x00, 0x3B, 0x00, 0x4E, 0x00, 0x4F, 0x00, 0x4E, 0x00, 0x45, 0x00, 0x3B,
0x00, 0x41, 0x00, 0x6E, 0x00, 0x75, 0x00, 0x70, 0x00, 0x68, 0x00, 0x61, 0x00, 0x6E, 0x00, 0x2D,
0x00, 0x4D, 0x00, 0x65, 0x00, 0x64, 0x00, 0x69, 0x00, 0x75, 0x00, 0x6D, 0x00, 0x52, 0x00, 0x65,
0x00, 0x67, 0x00, 0x75, 0x00, 0x6C, 0x00, 0x61, 0x00, 0x72, 0x00, 0x41, 0x00, 0x6E, 0x00, 0x75,
0x00, 0x70, 0x00, 0x68, 0x00, 0x61, 0x00, 0x6E, 0x00, 0x20, 0x00, 0x4D, 0x00, 0x65, 0x00, 0x64,
0x00, 0x69, 0x00, 0x75, 0x00, 0x6D, 0x00, 0x43, 0x00, 0x6F, 0x00, 0x70, 0x00, 0x79, 0x00, 0x72,
0x00, 0x69, 0x00, 0x67, 0x00, 0x68, 0x00, 0x74, 0x00, 0x20, 0x00, 0x32, 0x00, 0x30, 0x00, 0x31,
0x00, 0x39, 0x00, 0x20, 0x00, 0x54, 0x00, 0x68, 0x00, 0x65, 0x00, 0x20, 0x00, 0x41, 0x00, 0x6E,
0x00, 0x75, 0x00, 0x70, 0x00, 0x68, 0x00, 0x61, 0x00, 0x6E, 0x00, 0x20, 0x00, 0x50, 0x00, 0x72,
0x00, 0x6F, 0x00, 0x6A, 0x00, 0x65, 0x00, 0x63, 0x00, 0x74, 0x00, 0x20, 0x00, 0x41, 0x00, 0x75,
0x00, 0x74, 0x00, 0x68, 0x00, 0x6F, 0x00, 0x72, 0x00, 0x73, 0x00, 0x20, 0x00, 0x28, 0x00, 0x68,
0x00, 0x74, 0x00, 0x74, 0x00, 0x70, 0x00, 0x73, 0x00, 0x3A, 0x00, 0x2F, 0x00, 0x2F, 0x00, 0x67,
0x00, 0x69, 0x00, 0x74, 0x00, 0x68, 0x00, 0x75, 0x00, 0x62, 0x00, 0x2E, 0x00, 0x63, 0x00, 0x6F,
0x00, 0x6D, 0x00, 0x2F, 0x00, 0x63, 0x00, 0x61, 0x00, 0x64, 0x00, 0x73, 0x00, 0x6F, 0x00, 0x6E,
0x00, 0x64, 0x00, 0x65, 0x00, 0x6D, 0x00, 0x61, 0x00, 0x6B, 0x00, 0x2F, 0x00, 0x41, 0x00, 0x6E,
0x00, 0x75, 0x00, 0x70, 0x00, 0x68, 0x00, 0x61, 0x00, 0x6E, 0x00, 0x29, 0x00, 0x00, 0x00, 0x14,
0x00, 0x2E, 0x00, 0x39, 0x00, 0x44, 0x00, 0x50, 0x00, 0x5F, 0x00, 0x6B, 0x00, 0x77, 0x00, 0x83,
0x00, 0x8E, 0x00, 0x9A, 0x00, 0xA9, 0x00, 0xB5, 0x00, 0xC1, 0x00, 0xCD, 0x00, 0xD8, 0x00, 0xE4,
0x00, 0xEF, 0x00, 0xFB, 0x01, 0x06, 0x01, 0x3E, 0x01, 0x49, 0x01, 0x54, 0x01, 0x5F, 0x01, 0x82,
0x01, 0x8E, 0x01, 0xCD, 0x01, 0xFA, 0x02, 0x05, 0x02, 0x10, 0x02, 0x60, 0x02, 0x6B, 0x02, 0x76,
0x02, 0x9A, 0x02, 0xA2, 0x02, 0xAD, 0x02, 0xDA, 0x02, 0xF0, 0x02, 0xFB, 0x03, 0x06, 0x03, 0x11,
0x03, 0x1C, 0x03, 0x28, 0x03, 0x37, 0x03, 0x43, 0x03, 0x4F, 0x03, 0x5B, 0x03, 0x66, 0x03, 0x71,
0x03, 0x7D, 0x03, 0x88, 0x03, 0x94, 0x03, 0x9F, 0x03, 0xD3, 0x03, 0xDE, 0x04, 0x17, 0x04, 0x2B,
0x04, 0x63, 0x04, 0x6E, 0x04, 0x79, 0x04, 0x85, 0x04, 0x90, 0x04, 0xA7, 0x04, 0xCC, 0x04, 0xD7,
0x04, 0xEC, 0x05, 0x14, 0x05, 0x1F, 0x05, 0x2A, 0x05, 0x35, 0x05, 0x40, 0x05, 0x4B, 0x05, 0x57,
0x05, 0x62, 0x05, 0x6E, 0x05, 0x79, 0x05, 0xAB, 0x05, 0xB6, 0x05, 0xD6, 0x05, 0xE1, 0x05, 0xEC,
0x06, 0x07, 0x06, 0x13, 0x06, 0x22, 0x06, 0x2E, 0x06, 0x39, 0x06, 0x45, 0x06, 0x51, 0x06, 0x6A,
0x06, 0x89, 0x06, 0xA3, 0x06, 0xAE, 0x06, 0xB9, 0x06, 0xC5, 0x06, 0xD0, 0x06, 0xF3, 0x07, 0x27,
0x07, 0x32, 0x07, 0x3D, 0x07, 0x48, 0x07, 0x54, 0x07, 0x63, 0x07, 0x6F, 0x07, 0x7B, 0x07, 0x87,
0x07, 0x92, 0x07, 0x9E, 0x07, 0xA9, 0x07, 0xB5, 0x07, 0xF4, 0x07, 0xFF, 0x08, 0x0B, 0x08, 0x16,
0x08, 0x22, 0x08, 0x2D, 0x08, 0x38, 0x08, 0x43, 0x08, 0x8B, 0x08, 0x96, 0x08, 0xA1, 0x08, 0xDC,
0x09, 0x03, 0x09, 0x2B, 0x09, 0x65, 0x09, 0x90, 0x09, 0x9B, 0x09, 0xA6, 0x09, 0xB2, 0x09, 0xF6,
0x0A, 0x01, 0x0A, 0x0C, 0x0A, 0x73, 0x0A, 0x7E, 0x0A, 0x8A, 0x0A, 0xBD, 0x0A, 0xCE, 0x0A, 0xE7,
0x0A, 0xF2, 0x0A, 0xFE, 0x0B, 0x0A, 0x0B, 0x2E, 0x0B, 0x39, 0x0B, 0x44, 0x0B, 0x4F, 0x0B, 0x5A,
0x0B, 0x66, 0x0B, 0x71, 0x0B, 0x7D, 0x0B, 0xAA, 0x0B, 0xB5, 0x0B, 0xC1, 0x0B, 0xCC, 0x0B, 0xD8,
0x0B, 0xE3, 0x0B, 0xEE, 0x0B, 0xF9, 0x0C, 0x3D, 0x0C, 0x48, 0x0C, 0x53, 0x0C, 0x69, 0x0C, 0x91,
0x0C, 0x9D, 0x0C, 0xA9, 0x0C, 0xB5, 0x0C, 0xC1, 0x0C, 0xDE, 0x0C, 0xF4, 0x0C, 0xFF, 0x0D, 0x0A,
0x0D, 0x15, 0x0D, 0x21, 0x0D, 0x2C, 0x0D, 0x38, 0x0D, 0x43, 0x0D, 0x59, 0x0D, 0x64, 0x0D, 0x6F,
0x0D, 0x7A, 0x0D, 0xBC, 0x0D, 0xC7, 0x0D, 0xD2, 0x0D, 0xDE, 0x0D, 0xED, 0x0D, 0xF9, 0x0E, 0x05,
0x0E, 0x11, 0x0E, 0x1C, 0x0E, 0x28, 0x0E, 0x37, 0x0E, 0x43, 0x0E, 0x4F, 0x0E, 0x5B, 0x0E, 0x66,
0x0E, 0x72, 0x0E, 0x7D, 0x0E, 0x89, 0x0E, 0x94, 0x0E, 0xF5, 0x0F, 0x00, 0x0F, 0x0C, 0x0F, 0x17,
0x0F, 0x83, 0x0F, 0x8E, 0x0F, 0xC5, 0x0F, 0xEF, 0x0F, 0xFA, 0x10, 0x05, 0x10, 0x54, 0x10, 0x5F,
0x10, 0x6A, 0x10, 0xA0, 0x10, 0xF1, 0x10, 0xFD, 0x11, 0x3B, 0x11, 0x72, 0x11, 0x7D, 0x11, 0x88,
0x11, 0x93, 0x11, 0x9E, 0x11, 0xAA, 0x11, 0xB9, 0x11, 0xC5, 0x11, 0xD1, 0x11, 0xDD, 0x11, 0xE8,
0x11, 0xF3, 0x11, 0xFF, 0x12, 0x0A, 0x12, 0x16, 0x12, 0x21, 0x12, 0x7B, 0x12, 0x86, 0x12, 0xBC,
0x12, 0xD6, 0x13, 0x47, 0x13, 0x52, 0x13, 0x5D, 0x13, 0x68, 0x13, 0x73, 0x13, 0x96, 0x13, 0xC0,
0x13, 0xCC, 0x13, 0xEA, 0x13, 0xF6, 0x14, 0x02, 0x14, 0x0E, 0x14, 0x1A, 0x14, 0x26, 0x14, 0x32,
0x14, 0x3E, 0x14, 0x4A, 0x14, 0x56, 0x14, 0x62, 0x14, 0x9D, 0x14, 0xA9, 0x14, 0xCD, 0x14, 0xDF,
0x14, 0xEB, 0x14, 0xF7, 0x15, 0x11, 0x15, 0x1D, 0x15, 0x36, 0x15, 0x48, 0x15, 0x54, 0x15, 0x5F,
0x15, 0x6B, 0x15, 0x8F, 0x15, 0xAB, 0x15, 0xE3, 0x16, 0x05, 0x16, 0x10, 0x16, 0x4C, 0x16, 0x57,
0x16, 0x63, 0x16, 0x6E, 0x16, 0x97, 0x16, 0xC5, 0x16, 0xD0, 0x16, 0xDB, 0x16, 0xE6, 0x16, 0xF2,
0x17, 0x01, 0x17, 0x0D, 0x17, 0x19, 0x17, 0x25, 0x17, 0x30, 0x17, 0x3C, 0x17, 0x47, 0x17, 0x53,
0x17, 0x8D, 0x17, 0x98, 0x17, 0xA4, 0x17, 0xAF, 0x17, 0xBB, 0x17, 0xC6, 0x17, 0xD1, 0x17, 0xDC,
0x18, 0x25, 0x18, 0x30, 0x18, 0x3B, 0x18, 0x95, 0x18, 0xCC, 0x19, 0x03, 0x19, 0x3A, 0x19, 0x55,
0x19, 0x60, 0x19, 0x6B, 0x19, 0x77, 0x19, 0xB7, 0x19, 0xC2, 0x19, 0xCD, 0x1A, 0x30, 0x1A, 0x3B,
0x1A, 0x47, 0x1A, 0x99, 0x1A, 0xB6, 0x1A, 0xDA, 0x1A, 0xFE, 0x1B, 0x0A, 0x1B, 0x16, 0x1B, 0x39,
0x1B, 0x44, 0x1B, 0x4F, 0x1B, 0x5A, 0x1B, 0x65, 0x1B, 0x71, 0x1B, 0x7C, 0x1B, 0x88, 0x1B, 0xB3,
0x1B, 0xBE, 0x1B, 0xCA, 0x1B, 0xD5, 0x1B, 0xE1, 0x1B, 0xEC, 0x1B, 0xF7, 0x1C, 0x02, 0x1C, 0x42,
0x1C, 0x4D, 0x1C, 0x58, 0x1C, 0x6D, 0x1C, 0x92, 0x1C, 0x9D, 0x1C, 0xA8, 0x1C, 0xB3, 0x1C, 0xBE,
0x1C, 0xD9, 0x1C, 0xF8, 0x1D, 0x03, 0x1D, 0x0E, 0x1D, 0x19, 0x1D, 0x25, 0x1D, 0x30, 0x1D, 0x3C,
0x1D, 0x47, 0x1D, 0x5D, 0x1D, 0x68, 0x1D, 0x73, 0x1D, 0x7E, 0x1D, 0xEA, 0x1E, 0x19, 0x1E, 0x3F,
0x1E, 0x7E, 0x1E, 0xA6, 0x1E, 0xD4, 0x1F, 0x09, 0x1F, 0x49, 0x1F, 0x74, 0x1F, 0xAA, 0x1F, 0xEE,
0x20, 0x0D, 0x20, 0x3D, 0x20, 0x7A, 0x20, 0xC5, 0x21, 0x1A, 0x21, 0x65, 0x21, 0xC2, 0x22, 0x0B,
0x22, 0x50, 0x22, 0x95, 0x22, 0xE8, 0x23, 0x3B, 0x23, 0x9B, 0x23, 0xDC, 0x24, 0x20, 0x24, 0x6B,
0x24, 0xB5, 0x24, 0xDD, 0x25, 0x0F, 0x25, 0x41, 0x25, 0x64, 0x25, 0xA3, 0x25, 0xC7, 0x25, 0xEB,
0x26, 0x0F, 0x26, 0x2E, 0x26, 0x4D, 0x26, 0x6C, 0x26, 0x8B, 0x26, 0xBE, 0x26, 0xE3, 0x27, 0x22,
0x27, 0x61, 0x27, 0x94, 0x27, 0xC7, 0x28, 0x0F, 0x28, 0x43, 0x28, 0x78, 0x28, 0xAD, 0x28, 0xFC,
0x29, 0x27, 0x29, 0x63, 0x29, 0x8E, 0x29, 0xD3, 0x29, 0xFB, 0x2A, 0x32, 0x2A, 0x69, 0x2A, 0x99,
0x2A, 0xDA, 0x2A, 0xF8, 0x2B, 0x14, 0x2B, 0x52, 0x2B, 0x64, 0x2B, 0x82, 0x2B, 0xA1, 0x2B, 0xCE,
0x2B, 0xEF, 0x2C, 0x0C, 0x2C, 0x3C, 0x2C, 0x79, 0x2C, 0xB9, 0x2C, 0xF1, 0x2D, 0x36, 0x2D, 0x89,
0x2D, 0xEC, 0x2E, 0x28, 0x2E, 0x58, 0x2E, 0xC4, 0x2E, 0xEA, 0x2F, 0x38, 0x2F, 0x62, 0x2F, 0x8C,
0x2F, 0xBA, 0x2F, 0xE9, 0x30, 0x28, 0x30, 0x5D, 0x30, 0x96, 0x30, 0xF2, 0x31, 0x2A, 0x31, 0x6E,
0x31, 0xB3, 0x31, 0xFE, 0x32, 0x2C, 0x32, 0x42, 0x32, 0x6E, 0x32, 0xB3, 0x32, 0xCF, 0x33, 0x07,
0x33, 0x49, 0x33, 0x5D, 0x33, 0xAC, 0x33, 0xEE, 0x33, 0xFC, 0x34, 0x3D, 0x34, 0x94, 0x34, 0xFE,
0x35, 0x30, 0x35, 0x8A, 0x35, 0xD4, 0x36, 0x31, 0x36, 0xA3, 0x36, 0xF1, 0x37, 0x3E, 0x37, 0xA7,
0x37, 0xD3, 0x38, 0x37, 0x38, 0xC3, 0x39, 0x42, 0x39, 0xA4, 0x39, 0xF1, 0x3A, 0x18, 0x3A, 0x2D,
0x3A, 0x55, 0x3A, 0x93, 0x3A, 0xAB, 0x3A, 0xDC, 0x3B, 0x10, 0x3B, 0x23, 0x3B, 0x6E, 0x3B, 0xA2,
0x3B, 0xCA, 0x3B, 0xE0, 0x3C, 0x09, 0x3C, 0x47, 0x3C, 0x60, 0x3C, 0x91, 0x3C, 0xC6, 0x3C, 0xDA,
0x3D, 0x25, 0x3D, 0x5A, 0x3D, 0x5A, 0x3D, 0x5A, 0x3D, 0x72, 0x3D, 0xA2, 0x3D, 0xDF, 0x3E, 0x1E,
0x3E, 0x57, 0x3E, 0x8A, 0x3E, 0xB5, 0x3E, 0xCD, 0x3E, 0xEB, 0x3F, 0x15, 0x3F, 0x45, 0x3F, 0x7F,
0x3F, 0xA0, 0x3F, 0xC2, 0x3F, 0xFC, 0x40, 0x36, 0x40, 0x4E, 0x40, 0x66, 0x40, 0x84, 0x40, 0xB3,
0x40, 0xC2, 0x40, 0xD1, 0x40, 0xDD, 0x40, 0xE9, 0x40, 0xF6, 0x41, 0x03, 0x41, 0x0F, 0x41, 0x2F,
0x41, 0x4F, 0x41, 0x79, 0x41, 0xA3, 0x41, 0xB4, 0x41, 0xC5, 0x41, 0xE3, 0x42, 0x19, 0x42, 0x50,
0x42, 0x87, 0x42, 0xA6, 0x42, 0xC5, 0x42, 0xE2, 0x42, 0xFF, 0x43, 0x10, 0x43, 0x21, 0x43, 0x35,
0x43, 0x42, 0x43, 0x66, 0x43, 0xB3, 0x43, 0xCB, 0x43, 0xEB, 0x44, 0x56, 0x44, 0xB8, 0x44, 0xD6,
0x45, 0x48, 0x45, 0x9F, 0x45, 0xF1, 0x46, 0x17, 0x46, 0x49, 0x46, 0x57, 0x46, 0x6C, 0x46, 0x79,
0x46, 0x8D, 0x46, 0xD6, 0x46, 0xEB, 0x47, 0x08, 0x47, 0x41, 0x47, 0x86, 0x47, 0xCE, 0x48, 0x12,
0x48, 0x4A, 0x48, 0xA2, 0x48, 0xE1, 0x49, 0x2C, 0x49, 0x6D, 0x49, 0xA4, 0x49, 0xFA, 0x4A, 0x47,
0x4A, 0x68, 0x4A, 0xB4, 0x4A, 0xDF, 0x4B, 0x10, 0x4B, 0x50, 0x4B, 0x80, 0x4B, 0xDD, 0x4C, 0x11,
0x4C, 0x40, 0x4C, 0x7D, 0x4C, 0x95, 0x4C, 0xB9, 0x4D, 0x02, 0x4D, 0x26, 0x4D, 0x3A, 0x4D, 0x47,
0x4D, 0x60, 0x4D, 0x90, 0x4D, 0xA3, 0x4D, 0xC3, 0x4D, 0xD6, 0x4D, 0xEA, 0x4E, 0x04, 0x4E, 0x1F,
0x4E, 0x39, 0x4E, 0x89, 0x4E, 0xB4, 0x4E, 0xC4, 0x4E, 0xD8, 0x4F, 0x2B, 0x4F, 0x43, 0x4F, 0x83,
0x4F, 0x9A, 0x4F, 0xB0, 0x4F, 0xCB, 0x4F, 0xE3, 0x50, 0x22, 0x50, 0x4A, 0x50, 0xB4, 0x51, 0x4B,
0x51, 0x69, 0x51, 0x86, 0x51, 0xA4, 0x51, 0xC2, 0x51, 0xE0, 0x51, 0xFE, 0x52, 0x1C, 0x52, 0x3A,
0x52, 0x68, 0x52, 0x96, 0x52, 0xC7, 0x52, 0xF8, 0x53, 0x18, 0x53, 0x38, 0x53, 0x58, 0x53, 0x78,
0x53, 0x98, 0x53, 0xB8, 0x53, 0xD8, 0x53, 0xF8, 0x54, 0x2A, 0x54, 0x5D, 0x54, 0xA1, 0x54, 0xE5,
0x55, 0x1B, 0x55, 0x51, 0x55, 0x6C, 0x55, 0x7A, 0x55, 0x88, 0x55, 0xB9, 0x55, 0xCB, 0x55, 0xDD,
0x55, 0xE9, 0x55, 0xF5, 0x56, 0x02, 0x56, 0x18, 0x56, 0x2E, 0x56, 0x44, 0x56, 0x76, 0x56, 0xA6,
0x56, 0xD8, 0x56, 0xEA, 0x56, 0xFC, 0x57, 0x0E, 0x57, 0x20, 0x57, 0x32, 0x57, 0x69, 0x57, 0x9E,
0x57, 0xB6, 0x57, 0xC3, 0x57, 0xD0, 0x57, 0xE3, 0x57, 0xF5, 0x58, 0x23, 0x58, 0x51, 0x58, 0x69,
0x58, 0x81, 0x58, 0xA9, 0x58, 0xB4, 0x58, 0xBF, 0x58, 0xCA, 0x58, 0xD5, 0x58, 0xED, 0x59, 0x05,
0x59, 0x17, 0x59, 0x29, 0x59, 0x46, 0x59, 0x63, 0x59, 0x75, 0x59, 0x7E, 0x59, 0x8B, 0x59, 0x98,
0x59, 0xA5, 0x59, 0xB2, 0x59, 0xDB, 0x59, 0xF3, 0x5A, 0x01, 0x5A, 0x0F, 0x5A, 0x24, 0x5A, 0x36,
0x5A, 0x48, 0x5A, 0x6A, 0x5A, 0x97, 0x5A, 0xC2, 0x5A, 0xCF, 0x5A, 0xE6, 0x5B, 0x05, 0x5B, 0x12,
0x5B, 0x24, 0x5B, 0x3B, 0x5B, 0x59, 0x5B, 0x85, 0x5B, 0xAC, 0x5B, 0xD6, 0x5B, 0xEF, 0x5B, 0xFD,
0x5C, 0x0B, 0x5C, 0x21, 0x5C, 0x33, 0x5C, 0x45, 0x5C, 0x68, 0x5C, 0x96, 0x5C, 0xC2, 0x5C, 0xCF,
0x5C, 0xFC, 0x5D, 0x23, 0x5D, 0x4F, 0x5D, 0x79, 0x5D, 0x92, 0x5D, 0xA0, 0x5D, 0xAE, 0x5D, 0xC4,
0x5D, 0xD6, 0x5D, 0xE8, 0x5E, 0x0A, 0x5E, 0x38, 0x5E, 0x64, 0x5E, 0x71, 0x5E, 0x9D, 0x5E, 0xAA,
0x5E, 0xC9, 0x5F, 0x20, 0x5F, 0x88, 0x5F, 0xAF, 0x5F, 0xD6, 0x60, 0x06, 0x60, 0x4B, 0x60, 0x64,
0x60, 0x7C, 0x60, 0x9E, 0x60, 0xD4, 0x61, 0x03, 0x00, 0x00, 0x00, 0x02, 0x00, 0x00, 0x00, 0x03,
0x00, 0x00, 0x00, 0x14, 0x00, 0x03, 0x00, 0x01, 0x00, 0x00, 0x00, 0x14, 0x00, 0x04, 0x07, 0x0E,
0x00, 0x00, 0x00, 0xB6, 0x00, 0x80, 0x00, 0x06, 0x00, 0x36, 0x00, 0x2F, 0x00, 0x39, 0x00, 0x7E,
0x01, 0x7E, 0x01, 0x8F, 0x01, 0x92, 0x01, 0xA1, 0x01, 0xB0, 0x01, 0xB4, 0x01, 0xFF, 0x02, 0x1B,
0x02, 0x37, 0x02, 0x59, 0x02, 0xBC, 0x02, 0xC7, 0x02, 0xDD, 0x03, 0x04, 0x03, 0x0C, 0x03, 0x12,
0x03, 0x15, 0x03, 0x1B, 0x03, 0x23, 0x03, 0x28, 0x03, 0x7E, 0x03, 0x85, 0x03, 0x87, 0x0E, 0x0D,
0x0E, 0x10, 0x0E, 0x24, 0x0E, 0x3A, 0x0E, 0x4F, 0x0E, 0x59, 0x0E, 0x5B, 0x1E, 0x85, 0x1E, 0x9E,
0x1E, 0xF5, 0x1E, 0xF9, 0x20, 0x14, 0x20, 0x1A, 0x20, 0x1E, 0x20, 0x22, 0x20, 0x26, 0x20, 0x30,
0x20, 0x33, 0x20, 0x3A, 0x20, 0x44, 0x20, 0x70, 0x20, 0x79, 0x20, 0x89, 0x20, 0xA1, 0x20, 0xA4,
0x20, 0xA6, 0x20, 0xAE, 0x20, 0xB2, 0x20, 0xB5, 0x20, 0xBA, 0x20, 0xBD, 0x20, 0xBF, 0x21, 0x13,
0x21, 0x16, 0x21, 0x22, 0x21, 0x26, 0x21, 0x2E, 0x21, 0x51, 0x21, 0x5A, 0x21, 0x5E, 0x21, 0x99,
0x21, 0xAA, 0x21, 0xB3, 0x21, 0xB7, 0x21, 0xBB, 0x21, 0xC4, 0x21, 0xC6, 0x22, 0x02, 0x22, 0x06,
0x22, 0x0F, 0x22, 0x12, 0x22, 0x1A, 0x22, 0x1E, 0x22, 0x2B, 0x22, 0x48, 0x22, 0x60, 0x22, 0x65,
0x25, 0xCA, 0x27, 0x13, 0x27, 0x4C, 0x2B, 0x11, 0xEC, 0xE0, 0xEF, 0xCC, 0xFB, 0x02, 0xFF, 0xFF,
0x00, 0x00, 0x00, 0x20, 0x00, 0x30, 0x00, 0x3A, 0x00, 0xA0, 0x01, 0x8F, 0x01, 0x92, 0x01, 0xA0,
0x01, 0xAF, 0x01, 0xB3, 0x01, 0xFA, 0x02, 0x18, 0x02, 0x37, 0x02, 0x59, 0x02, 0xBB, 0x02, 0xC6,
0x02, 0xD8, 0x03, 0x00, 0x03, 0x06, 0x03, 0x12, 0x03, 0x15, 0x03, 0x1B, 0x03, 0x23, 0x03, 0x26,
0x03, 0x7E, 0x03, 0x84, 0x03, 0x87, 0x0E, 0x01, 0x0E, 0x0E, 0x0E, 0x11, 0x0E, 0x25, 0x0E, 0x3F,
0x0E, 0x50, 0x0E, 0x5A, 0x1E, 0x80, 0x1E, 0x9E, 0x1E, 0xA0, 0x1E, 0xF8, 0x20, 0x13, 0x20, 0x18,
0x20, 0x1C, 0x20, 0x20, 0x20, 0x26, 0x20, 0x30, 0x20, 0x32, 0x20, 0x39, 0x20, 0x44, 0x20, 0x70,
0x20, 0x74, 0x20, 0x80, 0x20, 0xA1, 0x20, 0xA4, 0x20, 0xA6, 0x20, 0xA8, 0x20, 0xB1, 0x20, 0xB4,
0x20, 0xB8, 0x20, 0xBD, 0x20, 0xBF, 0x21, 0x13, 0x21, 0x16, 0x21, 0x22, 0x21, 0x26, 0x21, 0x2E,
0x21, 0x50, 0x21, 0x53, 0x21, 0x5B, 0x21, 0x90, 0x21, 0xA9, 0x21, 0xB0, 0x21, 0xB6, 0x21, 0xBA,
0x21, 0xC4, 0x21, 0xC6, 0x22, 0x02, 0x22, 0x06, 0x22, 0x0F, 0x22, 0x11, 0x22, 0x1A, 0x22, 0x1E,
0x22, 0x2B, 0x22, 0x48, 0x22, 0x60, 0x22, 0x64, 0x25, 0xCA, 0x27, 0x13, 0x27, 0x4C, 0x2B, 0x0E,
0xEC, 0xE0, 0xEF, 0xCC, 0xFB, 0x01, 0xFF, 0xFF, 0x00, 0x00, 0x01, 0x93, 0x00, 0x00, 0x00, 0x00,
0xFE, 0xA8, 0x00, 0x90, 0x00, 0x00, 0x00, 0x00, 0x00, 0x00, 0x00, 0x00, 0x00, 0x00, 0xFE, 0xC9,
0xFE, 0x8F, 0x00, 0x00, 0x00, 0x05, 0x00, 0x00, 0x00, 0x00, 0x00, 0x00, 0xFF, 0xAD, 0xFF, 0xAB,
0xFF, 0xA6, 0xFF, 0x9F, 0xFF, 0x9D, 0xFE, 0x78, 0x00, 0x00, 0xFE, 0x6E, 0xF3, 0x6A, 0x00, 0x00,
0xF3, 0x6E, 0x00, 0x00, 0x00, 0x00, 0xF3, 0x69, 0x00, 0x00, 0x00, 0x00, 0xE1, 0xE8, 0x00, 0x00,
0x00, 0x00, 0xE1, 0xFA, 0x00, 0x00, 0x00, 0x00, 0x00, 0x00, 0xE1, 0xDA, 0xE2, 0x38, 0xE1, 0xFC,
0xE1, 0xE5, 0xE1, 0x89, 0xE1, 0x79, 0xE1, 0x79, 0xE1, 0x5F, 0xE1, 0x99, 0xE1, 0x9E, 0xE1, 0x9E,
0x00, 0x00, 0x00, 0x00, 0x00, 0x00, 0x00, 0x00, 0xE1, 0x89, 0xE1, 0x78, 0xE1, 0x1F, 0xE1, 0x20,
0xE1, 0x0A, 0xE1, 0x3A, 0xE1, 0x07, 0x00, 0x00, 0x00, 0x00, 0xE0, 0x7F, 0x00, 0x00, 0xE0, 0xCA,
0xE0, 0xC5, 0xE0, 0xC7, 0xE0, 0xC5, 0xE0, 0xBD, 0xE0, 0xBC, 0xE0, 0x63, 0xE0, 0x5B, 0xE0, 0x53,
0x00, 0x00, 0xE0, 0x4A, 0xE0, 0x40, 0xE0, 0x34, 0xE0, 0x12, 0xDF, 0xF4, 0x00, 0x00, 0xDC, 0xB9,
0xDB, 0x11, 0xDA, 0xD9, 0xD7, 0x6B, 0x16, 0x02, 0x13, 0x17, 0x06, 0x66, 0x00, 0x01, 0x00, 0xB6,
0x00, 0x00, 0x00, 0xD2, 0x01, 0x5A, 0x00, 0x00, 0x00, 0x00, 0x03, 0x12, 0x03, 0x14, 0x03, 0x16,
0x03, 0x18, 0x03, 0x22, 0x00, 0x00, 0x00, 0x00, 0x03, 0x24, 0x00, 0x00, 0x03, 0x24, 0x03, 0x2E,
0x03, 0x36, 0x00, 0x00, 0x00, 0x00, 0x00, 0x00, 0x00, 0x00, 0x00, 0x00, 0x00, 0x00, 0x03, 0x36,
0x00, 0x00, 0x00, 0x00, 0x03, 0x34, 0x00, 0x00, 0x03, 0x36, 0x03, 0x60, 0x00, 0x00, 0x03, 0x7E,
0x03, 0x80, 0x00, 0x00, 0x03, 0x88, 0x04, 0x32, 0x00, 0x00, 0x04, 0x32, 0x04, 0x36, 0x04, 0x3A,
0x00, 0x00, 0x00, 0x00, 0x00, 0x00, 0x00, 0x00, 0x00, 0x00, 0x00, 0x00, 0x00, 0x00, 0x00, 0x00,
0x00, 0x00, 0x00, 0x00, 0x00, 0x00, 0x04, 0x28, 0x04, 0x34, 0x04, 0x36, 0x04, 0x38, 0x00, 0x00,
0x00, 0x00, 0x00, 0x00, 0x00, 0x00, 0x00, 0x00, 0x00, 0x00, 0x00, 0x00, 0x04, 0x2E, 0x04, 0x30,
0x00, 0x00, 0x04, 0x3C, 0x00, 0x00, 0x00, 0x00, 0x00, 0x00, 0x00, 0x00, 0x00, 0x00, 0x00, 0x00,
0x00, 0x00, 0x00, 0x00, 0x00, 0x00, 0x04, 0x3C, 0x00, 0x00, 0x00, 0x00, 0x00, 0x00, 0x00, 0x00,
0x00, 0x00, 0x04, 0x34, 0x00, 0x00, 0x00, 0x00, 0x00, 0x00, 0x00, 0x00, 0x00, 0x00, 0x00, 0x00,
0x00, 0x00, 0x00, 0x00, 0x01, 0xF3, 0x02, 0x01, 0x02, 0x20, 0x02, 0x08, 0x02, 0x3C, 0x02, 0x67,
0x02, 0x27, 0x02, 0x21, 0x02, 0x10, 0x02, 0x11, 0x02, 0x07, 0x02, 0x4F, 0x01, 0xFD, 0x02, 0x0B,
0x01, 0xFC, 0x02, 0x09, 0x01, 0xFE, 0x01, 0xFF, 0x02, 0x56, 0x02, 0x53, 0x02, 0x55, 0x02, 0x03,
0x02, 0x26, 0x00, 0x01, 0x00, 0x1A, 0x00, 0x1B, 0x00, 0x21, 0x00, 0x25, 0x00, 0x38, 0x00, 0x39,
0x00, 0x3E, 0x00, 0x41, 0x00, 0x4E, 0x00, 0x51, 0x00, 0x53, 0x00, 0x59, 0x00, 0x5A, 0x00, 0x60,
0x00, 0x79, 0x00, 0x7B, 0x00, 0x7C, 0x00, 0x80, 0x00, 0x87, 0x00, 0x8C, 0x00, 0x9F, 0x00, 0xA0,
0x00, 0xA5, 0x00, 0xA6, 0x00, 0xAE, 0x02, 0x14, 0x02, 0x0A, 0x02, 0x15, 0x02, 0x5D, 0x02, 0x0F,
0x02, 0xC8, 0x00, 0xB2, 0x00, 0xCB, 0x00, 0xCC, 0x00, 0xD2, 0x00, 0xD6, 0x00, 0xE9, 0x00, 0xEA,
0x00, 0xEF, 0x00, 0xF2, 0x00, 0xFF, 0x01, 0x03, 0x01, 0x06, 0x01, 0x0C, 0x01, 0x0D, 0x01, 0x14,
0x01, 0x2D, 0x01, 0x2F, 0x01, 0x30, 0x01, 0x34, 0x01, 0x3B, 0x01, 0x40, 0x01, 0x53, 0x01, 0x54,
0x01, 0x59, 0x01, 0x5A, 0x01, 0x62, 0x02, 0x12, 0x02, 0x30, 0x02, 0x13, 0x02, 0x5B, 0x01, 0xF4,
0x02, 0x02, 0x02, 0x39, 0x02, 0x4A, 0x02, 0x3B, 0x02, 0x4E, 0x02, 0x31, 0x02, 0x29, 0x02, 0xC6,
0x02, 0x2A, 0x01, 0x69, 0x02, 0x1C, 0x02, 0x5C, 0x02, 0x0C, 0x02, 0x2B, 0x02, 0xD0, 0x02, 0x2D,
0x02, 0x59, 0x01, 0xEB, 0x01, 0xEC, 0x02, 0xC9, 0x02, 0x66, 0x02, 0x28, 0x02, 0x05, 0x02, 0xD1,
0x01, 0xEA, 0x01, 0x6A, 0x02, 0x1D, 0x01, 0xD1, 0x01, 0xCE, 0x01, 0xD2, 0x02, 0x04, 0x00, 0x11,
0x00, 0x02, 0x00, 0x09, 0x00, 0x17, 0x00, 0x0F, 0x00, 0x15, 0x00, 0x18, 0x00, 0x1E, 0x00, 0x32,
0x00, 0x26, 0x00, 0x29, 0x00, 0x2F, 0x00, 0x49, 0x00, 0x43, 0x00, 0x45, 0x00, 0x46, 0x00, 0x22,
0x00, 0x5E, 0x00, 0x6B, 0x00, 0x61, 0x00, 0x63, 0x00, 0x77, 0x00, 0x69, 0x02, 0x51, 0x00, 0x75,
0x00, 0x92, 0x00, 0x8D, 0x00, 0x8F, 0x00, 0x90, 0x00, 0xA7, 0x00, 0x7A, 0x01, 0x3A, 0x00, 0xC2,
0x00, 0xB3, 0x00, 0xBA, 0x00, 0xC8, 0x00, 0xC0, 0x00, 0xC6, 0x00, 0xC9, 0x00, 0xCF, 0x00, 0xE3,
0x00, 0xD7, 0x00, 0xDA, 0x00, 0xE0, 0x00, 0xF9, 0x00, 0xF4, 0x00, 0xF6, 0x00, 0xF7, 0x00, 0xD3,
0x01, 0x12, 0x01, 0x1F, 0x01, 0x15, 0x01, 0x17, 0x01, 0x2B, 0x01, 0x1D, 0x02, 0x52, 0x01, 0x29,
0x01, 0x46, 0x01, 0x41, 0x01, 0x43, 0x01, 0x44, 0x01, 0x5B, 0x01, 0x2E, 0x01, 0x5D, 0x00, 0x13,
0x00, 0xC4, 0x00, 0x03, 0x00, 0xB4, 0x00, 0x14, 0x00, 0xC5, 0x00, 0x1C, 0x00, 0xCD, 0x00, 0x1F,
0x00, 0xD0, 0x00, 0x20, 0x00, 0xD1, 0x00, 0x1D, 0x00, 0xCE, 0x00, 0x23, 0x00, 0xD4, 0x00, 0x24,
0x00, 0xD5, 0x00, 0x34, 0x00, 0xE5, 0x00, 0x27, 0x00, 0xD8, 0x00, 0x30, 0x00, 0xE1, 0x00, 0x35,
0x00, 0xE6, 0x00, 0x28, 0x00, 0xD9, 0x00, 0x3B, 0x00, 0xEC, 0x00, 0x3A, 0x00, 0xEB, 0x00, 0x3D,
0x00, 0xEE, 0x00, 0x3C, 0x00, 0xED, 0x00, 0x40, 0x00, 0xF1, 0x00, 0x3F, 0x00, 0xF0, 0x00, 0x4D,
0x00, 0xFE, 0x00, 0x4B, 0x00, 0xFC, 0x00, 0x44, 0x00, 0xF5, 0x00, 0x4C, 0x00, 0xFD, 0x00, 0x47,
0x00, 0xF3, 0x00, 0x42, 0x00, 0xFB, 0x00, 0x50, 0x01, 0x02, 0x00, 0x52, 0x01, 0x04, 0x01, 0x05,
0x00, 0x54, 0x01, 0x07, 0x00, 0x56, 0x01, 0x09, 0x00, 0x55, 0x01, 0x08, 0x00, 0x57, 0x01, 0x0A,
0x00, 0x58, 0x01, 0x0B, 0x00, 0x5B, 0x01, 0x0E, 0x00, 0x5D, 0x01, 0x11, 0x00, 0x5C, 0x01, 0x10,
0x01, 0x0F, 0x00, 0x5F, 0x01, 0x13, 0x00, 0x74, 0x01, 0x28, 0x00, 0x62, 0x01, 0x16, 0x00, 0x73,
0x01, 0x27, 0x00, 0x78, 0x01, 0x2C, 0x00, 0x7D, 0x01, 0x31, 0x00, 0x7F, 0x01, 0x33, 0x00, 0x7E,
0x01, 0x32, 0x00, 0x81, 0x01, 0x35, 0x00, 0x84, 0x01, 0x38, 0x00, 0x83, 0x01, 0x37, 0x00, 0x82,
0x01, 0x36, 0x00, 0x8A, 0x01, 0x3E, 0x00, 0x89, 0x01, 0x3D, 0x00, 0x88, 0x01, 0x3C, 0x00, 0x9E,
0x01, 0x52, 0x00, 0x9B, 0x01, 0x4F, 0x00, 0x8E, 0x01, 0x42, 0x00, 0x9D, 0x01, 0x51, 0x00, 0x9A,
0x01, 0x4E, 0x00, 0x9C, 0x01, 0x50, 0x00, 0xA2, 0x01, 0x56, 0x00, 0xA8, 0x01, 0x5C, 0x00, 0xA9,
0x00, 0xAF, 0x01, 0x63, 0x00, 0xB1, 0x01, 0x65, 0x00, 0xB0, 0x01, 0x64, 0x00, 0x6D, 0x01, 0x21,
0x00, 0x94, 0x01, 0x48, 0x00, 0xAC, 0x01, 0x60, 0x00, 0x16, 0x00, 0xC7, 0x00, 0x19, 0x00, 0xCA,
0x00, 0x76, 0x01, 0x2A, 0x00, 0x85, 0x01, 0x39, 0x00, 0x8B, 0x01, 0x3F, 0x02, 0xE1, 0x02, 0xE0,
0x02, 0xCD, 0x02, 0xC7, 0x02, 0xCE, 0x02, 0xD2, 0x02, 0xCF, 0x02, 0xCA, 0x02, 0xB5, 0x02, 0xB6,
0x02, 0xB8, 0x02, 0xBC, 0x02, 0xBD, 0x02, 0xBA, 0x02, 0xB4, 0x02, 0xB3, 0x02, 0xBE, 0x02, 0xBB,
0x02, 0xB7, 0x02, 0xB9, 0x02, 0x84, 0x02, 0x86, 0x01, 0x79, 0x01, 0x7B, 0x01, 0x7D, 0x01, 0x95,
0x01, 0x96, 0x01, 0x99, 0x01, 0x9A, 0x01, 0x9B, 0x01, 0x9C, 0x01, 0x9D, 0x01, 0x9E, 0x01, 0xA0,
0x01, 0xA1, 0x01, 0xFB, 0x01, 0xA2, 0x02, 0x87, 0x01, 0xA3, 0x01, 0xA4, 0x02, 0x9A, 0x02, 0x9C,
0x02, 0x9E, 0x02, 0xA0, 0x02, 0xA9, 0x02, 0xAB, 0x02, 0xA7, 0x02, 0x23, 0x01, 0xA5, 0x01, 0xA6,
0x01, 0xA7, 0x01, 0xA8, 0x01, 0xA9, 0x01, 0xAA, 0x01, 0xFA, 0x02, 0x97, 0x02, 0x89, 0x02, 0x8C,
0x02, 0x8F, 0x02, 0x92, 0x02, 0x94, 0x02, 0xA2, 0x02, 0x99, 0x01, 0xF8, 0x01, 0xF7, 0x01, 0xF9,
0x00, 0xA4, 0x01, 0x58, 0x00, 0xA1, 0x01, 0x55, 0x00, 0xA3, 0x01, 0x57, 0x00, 0x10, 0x00, 0xC1,
0x00, 0x12, 0x00, 0xC3, 0x00, 0x0A, 0x00, 0xBB, 0x00, 0x0C, 0x00, 0xBD, 0x00, 0x0D, 0x00, 0xBE,
0x00, 0x0E, 0x00, 0xBF, 0x00, 0x0B, 0x00, 0xBC, 0x00, 0x04, 0x00, 0xB5, 0x00, 0x06, 0x00, 0xB7,
0x00, 0x07, 0x00, 0xB8, 0x00, 0x08, 0x00, 0xB9, 0x00, 0x05, 0x00, 0xB6, 0x00, 0x31, 0x00, 0xE2,
0x00, 0x33, 0x00, 0xE4, 0x00, 0x36, 0x00, 0xE7, 0x00, 0x2A, 0x00, 0xDB, 0x00, 0x2C, 0x00, 0xDD,
0x00, 0x2D, 0x00, 0xDE, 0x00, 0x2E, 0x00, 0xDF, 0x00, 0x2B, 0x00, 0xDC, 0x00, 0x4A, 0x00, 0xFA,
0x00, 0x48, 0x00, 0xF8, 0x00, 0x6A, 0x01, 0x1E, 0x00, 0x6C, 0x01, 0x20, 0x00, 0x64, 0x01, 0x18,
0x00, 0x66, 0x01, 0x1A, 0x00, 0x67, 0x01, 0x1B, 0x00, 0x68, 0x01, 0x1C, 0x00, 0x65, 0x01, 0x19,
0x00, 0x6E, 0x01, 0x22, 0x00, 0x70, 0x01, 0x24, 0x00, 0x71, 0x01, 0x25, 0x00, 0x72, 0x01, 0x26,
0x00, 0x6F, 0x01, 0x23, 0x00, 0x91, 0x01, 0x45, 0x00, 0x93, 0x01, 0x47, 0x00, 0x95, 0x01, 0x49,
0x00, 0x97, 0x01, 0x4B, 0x00, 0x98, 0x01, 0x4C, 0x00, 0x99, 0x01, 0x4D, 0x00, 0x96, 0x01, 0x4A,
0x00, 0xAB, 0x01, 0x5F, 0x00, 0xAA, 0x01, 0x5E, 0x00, 0xAD, 0x01, 0x61, 0x02, 0x1A, 0x02, 0x1B,
0x02, 0x16, 0x02, 0x18, 0x02, 0x19, 0x02, 0x17, 0x02, 0x33, 0x02, 0x34, 0x02, 0x06, 0x02, 0x47,
0x02, 0x4D, 0x02, 0x49, 0x02, 0x3D, 0x02, 0x3E, 0x02, 0x41, 0x02, 0x4C, 0x02, 0x45, 0x02, 0x3F,
0x02, 0x40, 0x02, 0x38, 0x02, 0x4B, 0x02, 0x48, 0x02, 0x43, 0x01, 0xD9, 0x01, 0xDE, 0x01, 0xCF,
0x01, 0xD0, 0x01, 0xD3, 0x01, 0xD4, 0x01, 0xD5, 0x01, 0xD6, 0x01, 0xD7, 0x01, 0xD8, 0x02, 0x6F,
0x02, 0x69, 0x02, 0x6B, 0x02, 0x6D, 0x02, 0x71, 0x02, 0x72, 0x02, 0x70, 0x02, 0x6A, 0x02, 0x6C,
0x02, 0x6E, 0x02, 0x63, 0x02, 0x50, 0x02, 0x58, 0x02, 0x57, 0x00, 0x00, 0x00, 0x01, 0x00, 0x00,
0x00, 0x0A, 0x00, 0xE0, 0x01, 0xAA, 0x00, 0x03, 0x44, 0x46, 0x4C, 0x54, 0x00, 0xB4, 0x6C, 0x61,
0x74, 0x6E, 0x00, 0x38, 0x74, 0x68, 0x61, 0x69, 0x00, 0x14, 0x00, 0x04, 0x00, 0x00, 0x00, 0x00,
0xFF, 0xFF, 0x00, 0x0D, 0x00, 0x00, 0x00, 0x01, 0x00, 0x02, 0x00, 0x03, 0x00, 0x04, 0x00, 0x05,
0x00, 0x09, 0x00, 0x0A, 0x00, 0x0B, 0x00, 0x0C, 0x00, 0x0D, 0x00, 0x0E, 0x00, 0x0F, 0x00, 0x80,
0x00, 0x04, 0x43, 0x41, 0x54, 0x20, 0x00, 0x5C, 0x4D, 0x4F, 0x4C, 0x20, 0x00, 0x3C, 0x4E, 0x4C,
0x44, 0x20, 0x00, 0x1C, 0x52, 0x4F, 0x4D, 0x20, 0x00, 0x3C, 0x00, 0x00, 0xFF, 0xFF, 0x00, 0x0D,
0x00, 0x00, 0x00, 0x01, 0x00, 0x03, 0x00, 0x04, 0x00, 0x05, 0x00, 0x08, 0x00, 0x09, 0x00, 0x0A,
0x00, 0x0B, 0x00, 0x0C, 0x00, 0x0D, 0x00, 0x0E, 0x00, 0x0F, 0x00, 0x00, 0xFF, 0xFF, 0x00, 0x0D,
0x00, 0x00, 0x00, 0x01, 0x00, 0x03, 0x00, 0x04, 0x00, 0x05, 0x00, 0x07, 0x00, 0x09, 0x00, 0x0A,
0x00, 0x0B, 0x00, 0x0C, 0x00, 0x0D, 0x00, 0x0E, 0x00, 0x0F, 0x00, 0x00, 0xFF, 0xFF, 0x00, 0x0D,
0x00, 0x00, 0x00, 0x01, 0x00, 0x03, 0x00, 0x04, 0x00, 0x05, 0x00, 0x06, 0x00, 0x09, 0x00, 0x0A,
0x00, 0x0B, 0x00, 0x0C, 0x00, 0x0D, 0x00, 0x0E, 0x00, 0x0F, 0x00, 0x04, 0x00, 0x00, 0x00, 0x00,
0xFF, 0xFF, 0x00, 0x0C, 0x00, 0x00, 0x00, 0x01, 0x00, 0x03, 0x00, 0x04, 0x00, 0x05, 0x00, 0x09,
0x00, 0x0A, 0x00, 0x0B, 0x00, 0x0C, 0x00, 0x0D, 0x00, 0x0E, 0x00, 0x0F, 0x00, 0x10, 0x61, 0x61,
0x6C, 0x74, 0x00, 0xC2, 0x63, 0x61, 0x73, 0x65, 0x00, 0xBC, 0x63, 0x63, 0x6D, 0x70, 0x00, 0xB2,
0x64, 0x6C, 0x69, 0x67, 0x00, 0xAC, 0x66, 0x72, 0x61, 0x63, 0x00, 0xA6, 0x6C, 0x69, 0x67, 0x61,
0x00, 0xA0, 0x6C, 0x6F, 0x63, 0x6C, 0x00, 0x9A, 0x6C, 0x6F, 0x63, 0x6C, 0x00, 0x94, 0x6C, 0x6F,
0x63, 0x6C, 0x00, 0x8E, 0x6F, 0x72, 0x64, 0x6E, 0x00, 0x86, 0x72, 0x6C, 0x69, 0x67, 0x00, 0x80,
0x73, 0x69, 0x6E, 0x66, 0x00, 0x7A, 0x73, 0x73, 0x30, 0x31, 0x00, 0x74, 0x73, 0x73, 0x30, 0x32,
0x00, 0x6E, 0x73, 0x75, 0x62, 0x73, 0x00, 0x68, 0x73, 0x75, 0x70, 0x73, 0x00, 0x62, 0x00, 0x00,
0x00, 0x01, 0x00, 0x0F, 0x00, 0x00, 0x00, 0x01, 0x00, 0x0D, 0x00, 0x00, 0x00, 0x01, 0x00, 0x19,
0x00, 0x00, 0x00, 0x01, 0x00, 0x18, 0x00, 0x00, 0x00, 0x01, 0x00, 0x0E, 0x00, 0x00, 0x00, 0x01,
0x00, 0x15, 0x00, 0x00, 0x00, 0x02, 0x00, 0x11, 0x00, 0x13, 0x00, 0x00, 0x00, 0x01, 0x00, 0x0B,
0x00, 0x00, 0x00, 0x01, 0x00, 0x07, 0x00, 0x00, 0x00, 0x01, 0x00, 0x08, 0x00, 0x00, 0x00, 0x01,
0x00, 0x17, 0x00, 0x00, 0x00, 0x01, 0x00, 0x10, 0x00, 0x00, 0x00, 0x01, 0x00, 0x16, 0x00, 0x00,
0x00, 0x03, 0x00, 0x02, 0x00, 0x03, 0x00, 0x04, 0x00, 0x00, 0x00, 0x01, 0x00, 0x14, 0x00, 0x00,
0x00, 0x02, 0x00, 0x00, 0x00, 0x01, 0x00, 0x1A, 0x07, 0xA4, 0x07, 0x2E, 0x07, 0x12, 0x06, 0x44,
0x04, 0x5A, 0x03, 0xE4, 0x03, 0xBE, 0x03, 0x9C, 0x03, 0x5A, 0x03, 0x3A, 0x03, 0x1A, 0x02, 0xDC,
0x02, 0xCA, 0x02, 0xB2, 0x02, 0xB2, 0x02, 0xA4, 0x01, 0xD8, 0x01, 0x9A, 0x01, 0x78, 0x01, 0x56,
0x01, 0x20, 0x00, 0xF2, 0x00, 0xA8, 0x00, 0x80, 0x00, 0x4A, 0x00, 0x36, 0x00, 0x01, 0x00, 0x00,
0x00, 0x01, 0x00, 0x08, 0x00, 0x01, 0x00, 0x06, 0x00, 0x3D, 0x00, 0x01, 0x00, 0x01, 0x01, 0x77,
0x00, 0x01, 0x00, 0x00, 0x00, 0x01, 0x00, 0x08, 0x00, 0x02, 0x00, 0x18, 0x00, 0x09, 0x01, 0xAB,
0x01, 0xAC, 0x01, 0xAD, 0x01, 0xAE, 0x01, 0xAF, 0x01, 0xB0, 0x01, 0xB1, 0x01, 0xB2, 0x01, 0xB3,
0x00, 0x01, 0x00, 0x09, 0x01, 0x6C, 0x01, 0x6D, 0x01, 0x70, 0x01, 0x73, 0x01, 0x74, 0x01, 0x75,
0x01, 0x77, 0x01, 0x7F, 0x01, 0xA8, 0x00, 0x04, 0x00, 0x08, 0x00, 0x01, 0x00, 0x08, 0x00, 0x01,
0x00, 0x1A, 0x00, 0x01, 0x00, 0x08, 0x00, 0x02, 0x00, 0x0C, 0x00, 0x06, 0x01, 0x68, 0x00, 0x02,
0x01, 0x06, 0x01, 0x67, 0x00, 0x02, 0x00, 0xF2, 0x00, 0x01, 0x00, 0x01, 0x00, 0xE9, 0x00, 0x04,
0x00, 0x08, 0x00, 0x01, 0x00, 0x08, 0x00, 0x01, 0x00, 0x36, 0x00, 0x04, 0x00, 0x2C, 0x00, 0x22,
0x00, 0x18, 0x00, 0x0E, 0x00, 0x01, 0x00, 0x04, 0x01, 0xB8, 0x00, 0x02, 0x02, 0x0F, 0x00, 0x01,
0x00, 0x04, 0x01, 0xB7, 0x00, 0x02, 0x02, 0x0F, 0x00, 0x01, 0x00, 0x04, 0x01, 0xB6, 0x00, 0x02,
0x02, 0x0F, 0x00, 0x01, 0x00, 0x04, 0x01, 0xB5, 0x00, 0x02, 0x02, 0x0F, 0x00, 0x01, 0x00, 0x04,
0x01, 0x71, 0x01, 0x77, 0x01, 0x87, 0x01, 0x8F, 0x00, 0x04, 0x00, 0x08, 0x00, 0x01, 0x00, 0x08,
0x00, 0x01, 0x00, 0x1E, 0x00, 0x02, 0x00, 0x14, 0x00, 0x0A, 0x00, 0x01, 0x00, 0x04, 0x01, 0x98,
0x00, 0x02, 0x01, 0xAA, 0x00, 0x01, 0x00, 0x04, 0x01, 0x94, 0x00, 0x02, 0x01, 0xAA, 0x00, 0x01,
0x00, 0x02, 0x01, 0x92, 0x01, 0x96, 0x00, 0x01, 0x00, 0x00, 0x00, 0x01, 0x00, 0x08, 0x00, 0x02,
0x00, 0x1E, 0x00, 0x0C, 0x02, 0x85, 0x02, 0xD4, 0x02, 0xD5, 0x02, 0xD6, 0x02, 0xD7, 0x02, 0xD8,
0x02, 0xD9, 0x02, 0xDA, 0x02, 0xDB, 0x02, 0xDC, 0x02, 0xDD, 0x02, 0xDE, 0x00, 0x02, 0x00, 0x02,
0x02, 0x84, 0x02, 0x84, 0x00, 0x00, 0x02, 0xC6, 0x02, 0xD0, 0x00, 0x01, 0x00, 0x04, 0x00, 0x00,
0x00, 0x01, 0x00, 0x08, 0x00, 0x01, 0x00, 0x14, 0x00, 0x01, 0x00, 0x08, 0x00, 0x01, 0x00, 0x04,
0x02, 0x36, 0x00, 0x03, 0x01, 0x14, 0x01, 0xFC, 0x00, 0x01, 0x00, 0x01, 0x00, 0x5A, 0x00, 0x01,
0x00, 0x00, 0x00, 0x01, 0x00, 0x08, 0x00, 0x02, 0x00, 0x0E, 0x00, 0x04, 0x01, 0x69, 0x01, 0x6A,
0x01, 0x69, 0x01, 0x6A, 0x00, 0x01, 0x00, 0x04, 0x00, 0x01, 0x00, 0x60, 0x00, 0xB2, 0x01, 0x14,
0x00, 0x06, 0x00, 0x00, 0x00, 0x02, 0x00, 0x24, 0x00, 0x0A, 0x00, 0x03, 0x00, 0x01, 0x01, 0x1C,
0x00, 0x01, 0x00, 0x12, 0x00, 0x00, 0x00, 0x01, 0x00, 0x00, 0x00, 0x12, 0x00, 0x01, 0x00, 0x02,
0x00, 0x60, 0x01, 0x14, 0x00, 0x03, 0x00, 0x01, 0x01, 0x02, 0x00, 0x01, 0x00, 0x12, 0x00, 0x00,
0x00, 0x01, 0x00, 0x00, 0x00, 0x12, 0x00, 0x01, 0x00, 0x02, 0x00, 0x01, 0x00, 0xB2, 0x00, 0x04,
0x00, 0x00, 0x00, 0x01, 0x00, 0x08, 0x00, 0x01, 0x00, 0xB4, 0x00, 0x06, 0x00, 0x76, 0x00, 0x60,
0x00, 0x40, 0x00, 0x34, 0x00, 0x1E, 0x00, 0x12, 0x00, 0x01, 0x00, 0x04, 0x01, 0xDD, 0x00, 0x03,
0x02, 0x09, 0x01, 0xCB, 0x00, 0x02, 0x00, 0x0E, 0x00, 0x06, 0x01, 0xD8, 0x00, 0x03, 0x02, 0x09,
0x01, 0xC9, 0x01, 0xDC, 0x00, 0x03, 0x02, 0x09, 0x01, 0xCB, 0x00, 0x01, 0x00, 0x04, 0x01, 0xD6,
0x00, 0x03, 0x02, 0x09, 0x01, 0xC8, 0x00, 0x03, 0x00, 0x18, 0x00, 0x10, 0x00, 0x08, 0x01, 0xD5,
0x00, 0x03, 0x02, 0x09, 0x01, 0xC8, 0x01, 0xD2, 0x00, 0x03, 0x02, 0x09, 0x01, 0xC7, 0x01, 0xDB,
0x00, 0x03, 0x02, 0x09, 0x01, 0xCB, 0x00, 0x02, 0x00, 0x0E, 0x00, 0x06, 0x01, 0xD4, 0x00, 0x03,
0x02, 0x09, 0x01, 0xC8, 0x01, 0xD0, 0x00, 0x03, 0x02, 0x09, 0x01, 0xC6, 0x00, 0x06, 0x00, 0x36,
0x00, 0x2E, 0x00, 0x26, 0x00, 0x1E, 0x00, 0x16, 0x00, 0x0E, 0x01, 0xD7, 0x00, 0x03, 0x02, 0x09,
0x01, 0xC9, 0x01, 0xD3, 0x00, 0x03, 0x02, 0x09, 0x01, 0xC8, 0x01, 0xCF, 0x00, 0x03, 0x02, 0x09,
0x01, 0xC6, 0x01, 0xCE, 0x00, 0x03, 0x02, 0x09, 0x01, 0xC5, 0x01, 0xD1, 0x00, 0x03, 0x02, 0x09,
0x01, 0xC7, 0x01, 0xDA, 0x00, 0x03, 0x02, 0x09, 0x01, 0xCB, 0x00, 0x01, 0x00, 0x06, 0x01, 0xC4,
0x01, 0xC5, 0x01, 0xC6, 0x01, 0xC7, 0x01, 0xC8, 0x01, 0xCA, 0x00, 0x01, 0x00, 0x00, 0x00, 0x01,
0x00, 0x08, 0x00, 0x01, 0x00, 0x14, 0x00, 0x26, 0x00, 0x01, 0x00, 0x00, 0x00, 0x01, 0x00, 0x08,
0x00, 0x01, 0x00, 0x06, 0x00, 0x1C, 0x00, 0x02, 0x00, 0x01, 0x01, 0xC3, 0x01, 0xCC, 0x00, 0x00,
0x00, 0x01, 0x00, 0x00, 0x00, 0x01, 0x00, 0x08, 0x00, 0x02, 0x00, 0x1C, 0x00, 0x02, 0x00, 0x4F,
0x01, 0x01, 0x00, 0x06, 0x00, 0x00, 0x00, 0x01, 0x00, 0x08, 0x00, 0x01, 0x00, 0x0A, 0x00, 0x02,
0x00, 0x24, 0x00, 0x12, 0x00, 0x01, 0x00, 0x02, 0x00, 0x4E, 0x00, 0xFF, 0x00, 0x01, 0x00, 0x04,
0x00, 0x01, 0x00, 0xF4, 0x00, 0x01, 0x00, 0x00, 0x00, 0x01, 0x00, 0x00, 0x00, 0x0C, 0x00, 0x01,
0x00, 0x04, 0x00, 0x01, 0x00, 0x43, 0x00, 0x01, 0x00, 0x00, 0x00, 0x01, 0x00, 0x00, 0x00, 0x0C,
0x00, 0x04, 0x00, 0x00, 0x00, 0x01, 0x00, 0x08, 0x00, 0x01, 0x00, 0x12, 0x00, 0x01, 0x00, 0x08,
0x00, 0x01, 0x00, 0x04, 0x00, 0x57, 0x00, 0x02, 0x02, 0x05, 0x00, 0x01, 0x00, 0x01, 0x00, 0x53,
0x00, 0x04, 0x00, 0x00, 0x00, 0x01, 0x00, 0x08, 0x00, 0x01, 0x00, 0x12, 0x00, 0x01, 0x00, 0x08,
0x00, 0x01, 0x00, 0x04, 0x01, 0x0A, 0x00, 0x02, 0x02, 0x05, 0x00, 0x01, 0x00, 0x01, 0x01, 0x06,
0x00, 0x06, 0x00, 0x00, 0x00, 0x01, 0x00, 0x08, 0x00, 0x01, 0x00, 0x0A, 0x00, 0x02, 0x00, 0x26,
0x00, 0x12, 0x00, 0x01, 0x00, 0x02, 0x00, 0x53, 0x01, 0x06, 0x00, 0x01, 0x00, 0x04, 0x00, 0x00,
0x00, 0x02, 0x02, 0x05, 0x00, 0x01, 0x01, 0x06, 0x00, 0x01, 0x00, 0x00, 0x00, 0x09, 0x00, 0x01,
0x00, 0x04, 0x00, 0x00, 0x00, 0x02, 0x02, 0x05, 0x00, 0x01, 0x00, 0x53, 0x00, 0x01, 0x00, 0x00,
0x00, 0x0A, 0x00, 0x01, 0x00, 0x00, 0x00, 0x01, 0x00, 0x08, 0x00, 0x02, 0x00, 0x0E, 0x00, 0x04,
0x00, 0x85, 0x00, 0x8B, 0x01, 0x39, 0x01, 0x3F, 0x00, 0x01, 0x00, 0x04, 0x00, 0x83, 0x00, 0x8A,
0x01, 0x37, 0x01, 0x3E, 0x00, 0x01, 0x00, 0x00, 0x00, 0x01, 0x00, 0x08, 0x00, 0x02, 0x01, 0x58,
0x00, 0x0C, 0x02, 0x88, 0x02, 0x8B, 0x02, 0x8E, 0x02, 0x91, 0x02, 0xAD, 0x02, 0x96, 0x02, 0x98,
0x02, 0x9B, 0x02, 0x9D, 0x02, 0x9F, 0x02, 0xA1, 0x02, 0xAE, 0x00, 0x01, 0x00, 0x00, 0x00, 0x01,
0x00, 0x08, 0x00, 0x02, 0x00, 0x38, 0x00, 0x19, 0x01, 0x78, 0x01, 0x7A, 0x01, 0x7C, 0x01, 0x7E,
0x01, 0x93, 0x01, 0x97, 0x01, 0x9F, 0x02, 0x88, 0x02, 0x8A, 0x02, 0x8D, 0x02, 0x90, 0x02, 0x93,
0x02, 0x95, 0x02, 0x98, 0x02, 0x9B, 0x02, 0x9D, 0x02, 0x9F, 0x02, 0xA1, 0x02, 0xAF, 0x02, 0xB0,
0x02, 0xB1, 0x02, 0xB2, 0x02, 0xA8, 0x02, 0xAA, 0x02, 0xAC, 0x00, 0x01, 0x00, 0x19, 0x01, 0x77,
0x01, 0x79, 0x01, 0x7B, 0x01, 0x7D, 0x01, 0x92, 0x01, 0x96, 0x01, 0x9E, 0x02, 0x87, 0x02, 0x89,
0x02, 0x8C, 0x02, 0x8F, 0x02, 0x92, 0x02, 0x94, 0x02, 0x97, 0x02, 0x9A, 0x02, 0x9C, 0x02, 0x9E,
0x02, 0xA0, 0x02, 0xA3, 0x02, 0xA4, 0x02, 0xA5, 0x02, 0xA6, 0x02, 0xA7, 0x02, 0xA9, 0x02, 0xAB,
0x00, 0x06, 0x00, 0x00, 0x00, 0x0A, 0x01, 0xBE, 0x01, 0xA0, 0x01, 0x54, 0x01, 0x16, 0x00, 0xEA,
0x00, 0xB2, 0x00, 0x8A, 0x00, 0x6A, 0x00, 0x4C, 0x00, 0x1A, 0x00, 0x03, 0x00, 0x01, 0x00, 0x22,
0x00, 0x01, 0x00, 0x12, 0x00, 0x00, 0x00, 0x01, 0x00, 0x00, 0x00, 0x05, 0x00, 0x01, 0x00, 0x06,
0x02, 0x87, 0x02, 0x97, 0x02, 0x9A, 0x02, 0x9C, 0x02, 0x9E, 0x02, 0xA0, 0x00, 0x01, 0x00, 0x06,
0x02, 0x88, 0x02, 0x98, 0x02, 0x9B, 0x02, 0x9D, 0x02, 0x9F, 0x02, 0xA1, 0x00, 0x03, 0x00, 0x02,
0x01, 0x84, 0x00, 0x14, 0x00, 0x01, 0x01, 0x1A, 0x00, 0x00, 0x00, 0x01, 0x00, 0x00, 0x00, 0x06,
0x00, 0x01, 0x00, 0x03, 0x01, 0x89, 0x01, 0x8B, 0x01, 0x8D, 0x00, 0x03, 0x00, 0x01, 0x00, 0x12,
0x00, 0x01, 0x00, 0xFC, 0x00, 0x00, 0x00, 0x01, 0x00, 0x00, 0x00, 0x05, 0x00, 0x01, 0x00, 0x05,
0x02, 0x8B, 0x02, 0x8E, 0x02, 0x91, 0x02, 0x96, 0x02, 0xAD, 0x00, 0x03, 0x00, 0x01, 0x00, 0x1C,
0x00, 0x01, 0x00, 0x12, 0x00, 0x00, 0x00, 0x01, 0x00, 0x00, 0x00, 0x05, 0x00, 0x02, 0x00, 0x01,
0x02, 0xA3, 0x02, 0xA6, 0x00, 0x00, 0x00, 0x01, 0x00, 0x04, 0x01, 0x89, 0x01, 0x8B, 0x01, 0x8D,
0x01, 0x9F, 0x00, 0x03, 0x00, 0x01, 0x00, 0x2E, 0x00, 0x01, 0x00, 0x12, 0x00, 0x00, 0x00, 0x01,
0x00, 0x00, 0x00, 0x06, 0x00, 0x01, 0x00, 0x0C, 0x02, 0x87, 0x02, 0x89, 0x02, 0x8C, 0x02, 0x8F,
0x02, 0x92, 0x02, 0x94, 0x02, 0x97, 0x02, 0x9A, 0x02, 0x9C, 0x02, 0x9E, 0x02, 0xA0, 0x02, 0xA2,
0x00, 0x01, 0x00, 0x03, 0x01, 0x89, 0x01, 0x8B, 0x01, 0x9F, 0x00, 0x03, 0x00, 0x01, 0x00, 0x26,
0x00, 0x01, 0x00, 0x12, 0x00, 0x00, 0x00, 0x01, 0x00, 0x00, 0x00, 0x06, 0x00, 0x01, 0x00, 0x08,
0x02, 0x87, 0x02, 0x89, 0x02, 0x8C, 0x02, 0x8F, 0x02, 0x92, 0x02, 0x94, 0x02, 0x97, 0x02, 0xA2,
0x00, 0x01, 0x00, 0x01, 0x01, 0x8D, 0x00, 0x03, 0x00, 0x00, 0x00, 0x01, 0x00, 0x38, 0x00, 0x01,
0x00, 0x12, 0x00, 0x01, 0x00, 0x00, 0x00, 0x05, 0x00, 0x01, 0x00, 0x11, 0x02, 0x87, 0x02, 0x89,
0x02, 0x8C, 0x02, 0x8F, 0x02, 0x92, 0x02, 0x94, 0x02, 0x97, 0x02, 0x99, 0x02, 0x9A, 0x02, 0x9C,
0x02, 0x9E, 0x02, 0xA0, 0x02, 0xA2, 0x02, 0xA3, 0x02, 0xA4, 0x02, 0xA5, 0x02, 0xA6, 0x00, 0x01,
0x00, 0x01, 0x01, 0x9E, 0x00, 0x03, 0x00, 0x01, 0x00, 0x20, 0x00, 0x01, 0x00, 0x12, 0x00, 0x00,
0x00, 0x01, 0x00, 0x00, 0x00, 0x05, 0x00, 0x01, 0x00, 0x05, 0x02, 0x89, 0x02, 0x8C, 0x02, 0x8F,
0x02, 0x92, 0x02, 0x94, 0x00, 0x01, 0x00, 0x14, 0x02, 0x87, 0x02, 0x88, 0x02, 0x89, 0x02, 0x8C,
0x02, 0x8F, 0x02, 0x92, 0x02, 0x94, 0x02, 0x97, 0x02, 0x98, 0x02, 0x99, 0x02, 0x9A, 0x02, 0x9B,
0x02, 0x9C, 0x02, 0x9D, 0x02, 0x9E, 0x02, 0x9F, 0x02, 0xA0, 0x02, 0xA1, 0x02, 0xA2, 0x02, 0xAE,
0x00, 0x03, 0x00, 0x01, 0x00, 0x12, 0x00, 0x01, 0x00, 0x30, 0x00, 0x00, 0x00, 0x01, 0x00, 0x00,
0x00, 0x05, 0x00, 0x01, 0x00, 0x04, 0x01, 0x7A, 0x01, 0x7C, 0x01, 0x93, 0x01, 0x97, 0x00, 0x03,
0x00, 0x00, 0x00, 0x01, 0x00, 0x1C, 0x00, 0x01, 0x00, 0x12, 0x00, 0x01, 0x00, 0x00, 0x00, 0x05,
0x00, 0x01, 0x00, 0x03, 0x02, 0xA7, 0x02, 0xA9, 0x02, 0xAB, 0x00, 0x01, 0x00, 0x06, 0x01, 0x77,
0x01, 0x79, 0x01, 0x7B, 0x01, 0x7D, 0x01, 0x92, 0x01, 0x96, 0x00, 0x04, 0x00, 0x00, 0x00, 0x01,
0x00, 0x08, 0x00, 0x01, 0x00, 0xAE, 0x00, 0x0A, 0x00, 0xA4, 0x00, 0x9A, 0x00, 0x90, 0x00, 0x86,
0x00, 0x7C, 0x00, 0x72, 0x00, 0x68, 0x00, 0x46, 0x00, 0x3C, 0x00, 0x1A, 0x00, 0x04, 0x00, 0x1C,
0x00, 0x16, 0x00, 0x10, 0x00, 0x0A, 0x02, 0xB2, 0x00, 0x02, 0x02, 0xAD, 0x02, 0xB1, 0x00, 0x02,
0x02, 0x91, 0x02, 0xB0, 0x00, 0x02, 0x02, 0x8E, 0x02, 0xAF, 0x00, 0x02, 0x02, 0x8B, 0x00, 0x01,
0x00, 0x04, 0x02, 0xB2, 0x00, 0x02, 0x02, 0xAE, 0x00, 0x04, 0x00, 0x1C, 0x00, 0x16, 0x00, 0x10,
0x00, 0x0A, 0x02, 0xA6, 0x00, 0x02, 0x02, 0x92, 0x02, 0xA5, 0x00, 0x02, 0x02, 0x8F, 0x02, 0xA4,
0x00, 0x02, 0x02, 0x8C, 0x02, 0xA3, 0x00, 0x02, 0x02, 0x89, 0x00, 0x01, 0x00, 0x04, 0x02, 0xA6,
0x00, 0x02, 0x02, 0xA2, 0x00, 0x01, 0x00, 0x04, 0x02, 0xB1, 0x00, 0x02, 0x02, 0xAE, 0x00, 0x01,
0x00, 0x04, 0x02, 0xA5, 0x00, 0x02, 0x02, 0xA2, 0x00, 0x01, 0x00, 0x04, 0x02, 0xB0, 0x00, 0x02,
0x02, 0xAE, 0x00, 0x01, 0x00, 0x04, 0x02, 0xA4, 0x00, 0x02, 0x02, 0xA2, 0x00, 0x01, 0x00, 0x04,
0x02, 0xAF, 0x00, 0x02, 0x02, 0xAE, 0x00, 0x01, 0x00, 0x04, 0x02, 0xA3, 0x00, 0x02, 0x02, 0xA2,
0x00, 0x01, 0x00, 0x0A, 0x02, 0x89, 0x02, 0x8B, 0x02, 0x8C, 0x02, 0x8E, 0x02, 0x8F, 0x02, 0x91,
0x02, 0x92, 0x02, 0xA2, 0x02, 0xAD, 0x02, 0xAE, 0x00, 0x02, 0x00, 0x00, 0x00, 0x01, 0x00, 0x08,
0x00, 0x01, 0x00, 0x08, 0x00, 0x01, 0x00, 0x0E, 0x00, 0x01, 0x00, 0x01, 0x01, 0xA4, 0x00, 0x02,
0x02, 0xA2, 0x01, 0xA3, 0x00, 0x03, 0x00, 0x00, 0x00, 0x01, 0x00, 0x08, 0x00, 0x01, 0x00, 0x1C,
0x00, 0x0B, 0x00, 0x68, 0x00, 0x62, 0x00, 0x5C, 0x00, 0x56, 0x00, 0x50, 0x00, 0x4A, 0x00, 0x44,
0x00, 0x3E, 0x00, 0x38, 0x00, 0x32, 0x00, 0x2C, 0x00, 0x02, 0x00, 0x02, 0x01, 0x77, 0x01, 0x77,
0x00, 0x00, 0x01, 0xC3, 0x01, 0xCC, 0x00, 0x01, 0x00, 0x02, 0x01, 0xE8, 0x01, 0xF2, 0x00, 0x02,
0x01, 0xE7, 0x01, 0xF1, 0x00, 0x02, 0x01, 0xE6, 0x01, 0xF0, 0x00, 0x02, 0x01, 0xE5, 0x01, 0xEF,
0x00, 0x02, 0x01, 0xE4, 0x01, 0xEE, 0x00, 0x02, 0x01, 0xE3, 0x01, 0xED, 0x00, 0x02, 0x01, 0xE2,
0x01, 0xEC, 0x00, 0x02, 0x01, 0xE1, 0x01, 0xEB, 0x00, 0x02, 0x01, 0xE0, 0x01, 0xEA, 0x00, 0x02,
0x01, 0xDF, 0x01, 0xE9, 0x00, 0x02, 0x01, 0xB1, 0x01, 0xB4, 0x00, 0x01, 0x00, 0x00, 0x00, 0x01,
0x00, 0x08, 0x00, 0x02, 0x00, 0x42, 0x00, 0x1E, 0x01, 0x69, 0x00, 0x4F, 0x01, 0x6A, 0x00, 0x85,
0x00, 0x8B, 0x01, 0x69, 0x01, 0x01, 0x01, 0x6A, 0x01, 0x39, 0x01, 0x3F, 0x01, 0xAB, 0x01, 0xAC,
0x01, 0xAD, 0x01, 0xAE, 0x01, 0xAF, 0x01, 0xB0, 0x01, 0xB2, 0x01, 0xB3, 0x02, 0x85, 0x02, 0xD4,
0x02, 0xD5, 0x02, 0xD6, 0x02, 0xD7, 0x02, 0xD8, 0x02, 0xD9, 0x02, 0xDA, 0x02, 0xDB, 0x02, 0xDC,
0x02, 0xDD, 0x02, 0xDE, 0x00, 0x01, 0x00, 0x1E, 0x00, 0x01, 0x00, 0x4E, 0x00, 0x60, 0x00, 0x83,
0x00, 0x8A, 0x00, 0xB2, 0x00, 0xFF, 0x01, 0x14, 0x01, 0x37, 0x01, 0x3E, 0x01, 0x6C, 0x01, 0x6D,
0x01, 0x70, 0x01, 0x73, 0x01, 0x74, 0x01, 0x75, 0x01, 0x7F, 0x01, 0xA8, 0x02, 0x84, 0x02, 0xC6,
0x02, 0xC7, 0x02, 0xC8, 0x02, 0xC9, 0x02, 0xCA, 0x02, 0xCB, 0x02, 0xCC, 0x02, 0xCD, 0x02, 0xCE,
0x02, 0xCF, 0x02, 0xD0, 0x01, 0xD8, 0x00, 0x20, 0x02, 0x90, 0x00, 0x16, 0x02, 0x90, 0x00, 0x16,
0x02, 0x90, 0x00, 0x16, 0x02, 0x90, 0x00, 0x16, 0x02, 0x90, 0x00, 0x16, 0x02, 0x90, 0x00, 0x16,
0x02, 0x90, 0x00, 0x16, 0x02, 0x90, 0x00, 0x16, 0x02, 0x90, 0x00, 0x16, 0x02, 0x90, 0x00, 0x16,
0x02, 0x90, 0x00, 0x16, 0x02, 0x90, 0x00, 0x16, 0x02, 0x90, 0x00, 0x16, 0x02, 0x90, 0x00, 0x16,
0x02, 0x90, 0x00, 0x16, 0x02, 0x90, 0x00, 0x16, 0x02, 0x90, 0x00, 0x16, 0x02, 0x90, 0x00, 0x16,
0x02, 0x90, 0x00, 0x16, 0x02, 0x90, 0x00, 0x16, 0x02, 0x90, 0x00, 0x16, 0x02, 0x90, 0x00, 0x16,
0x02, 0x90, 0x00, 0x16, 0x03, 0x9F, 0x00, 0x02, 0x03, 0x9F, 0x00, 0x02, 0x02, 0x92, 0x00, 0x58,
0x02, 0x77, 0x00, 0x37, 0x02, 0x77, 0x00, 0x37, 0x02, 0x77, 0x00, 0x37, 0x02, 0x77, 0x00, 0x37,
0x02, 0x77, 0x00, 0x37, 0x02, 0x77, 0x00, 0x37, 0x02, 0xA8, 0x00, 0x58, 0x02, 0xAB, 0x00, 0x0E,
0x02, 0xA8, 0x00, 0x58, 0x02, 0xAB, 0x00, 0x0E, 0x02, 0x4F, 0x00, 0x58, 0x02, 0x4F, 0x00, 0x58,
0x02, 0x4F, 0x00, 0x58, 0x02, 0x4F, 0x00, 0x58, 0x02, 0x4F, 0x00, 0x58, 0x02, 0x4F, 0x00, 0x58,
0x02, 0x4F, 0x00, 0x58, 0x02, 0x4F, 0x00, 0x20, 0x02, 0x4F, 0x00, 0x58, 0x02, 0x4F, 0x00, 0x58,
0x02, 0x4F, 0x00, 0x58, 0x02, 0x4F, 0x00, 0x58, 0x02, 0x4F, 0x00, 0x58, 0x02, 0x4F, 0x00, 0x58,
0x02, 0x4F, 0x00, 0x58, 0x02, 0x4F, 0x00, 0x58, 0x02, 0x4F, 0x00, 0x58, 0x02, 0x4F, 0x00, 0x58,
0x02, 0xC6, 0x00, 0x37, 0x02, 0x38, 0x00, 0x58, 0x02, 0xBF, 0x00, 0x37, 0x02, 0xBF, 0x00, 0x37,
0x02, 0xBF, 0x00, 0x37, 0x02, 0xBF, 0x00, 0x37, 0x02, 0xBF, 0x00, 0x37, 0x02, 0xC9, 0x00, 0x58,
0x02, 0xD0, 0x00, 0x15, 0x02, 0xC9, 0x00, 0x58, 0x01, 0x9B, 0x00, 0x39, 0x02, 0x89, 0x00, 0x53,
0x01, 0x9B, 0x00, 0x39, 0x01, 0x9B, 0x00, 0x29, 0x01, 0x9B, 0x00, 0x21, 0x01, 0x9B, 0x00, 0x2F,
0x01, 0x9B, 0x00, 0x39, 0x01, 0x9B, 0x00, 0x39, 0x01, 0x9B, 0x00, 0x39, 0x01, 0x9B, 0x00, 0x39,
0x01, 0x9B, 0x00, 0x39, 0x01, 0x9B, 0x00, 0x39, 0x01, 0x9B, 0x00, 0x1E, 0x02, 0x0E, 0x00, 0x1B,
0x02, 0x0E, 0x00, 0x1B, 0x02, 0x0E, 0x00, 0x1B, 0x02, 0x8F, 0x00, 0x58, 0x02, 0x8F, 0x00, 0x58,
0x01, 0xFF, 0x00, 0x58, 0x01, 0xFF, 0x00, 0x58, 0x01, 0xFF, 0x00, 0x58, 0x01, 0xFF, 0x00, 0x58,
0x01, 0xFF, 0x00, 0x58, 0x02, 0x07, 0xFF, 0xF9, 0x03, 0x2E, 0x00, 0x58, 0x02, 0xC9, 0x00, 0x58,
0x02, 0xC9, 0x00, 0x58, 0x02, 0xC9, 0x00, 0x58, 0x02, 0xC9, 0x00, 0x58, 0x02, 0xC9, 0x00, 0x58,
0x02, 0xC9, 0x00, 0x58, 0x02, 0xC6, 0x00, 0x37, 0x02, 0xC6, 0x00, 0x37, 0x02, 0xC6, 0x00, 0x37,
0x02, 0xC6, 0x00, 0x37, 0x02, 0xC6, 0x00, 0x37, 0x02, 0xC6, 0x00, 0x37, 0x02, 0xC6, 0x00, 0x37,
0x02, 0xC6, 0x00, 0x37, 0x02, 0xC6, 0x00, 0x37, 0x02, 0xC6, 0x00, 0x37, 0x02, 0xC6, 0x00, 0x37,
0x02, 0xC6, 0x00, 0x37, 0x02, 0xC6, 0x00, 0x37, 0x02, 0xC6, 0x00, 0x37, 0x02, 0xC6, 0x00, 0x37,
0x02, 0xC6, 0x00, 0x37, 0x02, 0xC6, 0x00, 0x37, 0x02, 0xC6, 0x00, 0x37, 0x02, 0xC6, 0x00, 0x37,
0x02, 0xC6, 0x00, 0x37, 0x02, 0xC6, 0x00, 0x37, 0x02, 0xC6, 0x00, 0x37, 0x02, 0xC6, 0x00, 0x37,
0x02, 0xC6, 0x00, 0x37, 0x03, 0xDD, 0x00, 0x37, 0x02, 0x6F, 0x00, 0x58, 0x02, 0x6F, 0x00, 0x58,
0x02, 0xC6, 0x00, 0x37, 0x02, 0x8B, 0x00, 0x58, 0x02, 0x8B, 0x00, 0x58, 0x02, 0x8B, 0x00, 0x58,
0x02, 0x8B, 0x00, 0x58, 0x02, 0x53, 0x00, 0x29, 0x02, 0x53, 0x00, 0x29, 0x02, 0x53, 0x00, 0x29,
0x02, 0x53, 0x00, 0x29, 0x02, 0x53, 0x00, 0x29, 0x02, 0x53, 0x00, 0x29, 0x02, 0xC6, 0x00, 0x58,
0x02, 0x40, 0x00, 0x18, 0x02, 0x4A, 0x00, 0x1D, 0x02, 0x40, 0x00, 0x18, 0x02, 0x40, 0x00, 0x18,
0x02, 0x40, 0x00, 0x18, 0x02, 0xAB, 0x00, 0x53, 0x02, 0xAB, 0x00, 0x53, 0x02, 0xAB, 0x00, 0x53,
0x02, 0xAB, 0x00, 0x53, 0x02, 0xAB, 0x00, 0x53, 0x02, 0xAB, 0x00, 0x53, 0x02, 0xAB, 0x00, 0x53,
0x02, 0xAB, 0x00, 0x53, 0x02, 0xAB, 0x00, 0x53, 0x02, 0xAB, 0x00, 0x53, 0x02, 0xAB, 0x00, 0x53,
0x02, 0xAB, 0x00, 0x53, 0x02, 0xAB, 0x00, 0x53, 0x02, 0xAB, 0x00, 0x53, 0x02, 0xAB, 0x00, 0x53,
0x02, 0xAB, 0x00, 0x53, 0x02, 0xAB, 0x00, 0x53, 0x02, 0xAB, 0x00, 0x53, 0x02, 0xAB, 0x00, 0x53,
0x02, 0x6F, 0x00, 0x12, 0x03, 0x96, 0x00, 0x17, 0x03, 0x96, 0x00, 0x17, 0x03, 0x96, 0x00, 0x17,
0x03, 0x96, 0x00, 0x17, 0x03, 0x96, 0x00, 0x17, 0x02, 0x79, 0x00, 0x15, 0x02, 0x64, 0x00, 0x0C,
0x02, 0x64, 0x00, 0x0C, 0x02, 0x64, 0x00, 0x0C, 0x02, 0x64, 0x00, 0x0C, 0x02, 0x64, 0x00, 0x0C,
0x02, 0x64, 0x00, 0x0C, 0x02, 0x64, 0x00, 0x0C, 0x02, 0x64, 0x00, 0x0C, 0x02, 0x4D, 0x00, 0x25,
0x02, 0x4D, 0x00, 0x25, 0x02, 0x4D, 0x00, 0x25, 0x02, 0x4D, 0x00, 0x25, 0x02, 0x22, 0x00, 0x29,
0x02, 0x22, 0x00, 0x29, 0x02, 0x22, 0x00, 0x29, 0x02, 0x22, 0x00, 0x29, 0x02, 0x22, 0x00, 0x29,
0x02, 0x22, 0x00, 0x29, 0x02, 0x22, 0x00, 0x29, 0x02, 0x22, 0x00, 0x29, 0x02, 0x22, 0x00, 0x29,
0x02, 0x22, 0x00, 0x29, 0x02, 0x22, 0x00, 0x29, 0x02, 0x22, 0xFF, 0xEE, 0x02, 0x22, 0x00, 0x29,
0x02, 0x22, 0x00, 0x29, 0x02, 0x22, 0x00, 0x29, 0x02, 0x22, 0x00, 0x29, 0x02, 0x22, 0x00, 0x29,
0x02, 0x22, 0x00, 0x29, 0x02, 0x22, 0x00, 0x29, 0x02, 0x22, 0x00, 0x29, 0x02, 0x22, 0x00, 0x29,
0x02, 0x22, 0x00, 0x29, 0x02, 0x22, 0x00, 0x29, 0x03, 0x60, 0x00, 0x29, 0x03, 0x60, 0x00, 0x29,
0x02, 0x4D, 0x00, 0x50, 0x01, 0xFC, 0x00, 0x2B, 0x01, 0xFC, 0x00, 0x2B, 0x01, 0xFC, 0x00, 0x2B,
0x01, 0xFC, 0x00, 0x2B, 0x01, 0xFC, 0x00, 0x2B, 0x01, 0xFC, 0x00, 0x2B, 0x02, 0x4D, 0x00, 0x30,
0x02, 0x3B, 0x00, 0x2D, 0x02, 0x5A, 0x00, 0x30, 0x02, 0x50, 0x00, 0x30, 0x02, 0x29, 0x00, 0x2B,
0x02, 0x29, 0x00, 0x2B, 0x02, 0x29, 0x00, 0x2B, 0x02, 0x29, 0x00, 0x2B, 0x02, 0x29, 0x00, 0x2B,
0x02, 0x29, 0x00, 0x2B, 0x02, 0x29, 0x00, 0x2B, 0x02, 0x29, 0x00, 0x06, 0x02, 0x29, 0x00, 0x2B,
0x02, 0x29, 0x00, 0x2B, 0x02, 0x29, 0x00, 0x2B, 0x02, 0x29, 0x00, 0x2B, 0x02, 0x29, 0x00, 0x2B,
0x02, 0x29, 0x00, 0x2B, 0x02, 0x29, 0x00, 0x2B, 0x02, 0x29, 0x00, 0x2B, 0x02, 0x29, 0x00, 0x2B,
0x02, 0x29, 0x00, 0x2B, 0x02, 0x29, 0x00, 0x2B, 0x01, 0x50, 0x00, 0x1A, 0x02, 0x18, 0x00, 0x24,
0x02, 0x1D, 0x00, 0x24, 0x02, 0x1D, 0x00, 0x24, 0x02, 0x1D, 0x00, 0x24, 0x02, 0x1D, 0x00, 0x24,
0x02, 0x41, 0x00, 0x50, 0x02, 0x41, 0x00, 0x10, 0x02, 0x41, 0xFF, 0xD8, 0x01, 0x06, 0x00, 0x46,
0x01, 0x06, 0x00, 0x50, 0x01, 0x06, 0x00, 0x4D, 0x01, 0x06, 0xFF, 0xDE, 0x01, 0x06, 0xFF, 0xD7,
0x01, 0x06, 0xFF, 0xE5, 0x01, 0x06, 0x00, 0x46, 0x01, 0x06, 0x00, 0x06, 0x01, 0x06, 0x00, 0x23,
0x02, 0x07, 0x00, 0x46, 0x01, 0x06, 0xFF, 0xF3, 0x01, 0x06, 0x00, 0x03, 0x01, 0x06, 0xFF, 0xD4,
0x01, 0x06, 0xFF, 0xFE, 0x01, 0x06, 0xFF, 0xFE, 0x01, 0x06, 0xFF, 0xFE, 0x01, 0x06, 0xFF, 0xD7,
0x02, 0x20, 0x00, 0x50, 0x02, 0x20, 0x00, 0x50, 0x02, 0x20, 0x00, 0x50, 0x01, 0x1A, 0x00, 0x50,
0x01, 0x1A, 0x00, 0x50, 0x01, 0x2F, 0x00, 0x50, 0x01, 0x1A, 0x00, 0x50, 0x01, 0x84, 0x00, 0x50,
0x01, 0x22, 0x00, 0x0B, 0x03, 0x70, 0x00, 0x50, 0x02, 0x41, 0x00, 0x50, 0x02, 0x41, 0x00, 0x50,
0x03, 0x45, 0x00, 0x2A, 0x02, 0x41, 0x00, 0x50, 0x02, 0x41, 0x00, 0x50, 0x02, 0x41, 0x00, 0x50,
0x02, 0x41, 0x00, 0x50, 0x02, 0x31, 0x00, 0x2B, 0x02, 0x31, 0x00, 0x2B, 0x02, 0x31, 0x00, 0x2B,
0x02, 0x31, 0x00, 0x2B, 0x02, 0x31, 0x00, 0x2B, 0x02, 0x31, 0x00, 0x2B, 0x02, 0x31, 0x00, 0x05,
0x02, 0x31, 0x00, 0x2B, 0x02, 0x31, 0x00, 0x2B, 0x02, 0x31, 0x00, 0x2B, 0x02, 0x31, 0x00, 0x2B,
0x02, 0x31, 0x00, 0x2B, 0x02, 0x31, 0x00, 0x2B, 0x02, 0x31, 0x00, 0x2B, 0x02, 0x31, 0x00, 0x2B,
0x02, 0x31, 0x00, 0x2B, 0x02, 0x31, 0x00, 0x2B, 0x02, 0x31, 0x00, 0x2B, 0x02, 0x31, 0x00, 0x2B,
0x02, 0x31, 0x00, 0x2B, 0x02, 0x31, 0x00, 0x2B, 0x02, 0x39, 0x00, 0x1C, 0x02, 0x39, 0x00, 0x1C,
0x02, 0x31, 0x00, 0x2B, 0x03, 0x99, 0x00, 0x2B, 0x02, 0x4D, 0x00, 0x50, 0x02, 0x4D, 0x00, 0x50,
0x02, 0x4D, 0x00, 0x30, 0x01, 0x7B, 0x00, 0x50, 0x01, 0x7B, 0x00, 0x50, 0x01, 0x7B, 0x00, 0x31,
0x01, 0x7B, 0x00, 0x3C, 0x01, 0xED, 0x00, 0x21, 0x01, 0xED, 0x00, 0x21, 0x01, 0xED, 0x00, 0x21,
0x01, 0xED, 0x00, 0x21, 0x01, 0xED, 0x00, 0x21, 0x01, 0xED, 0x00, 0x21, 0x02, 0x91, 0x00, 0x1A,
0x01, 0x6A, 0x00, 0x1B, 0x01, 0x70, 0x00, 0x1E, 0x01, 0x6B, 0x00, 0x1B, 0x01, 0x6A, 0x00, 0x1B,
0x01, 0x6A, 0x00, 0x1B, 0x02, 0x40, 0x00, 0x49, 0x02, 0x40, 0x00, 0x49, 0x02, 0x40, 0x00, 0x49,
0x02, 0x40, 0x00, 0x49, 0x02, 0x40, 0x00, 0x49, 0x02, 0x40, 0x00, 0x49, 0x02, 0x40, 0x00, 0x49,
0x02, 0x40, 0x00, 0x49, 0x02, 0x41, 0x00, 0x4A, 0x02, 0x41, 0x00, 0x4A, 0x02, 0x41, 0x00, 0x4A,
0x02, 0x41, 0x00, 0x4A, 0x02, 0x41, 0x00, 0x4A, 0x02, 0x41, 0x00, 0x4A, 0x02, 0x40, 0x00, 0x49,
0x02, 0x40, 0x00, 0x49, 0x02, 0x41, 0x00, 0x4A, 0x02, 0x40, 0x00, 0x49, 0x02, 0x40, 0x00, 0x49,
0x01, 0xFB, 0x00, 0x0F, 0x03, 0x18, 0x00, 0x1B, 0x03, 0x18, 0x00, 0x1B, 0x03, 0x18, 0x00, 0x1B,
0x03, 0x18, 0x00, 0x1B, 0x03, 0x18, 0x00, 0x1B, 0x02, 0x0D, 0x00, 0x14, 0x01, 0xFF, 0x00, 0x0D,
0x01, 0xFF, 0x00, 0x0D, 0x01, 0xFF, 0x00, 0x0D, 0x01, 0xFF, 0x00, 0x0D, 0x01, 0xFF, 0x00, 0x0D,
0x01, 0xFF, 0x00, 0x0D, 0x01, 0xFF, 0x00, 0x0D, 0x01, 0xFF, 0x00, 0x0D, 0x01, 0xE2, 0x00, 0x23,
0x01, 0xE2, 0x00, 0x23, 0x01, 0xE2, 0x00, 0x23, 0x01, 0xE2, 0x00, 0x23, 0x02, 0x1D, 0x00, 0x24,
0x02, 0x52, 0x00, 0x1A, 0x02, 0x6B, 0x00, 0x1A, 0x01, 0xA0, 0x00, 0x2A, 0x01, 0x9A, 0x00, 0x2A,
0x02, 0x68, 0x00, 0x41, 0x02, 0x39, 0x00, 0x3D, 0x02, 0x45, 0x00, 0x28, 0x02, 0x71, 0x00, 0x4D,
0x02, 0x7C, 0x00, 0x4F, 0x02, 0x72, 0x00, 0x2A, 0x02, 0x2A, 0x00, 0x19, 0x02, 0x29, 0x00, 0x27,
0x02, 0x59, 0x00, 0x33, 0x02, 0x29, 0x00, 0x39, 0x02, 0x39, 0x00, 0x1F, 0x03, 0xA3, 0x00, 0x3D,
0x03, 0xA1, 0x00, 0x3D, 0x03, 0xA1, 0x00, 0x3D, 0x02, 0x73, 0x00, 0x29, 0x02, 0x73, 0x00, 0x29,
0x02, 0x73, 0x00, 0x29, 0x02, 0x73, 0x00, 0x29, 0x02, 0x3F, 0x00, 0x26, 0x02, 0x3F, 0x00, 0x26,
0x02, 0x7A, 0x00, 0x21, 0x03, 0x94, 0x00, 0x34, 0x03, 0xA7, 0x00, 0x3D, 0x02, 0x59, 0x00, 0x33,
0x02, 0x66, 0x00, 0x34, 0x02, 0x67, 0x00, 0x3F, 0x02, 0x6B, 0x00, 0x54, 0x02, 0x23, 0x00, 0x3F,
0x02, 0x68, 0x00, 0x4F, 0x02, 0x61, 0x00, 0x4F, 0x02, 0x61, 0x00, 0x4F, 0x02, 0x7D, 0x00, 0x4F,
0x02, 0x7D, 0x00, 0x4F, 0x02, 0xD8, 0x00, 0x37, 0x02, 0xB5, 0x00, 0x30, 0x02, 0x73, 0x00, 0x29,
0x02, 0x69, 0x00, 0x54, 0x02, 0x52, 0x00, 0x3F, 0x02, 0x06, 0x00, 0x29, 0x02, 0x67, 0x00, 0x3F,
0x02, 0x67, 0x00, 0x3F, 0x03, 0xE7, 0x00, 0x3D, 0x02, 0x41, 0x00, 0x2F, 0x02, 0x73, 0x00, 0x29,
0x02, 0x73, 0x00, 0x29, 0x03, 0xF5, 0x00, 0x29, 0x02, 0x0B, 0x00, 0x23, 0x02, 0x80, 0x00, 0x4D,
0x02, 0x74, 0x00, 0x4F, 0x02, 0x5A, 0x00, 0x35, 0x02, 0x58, 0x00, 0x54, 0x02, 0xC2, 0x00, 0x37,
0x02, 0xC0, 0x00, 0x37, 0x02, 0x3E, 0x00, 0x31, 0x02, 0x4E, 0x00, 0x31, 0x01, 0x85, 0x00, 0x3B,
0x01, 0xE2, 0x00, 0x08, 0x01, 0xE2, 0xFF, 0x10, 0x01, 0x32, 0x00, 0x58, 0x02, 0x47, 0x00, 0x58,
0x01, 0x53, 0xFF, 0xF2, 0x01, 0x5E, 0xFF, 0xF5, 0x01, 0x50, 0x00, 0x21, 0x01, 0xE4, 0x00, 0x08,
0x02, 0x43, 0x00, 0x39, 0x02, 0x57, 0x00, 0x2E, 0x02, 0x6B, 0x00, 0x2B, 0x02, 0x55, 0x00, 0x33,
0x02, 0x33, 0x00, 0x39, 0x02, 0x48, 0x00, 0x2E, 0x03, 0xA3, 0x00, 0x3D, 0x02, 0x71, 0x00, 0x29,
0x01, 0x58, 0x00, 0x02, 0x03, 0xA1, 0x00, 0x3D, 0x02, 0x34, 0x00, 0x20, 0x03, 0xB3, 0x00, 0x3D,
0x02, 0x68, 0x00, 0x4F, 0x02, 0x69, 0x00, 0x54, 0x02, 0x31, 0x00, 0x2B, 0x02, 0x18, 0x00, 0x26,
0x02, 0xCC, 0x00, 0x4A, 0x02, 0xC3, 0x00, 0x46, 0x02, 0x31, 0x00, 0x2B, 0x02, 0x31, 0x00, 0x2B,
0x02, 0x2F, 0x00, 0x21, 0x03, 0x56, 0x00, 0x46, 0x02, 0x60, 0x00, 0x2C, 0x02, 0x98, 0x00, 0x44,
0x02, 0x58, 0x00, 0x32, 0x02, 0x58, 0x00, 0x2E, 0x02, 0x58, 0x00, 0x3C, 0x02, 0x58, 0x00, 0x21,
0x02, 0x58, 0x00, 0x23, 0x02, 0x58, 0x00, 0x43, 0x02, 0x58, 0x00, 0x3B, 0x02, 0x58, 0x00, 0x40,
0x02, 0x58, 0x00, 0x34, 0x02, 0x58, 0x00, 0x38, 0x00, 0x93, 0xFF, 0x27, 0x03, 0x64, 0x00, 0x18,
0x03, 0x64, 0x00, 0x18, 0x03, 0x5B, 0x00, 0x1E, 0x03, 0x4C, 0x00, 0x18, 0x03, 0x39, 0x00, 0x11,
0x03, 0x65, 0x00, 0x18, 0x03, 0x5B, 0x00, 0x1E, 0x03, 0x52, 0x00, 0x11, 0x03, 0x58, 0x00, 0x13,
0x03, 0x51, 0x00, 0x18, 0x03, 0x42, 0x00, 0x1E, 0x03, 0x5A, 0x00, 0x18, 0x03, 0x75, 0x00, 0x18,
0x03, 0x62, 0x00, 0x11, 0x03, 0x66, 0x00, 0x1E, 0x03, 0x42, 0x00, 0x1A, 0x03, 0x6C, 0x00, 0x18,
0x01, 0x77, 0x00, 0x26, 0x01, 0x62, 0x00, 0x18, 0x01, 0x5A, 0x00, 0x1E, 0x01, 0x5A, 0x00, 0x11,
0x01, 0x5A, 0x00, 0x13, 0x01, 0x5F, 0x00, 0x20, 0x01, 0x66, 0x00, 0x22, 0x01, 0x4C, 0x00, 0x1A,
0x01, 0x71, 0x00, 0x26, 0x01, 0x66, 0x00, 0x20, 0x01, 0x77, 0x00, 0x26, 0x01, 0x62, 0x00, 0x18,
0x01, 0x5A, 0x00, 0x1E, 0x01, 0x5A, 0x00, 0x11, 0x01, 0x5A, 0x00, 0x13, 0x01, 0x5F, 0x00, 0x20,
0x01, 0x66, 0x00, 0x22, 0x01, 0x4C, 0x00, 0x1A, 0x01, 0x71, 0x00, 0x26, 0x01, 0x66, 0x00, 0x20,
0x00, 0xEC, 0x00, 0x00, 0x00, 0xEC, 0x00, 0x00, 0x01, 0x31, 0x00, 0x52, 0x01, 0x31, 0x00, 0x30,
0x03, 0x07, 0x00, 0x1B, 0x02, 0x3D, 0x00, 0x35, 0x03, 0x8B, 0x00, 0x62, 0x02, 0x37, 0x00, 0x2D,
0x02, 0x26, 0x00, 0x1B, 0x01, 0x1D, 0x00, 0x48, 0x01, 0x1D, 0x00, 0x27, 0x01, 0x31, 0x00, 0x52,
0x01, 0x31, 0x00, 0x31, 0x03, 0x42, 0x00, 0x48, 0x01, 0x28, 0x00, 0x4E, 0x01, 0x28, 0x00, 0x4E,
0x01, 0xE5, 0x00, 0x14, 0x01, 0xDC, 0x00, 0x22, 0x01, 0x51, 0x00, 0x62, 0x01, 0x97, 0x00, 0x47,
0x01, 0xF4, 0x00, 0x23, 0x02, 0xAE, 0x00, 0x2C, 0x01, 0x99, 0x00, 0x07, 0x01, 0x99, 0x00, 0x27,
0x01, 0x90, 0x00, 0x40, 0x01, 0x90, 0x00, 0x40, 0x02, 0x4C, 0x00, 0x24, 0x03, 0x0C, 0x00, 0x24,
0x02, 0x32, 0x00, 0x1E, 0x01, 0x50, 0x00, 0x44, 0x01, 0x50, 0xFF, 0xF8, 0x01, 0x61, 0x00, 0x15,
0x01, 0x61, 0x00, 0x39, 0x01, 0x43, 0x00, 0x58, 0x01, 0x43, 0x00, 0x39, 0x01, 0x1C, 0x00, 0x24,
0x01, 0xF0, 0x00, 0x24, 0x01, 0xEF, 0x00, 0x44, 0x01, 0xEE, 0x00, 0x29, 0x01, 0x1A, 0x00, 0x44,
0x01, 0x1A, 0x00, 0x29, 0x02, 0x10, 0x00, 0x25, 0x02, 0x10, 0x00, 0x33, 0x01, 0x34, 0x00, 0x25,
0x01, 0x34, 0x00, 0x33, 0x01, 0xBC, 0x00, 0x4F, 0x00, 0xFB, 0x00, 0x4F, 0x01, 0xE5, 0x00, 0x00,
0x02, 0x8B, 0x00, 0x58, 0x03, 0x90, 0x00, 0x7A, 0x03, 0x90, 0x00, 0x6F, 0x03, 0x7F, 0x00, 0x40,
0x02, 0xBF, 0x00, 0x41, 0x02, 0x94, 0x00, 0x2D, 0x02, 0x44, 0x00, 0x43, 0x03, 0x0D, 0x00, 0x34,
0x01, 0xD8, 0x00, 0x25, 0x02, 0x83, 0x00, 0x1D, 0x01, 0xD5, 0x00, 0x3D, 0x00, 0xFB, 0x00, 0x31,
0x01, 0xBC, 0x00, 0x31, 0x01, 0x57, 0x00, 0x80, 0x01, 0x57, 0x00, 0x80, 0x01, 0xFE, 0x00, 0x1C,
0x02, 0x1E, 0x00, 0x2A, 0x02, 0x25, 0x00, 0x2D, 0x02, 0xD2, 0x00, 0x22, 0x04, 0x0E, 0x00, 0x58,
0x02, 0x8A, 0x00, 0x57, 0x02, 0x6D, 0x00, 0x37, 0x02, 0x0F, 0x00, 0x2D, 0x02, 0x70, 0x00, 0x37,
0x02, 0x69, 0x00, 0x0F, 0x02, 0x57, 0x00, 0x2D, 0x02, 0x43, 0x00, 0x3B, 0x02, 0x72, 0x00, 0x37,
0x02, 0xA1, 0x00, 0x37, 0x02, 0x79, 0x00, 0x2B, 0x02, 0x7F, 0x00, 0x09, 0x02, 0x4F, 0x00, 0x33,
0x02, 0x60, 0x00, 0x0E, 0x02, 0xD3, 0x00, 0x10, 0x02, 0x8B, 0x00, 0x19, 0x02, 0x7C, 0x00, 0x19,
0x03, 0x05, 0x00, 0x58, 0x02, 0x65, 0x00, 0x38, 0x03, 0x33, 0x00, 0x58, 0x02, 0x4F, 0x00, 0x33,
0x02, 0x5F, 0x00, 0x27, 0x02, 0x5F, 0x00, 0x27, 0x03, 0xD0, 0x00, 0x25, 0x02, 0x6C, 0x00, 0x1D,
0x02, 0x58, 0x00, 0x43, 0x02, 0x58, 0x00, 0x43, 0x02, 0x58, 0x00, 0x58, 0x02, 0x58, 0x00, 0x43,
0x02, 0x58, 0x00, 0x43, 0x02, 0x58, 0x00, 0x43, 0x02, 0x58, 0x00, 0x5E, 0x02, 0x58, 0x00, 0x5E,
0x02, 0x58, 0x00, 0x5E, 0x02, 0x58, 0x00, 0x5E, 0x02, 0x58, 0x00, 0x43, 0x02, 0x58, 0x00, 0x3B,
0x02, 0x58, 0x00, 0x3A, 0x02, 0x58, 0x00, 0x3E, 0x02, 0x58, 0x00, 0x2F, 0x02, 0xF5, 0x00, 0x12,
0x01, 0xB1, 0x00, 0x2D, 0x02, 0xCF, 0x00, 0x37, 0x02, 0x91, 0x00, 0x2E, 0x02, 0xC9, 0x00, 0x28,
0x02, 0x0A, 0x00, 0x1C, 0x02, 0x58, 0x00, 0x18, 0x02, 0x4E, 0x00, 0x37, 0x02, 0x47, 0x00, 0x50,
0x03, 0xAF, 0x00, 0x3C, 0x05, 0x33, 0x00, 0x3C, 0x03, 0x4F, 0x00, 0xCE, 0x03, 0x4F, 0x00, 0x89,
0x03, 0x4F, 0x00, 0x44, 0x03, 0x4F, 0x00, 0x89, 0x03, 0x4F, 0x00, 0xCE, 0x03, 0x4F, 0x00, 0xB1,
0x03, 0x4F, 0x00, 0x44, 0x03, 0x4F, 0x00, 0xB1, 0x03, 0x4F, 0x00, 0x3F, 0x03, 0x4F, 0x00, 0xCE,
0x03, 0x4F, 0x00, 0x44, 0x03, 0x4F, 0x00, 0x44, 0x03, 0x4F, 0x00, 0x94, 0x03, 0x4F, 0x00, 0xBE,
0x03, 0x4F, 0x00, 0x94, 0x03, 0x4F, 0x00, 0xBE, 0x03, 0x4F, 0x00, 0x44, 0x03, 0x4F, 0x00, 0x44,
0x03, 0x4F, 0x00, 0x44, 0x03, 0x4F, 0x00, 0x44, 0x03, 0x4F, 0x00, 0x11, 0x03, 0x4F, 0x00, 0x12,
0x03, 0x4F, 0x00, 0x5C, 0x03, 0x4F, 0x00, 0x5D, 0x03, 0x4F, 0x00, 0x44, 0x03, 0x4F, 0x00, 0x44,
0x02, 0x58, 0x00, 0x31, 0x02, 0x58, 0x01, 0x10, 0x02, 0x58, 0x01, 0x10, 0x02, 0x58, 0x00, 0x84,
0x00, 0x00, 0xFE, 0xD7, 0x00, 0x00, 0xFD, 0xF8, 0x00, 0x00, 0xFF, 0x4B, 0x00, 0x00, 0xFF, 0x5D,
0x00, 0x00, 0xFE, 0x93, 0x00, 0x00, 0xFE, 0x9B, 0x00, 0x00, 0xFE, 0xF3, 0x00, 0x00, 0xFE, 0x03,
0x00, 0x00, 0xFE, 0x71, 0x00, 0x00, 0xFE, 0xED, 0x00, 0x00, 0xFD, 0xCB, 0x00, 0x00, 0xFF, 0x0B,
0x00, 0x00, 0xFF, 0x20, 0x00, 0x00, 0xFF, 0x04, 0x00, 0x00, 0xFE, 0xF1, 0x00, 0x00, 0xFE, 0x45,
0x00, 0x00, 0xFE, 0x33, 0x00, 0x00, 0xFD, 0xDF, 0x00, 0x00, 0xFE, 0xC6, 0x00, 0x00, 0xFE, 0x16,
0x00, 0x00, 0xFD, 0xBC, 0x00, 0x00, 0xFE, 0x17, 0x00, 0x00, 0xFD, 0xBC, 0x00, 0x00, 0xFE, 0x16,
0x00, 0x00, 0xFD, 0xB8, 0x00, 0x00, 0xFE, 0x17, 0x00, 0x00, 0xFD, 0xBC, 0x00, 0x00, 0xFF, 0x10,
0x00, 0x00, 0xFF, 0x10, 0x00, 0x00, 0xFE, 0xD5, 0x00, 0x00, 0xFE, 0xD1, 0x00, 0x00, 0xFF, 0x0D,
0x00, 0x00, 0xFF, 0x39, 0x00, 0x00, 0xFF, 0x3A, 0x00, 0x00, 0xFF, 0x18, 0x00, 0x00, 0xFF, 0x25,
0x00, 0x00, 0xFE, 0x9D, 0x00, 0x00, 0xFE, 0xA8, 0x00, 0x00, 0xFE, 0x27, 0x00, 0x00, 0xFE, 0x36,
0x00, 0x00, 0xFE, 0x36, 0x00, 0x00, 0xFD, 0xFC, 0x00, 0x00, 0xFD, 0xF8, 0x00, 0x00, 0xFE, 0x33,
0x00, 0x00, 0xFF, 0x62, 0x00, 0x00, 0xFF, 0xC0, 0x00, 0x00, 0xFF, 0x83, 0x00, 0x00, 0xFF, 0xCA,
0x00, 0x00, 0xFF, 0x76, 0x00, 0x00, 0xFF, 0x54, 0x00, 0x00, 0xFF, 0x54, 0x00, 0x00, 0xFF, 0x5B,
0x00, 0x00, 0xFF, 0x81, 0x00, 0x00, 0xFF, 0x51, 0x00, 0x00, 0xFF, 0x70, 0x00, 0x00, 0xFF, 0xA0,
0x00, 0x00, 0xFF, 0xC8, 0x00, 0x00, 0x00, 0x00, 0x00, 0x00, 0xFF, 0xA3, 0x00, 0x00, 0xFF, 0xC3,
0x00, 0x00, 0xFF, 0xB8, 0x00, 0x00, 0xFF, 0xA1, 0x00, 0x00, 0xFF, 0x4D, 0x02, 0x58, 0x00, 0x8E,
0x02, 0x58, 0x00, 0xEC, 0x02, 0x58, 0x00, 0xAF, 0x02, 0x58, 0x00, 0xF6, 0x02, 0x58, 0x00, 0xA2,
0x02, 0x58, 0x00, 0x80, 0x02, 0x58, 0x00, 0x80, 0x02, 0x58, 0x00, 0x87, 0x02, 0x58, 0x00, 0xAD,
0x02, 0x58, 0x00, 0x7D, 0x02, 0x58, 0x00, 0x9C, 0x02, 0x58, 0x00, 0xCD, 0x02, 0x58, 0x00, 0x8B,
0x02, 0x58, 0x00, 0x8D, 0x02, 0x58, 0x00, 0x8D, 0x02, 0x58, 0x00, 0xE9, 0x02, 0x58, 0x00, 0xAF,
0x02, 0x58, 0x00, 0xF6, 0x02, 0x58, 0x00, 0xA2, 0x02, 0x58, 0x00, 0x80, 0x02, 0x58, 0x00, 0x80,
0x02, 0x58, 0x00, 0x87, 0x02, 0x58, 0x00, 0xAD, 0x02, 0x58, 0x00, 0x7D, 0x02, 0x58, 0x00, 0x9C,
0x02, 0x58, 0x00, 0x8D, 0x02, 0x58, 0x00, 0xF6, 0x02, 0x58, 0x00, 0xF4, 0x04, 0x99, 0x00, 0x40,
0x04, 0x16, 0x00, 0x80, 0x00, 0x00, 0xFF, 0x59, 0x00, 0x00, 0xFF, 0x59, 0x00, 0x00, 0xFF, 0x59,
0x00, 0x00, 0xFF, 0x53, 0x00, 0x00, 0xFF, 0x55, 0x00, 0x00, 0xFE, 0xEC, 0x00, 0x00, 0xFF, 0x55,
0x00, 0x00, 0xFF, 0x52, 0x02, 0x58, 0x00, 0xAC, 0x00, 0x02, 0x00, 0x00, 0x00, 0x00, 0x00, 0x00,
0xFF, 0x86, 0x00, 0x49, 0x00, 0x00, 0x00, 0x00, 0x00, 0x00, 0x00, 0x00, 0x00, 0x00, 0x00, 0x00,
0x00, 0x00, 0x00, 0x00, 0x00, 0x00, 0x00, 0x00, 0x02, 0xED, 0x00, 0x00, 0x00, 0x24, 0x00, 0xC9,
0x01, 0x02, 0x01, 0x03, 0x01, 0x04, 0x01, 0x05, 0x01, 0x06, 0x01, 0x07, 0x00, 0xC7, 0x01, 0x08,
0x01, 0x09, 0x01, 0x0A, 0x01, 0x0B, 0x01, 0x0C, 0x00, 0x62, 0x01, 0x0D, 0x00, 0xAD, 0x01, 0x0E,
0x01, 0x0F, 0x01, 0x10, 0x00, 0x63, 0x01, 0x11, 0x00, 0xAE, 0x00, 0x90, 0x01, 0x12, 0x00, 0x25,
0x00, 0x26, 0x00, 0xFD, 0x00, 0xFF, 0x00, 0x64, 0x01, 0x13, 0x01, 0x14, 0x00, 0x27, 0x00, 0xE9,
0x01, 0x15, 0x01, 0x16, 0x00, 0x28, 0x00, 0x65, 0x01, 0x17, 0x01, 0x18, 0x00, 0xC8, 0x01, 0x19,
0x01, 0x1A, 0x01, 0x1B, 0x01, 0x1C, 0x01, 0x1D, 0x00, 0xCA, 0x01, 0x1E, 0x01, 0x1F, 0x00, 0xCB,
0x01, 0x20, 0x01, 0x21, 0x01, 0x22, 0x01, 0x23, 0x01, 0x24, 0x00, 0x29, 0x00, 0x2A, 0x00, 0xF8,
0x01, 0x25, 0x01, 0x26, 0x01, 0x27, 0x00, 0x2B, 0x01, 0x28, 0x01, 0x29, 0x00, 0x2C, 0x01, 0x2A,
0x00, 0xCC, 0x01, 0x2B, 0x00, 0xCD, 0x00, 0xCE, 0x00, 0xFA, 0x01, 0x2C, 0x00, 0xCF, 0x01, 0x2D,
0x01, 0x2E, 0x01, 0x2F, 0x01, 0x30, 0x00, 0x2D, 0x01, 0x31, 0x01, 0x32, 0x00, 0x2E, 0x01, 0x33,
0x00, 0x2F, 0x01, 0x34, 0x01, 0x35, 0x01, 0x36, 0x01, 0x37, 0x00, 0xE2, 0x00, 0x30, 0x00, 0x31,
0x01, 0x38, 0x01, 0x39, 0x01, 0x3A, 0x00, 0x66, 0x01, 0x3B, 0x00, 0x32, 0x00, 0xD0, 0x01, 0x3C,
0x00, 0xD1, 0x01, 0x3D, 0x01, 0x3E, 0x01, 0x3F, 0x01, 0x40, 0x01, 0x41, 0x00, 0x67, 0x01, 0x42,
0x00, 0xD3, 0x01, 0x43, 0x01, 0x44, 0x01, 0x45, 0x01, 0x46, 0x01, 0x47, 0x01, 0x48, 0x01, 0x49,
0x01, 0x4A, 0x01, 0x4B, 0x00, 0x91, 0x01, 0x4C, 0x00, 0xAF, 0x00, 0xB0, 0x00, 0x33, 0x00, 0xED,
0x00, 0x34, 0x00, 0x35, 0x01, 0x4D, 0x01, 0x4E, 0x01, 0x4F, 0x00, 0x36, 0x01, 0x50, 0x00, 0xE4,
0x00, 0xFB, 0x01, 0x51, 0x01, 0x52, 0x01, 0x53, 0x00, 0x37, 0x01, 0x54, 0x01, 0x55, 0x01, 0x56,
0x01, 0x57, 0x00, 0x38, 0x00, 0xD4, 0x01, 0x58, 0x00, 0xD5, 0x00, 0x68, 0x01, 0x59, 0x00, 0xD6,
0x01, 0x5A, 0x01, 0x5B, 0x01, 0x5C, 0x01, 0x5D, 0x01, 0x5E, 0x01, 0x5F, 0x01, 0x60, 0x01, 0x61,
0x01, 0x62, 0x01, 0x63, 0x01, 0x64, 0x01, 0x65, 0x00, 0x39, 0x00, 0x3A, 0x01, 0x66, 0x01, 0x67,
0x01, 0x68, 0x01, 0x69, 0x00, 0x3B, 0x00, 0x3C, 0x00, 0xEB, 0x01, 0x6A, 0x00, 0xBB, 0x01, 0x6B,
0x01, 0x6C, 0x01, 0x6D, 0x01, 0x6E, 0x00, 0x3D, 0x01, 0x6F, 0x00, 0xE6, 0x01, 0x70, 0x00, 0x44,
0x00, 0x69, 0x01, 0x71, 0x01, 0x72, 0x01, 0x73, 0x01, 0x74, 0x01, 0x75, 0x01, 0x76, 0x00, 0x6B,
0x01, 0x77, 0x01, 0x78, 0x01, 0x79, 0x01, 0x7A, 0x01, 0x7B, 0x00, 0x6C, 0x01, 0x7C, 0x00, 0x6A,
0x01, 0x7D, 0x01, 0x7E, 0x01, 0x7F, 0x00, 0x6E, 0x01, 0x80, 0x00, 0x6D, 0x00, 0xA0, 0x01, 0x81,
0x00, 0x45, 0x00, 0x46, 0x00, 0xFE, 0x01, 0x00, 0x00, 0x6F, 0x01, 0x82, 0x01, 0x83, 0x00, 0x47,
0x00, 0xEA, 0x01, 0x84, 0x01, 0x01, 0x00, 0x48, 0x00, 0x70, 0x01, 0x85, 0x01, 0x86, 0x00, 0x72,
0x01, 0x87, 0x01, 0x88, 0x01, 0x89, 0x01, 0x8A, 0x01, 0x8B, 0x00, 0x73, 0x01, 0x8C, 0x01, 0x8D,
0x00, 0x71, 0x01, 0x8E, 0x01, 0x8F, 0x01, 0x90, 0x01, 0x91, 0x01, 0x92, 0x00, 0x49, 0x00, 0x4A,
0x00, 0xF9, 0x01, 0x93, 0x01, 0x94, 0x01, 0x95, 0x00, 0x4B, 0x01, 0x96, 0x01, 0x97, 0x00, 0x4C,
0x00, 0xD7, 0x00, 0x74, 0x01, 0x98, 0x00, 0x76, 0x00, 0x77, 0x01, 0x99, 0x00, 0x75, 0x01, 0x9A,
0x01, 0x9B, 0x01, 0x9C, 0x01, 0x9D, 0x01, 0x9E, 0x00, 0x4D, 0x01, 0x9F, 0x01, 0xA0, 0x01, 0xA1,
0x00, 0x4E, 0x01, 0xA2, 0x01, 0xA3, 0x00, 0x4F, 0x01, 0xA4, 0x01, 0xA5, 0x01, 0xA6, 0x01, 0xA7,
0x00, 0xE3, 0x00, 0x50, 0x00, 0x51, 0x01, 0xA8, 0x01, 0xA9, 0x01, 0xAA, 0x01, 0xAB, 0x00, 0x78,
0x01, 0xAC, 0x00, 0x52, 0x00, 0x79, 0x01, 0xAD, 0x00, 0x7B, 0x01, 0xAE, 0x01, 0xAF, 0x01, 0xB0,
0x01, 0xB1, 0x01, 0xB2, 0x00, 0x7C, 0x01, 0xB3, 0x00, 0x7A, 0x01, 0xB4, 0x01, 0xB5, 0x01, 0xB6,
0x01, 0xB7, 0x01, 0xB8, 0x01, 0xB9, 0x01, 0xBA, 0x01, 0xBB, 0x01, 0xBC, 0x00, 0xA1, 0x01, 0xBD,
0x00, 0x7D, 0x00, 0xB1, 0x00, 0x53, 0x00, 0xEE, 0x00, 0x54, 0x00, 0x55, 0x01, 0xBE, 0x01, 0xBF,
0x01, 0xC0, 0x00, 0x56, 0x01, 0xC1, 0x00, 0xE5, 0x00, 0xFC, 0x01, 0xC2, 0x01, 0xC3, 0x00, 0x89,
0x00, 0x57, 0x01, 0xC4, 0x01, 0xC5, 0x01, 0xC6, 0x01, 0xC7, 0x00, 0x58, 0x00, 0x7E, 0x01, 0xC8,
0x00, 0x80, 0x00, 0x81, 0x01, 0xC9, 0x00, 0x7F, 0x01, 0xCA, 0x01, 0xCB, 0x01, 0xCC, 0x01, 0xCD,
0x01, 0xCE, 0x01, 0xCF, 0x01, 0xD0, 0x01, 0xD1, 0x01, 0xD2, 0x01, 0xD3, 0x01, 0xD4, 0x01, 0xD5,
0x00, 0x59, 0x00, 0x5A, 0x01, 0xD6, 0x01, 0xD7, 0x01, 0xD8, 0x01, 0xD9, 0x00, 0x5B, 0x00, 0x5C,
0x00, 0xEC, 0x01, 0xDA, 0x00, 0xBA, 0x01, 0xDB, 0x01, 0xDC, 0x01, 0xDD, 0x01, 0xDE, 0x00, 0x5D,
0x01, 0xDF, 0x00, 0xE7, 0x01, 0xE0, 0x01, 0xE1, 0x00, 0xC0, 0x00, 0xC1, 0x00, 0x9D, 0x00, 0x9E,
0x01, 0xE2, 0x01, 0xE3, 0x01, 0xE4, 0x01, 0xE5, 0x01, 0xE6, 0x01, 0xE7, 0x01, 0xE8, 0x01, 0xE9,
0x01, 0xEA, 0x01, 0xEB, 0x01, 0xEC, 0x01, 0xED, 0x01, 0xEE, 0x01, 0xEF, 0x01, 0xF0, 0x01, 0xF1,
0x01, 0xF2, 0x01, 0xF3, 0x01, 0xF4, 0x01, 0xF5, 0x01, 0xF6, 0x01, 0xF7, 0x01, 0xF8, 0x01, 0xF9,
0x01, 0xFA, 0x01, 0xFB, 0x01, 0xFC, 0x01, 0xFD, 0x01, 0xFE, 0x01, 0xFF, 0x02, 0x00, 0x02, 0x01,
0x02, 0x02, 0x02, 0x03, 0x02, 0x04, 0x02, 0x05, 0x02, 0x06, 0x02, 0x07, 0x02, 0x08, 0x02, 0x09,
0x02, 0x0A, 0x02, 0x0B, 0x02, 0x0C, 0x02, 0x0D, 0x02, 0x0E, 0x02, 0x0F, 0x02, 0x10, 0x02, 0x11,
0x02, 0x12, 0x02, 0x13, 0x02, 0x14, 0x02, 0x15, 0x02, 0x16, 0x02, 0x17, 0x02, 0x18, 0x02, 0x19,
0x02, 0x1A, 0x02, 0x1B, 0x02, 0x1C, 0x02, 0x1D, 0x02, 0x1E, 0x02, 0x1F, 0x02, 0x20, 0x02, 0x21,
0x02, 0x22, 0x02, 0x23, 0x02, 0x24, 0x02, 0x25, 0x02, 0x26, 0x02, 0x27, 0x02, 0x28, 0x02, 0x29,
0x02, 0x2A, 0x02, 0x2B, 0x02, 0x2C, 0x02, 0x2D, 0x02, 0x2E, 0x02, 0x2F, 0x02, 0x30, 0x02, 0x31,
0x02, 0x32, 0x02, 0x33, 0x02, 0x34, 0x02, 0x35, 0x02, 0x36, 0x02, 0x37, 0x02, 0x38, 0x02, 0x39,
0x00, 0x13, 0x00, 0x14, 0x00, 0x15, 0x00, 0x16, 0x00, 0x17, 0x00, 0x18, 0x00, 0x19, 0x00, 0x1A,
0x00, 0x1B, 0x00, 0x1C, 0x00, 0xBC, 0x00, 0xF4, 0x02, 0x3A, 0x02, 0x3B, 0x00, 0xF5, 0x00, 0xF6,
0x02, 0x3C, 0x02, 0x3D, 0x02, 0x3E, 0x02, 0x3F, 0x02, 0x40, 0x02, 0x41, 0x02, 0x42, 0x02, 0x43,
0x02, 0x44, 0x02, 0x45, 0x02, 0x46, 0x02, 0x47, 0x02, 0x48, 0x02, 0x49, 0x02, 0x4A, 0x02, 0x4B,
0x02, 0x4C, 0x02, 0x4D, 0x02, 0x4E, 0x02, 0x4F, 0x02, 0x50, 0x02, 0x51, 0x02, 0x52, 0x02, 0x53,
0x02, 0x54, 0x02, 0x55, 0x02, 0x56, 0x02, 0x57, 0x02, 0x58, 0x02, 0x59, 0x02, 0x5A, 0x02, 0x5B,
0x00, 0x03, 0x02, 0x5C, 0x02, 0x5D, 0x02, 0x5E, 0x02, 0x5F, 0x02, 0x60, 0x02, 0x61, 0x02, 0x62,
0x02, 0x63, 0x00, 0x11, 0x00, 0x0F, 0x00, 0x1D, 0x00, 0x1E, 0x00, 0xAB, 0x00, 0x04, 0x00, 0xA3,
0x00, 0x22, 0x00, 0xA2, 0x00, 0xC3, 0x00, 0x87, 0x00, 0x0D, 0x00, 0x06, 0x00, 0x12, 0x00, 0x3F,
0x00, 0x10, 0x02, 0x64, 0x00, 0xB2, 0x00, 0xB3, 0x00, 0x42, 0x00, 0x0B, 0x00, 0x0C, 0x00, 0x5E,
0x00, 0x60, 0x00, 0x3E, 0x00, 0x40, 0x00, 0xC4, 0x00, 0xC5, 0x00, 0xB4, 0x00, 0xB5, 0x00, 0xB6,
0x00, 0xB7, 0x00, 0xA9, 0x00, 0xAA, 0x00, 0xBE, 0x00, 0xBF, 0x00, 0x05, 0x00, 0x0A, 0x00, 0xA6,
0x02, 0x65, 0x02, 0x66, 0x02, 0x67, 0x00, 0x23, 0x00, 0x09, 0x00, 0x88, 0x00, 0x86, 0x00, 0x8B,
0x00, 0x8A, 0x00, 0x8C, 0x00, 0x83, 0x02, 0x68, 0x02, 0x69, 0x00, 0x5F, 0x00, 0xE8, 0x02, 0x6A,
0x00, 0x82, 0x00, 0xC2, 0x02, 0x6B, 0x02, 0x6C, 0x02, 0x6D, 0x02, 0x6E, 0x00, 0x84, 0x02, 0x6F,
0x00, 0xBD, 0x00, 0x07, 0x02, 0x70, 0x02, 0x71, 0x02, 0x72, 0x02, 0x73, 0x02, 0x74, 0x02, 0x75,
0x02, 0x76, 0x02, 0x77, 0x02, 0x78, 0x02, 0x79, 0x02, 0x7A, 0x02, 0x7B, 0x02, 0x7C, 0x00, 0x85,
0x02, 0x7D, 0x02, 0x7E, 0x02, 0x7F, 0x00, 0x96, 0x00, 0x0E, 0x00, 0xEF, 0x00, 0xF0, 0x00, 0xB8,
0x00, 0x20, 0x00, 0x8F, 0x00, 0x21, 0x00, 0x1F, 0x00, 0x95, 0x00, 0x94, 0x00, 0x93, 0x00, 0xA7,
0x00, 0x61, 0x00, 0xA4, 0x00, 0x41, 0x00, 0x92, 0x00, 0x9C, 0x02, 0x80, 0x02, 0x81, 0x00, 0x9A,
0x00, 0x99, 0x00, 0xA5, 0x00, 0x98, 0x02, 0x82, 0x00, 0x08, 0x00, 0xC6, 0x02, 0x83, 0x02, 0x84,
0x02, 0x85, 0x02, 0x86, 0x02, 0x87, 0x02, 0x88, 0x02, 0x89, 0x02, 0x8A, 0x02, 0x8B, 0x02, 0x8C,
0x02, 0x8D, 0x02, 0x8E, 0x02, 0x8F, 0x02, 0x90, 0x02, 0x91, 0x02, 0x92, 0x02, 0x93, 0x02, 0x94,
0x02, 0x95, 0x02, 0x96, 0x02, 0x97, 0x02, 0x98, 0x02, 0x99, 0x02, 0x9A, 0x02, 0x9B, 0x02, 0x9C,
0x00, 0xB9, 0x02, 0x9D, 0x02, 0x9E, 0x02, 0x9F, 0x02, 0xA0, 0x02, 0xA1, 0x02, 0xA2, 0x02, 0xA3,
0x02, 0xA4, 0x02, 0xA5, 0x02, 0xA6, 0x02, 0xA7, 0x02, 0xA8, 0x02, 0xA9, 0x02, 0xAA, 0x02, 0xAB,
0x02, 0xAC, 0x02, 0xAD, 0x02, 0xAE, 0x02, 0xAF, 0x02, 0xB0, 0x02, 0xB1, 0x02, 0xB2, 0x02, 0xB3,
0x02, 0xB4, 0x02, 0xB5, 0x02, 0xB6, 0x02, 0xB7, 0x02, 0xB8, 0x02, 0xB9, 0x02, 0xBA, 0x02, 0xBB,
0x02, 0xBC, 0x02, 0xBD, 0x02, 0xBE, 0x02, 0xBF, 0x02, 0xC0, 0x02, 0xC1, 0x02, 0xC2, 0x02, 0xC3,
0x02, 0xC4, 0x02, 0xC5, 0x02, 0xC6, 0x02, 0xC7, 0x02, 0xC8, 0x02, 0xC9, 0x02, 0xCA, 0x02, 0xCB,
0x02, 0xCC, 0x02, 0xCD, 0x02, 0xCE, 0x02, 0xCF, 0x02, 0xD0, 0x02, 0xD1, 0x02, 0xD2, 0x02, 0xD3,
0x02, 0xD4, 0x02, 0xD5, 0x02, 0xD6, 0x02, 0xD7, 0x02, 0xD8, 0x02, 0xD9, 0x02, 0xDA, 0x02, 0xDB,
0x02, 0xDC, 0x02, 0xDD, 0x02, 0xDE, 0x00, 0x8E, 0x00, 0xDC, 0x00, 0x43, 0x00, 0x8D, 0x00, 0xDF,
0x00, 0xD8, 0x00, 0xE1, 0x00, 0xDB, 0x00, 0xDD, 0x00, 0xD9, 0x00, 0xDA, 0x00, 0xDE, 0x00, 0xE0,
0x02, 0xDF, 0x02, 0xE0, 0x02, 0xE1, 0x02, 0xE2, 0x02, 0xE3, 0x02, 0xE4, 0x02, 0xE5, 0x02, 0xE6,
0x02, 0xE7, 0x02, 0xE8, 0x02, 0xE9, 0x02, 0xEA, 0x02, 0xEB, 0x02, 0xEC, 0x02, 0xED, 0x02, 0xEE,
0x02, 0xEF, 0x02, 0xF0, 0x02, 0xF1, 0x02, 0xF2, 0x02, 0xF3, 0x02, 0xF4, 0x02, 0xF5, 0x02, 0xF6,
0x02, 0xF7, 0x02, 0xF8, 0x06, 0x41, 0x62, 0x72, 0x65, 0x76, 0x65, 0x07, 0x75, 0x6E, 0x69, 0x31,
0x45, 0x41, 0x45, 0x07, 0x75, 0x6E, 0x69, 0x31, 0x45, 0x42, 0x36, 0x07, 0x75, 0x6E, 0x69, 0x31,
0x45, 0x42, 0x30, 0x07, 0x75, 0x6E, 0x69, 0x31, 0x45, 0x42, 0x32, 0x07, 0x75, 0x6E, 0x69, 0x31,
0x45, 0x42, 0x34, 0x07, 0x75, 0x6E, 0x69, 0x31, 0x45, 0x41, 0x34, 0x07, 0x75, 0x6E, 0x69, 0x31,
0x45, 0x41, 0x43, 0x07, 0x75, 0x6E, 0x69, 0x31, 0x45, 0x41, 0x36, 0x07, 0x75, 0x6E, 0x69, 0x31,
0x45, 0x41, 0x38, 0x07, 0x75, 0x6E, 0x69, 0x31, 0x45, 0x41, 0x41, 0x07, 0x75, 0x6E, 0x69, 0x31,
0x45, 0x41, 0x30, 0x07, 0x75, 0x6E, 0x69, 0x31, 0x45, 0x41, 0x32, 0x07, 0x41, 0x6D, 0x61, 0x63,
0x72, 0x6F, 0x6E, 0x07, 0x41, 0x6F, 0x67, 0x6F, 0x6E, 0x65, 0x6B, 0x0A, 0x41, 0x72, 0x69, 0x6E,
0x67, 0x61, 0x63, 0x75, 0x74, 0x65, 0x07, 0x41, 0x45, 0x61, 0x63, 0x75, 0x74, 0x65, 0x0B, 0x43,
0x63, 0x69, 0x72, 0x63, 0x75, 0x6D, 0x66, 0x6C, 0x65, 0x78, 0x0A, 0x43, 0x64, 0x6F, 0x74, 0x61,
0x63, 0x63, 0x65, 0x6E, 0x74, 0x06, 0x44, 0x63, 0x61, 0x72, 0x6F, 0x6E, 0x06, 0x44, 0x63, 0x72,
0x6F, 0x61, 0x74, 0x06, 0x45, 0x62, 0x72, 0x65, 0x76, 0x65, 0x06, 0x45, 0x63, 0x61, 0x72, 0x6F,
0x6E, 0x07, 0x75, 0x6E, 0x69, 0x31, 0x45, 0x42, 0x45, 0x07, 0x75, 0x6E, 0x69, 0x31, 0x45, 0x43,
0x36, 0x07, 0x75, 0x6E, 0x69, 0x31, 0x45, 0x43, 0x30, 0x07, 0x75, 0x6E, 0x69, 0x31, 0x45, 0x43,
0x32, 0x07, 0x75, 0x6E, 0x69, 0x31, 0x45, 0x43, 0x34, 0x0A, 0x45, 0x64, 0x6F, 0x74, 0x61, 0x63,
0x63, 0x65, 0x6E, 0x74, 0x07, 0x75, 0x6E, 0x69, 0x31, 0x45, 0x42, 0x38, 0x07, 0x75, 0x6E, 0x69,
0x31, 0x45, 0x42, 0x41, 0x07, 0x45, 0x6D, 0x61, 0x63, 0x72, 0x6F, 0x6E, 0x07, 0x45, 0x6F, 0x67,
0x6F, 0x6E, 0x65, 0x6B, 0x07, 0x75, 0x6E, 0x69, 0x31, 0x45, 0x42, 0x43, 0x07, 0x75, 0x6E, 0x69,
0x30, 0x31, 0x38, 0x46, 0x0B, 0x47, 0x63, 0x69, 0x72, 0x63, 0x75, 0x6D, 0x66, 0x6C, 0x65, 0x78,
0x07, 0x75, 0x6E, 0x69, 0x30, 0x31, 0x32, 0x32, 0x0A, 0x47, 0x64, 0x6F, 0x74, 0x61, 0x63, 0x63,
0x65, 0x6E, 0x74, 0x04, 0x48, 0x62, 0x61, 0x72, 0x0B, 0x48, 0x63, 0x69, 0x72, 0x63, 0x75, 0x6D,
0x66, 0x6C, 0x65, 0x78, 0x02, 0x49, 0x4A, 0x06, 0x49, 0x62, 0x72, 0x65, 0x76, 0x65, 0x07, 0x75,
0x6E, 0x69, 0x31, 0x45, 0x43, 0x41, 0x07, 0x75, 0x6E, 0x69, 0x31, 0x45, 0x43, 0x38, 0x07, 0x49,
0x6D, 0x61, 0x63, 0x72, 0x6F, 0x6E, 0x07, 0x49, 0x6F, 0x67, 0x6F, 0x6E, 0x65, 0x6B, 0x06, 0x49,
0x74, 0x69, 0x6C, 0x64, 0x65, 0x0B, 0x75, 0x6E, 0x69, 0x30, 0x30, 0x34, 0x41, 0x30, 0x33, 0x30,
0x31, 0x0B, 0x4A, 0x63, 0x69, 0x72, 0x63, 0x75, 0x6D, 0x66, 0x6C, 0x65, 0x78, 0x07, 0x75, 0x6E,
0x69, 0x30, 0x31, 0x33, 0x36, 0x06, 0x4C, 0x61, 0x63, 0x75, 0x74, 0x65, 0x06, 0x4C, 0x63, 0x61,
0x72, 0x6F, 0x6E, 0x07, 0x75, 0x6E, 0x69, 0x30, 0x31, 0x33, 0x42, 0x04, 0x4C, 0x64, 0x6F, 0x74,
0x06, 0x4E, 0x61, 0x63, 0x75, 0x74, 0x65, 0x06, 0x4E, 0x63, 0x61, 0x72, 0x6F, 0x6E, 0x07, 0x75,
0x6E, 0x69, 0x30, 0x31, 0x34, 0x35, 0x03, 0x45, 0x6E, 0x67, 0x06, 0x4F, 0x62, 0x72, 0x65, 0x76,
0x65, 0x07, 0x75, 0x6E, 0x69, 0x31, 0x45, 0x44, 0x30, 0x07, 0x75, 0x6E, 0x69, 0x31, 0x45, 0x44,
0x38, 0x07, 0x75, 0x6E, 0x69, 0x31, 0x45, 0x44, 0x32, 0x07, 0x75, 0x6E, 0x69, 0x31, 0x45, 0x44,
0x34, 0x07, 0x75, 0x6E, 0x69, 0x31, 0x45, 0x44, 0x36, 0x07, 0x75, 0x6E, 0x69, 0x31, 0x45, 0x43,
0x43, 0x07, 0x75, 0x6E, 0x69, 0x31, 0x45, 0x43, 0x45, 0x05, 0x4F, 0x68, 0x6F, 0x72, 0x6E, 0x07,
0x75, 0x6E, 0x69, 0x31, 0x45, 0x44, 0x41, 0x07, 0x75, 0x6E, 0x69, 0x31, 0x45, 0x45, 0x32, 0x07,
0x75, 0x6E, 0x69, 0x31, 0x45, 0x44, 0x43, 0x07, 0x75, 0x6E, 0x69, 0x31, 0x45, 0x44, 0x45, 0x07,
0x75, 0x6E, 0x69, 0x31, 0x45, 0x45, 0x30, 0x0D, 0x4F, 0x68, 0x75, 0x6E, 0x67, 0x61, 0x72, 0x75,
0x6D, 0x6C, 0x61, 0x75, 0x74, 0x07, 0x4F, 0x6D, 0x61, 0x63, 0x72, 0x6F, 0x6E, 0x0B, 0x4F, 0x73,
0x6C, 0x61, 0x73, 0x68, 0x61, 0x63, 0x75, 0x74, 0x65, 0x06, 0x52, 0x61, 0x63, 0x75, 0x74, 0x65,
0x06, 0x52, 0x63, 0x61, 0x72, 0x6F, 0x6E, 0x07, 0x75, 0x6E, 0x69, 0x30, 0x31, 0x35, 0x36, 0x06,
0x53, 0x61, 0x63, 0x75, 0x74, 0x65, 0x0B, 0x53, 0x63, 0x69, 0x72, 0x63, 0x75, 0x6D, 0x66, 0x6C,
0x65, 0x78, 0x07, 0x75, 0x6E, 0x69, 0x30, 0x32, 0x31, 0x38, 0x07, 0x75, 0x6E, 0x69, 0x31, 0x45,
0x39, 0x45, 0x04, 0x54, 0x62, 0x61, 0x72, 0x06, 0x54, 0x63, 0x61, 0x72, 0x6F, 0x6E, 0x07, 0x75,
0x6E, 0x69, 0x30, 0x31, 0x36, 0x32, 0x07, 0x75, 0x6E, 0x69, 0x30, 0x32, 0x31, 0x41, 0x06, 0x55,
0x62, 0x72, 0x65, 0x76, 0x65, 0x07, 0x75, 0x6E, 0x69, 0x31, 0x45, 0x45, 0x34, 0x07, 0x75, 0x6E,
0x69, 0x31, 0x45, 0x45, 0x36, 0x05, 0x55, 0x68, 0x6F, 0x72, 0x6E, 0x07, 0x75, 0x6E, 0x69, 0x31,
0x45, 0x45, 0x38, 0x07, 0x75, 0x6E, 0x69, 0x31, 0x45, 0x46, 0x30, 0x07, 0x75, 0x6E, 0x69, 0x31,
0x45, 0x45, 0x41, 0x07, 0x75, 0x6E, 0x69, 0x31, 0x45, 0x45, 0x43, 0x07, 0x75, 0x6E, 0x69, 0x31,
0x45, 0x45, 0x45, 0x0D, 0x55, 0x68, 0x75, 0x6E, 0x67, 0x61, 0x72, 0x75, 0x6D, 0x6C, 0x61, 0x75,
0x74, 0x07, 0x55, 0x6D, 0x61, 0x63, 0x72, 0x6F, 0x6E, 0x07, 0x55, 0x6F, 0x67, 0x6F, 0x6E, 0x65,
0x6B, 0x05, 0x55, 0x72, 0x69, 0x6E, 0x67, 0x06, 0x55, 0x74, 0x69, 0x6C, 0x64, 0x65, 0x06, 0x57,
0x61, 0x63, 0x75, 0x74, 0x65, 0x0B, 0x57, 0x63, 0x69, 0x72, 0x63, 0x75, 0x6D, 0x66, 0x6C, 0x65,
0x78, 0x09, 0x57, 0x64, 0x69, 0x65, 0x72, 0x65, 0x73, 0x69, 0x73, 0x06, 0x57, 0x67, 0x72, 0x61,
0x76, 0x65, 0x0B, 0x59, 0x63, 0x69, 0x72, 0x63, 0x75, 0x6D, 0x66, 0x6C, 0x65, 0x78, 0x07, 0x75,
0x6E, 0x69, 0x31, 0x45, 0x46, 0x34, 0x06, 0x59, 0x67, 0x72, 0x61, 0x76, 0x65, 0x07, 0x75, 0x6E,
0x69, 0x30, 0x31, 0x42, 0x33, 0x07, 0x75, 0x6E, 0x69, 0x31, 0x45, 0x46, 0x38, 0x06, 0x5A, 0x61,
0x63, 0x75, 0x74, 0x65, 0x0A, 0x5A, 0x64, 0x6F, 0x74, 0x61, 0x63, 0x63, 0x65, 0x6E, 0x74, 0x06,
0x61, 0x62, 0x72, 0x65, 0x76, 0x65, 0x07, 0x75, 0x6E, 0x69, 0x31, 0x45, 0x41, 0x46, 0x07, 0x75,
0x6E, 0x69, 0x31, 0x45, 0x42, 0x37, 0x07, 0x75, 0x6E, 0x69, 0x31, 0x45, 0x42, 0x31, 0x07, 0x75,
0x6E, 0x69, 0x31, 0x45, 0x42, 0x33, 0x07, 0x75, 0x6E, 0x69, 0x31, 0x45, 0x42, 0x35, 0x07, 0x75,
0x6E, 0x69, 0x31, 0x45, 0x41, 0x35, 0x07, 0x75, 0x6E, 0x69, 0x31, 0x45, 0x41, 0x44, 0x07, 0x75,
0x6E, 0x69, 0x31, 0x45, 0x41, 0x37, 0x07, 0x75, 0x6E, 0x69, 0x31, 0x45, 0x41, 0x39, 0x07, 0x75,
0x6E, 0x69, 0x31, 0x45, 0x41, 0x42, 0x07, 0x75, 0x6E, 0x69, 0x31, 0x45, 0x41, 0x31, 0x07, 0x75,
0x6E, 0x69, 0x31, 0x45, 0x41, 0x33, 0x07, 0x61, 0x6D, 0x61, 0x63, 0x72, 0x6F, 0x6E, 0x07, 0x61,
0x6F, 0x67, 0x6F, 0x6E, 0x65, 0x6B, 0x0A, 0x61, 0x72, 0x69, 0x6E, 0x67, 0x61, 0x63, 0x75, 0x74,
0x65, 0x07, 0x61, 0x65, 0x61, 0x63, 0x75, 0x74, 0x65, 0x0B, 0x63, 0x63, 0x69, 0x72, 0x63, 0x75,
0x6D, 0x66, 0x6C, 0x65, 0x78, 0x0A, 0x63, 0x64, 0x6F, 0x74, 0x61, 0x63, 0x63, 0x65, 0x6E, 0x74,
0x06, 0x64, 0x63, 0x61, 0x72, 0x6F, 0x6E, 0x06, 0x65, 0x62, 0x72, 0x65, 0x76, 0x65, 0x06, 0x65,
0x63, 0x61, 0x72, 0x6F, 0x6E, 0x07, 0x75, 0x6E, 0x69, 0x31, 0x45, 0x42, 0x46, 0x07, 0x75, 0x6E,
0x69, 0x31, 0x45, 0x43, 0x37, 0x07, 0x75, 0x6E, 0x69, 0x31, 0x45, 0x43, 0x31, 0x07, 0x75, 0x6E,
0x69, 0x31, 0x45, 0x43, 0x33, 0x07, 0x75, 0x6E, 0x69, 0x31, 0x45, 0x43, 0x35, 0x0A, 0x65, 0x64,
0x6F, 0x74, 0x61, 0x63, 0x63, 0x65, 0x6E, 0x74, 0x07, 0x75, 0x6E, 0x69, 0x31, 0x45, 0x42, 0x39,
0x07, 0x75, 0x6E, 0x69, 0x31, 0x45, 0x42, 0x42, 0x07, 0x65, 0x6D, 0x61, 0x63, 0x72, 0x6F, 0x6E,
0x07, 0x65, 0x6F, 0x67, 0x6F, 0x6E, 0x65, 0x6B, 0x07, 0x75, 0x6E, 0x69, 0x31, 0x45, 0x42, 0x44,
0x07, 0x75, 0x6E, 0x69, 0x30, 0x32, 0x35, 0x39, 0x0B, 0x67, 0x63, 0x69, 0x72, 0x63, 0x75, 0x6D,
0x66, 0x6C, 0x65, 0x78, 0x07, 0x75, 0x6E, 0x69, 0x30, 0x31, 0x32, 0x33, 0x0A, 0x67, 0x64, 0x6F,
0x74, 0x61, 0x63, 0x63, 0x65, 0x6E, 0x74, 0x04, 0x68, 0x62, 0x61, 0x72, 0x0B, 0x68, 0x63, 0x69,
0x72, 0x63, 0x75, 0x6D, 0x66, 0x6C, 0x65, 0x78, 0x06, 0x69, 0x62, 0x72, 0x65, 0x76, 0x65, 0x07,
0x75, 0x6E, 0x69, 0x31, 0x45, 0x43, 0x42, 0x07, 0x75, 0x6E, 0x69, 0x31, 0x45, 0x43, 0x39, 0x02,
0x69, 0x6A, 0x07, 0x69, 0x6D, 0x61, 0x63, 0x72, 0x6F, 0x6E, 0x07, 0x69, 0x6F, 0x67, 0x6F, 0x6E,
0x65, 0x6B, 0x06, 0x69, 0x74, 0x69, 0x6C, 0x64, 0x65, 0x07, 0x75, 0x6E, 0x69, 0x30, 0x32, 0x33,
0x37, 0x0B, 0x75, 0x6E, 0x69, 0x30, 0x30, 0x36, 0x41, 0x30, 0x33, 0x30, 0x31, 0x0B, 0x6A, 0x63,
0x69, 0x72, 0x63, 0x75, 0x6D, 0x66, 0x6C, 0x65, 0x78, 0x07, 0x75, 0x6E, 0x69, 0x30, 0x31, 0x33,
0x37, 0x0C, 0x6B, 0x67, 0x72, 0x65, 0x65, 0x6E, 0x6C, 0x61, 0x6E, 0x64, 0x69, 0x63, 0x06, 0x6C,
0x61, 0x63, 0x75, 0x74, 0x65, 0x06, 0x6C, 0x63, 0x61, 0x72, 0x6F, 0x6E, 0x07, 0x75, 0x6E, 0x69,
0x30, 0x31, 0x33, 0x43, 0x04, 0x6C, 0x64, 0x6F, 0x74, 0x06, 0x6E, 0x61, 0x63, 0x75, 0x74, 0x65,
0x0B, 0x6E, 0x61, 0x70, 0x6F, 0x73, 0x74, 0x72, 0x6F, 0x70, 0x68, 0x65, 0x06, 0x6E, 0x63, 0x61,
0x72, 0x6F, 0x6E, 0x07, 0x75, 0x6E, 0x69, 0x30, 0x31, 0x34, 0x36, 0x03, 0x65, 0x6E, 0x67, 0x06,
0x6F, 0x62, 0x72, 0x65, 0x76, 0x65, 0x07, 0x75, 0x6E, 0x69, 0x31, 0x45, 0x44, 0x31, 0x07, 0x75,
0x6E, 0x69, 0x31, 0x45, 0x44, 0x39, 0x07, 0x75, 0x6E, 0x69, 0x31, 0x45, 0x44, 0x33, 0x07, 0x75,
0x6E, 0x69, 0x31, 0x45, 0x44, 0x35, 0x07, 0x75, 0x6E, 0x69, 0x31, 0x45, 0x44, 0x37, 0x07, 0x75,
0x6E, 0x69, 0x31, 0x45, 0x43, 0x44, 0x07, 0x75, 0x6E, 0x69, 0x31, 0x45, 0x43, 0x46, 0x05, 0x6F,
0x68, 0x6F, 0x72, 0x6E, 0x07, 0x75, 0x6E, 0x69, 0x31, 0x45, 0x44, 0x42, 0x07, 0x75, 0x6E, 0x69,
0x31, 0x45, 0x45, 0x33, 0x07, 0x75, 0x6E, 0x69, 0x31, 0x45, 0x44, 0x44, 0x07, 0x75, 0x6E, 0x69,
0x31, 0x45, 0x44, 0x46, 0x07, 0x75, 0x6E, 0x69, 0x31, 0x45, 0x45, 0x31, 0x0D, 0x6F, 0x68, 0x75,
0x6E, 0x67, 0x61, 0x72, 0x75, 0x6D, 0x6C, 0x61, 0x75, 0x74, 0x07, 0x6F, 0x6D, 0x61, 0x63, 0x72,
0x6F, 0x6E, 0x0B, 0x6F, 0x73, 0x6C, 0x61, 0x73, 0x68, 0x61, 0x63, 0x75, 0x74, 0x65, 0x06, 0x72,
0x61, 0x63, 0x75, 0x74, 0x65, 0x06, 0x72, 0x63, 0x61, 0x72, 0x6F, 0x6E, 0x07, 0x75, 0x6E, 0x69,
0x30, 0x31, 0x35, 0x37, 0x06, 0x73, 0x61, 0x63, 0x75, 0x74, 0x65, 0x0B, 0x73, 0x63, 0x69, 0x72,
0x63, 0x75, 0x6D, 0x66, 0x6C, 0x65, 0x78, 0x07, 0x75, 0x6E, 0x69, 0x30, 0x32, 0x31, 0x39, 0x04,
0x74, 0x62, 0x61, 0x72, 0x06, 0x74, 0x63, 0x61, 0x72, 0x6F, 0x6E, 0x07, 0x75, 0x6E, 0x69, 0x30,
0x31, 0x36, 0x33, 0x07, 0x75, 0x6E, 0x69, 0x30, 0x32, 0x31, 0x42, 0x06, 0x75, 0x62, 0x72, 0x65,
0x76, 0x65, 0x07, 0x75, 0x6E, 0x69, 0x31, 0x45, 0x45, 0x35, 0x07, 0x75, 0x6E, 0x69, 0x31, 0x45,
0x45, 0x37, 0x05, 0x75, 0x68, 0x6F, 0x72, 0x6E, 0x07, 0x75, 0x6E, 0x69, 0x31, 0x45, 0x45, 0x39,
0x07, 0x75, 0x6E, 0x69, 0x31, 0x45, 0x46, 0x31, 0x07, 0x75, 0x6E, 0x69, 0x31, 0x45, 0x45, 0x42,
0x07, 0x75, 0x6E, 0x69, 0x31, 0x45, 0x45, 0x44, 0x07, 0x75, 0x6E, 0x69, 0x31, 0x45, 0x45, 0x46,
0x0D, 0x75, 0x68, 0x75, 0x6E, 0x67, 0x61, 0x72, 0x75, 0x6D, 0x6C, 0x61, 0x75, 0x74, 0x07, 0x75,
0x6D, 0x61, 0x63, 0x72, 0x6F, 0x6E, 0x07, 0x75, 0x6F, 0x67, 0x6F, 0x6E, 0x65, 0x6B, 0x05, 0x75,
0x72, 0x69, 0x6E, 0x67, 0x06, 0x75, 0x74, 0x69, 0x6C, 0x64, 0x65, 0x06, 0x77, 0x61, 0x63, 0x75,
0x74, 0x65, 0x0B, 0x77, 0x63, 0x69, 0x72, 0x63, 0x75, 0x6D, 0x66, 0x6C, 0x65, 0x78, 0x09, 0x77,
0x64, 0x69, 0x65, 0x72, 0x65, 0x73, 0x69, 0x73, 0x06, 0x77, 0x67, 0x72, 0x61, 0x76, 0x65, 0x0B,
0x79, 0x63, 0x69, 0x72, 0x63, 0x75, 0x6D, 0x66, 0x6C, 0x65, 0x78, 0x07, 0x75, 0x6E, 0x69, 0x31,
0x45, 0x46, 0x35, 0x06, 0x79, 0x67, 0x72, 0x61, 0x76, 0x65, 0x07, 0x75, 0x6E, 0x69, 0x30, 0x31,
0x42, 0x34, 0x07, 0x75, 0x6E, 0x69, 0x31, 0x45, 0x46, 0x39, 0x06, 0x7A, 0x61, 0x63, 0x75, 0x74,
0x65, 0x0A, 0x7A, 0x64, 0x6F, 0x74, 0x61, 0x63, 0x63, 0x65, 0x6E, 0x74, 0x07, 0x67, 0x2E, 0x61,
0x6C, 0x74, 0x30, 0x32, 0x07, 0x75, 0x6E, 0x69, 0x30, 0x45, 0x30, 0x31, 0x07, 0x75, 0x6E, 0x69,
0x30, 0x45, 0x30, 0x32, 0x07, 0x75, 0x6E, 0x69, 0x30, 0x45, 0x30, 0x33, 0x07, 0x75, 0x6E, 0x69,
0x30, 0x45, 0x30, 0x34, 0x07, 0x75, 0x6E, 0x69, 0x30, 0x45, 0x30, 0x35, 0x07, 0x75, 0x6E, 0x69,
0x30, 0x45, 0x30, 0x36, 0x07, 0x75, 0x6E, 0x69, 0x30, 0x45, 0x30, 0x37, 0x07, 0x75, 0x6E, 0x69,
0x30, 0x45, 0x30, 0x38, 0x07, 0x75, 0x6E, 0x69, 0x30, 0x45, 0x30, 0x39, 0x07, 0x75, 0x6E, 0x69,
0x30, 0x45, 0x30, 0x41, 0x07, 0x75, 0x6E, 0x69, 0x30, 0x45, 0x30, 0x42, 0x07, 0x75, 0x6E, 0x69,
0x30, 0x45, 0x30, 0x43, 0x07, 0x75, 0x6E, 0x69, 0x30, 0x45, 0x30, 0x44, 0x0C, 0x75, 0x6E, 0x69,
0x30, 0x45, 0x30, 0x44, 0x2E, 0x6C, 0x65, 0x73, 0x73, 0x07, 0x75, 0x6E, 0x69, 0x30, 0x45, 0x30,
0x45, 0x0D, 0x75, 0x6E, 0x69, 0x30, 0x45, 0x30, 0x45, 0x2E, 0x73, 0x68, 0x6F, 0x72, 0x74, 0x07,
0x75, 0x6E, 0x69, 0x30, 0x45, 0x30, 0x46, 0x0D, 0x75, 0x6E, 0x69, 0x30, 0x45, 0x30, 0x46, 0x2E,
0x73, 0x68, 0x6F, 0x72, 0x74, 0x07, 0x75, 0x6E, 0x69, 0x30, 0x45, 0x31, 0x30, 0x0C, 0x75, 0x6E,
0x69, 0x30, 0x45, 0x31, 0x30, 0x2E, 0x6C, 0x65, 0x73, 0x73, 0x07, 0x75, 0x6E, 0x69, 0x30, 0x45,
0x31, 0x31, 0x07, 0x75, 0x6E, 0x69, 0x30, 0x45, 0x31, 0x32, 0x07, 0x75, 0x6E, 0x69, 0x30, 0x45,
0x31, 0x33, 0x07, 0x75, 0x6E, 0x69, 0x30, 0x45, 0x31, 0x34, 0x07, 0x75, 0x6E, 0x69, 0x30, 0x45,
0x31, 0x35, 0x07, 0x75, 0x6E, 0x69, 0x30, 0x45, 0x31, 0x36, 0x07, 0x75, 0x6E, 0x69, 0x30, 0x45,
0x31, 0x37, 0x07, 0x75, 0x6E, 0x69, 0x30, 0x45, 0x31, 0x38, 0x07, 0x75, 0x6E, 0x69, 0x30, 0x45,
0x31, 0x39, 0x07, 0x75, 0x6E, 0x69, 0x30, 0x45, 0x31, 0x41, 0x07, 0x75, 0x6E, 0x69, 0x30, 0x45,
0x31, 0x42, 0x07, 0x75, 0x6E, 0x69, 0x30, 0x45, 0x31, 0x43, 0x07, 0x75, 0x6E, 0x69, 0x30, 0x45,
0x31, 0x44, 0x07, 0x75, 0x6E, 0x69, 0x30, 0x45, 0x31, 0x45, 0x07, 0x75, 0x6E, 0x69, 0x30, 0x45,
0x31, 0x46, 0x07, 0x75, 0x6E, 0x69, 0x30, 0x45, 0x32, 0x30, 0x07, 0x75, 0x6E, 0x69, 0x30, 0x45,
0x32, 0x31, 0x07, 0x75, 0x6E, 0x69, 0x30, 0x45, 0x32, 0x32, 0x07, 0x75, 0x6E, 0x69, 0x30, 0x45,
0x32, 0x33, 0x07, 0x75, 0x6E, 0x69, 0x30, 0x45, 0x32, 0x34, 0x0D, 0x75, 0x6E, 0x69, 0x30, 0x45,
0x32, 0x34, 0x2E, 0x73, 0x68, 0x6F, 0x72, 0x74, 0x0B, 0x75, 0x6E, 0x69, 0x30, 0x45, 0x32, 0x34,
0x30, 0x45, 0x34, 0x35, 0x07, 0x75, 0x6E, 0x69, 0x30, 0x45, 0x32, 0x35, 0x07, 0x75, 0x6E, 0x69,
0x30, 0x45, 0x32, 0x36, 0x0D, 0x75, 0x6E, 0x69, 0x30, 0x45, 0x32, 0x36, 0x2E, 0x73, 0x68, 0x6F,
0x72, 0x74, 0x0B, 0x75, 0x6E, 0x69, 0x30, 0x45, 0x32, 0x36, 0x30, 0x45, 0x34, 0x35, 0x07, 0x75,
0x6E, 0x69, 0x30, 0x45, 0x32, 0x37, 0x07, 0x75, 0x6E, 0x69, 0x30, 0x45, 0x32, 0x38, 0x07, 0x75,
0x6E, 0x69, 0x30, 0x45, 0x32, 0x39, 0x07, 0x75, 0x6E, 0x69, 0x30, 0x45, 0x32, 0x41, 0x07, 0x75,
0x6E, 0x69, 0x30, 0x45, 0x32, 0x42, 0x07, 0x75, 0x6E, 0x69, 0x30, 0x45, 0x32, 0x43, 0x0D, 0x75,
0x6E, 0x69, 0x30, 0x45, 0x32, 0x43, 0x2E, 0x73, 0x68, 0x6F, 0x72, 0x74, 0x07, 0x75, 0x6E, 0x69,
0x30, 0x45, 0x32, 0x44, 0x07, 0x75, 0x6E, 0x69, 0x30, 0x45, 0x32, 0x45, 0x07, 0x75, 0x6E, 0x69,
0x30, 0x45, 0x33, 0x30, 0x07, 0x75, 0x6E, 0x69, 0x30, 0x45, 0x33, 0x32, 0x07, 0x75, 0x6E, 0x69,
0x30, 0x45, 0x33, 0x33, 0x07, 0x75, 0x6E, 0x69, 0x30, 0x45, 0x34, 0x30, 0x07, 0x75, 0x6E, 0x69,
0x30, 0x45, 0x34, 0x31, 0x07, 0x75, 0x6E, 0x69, 0x30, 0x45, 0x34, 0x32, 0x07, 0x75, 0x6E, 0x69,
0x30, 0x45, 0x34, 0x33, 0x07, 0x75, 0x6E, 0x69, 0x30, 0x45, 0x34, 0x34, 0x07, 0x75, 0x6E, 0x69,
0x30, 0x45, 0x34, 0x35, 0x0C, 0x75, 0x6E, 0x69, 0x30, 0x45, 0x30, 0x32, 0x2E, 0x73, 0x73, 0x30,
0x31, 0x0C, 0x75, 0x6E, 0x69, 0x30, 0x45, 0x30, 0x33, 0x2E, 0x73, 0x73, 0x30, 0x31, 0x0C, 0x75,
0x6E, 0x69, 0x30, 0x45, 0x30, 0x36, 0x2E, 0x73, 0x73, 0x30, 0x31, 0x0C, 0x75, 0x6E, 0x69, 0x30,
0x45, 0x30, 0x39, 0x2E, 0x73, 0x73, 0x30, 0x31, 0x0C, 0x75, 0x6E, 0x69, 0x30, 0x45, 0x30, 0x41,
0x2E, 0x73, 0x73, 0x30, 0x31, 0x0C, 0x75, 0x6E, 0x69, 0x30, 0x45, 0x30, 0x42, 0x2E, 0x73, 0x73,
0x30, 0x31, 0x0C, 0x75, 0x6E, 0x69, 0x30, 0x45, 0x30, 0x44, 0x2E, 0x73, 0x73, 0x30, 0x31, 0x0C,
0x75, 0x6E, 0x69, 0x30, 0x45, 0x31, 0x31, 0x2E, 0x73, 0x73, 0x30, 0x31, 0x0C, 0x75, 0x6E, 0x69,
0x30, 0x45, 0x34, 0x33, 0x2E, 0x73, 0x73, 0x30, 0x31, 0x0C, 0x75, 0x6E, 0x69, 0x30, 0x45, 0x30,
0x44, 0x2E, 0x73, 0x73, 0x30, 0x32, 0x0B, 0x75, 0x6E, 0x69, 0x30, 0x45, 0x30, 0x37, 0x30, 0x30,
0x35, 0x46, 0x0B, 0x75, 0x6E, 0x69, 0x30, 0x45, 0x30, 0x44, 0x30, 0x30, 0x35, 0x46, 0x0B, 0x75,
0x6E, 0x69, 0x30, 0x45, 0x31, 0x39, 0x30, 0x30, 0x35, 0x46, 0x0B, 0x75, 0x6E, 0x69, 0x30, 0x45,
0x32, 0x31, 0x30, 0x30, 0x35, 0x46, 0x07, 0x75, 0x6E, 0x69, 0x30, 0x45, 0x35, 0x30, 0x07, 0x75,
0x6E, 0x69, 0x30, 0x45, 0x35, 0x31, 0x07, 0x75, 0x6E, 0x69, 0x30, 0x45, 0x35, 0x32, 0x07, 0x75,
0x6E, 0x69, 0x30, 0x45, 0x35, 0x33, 0x07, 0x75, 0x6E, 0x69, 0x30, 0x45, 0x35, 0x34, 0x07, 0x75,
0x6E, 0x69, 0x30, 0x45, 0x35, 0x35, 0x07, 0x75, 0x6E, 0x69, 0x30, 0x45, 0x35, 0x36, 0x07, 0x75,
0x6E, 0x69, 0x30, 0x45, 0x35, 0x37, 0x07, 0x75, 0x6E, 0x69, 0x30, 0x45, 0x35, 0x38, 0x07, 0x75,
0x6E, 0x69, 0x30, 0x45, 0x35, 0x39, 0x07, 0x75, 0x6E, 0x69, 0x32, 0x31, 0x35, 0x33, 0x07, 0x75,
0x6E, 0x69, 0x32, 0x31, 0x35, 0x34, 0x07, 0x75, 0x6E, 0x69, 0x32, 0x31, 0x35, 0x35, 0x07, 0x75,
0x6E, 0x69, 0x32, 0x31, 0x35, 0x36, 0x07, 0x75, 0x6E, 0x69, 0x32, 0x31, 0x35, 0x37, 0x07, 0x75,
0x6E, 0x69, 0x32, 0x31, 0x35, 0x38, 0x07, 0x75, 0x6E, 0x69, 0x32, 0x31, 0x35, 0x39, 0x07, 0x75,
0x6E, 0x69, 0x32, 0x31, 0x35, 0x41, 0x07, 0x75, 0x6E, 0x69, 0x32, 0x31, 0x35, 0x30, 0x09, 0x6F,
0x6E, 0x65, 0x65, 0x69, 0x67, 0x68, 0x74, 0x68, 0x0C, 0x74, 0x68, 0x72, 0x65, 0x65, 0x65, 0x69,
0x67, 0x68, 0x74, 0x68, 0x73, 0x0B, 0x66, 0x69, 0x76, 0x65, 0x65, 0x69, 0x67, 0x68, 0x74, 0x68,
0x73, 0x0C, 0x73, 0x65, 0x76, 0x65, 0x6E, 0x65, 0x69, 0x67, 0x68, 0x74, 0x68, 0x73, 0x07, 0x75,
0x6E, 0x69, 0x32, 0x31, 0x35, 0x31, 0x07, 0x75, 0x6E, 0x69, 0x32, 0x30, 0x38, 0x30, 0x07, 0x75,
0x6E, 0x69, 0x32, 0x30, 0x38, 0x31, 0x07, 0x75, 0x6E, 0x69, 0x32, 0x30, 0x38, 0x32, 0x07, 0x75,
0x6E, 0x69, 0x32, 0x30, 0x38, 0x33, 0x07, 0x75, 0x6E, 0x69, 0x32, 0x30, 0x38, 0x34, 0x07, 0x75,
0x6E, 0x69, 0x32, 0x30, 0x38, 0x35, 0x07, 0x75, 0x6E, 0x69, 0x32, 0x30, 0x38, 0x36, 0x07, 0x75,
0x6E, 0x69, 0x32, 0x30, 0x38, 0x37, 0x07, 0x75, 0x6E, 0x69, 0x32, 0x30, 0x38, 0x38, 0x07, 0x75,
0x6E, 0x69, 0x32, 0x30, 0x38, 0x39, 0x07, 0x75, 0x6E, 0x69, 0x32, 0x30, 0x37, 0x30, 0x07, 0x75,
0x6E, 0x69, 0x30, 0x30, 0x42, 0x39, 0x07, 0x75, 0x6E, 0x69, 0x30, 0x30, 0x42, 0x32, 0x07, 0x75,
0x6E, 0x69, 0x30, 0x30, 0x42, 0x33, 0x07, 0x75, 0x6E, 0x69, 0x32, 0x30, 0x37, 0x34, 0x07, 0x75,
0x6E, 0x69, 0x32, 0x30, 0x37, 0x35, 0x07, 0x75, 0x6E, 0x69, 0x32, 0x30, 0x37, 0x36, 0x07, 0x75,
0x6E, 0x69, 0x32, 0x30, 0x37, 0x37, 0x07, 0x75, 0x6E, 0x69, 0x32, 0x30, 0x37, 0x38, 0x07, 0x75,
0x6E, 0x69, 0x32, 0x30, 0x37, 0x39, 0x07, 0x75, 0x6E, 0x69, 0x30, 0x30, 0x41, 0x30, 0x09, 0x61,
0x6E, 0x6F, 0x74, 0x65, 0x6C, 0x65, 0x69, 0x61, 0x07, 0x75, 0x6E, 0x69, 0x30, 0x33, 0x37, 0x45,
0x07, 0x75, 0x6E, 0x69, 0x30, 0x45, 0x35, 0x41, 0x07, 0x75, 0x6E, 0x69, 0x30, 0x45, 0x34, 0x46,
0x07, 0x75, 0x6E, 0x69, 0x30, 0x45, 0x35, 0x42, 0x07, 0x75, 0x6E, 0x69, 0x30, 0x45, 0x34, 0x36,
0x07, 0x75, 0x6E, 0x69, 0x30, 0x45, 0x32, 0x46, 0x07, 0x75, 0x6E, 0x69, 0x30, 0x30, 0x41, 0x44,
0x07, 0x75, 0x6E, 0x69, 0x30, 0x45, 0x33, 0x46, 0x07, 0x75, 0x6E, 0x69, 0x32, 0x37, 0x31, 0x33,
0x07, 0x75, 0x6E, 0x69, 0x32, 0x37, 0x34, 0x43, 0x06, 0x6D, 0x69, 0x6E, 0x75, 0x74, 0x65, 0x06,
0x73, 0x65, 0x63, 0x6F, 0x6E, 0x64, 0x07, 0x75, 0x6E, 0x69, 0x32, 0x31, 0x31, 0x33, 0x09, 0x65,
0x73, 0x74, 0x69, 0x6D, 0x61, 0x74, 0x65, 0x64, 0x07, 0x75, 0x6E, 0x69, 0x32, 0x31, 0x31, 0x36,
0x07, 0x75, 0x6E, 0x69, 0x32, 0x30, 0x42, 0x46, 0x07, 0x75, 0x6E, 0x69, 0x32, 0x30, 0x42, 0x35,
0x0D, 0x63, 0x6F, 0x6C, 0x6F, 0x6E, 0x6D, 0x6F, 0x6E, 0x65, 0x74, 0x61, 0x72, 0x79, 0x04, 0x64,
0x6F, 0x6E, 0x67, 0x04, 0x45, 0x75, 0x72, 0x6F, 0x07, 0x75, 0x6E, 0x69, 0x32, 0x30, 0x42, 0x32,
0x07, 0x75, 0x6E, 0x69, 0x32, 0x30, 0x42, 0x34, 0x07, 0x75, 0x6E, 0x69, 0x32, 0x30, 0x41, 0x44,
0x04, 0x6C, 0x69, 0x72, 0x61, 0x07, 0x75, 0x6E, 0x69, 0x32, 0x30, 0x42, 0x41, 0x07, 0x75, 0x6E,
0x69, 0x32, 0x30, 0x41, 0x36, 0x07, 0x75, 0x6E, 0x69, 0x32, 0x30, 0x42, 0x31, 0x07, 0x75, 0x6E,
0x69, 0x32, 0x30, 0x42, 0x44, 0x07, 0x75, 0x6E, 0x69, 0x32, 0x30, 0x41, 0x38, 0x07, 0x75, 0x6E,
0x69, 0x32, 0x30, 0x42, 0x39, 0x07, 0x75, 0x6E, 0x69, 0x32, 0x30, 0x41, 0x41, 0x07, 0x75, 0x6E,
0x69, 0x32, 0x30, 0x42, 0x38, 0x07, 0x75, 0x6E, 0x69, 0x32, 0x30, 0x41, 0x45, 0x07, 0x75, 0x6E,
0x69, 0x32, 0x30, 0x41, 0x39, 0x07, 0x75, 0x6E, 0x69, 0x32, 0x31, 0x32, 0x36, 0x07, 0x75, 0x6E,
0x69, 0x32, 0x32, 0x30, 0x36, 0x07, 0x75, 0x6E, 0x69, 0x30, 0x30, 0x42, 0x35, 0x07, 0x61, 0x72,
0x72, 0x6F, 0x77, 0x75, 0x70, 0x07, 0x75, 0x6E, 0x69, 0x32, 0x31, 0x39, 0x37, 0x0A, 0x61, 0x72,
0x72, 0x6F, 0x77, 0x72, 0x69, 0x67, 0x68, 0x74, 0x07, 0x75, 0x6E, 0x69, 0x32, 0x31, 0x39, 0x38,
0x09, 0x61, 0x72, 0x72, 0x6F, 0x77, 0x64, 0x6F, 0x77, 0x6E, 0x07, 0x75, 0x6E, 0x69, 0x32, 0x31,
0x39, 0x39, 0x09, 0x61, 0x72, 0x72, 0x6F, 0x77, 0x6C, 0x65, 0x66, 0x74, 0x07, 0x75, 0x6E, 0x69,
0x32, 0x31, 0x39, 0x36, 0x09, 0x61, 0x72, 0x72, 0x6F, 0x77, 0x62, 0x6F, 0x74, 0x68, 0x09, 0x61,
0x72, 0x72, 0x6F, 0x77, 0x75, 0x70, 0x64, 0x6E, 0x07, 0x75, 0x6E, 0x69, 0x32, 0x31, 0x41, 0x39,
0x07, 0x75, 0x6E, 0x69, 0x32, 0x31, 0x41, 0x41, 0x07, 0x75, 0x6E, 0x69, 0x32, 0x31, 0x42, 0x30,
0x07, 0x75, 0x6E, 0x69, 0x32, 0x31, 0x42, 0x31, 0x07, 0x75, 0x6E, 0x69, 0x32, 0x31, 0x42, 0x32,
0x07, 0x75, 0x6E, 0x69, 0x32, 0x31, 0x42, 0x33, 0x07, 0x75, 0x6E, 0x69, 0x32, 0x42, 0x30, 0x45,
0x07, 0x75, 0x6E, 0x69, 0x32, 0x42, 0x30, 0x46, 0x07, 0x75, 0x6E, 0x69, 0x32, 0x42, 0x31, 0x30,
0x07, 0x75, 0x6E, 0x69, 0x32, 0x42, 0x31, 0x31, 0x07, 0x75, 0x6E, 0x69, 0x32, 0x31, 0x42, 0x36,
0x07, 0x75, 0x6E, 0x69, 0x32, 0x31, 0x42, 0x37, 0x07, 0x75, 0x6E, 0x69, 0x32, 0x31, 0x42, 0x41,
0x07, 0x75, 0x6E, 0x69, 0x32, 0x31, 0x42, 0x42, 0x07, 0x75, 0x6E, 0x69, 0x32, 0x31, 0x43, 0x34,
0x07, 0x75, 0x6E, 0x69, 0x32, 0x31, 0x43, 0x36, 0x05, 0x74, 0x6F, 0x6E, 0x6F, 0x73, 0x0A, 0x74,
0x6F, 0x6E, 0x6F, 0x73, 0x2E, 0x63, 0x61, 0x73, 0x65, 0x0D, 0x64, 0x69, 0x65, 0x72, 0x65, 0x73,
0x69, 0x73, 0x74, 0x6F, 0x6E, 0x6F, 0x73, 0x07, 0x75, 0x6E, 0x69, 0x30, 0x45, 0x33, 0x31, 0x0E,
0x75, 0x6E, 0x69, 0x30, 0x45, 0x33, 0x31, 0x2E, 0x6E, 0x61, 0x72, 0x72, 0x6F, 0x77, 0x07, 0x75,
0x6E, 0x69, 0x30, 0x45, 0x34, 0x38, 0x0D, 0x75, 0x6E, 0x69, 0x30, 0x45, 0x34, 0x38, 0x2E, 0x73,
0x6D, 0x61, 0x6C, 0x6C, 0x0E, 0x75, 0x6E, 0x69, 0x30, 0x45, 0x34, 0x38, 0x2E, 0x6E, 0x61, 0x72,
0x72, 0x6F, 0x77, 0x07, 0x75, 0x6E, 0x69, 0x30, 0x45, 0x34, 0x39, 0x0D, 0x75, 0x6E, 0x69, 0x30,
0x45, 0x34, 0x39, 0x2E, 0x73, 0x6D, 0x61, 0x6C, 0x6C, 0x0E, 0x75, 0x6E, 0x69, 0x30, 0x45, 0x34,
0x39, 0x2E, 0x6E, 0x61, 0x72, 0x72, 0x6F, 0x77, 0x07, 0x75, 0x6E, 0x69, 0x30, 0x45, 0x34, 0x41,
0x0D, 0x75, 0x6E, 0x69, 0x30, 0x45, 0x34, 0x41, 0x2E, 0x73, 0x6D, 0x61, 0x6C, 0x6C, 0x0E, 0x75,
0x6E, 0x69, 0x30, 0x45, 0x34, 0x41, 0x2E, 0x6E, 0x61, 0x72, 0x72, 0x6F, 0x77, 0x07, 0x75, 0x6E,
0x69, 0x30, 0x45, 0x34, 0x42, 0x0D, 0x75, 0x6E, 0x69, 0x30, 0x45, 0x34, 0x42, 0x2E, 0x73, 0x6D,
0x61, 0x6C, 0x6C, 0x07, 0x75, 0x6E, 0x69, 0x30, 0x45, 0x34, 0x43, 0x0D, 0x75, 0x6E, 0x69, 0x30,
0x45, 0x34, 0x43, 0x2E, 0x73, 0x6D, 0x61, 0x6C, 0x6C, 0x0E, 0x75, 0x6E, 0x69, 0x30, 0x45, 0x34,
0x43, 0x2E, 0x6E, 0x61, 0x72, 0x72, 0x6F, 0x77, 0x07, 0x75, 0x6E, 0x69, 0x30, 0x45, 0x34, 0x37,
0x0E, 0x75, 0x6E, 0x69, 0x30, 0x45, 0x34, 0x37, 0x2E, 0x6E, 0x61, 0x72, 0x72, 0x6F, 0x77, 0x07,
0x75, 0x6E, 0x69, 0x30, 0x45, 0x34, 0x45, 0x07, 0x75, 0x6E, 0x69, 0x30, 0x45, 0x33, 0x34, 0x0E,
0x75, 0x6E, 0x69, 0x30, 0x45, 0x33, 0x34, 0x2E, 0x6E, 0x61, 0x72, 0x72, 0x6F, 0x77, 0x07, 0x75,
0x6E, 0x69, 0x30, 0x45, 0x33, 0x35, 0x0E, 0x75, 0x6E, 0x69, 0x30, 0x45, 0x33, 0x35, 0x2E, 0x6E,
0x61, 0x72, 0x72, 0x6F, 0x77, 0x07, 0x75, 0x6E, 0x69, 0x30, 0x45, 0x33, 0x36, 0x0E, 0x75, 0x6E,
0x69, 0x30, 0x45, 0x33, 0x36, 0x2E, 0x6E, 0x61, 0x72, 0x72, 0x6F, 0x77, 0x07, 0x75, 0x6E, 0x69,
0x30, 0x45, 0x33, 0x37, 0x0E, 0x75, 0x6E, 0x69, 0x30, 0x45, 0x33, 0x37, 0x2E, 0x6E, 0x61, 0x72,
0x72, 0x6F, 0x77, 0x07, 0x75, 0x6E, 0x69, 0x30, 0x45, 0x34, 0x44, 0x0B, 0x75, 0x6E, 0x69, 0x30,
0x45, 0x34, 0x44, 0x30, 0x45, 0x34, 0x38, 0x0B, 0x75, 0x6E, 0x69, 0x30, 0x45, 0x34, 0x44, 0x30,
0x45, 0x34, 0x39, 0x0B, 0x75, 0x6E, 0x69, 0x30, 0x45, 0x34, 0x44, 0x30, 0x45, 0x34, 0x41, 0x0B,
0x75, 0x6E, 0x69, 0x30, 0x45, 0x34, 0x44, 0x30, 0x45, 0x34, 0x42, 0x07, 0x75, 0x6E, 0x69, 0x30,
0x45, 0x33, 0x41, 0x0D, 0x75, 0x6E, 0x69, 0x30, 0x45, 0x33, 0x41, 0x2E, 0x73, 0x6D, 0x61, 0x6C,
0x6C, 0x07, 0x75, 0x6E, 0x69, 0x30, 0x45, 0x33, 0x38, 0x0D, 0x75, 0x6E, 0x69, 0x30, 0x45, 0x33,
0x38, 0x2E, 0x73, 0x6D, 0x61, 0x6C, 0x6C, 0x07, 0x75, 0x6E, 0x69, 0x30, 0x45, 0x33, 0x39, 0x0D,
0x75, 0x6E, 0x69, 0x30, 0x45, 0x33, 0x39, 0x2E, 0x73, 0x6D, 0x61, 0x6C, 0x6C, 0x0E, 0x75, 0x6E,
0x69, 0x30, 0x45, 0x34, 0x42, 0x2E, 0x6E, 0x61, 0x72, 0x72, 0x6F, 0x77, 0x0E, 0x75, 0x6E, 0x69,
0x30, 0x45, 0x34, 0x44, 0x2E, 0x6E, 0x61, 0x72, 0x72, 0x6F, 0x77, 0x12, 0x75, 0x6E, 0x69, 0x30,
0x45, 0x34, 0x44, 0x30, 0x45, 0x34, 0x38, 0x2E, 0x6E, 0x61, 0x72, 0x72, 0x6F, 0x77, 0x12, 0x75,
0x6E, 0x69, 0x30, 0x45, 0x34, 0x44, 0x30, 0x45, 0x34, 0x39, 0x2E, 0x6E, 0x61, 0x72, 0x72, 0x6F,
0x77, 0x12, 0x75, 0x6E, 0x69, 0x30, 0x45, 0x34, 0x44, 0x30, 0x45, 0x34, 0x41, 0x2E, 0x6E, 0x61,
0x72, 0x72, 0x6F, 0x77, 0x12, 0x75, 0x6E, 0x69, 0x30, 0x45, 0x34, 0x44, 0x30, 0x45, 0x34, 0x42,
0x2E, 0x6E, 0x61, 0x72, 0x72, 0x6F, 0x77, 0x07, 0x75, 0x6E, 0x69, 0x30, 0x33, 0x30, 0x38, 0x07,
0x75, 0x6E, 0x69, 0x30, 0x33, 0x30, 0x37, 0x09, 0x67, 0x72, 0x61, 0x76, 0x65, 0x63, 0x6F, 0x6D,
0x62, 0x09, 0x61, 0x63, 0x75, 0x74, 0x65, 0x63, 0x6F, 0x6D, 0x62, 0x07, 0x75, 0x6E, 0x69, 0x30,
0x33, 0x30, 0x42, 0x07, 0x75, 0x6E, 0x69, 0x30, 0x33, 0x30, 0x32, 0x07, 0x75, 0x6E, 0x69, 0x30,
0x33, 0x30, 0x43, 0x07, 0x75, 0x6E, 0x69, 0x30, 0x33, 0x30, 0x36, 0x07, 0x75, 0x6E, 0x69, 0x30,
0x33, 0x30, 0x41, 0x09, 0x74, 0x69, 0x6C, 0x64, 0x65, 0x63, 0x6F, 0x6D, 0x62, 0x07, 0x75, 0x6E,
0x69, 0x30, 0x33, 0x30, 0x34, 0x0D, 0x68, 0x6F, 0x6F, 0x6B, 0x61, 0x62, 0x6F, 0x76, 0x65, 0x63,
0x6F, 0x6D, 0x62, 0x07, 0x75, 0x6E, 0x69, 0x30, 0x33, 0x31, 0x32, 0x07, 0x75, 0x6E, 0x69, 0x30,
0x33, 0x31, 0x35, 0x07, 0x75, 0x6E, 0x69, 0x30, 0x33, 0x31, 0x42, 0x0C, 0x64, 0x6F, 0x74, 0x62,
0x65, 0x6C, 0x6F, 0x77, 0x63, 0x6F, 0x6D, 0x62, 0x07, 0x75, 0x6E, 0x69, 0x30, 0x33, 0x32, 0x36,
0x07, 0x75, 0x6E, 0x69, 0x30, 0x33, 0x32, 0x37, 0x07, 0x75, 0x6E, 0x69, 0x30, 0x33, 0x32, 0x38,
0x0B, 0x74, 0x69, 0x6C, 0x64, 0x65, 0x2E, 0x61, 0x6C, 0x74, 0x30, 0x31, 0x0D, 0x64, 0x69, 0x65,
0x72, 0x65, 0x73, 0x69, 0x73, 0x2E, 0x63, 0x61, 0x73, 0x65, 0x0E, 0x64, 0x6F, 0x74, 0x61, 0x63,
0x63, 0x65, 0x6E, 0x74, 0x2E, 0x63, 0x61, 0x73, 0x65, 0x0A, 0x67, 0x72, 0x61, 0x76, 0x65, 0x2E,
0x63, 0x61, 0x73, 0x65, 0x0A, 0x61, 0x63, 0x75, 0x74, 0x65, 0x2E, 0x63, 0x61, 0x73, 0x65, 0x11,
0x68, 0x75, 0x6E, 0x67, 0x61, 0x72, 0x75, 0x6D, 0x6C, 0x61, 0x75, 0x74, 0x2E, 0x63, 0x61, 0x73,
0x65, 0x0F, 0x63, 0x69, 0x72, 0x63, 0x75, 0x6D, 0x66, 0x6C, 0x65, 0x78, 0x2E, 0x63, 0x61, 0x73,
0x65, 0x0A, 0x63, 0x61, 0x72, 0x6F, 0x6E, 0x2E, 0x63, 0x61, 0x73, 0x65, 0x0A, 0x62, 0x72, 0x65,
0x76, 0x65, 0x2E, 0x63, 0x61, 0x73, 0x65, 0x09, 0x72, 0x69, 0x6E, 0x67, 0x2E, 0x63, 0x61, 0x73,
0x65, 0x0A, 0x74, 0x69, 0x6C, 0x64, 0x65, 0x2E, 0x63, 0x61, 0x73, 0x65, 0x0B, 0x6D, 0x61, 0x63,
0x72, 0x6F, 0x6E, 0x2E, 0x63, 0x61, 0x73, 0x65, 0x10, 0x74, 0x69, 0x6C, 0x64, 0x65, 0x2E, 0x61,
0x6C, 0x74, 0x30, 0x31, 0x2E, 0x63, 0x61, 0x73, 0x65, 0x07, 0x75, 0x6E, 0x69, 0x30, 0x32, 0x42,
0x43, 0x07, 0x75, 0x6E, 0x69, 0x30, 0x32, 0x42, 0x42, 0x07, 0x75, 0x6E, 0x69, 0x45, 0x43, 0x45,
0x30, 0x07, 0x75, 0x6E, 0x69, 0x45, 0x46, 0x43, 0x43, 0x0F, 0x62, 0x72, 0x65, 0x76, 0x65, 0x61,
0x63, 0x75, 0x74, 0x65, 0x2E, 0x63, 0x61, 0x73, 0x65, 0x0F, 0x62, 0x72, 0x65, 0x76, 0x65, 0x67,
0x72, 0x61, 0x76, 0x65, 0x2E, 0x63, 0x61, 0x73, 0x65, 0x0E, 0x62, 0x72, 0x65, 0x76, 0x65, 0x68,
0x6F, 0x6F, 0x6B, 0x2E, 0x63, 0x61, 0x73, 0x65, 0x0F, 0x62, 0x72, 0x65, 0x76, 0x65, 0x74, 0x69,
0x6C, 0x64, 0x65, 0x2E, 0x63, 0x61, 0x73, 0x65, 0x14, 0x63, 0x69, 0x72, 0x63, 0x75, 0x6D, 0x66,
0x6C, 0x65, 0x78, 0x61, 0x63, 0x75, 0x74, 0x65, 0x2E, 0x63, 0x61, 0x73, 0x65, 0x14, 0x63, 0x69,
0x72, 0x63, 0x75, 0x6D, 0x66, 0x6C, 0x65, 0x78, 0x67, 0x72, 0x61, 0x76, 0x65, 0x2E, 0x63, 0x61,
0x73, 0x65, 0x13, 0x63, 0x69, 0x72, 0x63, 0x75, 0x6D, 0x66, 0x6C, 0x65, 0x78, 0x68, 0x6F, 0x6F,
0x6B, 0x2E, 0x63, 0x61, 0x73, 0x65, 0x14, 0x63, 0x69, 0x72, 0x63, 0x75, 0x6D, 0x66, 0x6C, 0x65,
0x78, 0x74, 0x69, 0x6C, 0x64, 0x65, 0x2E, 0x63, 0x61, 0x73, 0x65, 0x0E, 0x72, 0x69, 0x6E, 0x67,
0x61, 0x63, 0x75, 0x74, 0x65, 0x2E, 0x63, 0x61, 0x73, 0x65, 0x00, 0x00, 0x00, 0x01, 0x00, 0x00,
0x00, 0x0A, 0x00, 0x3C, 0x00, 0x6C, 0x00, 0x03, 0x44, 0x46, 0x4C, 0x54, 0x00, 0x22, 0x6C, 0x61,
0x74, 0x6E, 0x00, 0x22, 0x74, 0x68, 0x61, 0x69, 0x00, 0x14, 0x00, 0x04, 0x00, 0x00, 0x00, 0x00,
0xFF, 0xFF, 0x00, 0x02, 0x00, 0x01, 0x00, 0x02, 0x00, 0x04, 0x00, 0x00, 0x00, 0x00, 0xFF, 0xFF,
0x00, 0x03, 0x00, 0x00, 0x00, 0x01, 0x00, 0x02, 0x00, 0x03, 0x6B, 0x65, 0x72, 0x6E, 0x00, 0x28,
0x6D, 0x61, 0x72, 0x6B, 0x00, 0x1C, 0x6D, 0x6B, 0x6D, 0x6B, 0x00, 0x14, 0x00, 0x00, 0x00, 0x02,
0x00, 0x06, 0x00, 0x07, 0x00, 0x00, 0x00, 0x04, 0x00, 0x02, 0x00, 0x03, 0x00, 0x04, 0x00, 0x05,
0x00, 0x00, 0x00, 0x02, 0x00, 0x01, 0x00, 0x00, 0x00, 0x08, 0x19, 0x30, 0x12, 0xC8, 0x0B, 0x58,
0x09, 0xBC, 0x02, 0x1E, 0x01, 0x90, 0x01, 0x56, 0x00, 0x12, 0x00, 0x06, 0x00, 0x10, 0x00, 0x01,
0x00, 0x0A, 0x00, 0x01, 0x00, 0x01, 0x09, 0x90, 0x01, 0x24, 0x00, 0x01, 0x08, 0x98, 0x00, 0x0C,
0x00, 0x25, 0x01, 0x12, 0x01, 0x0C, 0x01, 0x06, 0x01, 0x00, 0x00, 0xFA, 0x00, 0xF4, 0x00, 0xEE,
0x00, 0xE8, 0x00, 0xE2, 0x00, 0xDC, 0x00, 0xD6, 0x00, 0xD0, 0x00, 0xCA, 0x00, 0xC4, 0x00, 0xBE,
0x00, 0xB8, 0x00, 0xB2, 0x00, 0xAC, 0x00, 0xA6, 0x00, 0xA0, 0x09, 0x72, 0x00, 0x9A, 0x00, 0x94,
0x00, 0x8E, 0x09, 0x72, 0x00, 0x9A, 0x00, 0x88, 0x00, 0x82, 0x00, 0x7C, 0x00, 0x76, 0x00, 0x70,
0x00, 0x6A, 0x00, 0x64, 0x00, 0x5E, 0x00, 0x58, 0x00, 0x52, 0x00, 0x4C, 0x00, 0x01, 0xFE, 0xC5,
0x04, 0x3E, 0x00, 0x01, 0xFE, 0xB9, 0x04, 0x3C, 0x00, 0x01, 0xFE, 0x65, 0x04, 0x30, 0x00, 0x01,
0xFE, 0xC7, 0x04, 0x1B, 0x00, 0x01, 0xFE, 0xCC, 0x03, 0x4B, 0x00, 0x01, 0xFE, 0xC4, 0x03, 0x54,
0x00, 0x01, 0xFF, 0x9E, 0x04, 0x3E, 0x00, 0x01, 0xFF, 0x92, 0x04, 0x3C, 0x00, 0x01, 0xFF, 0x3E,
0x04, 0x30, 0x00, 0x01, 0xFF, 0xA0, 0x04, 0x1B, 0x00, 0x01, 0xFF, 0xA0, 0x03, 0x49, 0x00, 0x01,
0xFE, 0xF4, 0x03, 0x36, 0x00, 0x01, 0xFF, 0x8F, 0x03, 0x33, 0x00, 0x01, 0xFF, 0x14, 0x03, 0x37,
0x00, 0x01, 0xFF, 0x14, 0x02, 0xD5, 0x00, 0x01, 0xFF, 0xB1, 0x02, 0xD9, 0x00, 0x01, 0xFE, 0xAD,
0x03, 0x51, 0x00, 0x01, 0xFF, 0x01, 0x03, 0x55, 0x00, 0x01, 0xFE, 0xF4, 0x03, 0x23, 0x00, 0x01,
0xFF, 0x8A, 0x04, 0x06, 0x00, 0x01, 0xFF, 0xAF, 0x03, 0x26, 0x00, 0x01, 0xFF, 0xB1, 0x04, 0x2D,
0x00, 0x01, 0xFF, 0xA7, 0x03, 0x54, 0x00, 0x01, 0xFE, 0xC5, 0x03, 0x55, 0x00, 0x01, 0xFF, 0xAE,
0x04, 0x2B, 0x00, 0x01, 0xFF, 0x52, 0x03, 0x51, 0x00, 0x01, 0xFE, 0xCC, 0x03, 0x3C, 0x00, 0x01,
0xFF, 0x5C, 0x04, 0x10, 0x00, 0x01, 0xFF, 0x96, 0x03, 0x3C, 0x00, 0x01, 0xFE, 0xF2, 0x03, 0x41,
0x00, 0x01, 0xFF, 0xB2, 0x04, 0x0A, 0x00, 0x01, 0xFF, 0xB1, 0x03, 0x41, 0x00, 0x01, 0xFE, 0xC8,
0x03, 0x1C, 0x00, 0x01, 0xFF, 0xBF, 0x03, 0x0F, 0x00, 0x02, 0x00, 0x03, 0x02, 0x87, 0x02, 0x98,
0x00, 0x00, 0x02, 0x9A, 0x02, 0xA6, 0x00, 0x12, 0x02, 0xAD, 0x02, 0xB2, 0x00, 0x1F, 0x00, 0x06,
0x00, 0x10, 0x00, 0x01, 0x00, 0x0A, 0x00, 0x00, 0x00, 0x01, 0x11, 0x58, 0x00, 0x26, 0x00, 0x01,
0x11, 0x1A, 0x00, 0x0C, 0x00, 0x03, 0x00, 0x14, 0x00, 0x0E, 0x00, 0x08, 0x00, 0x01, 0x00, 0x00,
0xFF, 0x4B, 0x00, 0x01, 0xFF, 0xB2, 0xFE, 0xE8, 0x00, 0x01, 0xFF, 0xB2, 0xFE, 0xE7, 0x00, 0x01,
0x00, 0x03, 0x02, 0xA9, 0x02, 0xAB, 0x02, 0xC2, 0x00, 0x04, 0x00, 0x00, 0x00, 0x01, 0x00, 0x08,
0x00, 0x01, 0x00, 0x80, 0x00, 0x54, 0x00, 0x01, 0x00, 0x74, 0x00, 0x0C, 0x00, 0x0E, 0x00, 0x42,
0x00, 0x3C, 0x00, 0x42, 0x00, 0x3C, 0x00, 0x3C, 0x00, 0x36, 0x00, 0x36, 0x00, 0x30, 0x00, 0x2A,
0x00, 0x30, 0x00, 0x2A, 0x00, 0x24, 0x00, 0x1E, 0x00, 0x1E, 0x00, 0x01, 0x01, 0x07, 0x02, 0xEF,
0x00, 0x01, 0x01, 0x04, 0x02, 0xEF, 0x00, 0x01, 0x00, 0xE0, 0x02, 0xE4, 0x00, 0x01, 0x00, 0xF4,
0x02, 0xE4, 0x00, 0x01, 0x02, 0x35, 0x02, 0xE4, 0x00, 0x01, 0x00, 0xFF, 0x02, 0xE4, 0x00, 0x01,
0x01, 0x0C, 0x02, 0xE5, 0x00, 0x01, 0x00, 0x0E, 0x00, 0x53, 0x00, 0x54, 0x00, 0x55, 0x00, 0x56,
0x00, 0x57, 0x00, 0xD2, 0x00, 0xD4, 0x01, 0x06, 0x01, 0x07, 0x01, 0x08, 0x01, 0x09, 0x01, 0x3B,
0x01, 0x3E, 0x01, 0x3F, 0x00, 0x01, 0x00, 0x00, 0x00, 0x06, 0x00, 0x01, 0x00, 0x00, 0x02, 0xE4,
0x00, 0x01, 0x00, 0x01, 0x02, 0xC0, 0x00, 0x04, 0x00, 0x00, 0x00, 0x01, 0x00, 0x08, 0x00, 0x01,
0x07, 0x86, 0x05, 0x70, 0x00, 0x01, 0x06, 0x8E, 0x00, 0x0C, 0x01, 0x6D, 0x05, 0x5E, 0x05, 0x5E,
0x05, 0x5E, 0x05, 0x5E, 0x05, 0x5E, 0x05, 0x5E, 0x05, 0x5E, 0x05, 0x5E, 0x05, 0x5E, 0x05, 0x5E,
0x05, 0x5E, 0x05, 0x5E, 0x05, 0x5E, 0x05, 0x5E, 0x05, 0x5E, 0x05, 0x5E, 0x05, 0x5E, 0x05, 0x5E,
0x05, 0x5E, 0x05, 0x5E, 0x05, 0x5E, 0x05, 0x5E, 0x05, 0x58, 0x05, 0x58, 0x05, 0x52, 0x05, 0x4C,
0x05, 0x4C, 0x05, 0x4C, 0x05, 0x4C, 0x05, 0x4C, 0x05, 0x46, 0x05, 0x46, 0x05, 0x40, 0x05, 0x40,
0x05, 0x40, 0x05, 0x40, 0x05, 0x40, 0x05, 0x40, 0x05, 0x40, 0x05, 0x40, 0x05, 0x40, 0x05, 0x40,
0x05, 0x40, 0x05, 0x40, 0x05, 0x3A, 0x05, 0x40, 0x05, 0x40, 0x05, 0x40, 0x05, 0x40, 0x05, 0x34,
0x05, 0x2E, 0x05, 0x2E, 0x05, 0x2E, 0x05, 0x28, 0x05, 0x2E, 0x05, 0x22, 0x05, 0x22, 0x05, 0x1C,
0x05, 0x1C, 0x05, 0x1C, 0x05, 0x1C, 0x05, 0x1C, 0x05, 0x1C, 0x05, 0x16, 0x05, 0x1C, 0x05, 0x1C,
0x05, 0x1C, 0x05, 0x1C, 0x05, 0x10, 0x05, 0x10, 0x05, 0x10, 0x05, 0x0A, 0x05, 0x04, 0x04, 0xFE,
0x04, 0xF8, 0x04, 0xF8, 0x04, 0xF2, 0x05, 0x2E, 0x05, 0x2E, 0x05, 0x2E, 0x04, 0xEC, 0x05, 0x2E,
0x05, 0x28, 0x05, 0x28, 0x05, 0x28, 0x05, 0x28, 0x05, 0x28, 0x05, 0x28, 0x05, 0x28, 0x05, 0x28,
0x05, 0x28, 0x05, 0x28, 0x05, 0x28, 0x05, 0x28, 0x05, 0x28, 0x05, 0x28, 0x05, 0x28, 0x04, 0xE6,
0x05, 0x28, 0x05, 0x28, 0x05, 0x28, 0x05, 0x28, 0x05, 0x28, 0x05, 0x28, 0x05, 0x28, 0x05, 0x28,
0x04, 0xE0, 0x05, 0x28, 0x04, 0xE0, 0x04, 0xE0, 0x04, 0xE0, 0x04, 0xDA, 0x04, 0xD4, 0x04, 0xD4,
0x04, 0xD4, 0x04, 0xD4, 0x04, 0xCE, 0x04, 0xCE, 0x04, 0xCE, 0x04, 0xC8, 0x04, 0xC8, 0x04, 0xC2,
0x04, 0xC2, 0x04, 0xC2, 0x04, 0xC2, 0x04, 0xC2, 0x04, 0xBC, 0x04, 0xC2, 0x04, 0xC2, 0x04, 0xC2,
0x04, 0xC2, 0x04, 0xBC, 0x04, 0xC2, 0x04, 0xC2, 0x04, 0xC2, 0x04, 0xC2, 0x04, 0xC2, 0x04, 0xC2,
0x04, 0xC2, 0x04, 0xB6, 0x04, 0xB0, 0x04, 0xB0, 0x04, 0xB0, 0x04, 0xB0, 0x04, 0xB0, 0x04, 0xAA,
0x04, 0xA4, 0x04, 0xA4, 0x04, 0xA4, 0x04, 0xA4, 0x04, 0x9E, 0x04, 0xA4, 0x04, 0xA4, 0x04, 0xA4,
0x04, 0x98, 0x04, 0x98, 0x04, 0x98, 0x04, 0x98, 0x04, 0x92, 0x04, 0x92, 0x04, 0x92, 0x04, 0x92,
0x04, 0x92, 0x04, 0x92, 0x04, 0x92, 0x04, 0x92, 0x04, 0x92, 0x04, 0x92, 0x04, 0x92, 0x04, 0x92,
0x04, 0x92, 0x04, 0x92, 0x04, 0x92, 0x04, 0x8C, 0x04, 0x92, 0x04, 0x92, 0x04, 0x92, 0x04, 0x92,
0x04, 0x92, 0x04, 0x92, 0x04, 0x86, 0x04, 0x86, 0x04, 0x80, 0x04, 0x80, 0x04, 0x80, 0x04, 0x80,
0x04, 0x80, 0x04, 0x7A, 0x04, 0x7A, 0x04, 0x7A, 0x04, 0x7A, 0x04, 0x7A, 0x04, 0x7A, 0x04, 0x7A,
0x04, 0x7A, 0x04, 0x7A, 0x04, 0x7A, 0x04, 0x7A, 0x04, 0x7A, 0x04, 0x74, 0x04, 0x7A, 0x04, 0x7A,
0x04, 0x7A, 0x04, 0x7A, 0x04, 0x6E, 0x04, 0x68, 0x04, 0x68, 0x04, 0x68, 0x04, 0x68, 0x04, 0x62,
0x04, 0x62, 0x04, 0x5C, 0x04, 0x5C, 0x04, 0x5C, 0x04, 0x5C, 0x04, 0x5C, 0x04, 0x5C, 0x04, 0x5C,
0x04, 0x5C, 0x04, 0x5C, 0x04, 0x5C, 0x04, 0x5C, 0x04, 0x5C, 0x04, 0x56, 0x04, 0x50, 0x04, 0x50,
0x04, 0x4A, 0x04, 0x44, 0x04, 0x44, 0x04, 0x44, 0x04, 0x3E, 0x04, 0x44, 0x04, 0x38, 0x04, 0x38,
0x04, 0x38, 0x04, 0x38, 0x04, 0x38, 0x04, 0x38, 0x04, 0x38, 0x04, 0x38, 0x04, 0x38, 0x04, 0x38,
0x04, 0x32, 0x04, 0x38, 0x04, 0x38, 0x04, 0x2C, 0x04, 0x2C, 0x04, 0x32, 0x04, 0x2C, 0x04, 0x2C,
0x04, 0x2C, 0x04, 0x38, 0x04, 0x38, 0x04, 0x26, 0x04, 0x26, 0x04, 0x38, 0x04, 0x20, 0x04, 0x1A,
0x04, 0x14, 0x04, 0x14, 0x04, 0x14, 0x04, 0x0E, 0x04, 0x08, 0x04, 0x08, 0x04, 0x08, 0x04, 0x08,
0x04, 0x02, 0x04, 0x26, 0x04, 0x26, 0x04, 0x26, 0x04, 0x26, 0x04, 0x26, 0x04, 0x7A, 0x04, 0x26,
0x04, 0x26, 0x03, 0xFC, 0x03, 0xFC, 0x04, 0x7A, 0x03, 0xFC, 0x03, 0xFC, 0x03, 0xFC, 0x04, 0x26,
0x04, 0x26, 0x04, 0x26, 0x04, 0x26, 0x03, 0xF6, 0x03, 0xF0, 0x03, 0xF0, 0x03, 0xF0, 0x03, 0xF0,
0x03, 0xF0, 0x03, 0xEA, 0x04, 0x92, 0x04, 0x92, 0x04, 0x92, 0x04, 0x92, 0x03, 0xE4, 0x04, 0x92,
0x04, 0x92, 0x04, 0x92, 0x03, 0xDE, 0x03, 0xDE, 0x03, 0xDE, 0x03, 0xDE, 0x03, 0xD8, 0x03, 0xD2,
0x03, 0xCC, 0x03, 0xC6, 0x03, 0xC0, 0x03, 0xC0, 0x03, 0xBA, 0x03, 0xB4, 0x03, 0xAE, 0x03, 0xA8,
0x03, 0xA2, 0x03, 0x9C, 0x03, 0x96, 0x03, 0x90, 0x03, 0x8A, 0x03, 0x8A, 0x03, 0x8A, 0x03, 0x84,
0x03, 0x7E, 0x03, 0x7E, 0x03, 0x78, 0x03, 0x72, 0x03, 0x96, 0x03, 0x6C, 0x03, 0x66, 0x03, 0x60,
0x03, 0x5A, 0x03, 0x54, 0x03, 0x4E, 0x03, 0x48, 0x03, 0x42, 0x03, 0x3C, 0x03, 0x36, 0x03, 0x30,
0x03, 0x2A, 0x03, 0x8A, 0x03, 0x24, 0x03, 0x1E, 0x03, 0x18, 0x03, 0x60, 0x03, 0x60, 0x03, 0x12,
0x03, 0x8A, 0x03, 0x8A, 0x03, 0x0C, 0x03, 0x06, 0x03, 0xC6, 0x03, 0x00, 0x02, 0xFA, 0x02, 0xF4,
0x02, 0xEE, 0x02, 0xEE, 0x03, 0x7E, 0x02, 0xE8, 0x03, 0x8A, 0x03, 0xAE, 0x02, 0xE2, 0x03, 0x66,
0x03, 0x96, 0x02, 0xDC, 0x03, 0x96, 0x00, 0x01, 0x02, 0x15, 0x02, 0x3C, 0x00, 0x01, 0x01, 0xF3,
0x02, 0x3C, 0x00, 0x01, 0x02, 0x08, 0x02, 0x3C, 0x00, 0x01, 0x02, 0x04, 0x02, 0x3C, 0x00, 0x01,
0x02, 0x27, 0x02, 0x3C, 0x00, 0x01, 0x02, 0x0A, 0x02, 0x3C, 0x00, 0x01, 0x01, 0xFB, 0x02, 0x3C,
0x00, 0x01, 0x02, 0x24, 0x02, 0x3C, 0x00, 0x01, 0x01, 0xD1, 0x02, 0x3C, 0x00, 0x01, 0x01, 0xEA,
0x02, 0x3C, 0x00, 0x01, 0x01, 0xCA, 0x02, 0x3C, 0x00, 0x01, 0x02, 0x02, 0x02, 0x3C, 0x00, 0x01,
0x02, 0x1B, 0x02, 0x3C, 0x00, 0x01, 0x01, 0xF9, 0x02, 0x3C, 0x00, 0x01, 0x02, 0x69, 0x02, 0x3C,
0x00, 0x01, 0x01, 0x92, 0x02, 0x3C, 0x00, 0x01, 0x02, 0x29, 0x02, 0x3C, 0x00, 0x01, 0x01, 0x76,
0x02, 0x3C, 0x00, 0x01, 0x02, 0x13, 0x02, 0x3C, 0x00, 0x01, 0x02, 0x14, 0x02, 0x3C, 0x00, 0x01,
0x01, 0xE6, 0x02, 0x3C, 0x00, 0x01, 0x02, 0x12, 0x02, 0x3C, 0x00, 0x01, 0x02, 0x10, 0x02, 0x3C,
0x00, 0x01, 0x02, 0x0C, 0x02, 0x3C, 0x00, 0x01, 0x02, 0x01, 0x02, 0x3C, 0x00, 0x01, 0x03, 0x46,
0x02, 0x3C, 0x00, 0x01, 0x02, 0x1E, 0x02, 0x3C, 0x00, 0x01, 0x01, 0xF4, 0x02, 0x3C, 0x00, 0x01,
0x02, 0x1D, 0x02, 0x3B, 0x00, 0x01, 0x02, 0x1D, 0x02, 0x3C, 0x00, 0x01, 0x03, 0x52, 0x02, 0x3C,
0x00, 0x01, 0x03, 0x53, 0x02, 0x3C, 0x00, 0x01, 0x03, 0x54, 0x02, 0x3C, 0x00, 0x01, 0x01, 0xFE,
0x02, 0x3C, 0x00, 0x01, 0x01, 0xEB, 0x02, 0x3C, 0x00, 0x01, 0x01, 0xFF, 0x02, 0x3C, 0x00, 0x01,
0x01, 0xEC, 0x02, 0x3C, 0x00, 0x01, 0x01, 0xE0, 0x02, 0x3C, 0x00, 0x01, 0x02, 0x23, 0x02, 0x3C,
0x00, 0x01, 0x02, 0x1A, 0x02, 0x3C, 0x00, 0x01, 0x01, 0xF6, 0x02, 0x3C, 0x00, 0x01, 0x01, 0xEE,
0x02, 0x3C, 0x00, 0x01, 0x02, 0x11, 0x02, 0x3C, 0x00, 0x01, 0x00, 0xF1, 0x02, 0x1C, 0x00, 0x01,
0x00, 0xFA, 0x02, 0x1C, 0x00, 0x01, 0x01, 0x07, 0x02, 0x13, 0x00, 0x01, 0x01, 0x8C, 0x02, 0x1C,
0x00, 0x01, 0x00, 0xFF, 0x02, 0x1C, 0x00, 0x01, 0x01, 0x1E, 0x02, 0x1C, 0x00, 0x01, 0x00, 0xEE,
0x02, 0x1C, 0x00, 0x01, 0x00, 0xF2, 0x02, 0x1C, 0x00, 0x01, 0x00, 0xDB, 0x02, 0x1C, 0x00, 0x01,
0x00, 0xDD, 0x02, 0x1C, 0x00, 0x01, 0x01, 0x11, 0x02, 0x1C, 0x00, 0x01, 0x01, 0x36, 0x02, 0x1E,
0x00, 0x01, 0x01, 0x1D, 0x02, 0x1C, 0x00, 0x01, 0x01, 0x19, 0x02, 0x1B, 0x00, 0x01, 0x01, 0x18,
0x02, 0x1C, 0x00, 0x01, 0x01, 0x19, 0x02, 0x1A, 0x00, 0x01, 0x01, 0x20, 0x02, 0x1C, 0x00, 0x01,
0x01, 0x23, 0x02, 0x1B, 0x00, 0x01, 0x01, 0xB5, 0x02, 0x25, 0x00, 0x01, 0x00, 0x7D, 0x02, 0xE4,
0x00, 0x01, 0x00, 0x86, 0x02, 0xE4, 0x00, 0x01, 0x00, 0x83, 0x02, 0x1C, 0x00, 0x01, 0x00, 0x84,
0x02, 0xBA, 0x00, 0x01, 0x01, 0x0D, 0x02, 0x1C, 0x00, 0x01, 0x01, 0x0D, 0x02, 0x28, 0x00, 0x01,
0x01, 0x17, 0x02, 0x1C, 0x00, 0x01, 0x01, 0x1A, 0x02, 0x1C, 0x00, 0x01, 0x01, 0x13, 0x02, 0x1C,
0x00, 0x01, 0x01, 0xA4, 0x02, 0x1F, 0x00, 0x01, 0x00, 0xFC, 0x02, 0x1C, 0x00, 0x01, 0x01, 0x01,
0x02, 0x1C, 0x00, 0x01, 0x01, 0x2B, 0x02, 0xBA, 0x00, 0x01, 0x01, 0x29, 0x02, 0xBA, 0x00, 0x01,
0x01, 0x32, 0x02, 0xBA, 0x00, 0x01, 0x01, 0x3D, 0x02, 0xBA, 0x00, 0x01, 0x01, 0xCC, 0x02, 0xBA,
0x00, 0x01, 0x01, 0x37, 0x02, 0xBA, 0x00, 0x01, 0x01, 0x51, 0x02, 0xBA, 0x00, 0x01, 0x01, 0x54,
0x02, 0xBA, 0x00, 0x01, 0x01, 0x1E, 0x02, 0xBA, 0x00, 0x01, 0x01, 0x20, 0x02, 0xBA, 0x00, 0x01,
0x01, 0x28, 0x02, 0xBA, 0x00, 0x01, 0x01, 0x33, 0x02, 0xBA, 0x00, 0x01, 0x01, 0x3A, 0x02, 0xBA,
0x00, 0x01, 0x01, 0x62, 0x02, 0xBA, 0x00, 0x01, 0x01, 0x61, 0x02, 0xBA, 0x00, 0x01, 0x01, 0x97,
0x02, 0xBA, 0x00, 0x01, 0x00, 0x87, 0x02, 0xBA, 0x00, 0x01, 0x00, 0x8E, 0x02, 0xBA, 0x00, 0x01,
0x01, 0x41, 0x02, 0xBA, 0x00, 0x01, 0x01, 0x4A, 0x02, 0xBA, 0x00, 0x01, 0x01, 0x15, 0x02, 0xBA,
0x00, 0x01, 0x00, 0xC8, 0x02, 0xBA, 0x00, 0x01, 0x00, 0xCD, 0x02, 0xBA, 0x00, 0x01, 0x01, 0x65,
0x02, 0xBA, 0x00, 0x01, 0x01, 0x63, 0x02, 0xBA, 0x00, 0x01, 0x01, 0x64, 0x02, 0xBA, 0x00, 0x01,
0x01, 0x2A, 0x02, 0xBA, 0x00, 0x01, 0x01, 0x30, 0x02, 0xBA, 0x00, 0x01, 0x01, 0x34, 0x02, 0xBA,
0x00, 0x01, 0x01, 0x38, 0x02, 0xBA, 0x00, 0x01, 0x01, 0x59, 0x02, 0xBA, 0x00, 0x01, 0x01, 0x3C,
0x02, 0xBA, 0x00, 0x01, 0x02, 0x2B, 0x02, 0xBA, 0x00, 0x01, 0x01, 0x48, 0x02, 0xBA, 0x00, 0x02,
0x00, 0x2F, 0x00, 0x01, 0x00, 0x13, 0x00, 0x00, 0x00, 0x15, 0x00, 0x1D, 0x00, 0x13, 0x00, 0x1F,
0x00, 0x21, 0x00, 0x1C, 0x00, 0x23, 0x00, 0x23, 0x00, 0x1F, 0x00, 0x25, 0x00, 0x34, 0x00, 0x20,
0x00, 0x36, 0x00, 0x36, 0x00, 0x30, 0x00, 0x38, 0x00, 0x3E, 0x00, 0x31, 0x00, 0x40, 0x00, 0x41,
0x00, 0x38, 0x00, 0x43, 0x00, 0x4B, 0x00, 0x3A, 0x00, 0x4D, 0x00, 0x53, 0x00, 0x43, 0x00, 0x55,
0x00, 0x56, 0x00, 0x4A, 0x00, 0x59, 0x00, 0x5E, 0x00, 0x4C, 0x00, 0x60, 0x00, 0x77, 0x00, 0x52,
0x00, 0x79, 0x00, 0x79, 0x00, 0x6A, 0x00, 0x7B, 0x00, 0x82, 0x00, 0x6B, 0x00, 0x84, 0x00, 0x85,
0x00, 0x73, 0x00, 0x87, 0x00, 0x87, 0x00, 0x75, 0x00, 0x89, 0x00, 0x9B, 0x00, 0x76, 0x00, 0x9D,
0x00, 0xC4, 0x00, 0x89, 0x00, 0xC6, 0x00, 0xCA, 0x00, 0xB1, 0x00, 0xCC, 0x00, 0xCE, 0x00, 0xB6,
0x00, 0xD0, 0x00, 0xD1, 0x00, 0xB9, 0x00, 0xD6, 0x00, 0xE5, 0x00, 0xBB, 0x00, 0xE7, 0x00, 0xE7,
0x00, 0xCB, 0x00, 0xEA, 0x00, 0xEF, 0x00, 0xCC, 0x00, 0xF1, 0x00, 0xF1, 0x00, 0xD2, 0x00, 0xF3,
0x00, 0xF7, 0x00, 0xD3, 0x00, 0xF9, 0x00, 0xFA, 0x00, 0xD8, 0x00, 0xFC, 0x00, 0xFC, 0x00, 0xDA,
0x00, 0xFE, 0x00, 0xFE, 0x00, 0xDB, 0x01, 0x00, 0x01, 0x02, 0x00, 0xDC, 0x01, 0x06, 0x01, 0x06,
0x00, 0xDF, 0x01, 0x08, 0x01, 0x09, 0x00, 0xE0, 0x01, 0x0C, 0x01, 0x0E, 0x00, 0xE2, 0x01, 0x10,
0x01, 0x12, 0x00, 0xE5, 0x01, 0x14, 0x01, 0x2B, 0x00, 0xE8, 0x01, 0x2D, 0x01, 0x2D, 0x01, 0x00,
0x01, 0x2F, 0x01, 0x36, 0x01, 0x01, 0x01, 0x38, 0x01, 0x39, 0x01, 0x09, 0x01, 0x40, 0x01, 0x4F,
0x01, 0x0B, 0x01, 0x51, 0x01, 0x65, 0x01, 0x1B, 0x01, 0x6B, 0x01, 0x93, 0x01, 0x30, 0x01, 0x95,
0x01, 0x97, 0x01, 0x59, 0x01, 0x99, 0x01, 0x9D, 0x01, 0x5C, 0x01, 0x9F, 0x01, 0xA1, 0x01, 0x61,
0x01, 0xAB, 0x01, 0xB2, 0x01, 0x64, 0x01, 0xB4, 0x01, 0xB4, 0x01, 0x6C, 0x00, 0x33, 0x00, 0x00,
0x00, 0xF2, 0x00, 0x00, 0x00, 0xEC, 0x00, 0x00, 0x00, 0xF2, 0x00, 0x00, 0x00, 0xE6, 0x00, 0x00,
0x00, 0xEC, 0x00, 0x00, 0x00, 0xF2, 0x00, 0x00, 0x00, 0xE6, 0x00, 0x00, 0x00, 0xEC, 0x00, 0x00,
0x00, 0xE0, 0x00, 0x00, 0x00, 0xE6, 0x00, 0x00, 0x00, 0xEC, 0x00, 0x00, 0x00, 0xE0, 0x00, 0x00,
0x00, 0xE6, 0x00, 0x00, 0x00, 0xE0, 0x00, 0x00, 0x00, 0xE6, 0x00, 0x00, 0x00, 0xEC, 0x00, 0x00,
0x00, 0xE0, 0x00, 0x00, 0x00, 0xEC, 0x00, 0x00, 0x00, 0xE0, 0x00, 0x00, 0x00, 0xF2, 0x00, 0x00,
0x00, 0xEC, 0x00, 0x00, 0x00, 0xE0, 0x00, 0x00, 0x00, 0xEC, 0x00, 0x00, 0x00, 0xE0, 0x00, 0x00,
0x00, 0xEC, 0x00, 0x00, 0x00, 0xE0, 0x00, 0x00, 0x00, 0xEC, 0x00, 0x00, 0x00, 0xE0, 0x00, 0x00,
0x00, 0xE0, 0x00, 0x00, 0x00, 0xE0, 0x00, 0x00, 0x00, 0xE0, 0x00, 0x00, 0x00, 0xE0, 0x00, 0x00,
0x00, 0xEC, 0x00, 0x00, 0x00, 0xEC, 0x00, 0x00, 0x00, 0xEC, 0x00, 0x00, 0x00, 0xEC, 0x00, 0x00,
0x00, 0xEC, 0x00, 0x00, 0x00, 0xEC, 0x00, 0x00, 0x00, 0xDA, 0x00, 0x00, 0x00, 0xD4, 0x00, 0x00,
0x00, 0xDA, 0x00, 0x00, 0x00, 0xDA, 0x00, 0x00, 0x00, 0xDA, 0x00, 0x00, 0x00, 0xDA, 0x00, 0x00,
0x00, 0xDA, 0x00, 0x00, 0x00, 0xDA, 0x00, 0x00, 0x00, 0xDA, 0x00, 0x00, 0x00, 0xDA, 0x00, 0x00,
0x00, 0xDA, 0x00, 0x00, 0x00, 0xCE, 0x00, 0x00, 0x00, 0xDA, 0x00, 0x01, 0x00, 0x00, 0x02, 0x14,
0x00, 0x01, 0x00, 0x00, 0x02, 0x28, 0x00, 0x01, 0x00, 0x00, 0x02, 0x1C, 0x00, 0x01, 0xFF, 0xB2,
0x02, 0x3C, 0x00, 0x01, 0xFF, 0xB2, 0x03, 0x37, 0x00, 0x01, 0xFF, 0x14, 0x02, 0x3C, 0x00, 0x01,
0xFF, 0xB1, 0x02, 0x3C, 0x00, 0x02, 0x00, 0x02, 0x02, 0x87, 0x02, 0xA6, 0x00, 0x00, 0x02, 0xAD,
0x02, 0xBF, 0x00, 0x20, 0x00, 0x04, 0x00, 0x00, 0x00, 0x01, 0x00, 0x08, 0x00, 0x01, 0x01, 0x8E,
0x01, 0x1E, 0x00, 0x01, 0x01, 0x88, 0x00, 0x0C, 0x00, 0x67, 0x01, 0x0C, 0x01, 0x0C, 0x01, 0x0C,
0x01, 0x0C, 0x01, 0x0C, 0x01, 0x06, 0x01, 0x0C, 0x01, 0x0C, 0x01, 0x0C, 0x01, 0x0C, 0x01, 0x0C,
0x01, 0x0C, 0x01, 0x0C, 0x01, 0x0C, 0x01, 0x0C, 0x01, 0x0C, 0x01, 0x0C, 0x06, 0xFC, 0x06, 0xFC,
0x06, 0xFC, 0x06, 0xFC, 0x06, 0xFC, 0x06, 0xFC, 0x06, 0xFC, 0x06, 0xFC, 0x06, 0xFC, 0x06, 0xFC,
0x06, 0xFC, 0x01, 0x00, 0x00, 0xFA, 0x00, 0xFA, 0x00, 0xFA, 0x00, 0xFA, 0x00, 0xFA, 0x00, 0xFA,
0x00, 0xFA, 0x00, 0xFA, 0x00, 0xFA, 0x00, 0xFA, 0x00, 0xFA, 0x00, 0xF4, 0x04, 0xBC, 0x00, 0xF4,
0x00, 0xF4, 0x00, 0xF4, 0x00, 0xF4, 0x00, 0xF4, 0x04, 0xBC, 0x00, 0xF4, 0x00, 0xF4, 0x00, 0xF4,
0x04, 0xBC, 0x00, 0xF4, 0x00, 0xF4, 0x00, 0xF4, 0x00, 0xF4, 0x00, 0xF4, 0x00, 0xF4, 0x00, 0xF4,
0x00, 0xF4, 0x00, 0xF4, 0x00, 0xF4, 0x00, 0xEE, 0x00, 0xE8, 0x00, 0xE8, 0x00, 0xE8, 0x00, 0xE8,
0x00, 0xE8, 0x00, 0xE8, 0x00, 0xE8, 0x00, 0xE8, 0x00, 0xE8, 0x00, 0xE8, 0x00, 0xE8, 0x00, 0xE8,
0x00, 0xE8, 0x00, 0xE8, 0x00, 0xE8, 0x00, 0xE8, 0x00, 0xE2, 0x00, 0xE2, 0x00, 0xDC, 0x00, 0xE2,
0x00, 0xE2, 0x00, 0xE2, 0x00, 0xE2, 0x00, 0xE2, 0x00, 0xE2, 0x00, 0xE2, 0x00, 0xE2, 0x00, 0xE2,
0x05, 0x40, 0x00, 0xD6, 0x00, 0xD0, 0x05, 0x40, 0x00, 0xD0, 0x00, 0xD0, 0x00, 0xD0, 0x00, 0xD6,
0x00, 0xD6, 0x00, 0xD6, 0x00, 0xD0, 0x05, 0x40, 0x00, 0x01, 0x01, 0xF2, 0x00, 0x00, 0x00, 0x01,
0x01, 0xE3, 0x00, 0x00, 0x00, 0x01, 0x00, 0xA5, 0x00, 0x00, 0x00, 0x01, 0x00, 0xB6, 0x00, 0x00,
0x00, 0x01, 0x01, 0x67, 0x00, 0x00, 0x00, 0x01, 0x01, 0x6A, 0x00, 0x00, 0x00, 0x01, 0x02, 0x04,
0x00, 0x00, 0x00, 0x01, 0x01, 0xB4, 0x00, 0x00, 0x00, 0x01, 0x01, 0xBB, 0x00, 0x00, 0x00, 0x01,
0x02, 0x07, 0x00, 0x00, 0x00, 0x01, 0x02, 0x12, 0x00, 0x00, 0x00, 0x02, 0x00, 0x11, 0x00, 0x25,
0x00, 0x34, 0x00, 0x00, 0x00, 0x36, 0x00, 0x36, 0x00, 0x10, 0x00, 0x41, 0x00, 0x41, 0x00, 0x11,
0x00, 0x43, 0x00, 0x4B, 0x00, 0x12, 0x00, 0x4D, 0x00, 0x4D, 0x00, 0x1B, 0x00, 0x8C, 0x00, 0x93,
0x00, 0x1C, 0x00, 0x9A, 0x00, 0x9B, 0x00, 0x24, 0x00, 0x9D, 0x00, 0x9E, 0x00, 0x26, 0x00, 0xB2,
0x00, 0xC4, 0x00, 0x28, 0x00, 0xC6, 0x00, 0xC8, 0x00, 0x3B, 0x00, 0xD6, 0x00, 0xE5, 0x00, 0x3E,
0x00, 0xE7, 0x00, 0xE7, 0x00, 0x4E, 0x00, 0xF2, 0x00, 0xFC, 0x00, 0x4F, 0x00, 0xFE, 0x00, 0xFE,
0x00, 0x5A, 0x01, 0x40, 0x01, 0x47, 0x00, 0x5B, 0x01, 0x4E, 0x01, 0x4F, 0x00, 0x63, 0x01, 0x51,
0x01, 0x52, 0x00, 0x65, 0x00, 0x01, 0x00, 0x00, 0x07, 0x5A, 0x00, 0x01, 0x00, 0x01, 0x02, 0xC5,
0x00, 0x04, 0x00, 0x00, 0x00, 0x01, 0x00, 0x08, 0x00, 0x01, 0x07, 0x58, 0x05, 0xC0, 0x00, 0x01,
0x07, 0x1A, 0x00, 0x0C, 0x01, 0x5F, 0x05, 0xAE, 0x05, 0xAE, 0x05, 0xAE, 0x05, 0xAE, 0x05, 0xA8,
0x05, 0xAE, 0x05, 0xAE, 0x05, 0xAE, 0x05, 0xAE, 0x05, 0xAE, 0x05, 0xA8, 0x05, 0xAE, 0x05, 0xAE,
0x05, 0xAE, 0x05, 0xAE, 0x05, 0xA8, 0x05, 0xAE, 0x05, 0xAE, 0x05, 0xAE, 0x05, 0xAE, 0x05, 0xAE,
0x05, 0xAE, 0x05, 0xA2, 0x05, 0x9C, 0x05, 0x9C, 0x05, 0x96, 0x05, 0x96, 0x05, 0x96, 0x05, 0x90,
0x05, 0x8A, 0x05, 0x84, 0x05, 0x7E, 0x05, 0x7E, 0x05, 0x7E, 0x05, 0x7E, 0x05, 0x7E, 0x05, 0x7E,
0x05, 0x7E, 0x05, 0x7E, 0x05, 0x7E, 0x05, 0x7E, 0x05, 0x7E, 0x05, 0x7E, 0x05, 0x7E, 0x05, 0x7E,
0x05, 0x78, 0x05, 0x72, 0x05, 0x6C, 0x05, 0x6C, 0x05, 0x72, 0x05, 0x6C, 0x05, 0x66, 0x05, 0x60,
0x05, 0x5A, 0x05, 0x54, 0x05, 0x54, 0x05, 0x54, 0x05, 0x54, 0x05, 0x54, 0x05, 0x54, 0x05, 0x54,
0x05, 0x54, 0x05, 0x54, 0x05, 0x4E, 0x05, 0x48, 0x05, 0x42, 0x05, 0x3C, 0x05, 0x3C, 0x05, 0x36,
0x05, 0x30, 0x05, 0x30, 0x05, 0x36, 0x05, 0x30, 0x05, 0x2A, 0x05, 0x24, 0x05, 0x1E, 0x05, 0x1E,
0x05, 0x24, 0x05, 0x1E, 0x05, 0x18, 0x05, 0x18, 0x05, 0x18, 0x05, 0x18, 0x05, 0x18, 0x05, 0x12,
0x05, 0x18, 0x05, 0x18, 0x05, 0x18, 0x05, 0x18, 0x05, 0x12, 0x05, 0x18, 0x05, 0x18, 0x05, 0x18,
0x05, 0x60, 0x05, 0x12, 0x05, 0x60, 0x05, 0x60, 0x05, 0x60, 0x05, 0x60, 0x05, 0x60, 0x05, 0x60,
0x05, 0x0C, 0x05, 0x06, 0x05, 0x00, 0x05, 0x00, 0x05, 0x06, 0x04, 0xFA, 0x04, 0xF4, 0x04, 0xF4,
0x04, 0xF4, 0x04, 0xFA, 0x04, 0xEE, 0x04, 0xE8, 0x04, 0xEE, 0x04, 0xEE, 0x04, 0xE2, 0x05, 0x9C,
0x05, 0x9C, 0x05, 0x9C, 0x05, 0x9C, 0x05, 0x9C, 0x05, 0x9C, 0x04, 0xE2, 0x05, 0x9C, 0x04, 0xDC,
0x05, 0x9C, 0x05, 0x9C, 0x05, 0x9C, 0x05, 0x9C, 0x05, 0x9C, 0x05, 0x9C, 0x05, 0x9C, 0x04, 0xD6,
0x04, 0xD0, 0x04, 0xCA, 0x04, 0xCA, 0x04, 0xCA, 0x04, 0xCA, 0x04, 0xC4, 0x04, 0xBE, 0x04, 0xB8,
0x04, 0xB8, 0x04, 0xB8, 0x04, 0xB2, 0x04, 0xB8, 0x04, 0xB8, 0x04, 0xB8, 0x04, 0xAC, 0x04, 0xB8,
0x04, 0xB8, 0x04, 0xB8, 0x04, 0xA6, 0x04, 0xA0, 0x04, 0xA0, 0x04, 0xA6, 0x04, 0xA6, 0x04, 0x9A,
0x04, 0xA0, 0x04, 0xA0, 0x04, 0xA0, 0x04, 0xA0, 0x04, 0xA0, 0x04, 0xA0, 0x04, 0xA0, 0x04, 0xA0,
0x04, 0xA0, 0x04, 0xA0, 0x04, 0xA0, 0x04, 0xA0, 0x04, 0xA0, 0x04, 0x94, 0x04, 0x8E, 0x04, 0x8E,
0x04, 0x8E, 0x04, 0x8E, 0x04, 0x8E, 0x04, 0x88, 0x04, 0x82, 0x04, 0xE8, 0x04, 0x88, 0x04, 0x88,
0x04, 0x88, 0x04, 0x88, 0x04, 0x88, 0x04, 0x88, 0x04, 0x88, 0x04, 0x88, 0x04, 0x88, 0x04, 0x88,
0x04, 0x88, 0x04, 0x88, 0x04, 0x88, 0x04, 0x88, 0x04, 0x7C, 0x04, 0x76, 0x04, 0xF4, 0x04, 0x70,
0x04, 0x70, 0x04, 0x6A, 0x04, 0x70, 0x04, 0x70, 0x04, 0x70, 0x04, 0x70, 0x04, 0x70, 0x04, 0x70,
0x04, 0x70, 0x04, 0x70, 0x04, 0x64, 0x04, 0x64, 0x04, 0x5E, 0x04, 0x58, 0x04, 0x58, 0x04, 0x5E,
0x04, 0x52, 0x04, 0x4C, 0x04, 0xF4, 0x04, 0xF4, 0x04, 0x4C, 0x04, 0xF4, 0x04, 0x46, 0x04, 0x40,
0x04, 0x40, 0x04, 0x40, 0x04, 0x40, 0x04, 0x3A, 0x04, 0x40, 0x04, 0x40, 0x04, 0x40, 0x04, 0x40,
0x04, 0x3A, 0x04, 0x40, 0x04, 0x40, 0x04, 0x46, 0x04, 0x40, 0x04, 0x3A, 0x04, 0x40, 0x04, 0x40,
0x04, 0x40, 0x04, 0x40, 0x04, 0x40, 0x04, 0x40, 0x04, 0x34, 0x04, 0x2E, 0x04, 0x2E, 0x04, 0x34,
0x04, 0x28, 0x04, 0x22, 0x04, 0x22, 0x04, 0x22, 0x04, 0x28, 0x04, 0x1C, 0x04, 0x1C, 0x04, 0x1C,
0x04, 0x88, 0x04, 0x16, 0x04, 0x16, 0x04, 0x16, 0x04, 0x16, 0x04, 0x16, 0x04, 0x16, 0x04, 0x88,
0x04, 0x16, 0x04, 0x10, 0x04, 0x16, 0x04, 0x16, 0x04, 0x16, 0x04, 0x16, 0x04, 0x16, 0x04, 0x16,
0x04, 0x16, 0x04, 0x0A, 0x04, 0x04, 0x03, 0xFE, 0x03, 0xFE, 0x04, 0x04, 0x04, 0x04, 0x03, 0xF8,
0x03, 0xF2, 0x03, 0xEC, 0x03, 0xEC, 0x03, 0xEC, 0x03, 0xE6, 0x03, 0xEC, 0x03, 0xEC, 0x03, 0xEC,
0x03, 0xE0, 0x03, 0xE0, 0x03, 0xDA, 0x03, 0xDA, 0x03, 0xD4, 0x03, 0xCE, 0x03, 0xC8, 0x03, 0xC2,
0x03, 0xBC, 0x03, 0xB6, 0x03, 0xB0, 0x03, 0xC8, 0x03, 0xAA, 0x03, 0xCE, 0x03, 0xA4, 0x03, 0x9E,
0x03, 0x98, 0x03, 0x92, 0x03, 0x8C, 0x03, 0x86, 0x03, 0x80, 0x03, 0x7A, 0x03, 0x74, 0x03, 0x6E,
0x03, 0x68, 0x03, 0x62, 0x03, 0x5C, 0x03, 0x56, 0x03, 0x50, 0x03, 0xD4, 0x03, 0x4A, 0x03, 0x44,
0x03, 0x3E, 0x03, 0xAA, 0x03, 0xAA, 0x03, 0x38, 0x03, 0x38, 0x03, 0x32, 0x03, 0x2C, 0x03, 0x26,
0xA9, 0x04, 0x03, 0x20, 0x03, 0x1A, 0x03, 0x14, 0x03, 0x0E, 0x03, 0x08, 0x03, 0x02, 0x02, 0xFC,
0x02, 0xF6, 0x03, 0xC2, 0x02, 0xF0, 0x02, 0xEA, 0x02, 0xF0, 0x03, 0x32, 0x03, 0x32, 0x02, 0xE4,
0x02, 0xE4, 0x03, 0x6E, 0x02, 0xDE, 0x02, 0xD8, 0x03, 0xAA, 0x02, 0xD2, 0x02, 0xCC, 0x03, 0x98,
0x02, 0xC6, 0x02, 0xC0, 0x00, 0x01, 0x03, 0x5E, 0xFF, 0x4A, 0x00, 0x01, 0x02, 0x1F, 0x00, 0x00,
0x00, 0x01, 0x01, 0xFF, 0x00, 0x00, 0x00, 0x01, 0x01, 0xEB, 0x00, 0x00, 0x00, 0x01, 0x02, 0x13,
0x00, 0x00, 0x00, 0x01, 0x01, 0xFE, 0x00, 0x00, 0x00, 0x01, 0x01, 0xFA, 0x00, 0x00, 0x00, 0x01,
0x01, 0xFB, 0x00, 0x00, 0x00, 0x01, 0x02, 0x10, 0x00, 0x00, 0x00, 0x01, 0x01, 0xD1, 0x00, 0x00,
0x00, 0x01, 0x02, 0x26, 0xFF, 0x53, 0x00, 0x01, 0x02, 0x26, 0xFF, 0x31, 0x00, 0x01, 0x01, 0xF4,
0x00, 0x00, 0x00, 0x01, 0x02, 0x1A, 0xFF, 0x53, 0x00, 0x01, 0x02, 0x1A, 0xFF, 0x31, 0x00, 0x01,
0x01, 0xC3, 0x00, 0x00, 0x00, 0x01, 0x01, 0xF9, 0x00, 0x00, 0x00, 0x01, 0x02, 0x27, 0x00, 0x00,
0x00, 0x01, 0x02, 0x41, 0x00, 0x00, 0x00, 0x01, 0x02, 0x53, 0x00, 0x00, 0x00, 0x01, 0x02, 0x29,
0x00, 0x00, 0x00, 0x01, 0x02, 0x14, 0x00, 0x00, 0x00, 0x01, 0x01, 0xE7, 0x00, 0x00, 0x00, 0x01,
0x02, 0x1C, 0x00, 0x00, 0x00, 0x01, 0x02, 0x16, 0x00, 0x00, 0x00, 0x01, 0x02, 0x0B, 0x00, 0x00,
0x00, 0x01, 0x03, 0x53, 0x00, 0x00, 0x00, 0x01, 0x03, 0x3C, 0x00, 0x00, 0x00, 0x01, 0x02, 0x28,
0x00, 0x00, 0x00, 0x01, 0x01, 0xEA, 0x00, 0x00, 0x00, 0x01, 0x01, 0xEA, 0xFF, 0x32, 0x00, 0x01,
0x02, 0x1E, 0xFF, 0x5B, 0x00, 0x01, 0x02, 0x1D, 0xFF, 0x3B, 0x00, 0x01, 0x02, 0x27, 0xFF, 0x53,
0x00, 0x01, 0x02, 0x27, 0xFF, 0x31, 0x00, 0x01, 0x03, 0x48, 0x00, 0x00, 0x00, 0x01, 0x03, 0x49,
0xFF, 0x4A, 0x00, 0x01, 0x03, 0x4A, 0x00, 0x00, 0x00, 0x01, 0x01, 0xF0, 0x00, 0x00, 0x00, 0x01,
0x02, 0x09, 0x00, 0x00, 0x00, 0x01, 0x01, 0xDB, 0x00, 0x00, 0x00, 0x01, 0x02, 0x19, 0x00, 0x00,
0x00, 0x01, 0x02, 0x2C, 0x00, 0x00, 0x00, 0x01, 0x02, 0x24, 0x00, 0x00, 0x00, 0x01, 0x01, 0xEC,
0x00, 0x00, 0x00, 0x01, 0x01, 0xE1, 0x00, 0x00, 0x00, 0x01, 0x02, 0x1B, 0x00, 0x00, 0x00, 0x01,
0x00, 0xE8, 0x00, 0x00, 0x00, 0x01, 0x00, 0xF1, 0x00, 0x00, 0x00, 0x01, 0x01, 0x95, 0xFF, 0x4B,
0x00, 0x01, 0x01, 0x88, 0x00, 0x00, 0x00, 0x01, 0x01, 0x95, 0x00, 0x00, 0x00, 0x01, 0x01, 0x07,
0x00, 0x00, 0x00, 0x01, 0x01, 0x80, 0x00, 0x00, 0x00, 0x01, 0x01, 0x8C, 0x00, 0x00, 0x00, 0x01,
0x00, 0xFF, 0x00, 0x00, 0x00, 0x01, 0x01, 0x1B, 0xFF, 0x4B, 0x00, 0x01, 0x01, 0x16, 0x00, 0x00,
0x00, 0x01, 0x00, 0xDA, 0x00, 0x00, 0x00, 0x01, 0x00, 0xF0, 0x00, 0x00, 0x00, 0x01, 0x00, 0xF3,
0x00, 0x00, 0x00, 0x01, 0x00, 0x7F, 0x00, 0x00, 0x00, 0x01, 0x00, 0x84, 0x00, 0x00, 0x00, 0x01,
0x01, 0x19, 0xFF, 0x4B, 0x00, 0x01, 0x01, 0x18, 0x00, 0x00, 0x00, 0x01, 0x01, 0x19, 0x00, 0x00,
0x00, 0x01, 0x01, 0x23, 0x00, 0x00, 0x00, 0x01, 0x01, 0xB9, 0x00, 0x00, 0x00, 0x01, 0x00, 0xA4,
0x00, 0x00, 0x00, 0x01, 0x00, 0xA8, 0x00, 0x00, 0x00, 0x01, 0x01, 0x2F, 0x00, 0x00, 0x00, 0x01,
0x00, 0x7D, 0x00, 0x00, 0x00, 0x01, 0x00, 0x83, 0x00, 0x00, 0x00, 0x01, 0x01, 0x28, 0x00, 0x00,
0x00, 0x01, 0x00, 0x9F, 0x00, 0x00, 0x00, 0x01, 0x01, 0x11, 0x00, 0x00, 0x00, 0x01, 0x01, 0x1B,
0x00, 0x00, 0x00, 0x01, 0x01, 0x14, 0x00, 0x00, 0x00, 0x01, 0x01, 0x3B, 0x00, 0x00, 0x00, 0x01,
0x01, 0x00, 0x00, 0x00, 0x00, 0x01, 0x00, 0xF5, 0x00, 0x00, 0x00, 0x01, 0x00, 0xFD, 0x00, 0x00,
0x00, 0x01, 0x01, 0x2B, 0x00, 0x00, 0x00, 0x01, 0x01, 0x32, 0xFF, 0x4B, 0x00, 0x01, 0x01, 0x29,
0x00, 0x00, 0x00, 0x01, 0x01, 0x32, 0x00, 0x00, 0x00, 0x01, 0x01, 0x3D, 0x00, 0x00, 0x00, 0x01,
0x01, 0xBE, 0x00, 0x00, 0x00, 0x01, 0x01, 0xCC, 0x00, 0x00, 0x00, 0x01, 0x01, 0x37, 0x00, 0x00,
0x00, 0x01, 0x01, 0x54, 0xFF, 0x4B, 0x00, 0x01, 0x01, 0x54, 0x00, 0x00, 0x00, 0x01, 0x01, 0x1E,
0x00, 0x00, 0x00, 0x01, 0x01, 0x20, 0x00, 0x00, 0x00, 0x01, 0x01, 0x1F, 0x00, 0x00, 0x00, 0x01,
0x01, 0x27, 0x00, 0x00, 0x00, 0x01, 0x01, 0x44, 0x00, 0x00, 0x00, 0x01, 0x01, 0x4E, 0x00, 0x00,
0x00, 0x01, 0x00, 0x92, 0x00, 0x00, 0x00, 0x01, 0x01, 0x63, 0xFF, 0x4B, 0x00, 0x01, 0x01, 0x63,
0x00, 0x00, 0x00, 0x01, 0x01, 0x61, 0x00, 0x00, 0x00, 0x01, 0x01, 0x64, 0x00, 0x00, 0x00, 0x01,
0x01, 0x97, 0x00, 0x00, 0x00, 0x01, 0x01, 0x2A, 0x00, 0x00, 0x00, 0x01, 0x01, 0x26, 0x00, 0x00,
0x00, 0x01, 0x01, 0x5A, 0x00, 0x00, 0x00, 0x01, 0x00, 0xE1, 0x00, 0x00, 0x00, 0x01, 0x00, 0xEE,
0x00, 0x00, 0x00, 0x01, 0x00, 0xEF, 0x00, 0x00, 0x00, 0x01, 0x00, 0xC8, 0x00, 0x00, 0x00, 0x01,
0x00, 0xCD, 0x00, 0x00, 0x00, 0x01, 0x01, 0x62, 0x00, 0x00, 0x00, 0x01, 0x01, 0x65, 0x00, 0x00,
0x00, 0x01, 0x01, 0x5C, 0x00, 0x00, 0x00, 0x01, 0x01, 0x5D, 0x00, 0x00, 0x00, 0x01, 0x00, 0x91,
0x00, 0x00, 0x00, 0x01, 0x01, 0x30, 0x00, 0x00, 0x00, 0x01, 0x01, 0x34, 0x00, 0x00, 0x00, 0x01,
0x01, 0x33, 0x00, 0x00, 0x00, 0x01, 0x01, 0x38, 0x00, 0x00, 0x00, 0x01, 0x01, 0x52, 0x00, 0x00,
0x00, 0x01, 0x01, 0x51, 0x00, 0x00, 0x00, 0x01, 0x01, 0x3C, 0x00, 0x00, 0x00, 0x01, 0x01, 0x48,
0xFF, 0x4B, 0x00, 0x01, 0x01, 0x48, 0x00, 0x00, 0x00, 0x02, 0x00, 0x39, 0x00, 0x01, 0x00, 0x13,
0x00, 0x00, 0x00, 0x15, 0x00, 0x17, 0x00, 0x13, 0x00, 0x1A, 0x00, 0x1D, 0x00, 0x16, 0x00, 0x1F,
0x00, 0x21, 0x00, 0x1A, 0x00, 0x23, 0x00, 0x23, 0x00, 0x1D, 0x00, 0x25, 0x00, 0x2A, 0x00, 0x1E,
0x00, 0x2C, 0x00, 0x30, 0x00, 0x24, 0x00, 0x32, 0x00, 0x34, 0x00, 0x29, 0x00, 0x36, 0x00, 0x36,
0x00, 0x2C, 0x00, 0x38, 0x00, 0x3E, 0x00, 0x2D, 0x00, 0x40, 0x00, 0x41, 0x00, 0x34, 0x00, 0x43,
0x00, 0x47, 0x00, 0x36, 0x00, 0x49, 0x00, 0x4B, 0x00, 0x3B, 0x00, 0x4D, 0x00, 0x57, 0x00, 0x3E,
0x00, 0x59, 0x00, 0x5E, 0x00, 0x49, 0x00, 0x60, 0x00, 0x74, 0x00, 0x4F, 0x00, 0x77, 0x00, 0x77,
0x00, 0x64, 0x00, 0x79, 0x00, 0x79, 0x00, 0x65, 0x00, 0x7C, 0x00, 0x82, 0x00, 0x66, 0x00, 0x84,
0x00, 0x85, 0x00, 0x6D, 0x00, 0x87, 0x00, 0x87, 0x00, 0x6F, 0x00, 0x89, 0x00, 0x90, 0x00, 0x70,
0x00, 0x92, 0x00, 0x9B, 0x00, 0x78, 0x00, 0x9D, 0x00, 0xB5, 0x00, 0x82, 0x00, 0xB7, 0x00, 0xBB,
0x00, 0x9B, 0x00, 0xBD, 0x00, 0xC0, 0x00, 0xA0, 0x00, 0xC2, 0x00, 0xC4, 0x00, 0xA4, 0x00, 0xC6,
0x00, 0xC8, 0x00, 0xA7, 0x00, 0xCB, 0x00, 0xCE, 0x00, 0xAA, 0x00, 0xD0, 0x00, 0xD2, 0x00, 0xAE,
0x00, 0xD4, 0x00, 0xD4, 0x00, 0xB1, 0x00, 0xD6, 0x00, 0xDB, 0x00, 0xB2, 0x00, 0xDD, 0x00, 0xE1,
0x00, 0xB8, 0x00, 0xE3, 0x00, 0xE5, 0x00, 0xBD, 0x00, 0xE7, 0x00, 0xE7, 0x00, 0xC0, 0x00, 0xE9,
0x00, 0xE9, 0x00, 0xC1, 0x00, 0xEF, 0x00, 0xEF, 0x00, 0xC2, 0x00, 0xF1, 0x00, 0xF7, 0x00, 0xC3,
0x00, 0xF9, 0x00, 0xFC, 0x00, 0xCA, 0x00, 0xFE, 0x00, 0xFE, 0x00, 0xCE, 0x01, 0x03, 0x01, 0x04,
0x00, 0xCF, 0x01, 0x06, 0x01, 0x09, 0x00, 0xD1, 0x01, 0x0C, 0x01, 0x0E, 0x00, 0xD5, 0x01, 0x10,
0x01, 0x12, 0x00, 0xD8, 0x01, 0x14, 0x01, 0x28, 0x00, 0xDB, 0x01, 0x2B, 0x01, 0x2B, 0x00, 0xF0,
0x01, 0x30, 0x01, 0x36, 0x00, 0xF1, 0x01, 0x38, 0x01, 0x39, 0x00, 0xF8, 0x01, 0x3B, 0x01, 0x3B,
0x00, 0xFA, 0x01, 0x3E, 0x01, 0x44, 0x00, 0xFB, 0x01, 0x46, 0x01, 0x4F, 0x01, 0x02, 0x01, 0x51,
0x01, 0x65, 0x01, 0x0C, 0x01, 0x6B, 0x01, 0x93, 0x01, 0x21, 0x01, 0x95, 0x01, 0x97, 0x01, 0x4A,
0x01, 0x99, 0x01, 0xA1, 0x01, 0x4D, 0x01, 0xAB, 0x01, 0xB2, 0x01, 0x56, 0x01, 0xB4, 0x01, 0xB4,
0x01, 0x5E, 0x00, 0x09, 0x00, 0x00, 0x00, 0x38, 0x00, 0x00, 0x00, 0x32, 0x00, 0x00, 0x00, 0x38,
0x00, 0x00, 0x00, 0x32, 0x00, 0x00, 0x00, 0x38, 0x00, 0x00, 0x00, 0x32, 0x00, 0x00, 0x00, 0x2C,
0x00, 0x00, 0x00, 0x2C, 0x00, 0x00, 0x00, 0x26, 0x00, 0x01, 0x00, 0x06, 0x00, 0x00, 0x00, 0x01,
0x00, 0x00, 0x00, 0x00, 0x00, 0x01, 0xFF, 0xB2, 0xFF, 0x53, 0x00, 0x01, 0xFF, 0xB2, 0x00, 0x00,
0x00, 0x02, 0x00, 0x02, 0x02, 0xA7, 0x02, 0xAC, 0x00, 0x00, 0x02, 0xC2, 0x02, 0xC4, 0x00, 0x06,
0x00, 0x02, 0x00, 0x08, 0x00, 0x03, 0x05, 0x46, 0x01, 0x58, 0x00, 0x0C, 0x00, 0x02, 0x00, 0x80,
0x00, 0x04, 0x00, 0x00, 0x01, 0x00, 0x00, 0xA8, 0x00, 0x07, 0x00, 0x08, 0x00, 0x00, 0xFF, 0xA6,
0x00, 0x00, 0x00, 0x00, 0x00, 0x00, 0x00, 0x00, 0x00, 0x00, 0x00, 0x00, 0x00, 0x00, 0x00, 0x00,
0x00, 0x00, 0xFF, 0xA6, 0x00, 0x00, 0x00, 0x00, 0xFF, 0xB7, 0xFF, 0xB7, 0x00, 0x00, 0x00, 0x00,
0x00, 0x00, 0x00, 0x00, 0x00, 0x00, 0x00, 0x00, 0x00, 0x00, 0x00, 0x00, 0x00, 0x00, 0x00, 0x00,
0x00, 0x00, 0x00, 0x00, 0x00, 0x00, 0x00, 0x00, 0x00, 0x00, 0x00, 0x00, 0x00, 0x00, 0x00, 0x00,
0x00, 0x00, 0x00, 0x00, 0x00, 0x00, 0x00, 0x00, 0x00, 0x00, 0x00, 0x00, 0x00, 0x00, 0xFF, 0xB7,
0x00, 0x00, 0x00, 0x00, 0x00, 0x00, 0x00, 0x00, 0x00, 0x00, 0x00, 0x00, 0x00, 0x00, 0xFF, 0xB7,
0xFF, 0xCB, 0x00, 0x00, 0xFF, 0xEC, 0x00, 0x00, 0x00, 0x00, 0x00, 0x00, 0x00, 0x02, 0x00, 0x06,
0x01, 0xFC, 0x01, 0xFD, 0x00, 0x00, 0x02, 0x00, 0x02, 0x00, 0x00, 0x02, 0x02, 0x07, 0x02, 0x07,
0x00, 0x03, 0x02, 0x0B, 0x02, 0x0E, 0x00, 0x04, 0x02, 0x16, 0x02, 0x21, 0x00, 0x08, 0x02, 0x2E,
0x02, 0x2F, 0x00, 0x14, 0x00, 0x02, 0x00, 0x0E, 0x01, 0xF6, 0x01, 0xF6, 0x00, 0x04, 0x01, 0xFC,
0x01, 0xFD, 0x00, 0x01, 0x01, 0xFE, 0x01, 0xFF, 0x00, 0x04, 0x02, 0x00, 0x02, 0x00, 0x00, 0x01,
0x02, 0x07, 0x02, 0x07, 0x00, 0x03, 0x02, 0x0B, 0x02, 0x0E, 0x00, 0x02, 0x02, 0x13, 0x02, 0x13,
0x00, 0x05, 0x02, 0x15, 0x02, 0x15, 0x00, 0x05, 0x02, 0x16, 0x02, 0x17, 0x00, 0x01, 0x02, 0x18,
0x02, 0x18, 0x00, 0x06, 0x02, 0x19, 0x02, 0x19, 0x00, 0x07, 0x02, 0x1A, 0x02, 0x1A, 0x00, 0x06,
0x02, 0x1B, 0x02, 0x1B, 0x00, 0x07, 0x02, 0x20, 0x02, 0x21, 0x00, 0x03, 0x00, 0x02, 0x00, 0x0C,
0x01, 0xFC, 0x01, 0xFD, 0x00, 0x01, 0x02, 0x00, 0x02, 0x00, 0x00, 0x01, 0x02, 0x0B, 0x02, 0x0E,
0x00, 0x02, 0x02, 0x16, 0x02, 0x17, 0x00, 0x01, 0x02, 0x18, 0x02, 0x18, 0x00, 0x05, 0x02, 0x19,
0x02, 0x19, 0x00, 0x06, 0x02, 0x1A, 0x02, 0x1A, 0x00, 0x05, 0x02, 0x1B, 0x02, 0x1B, 0x00, 0x06,
0x02, 0x1C, 0x02, 0x1C, 0x00, 0x03, 0x02, 0x1D, 0x02, 0x1D, 0x00, 0x04, 0x02, 0x1E, 0x02, 0x1E,
0x00, 0x03, 0x02, 0x1F, 0x02, 0x1F, 0x00, 0x04, 0x00, 0x01, 0x00, 0x4C, 0x00, 0x04, 0x00, 0x00,
0x00, 0x21, 0x03, 0xCC, 0x03, 0xB6, 0x03, 0x94, 0x03, 0x7A, 0x03, 0x64, 0x03, 0x4A, 0x03, 0x28,
0x03, 0x0E, 0x02, 0xE4, 0x02, 0xCE, 0x02, 0x98, 0x02, 0x82, 0x02, 0x64, 0x02, 0x5A, 0x02, 0x2C,
0x02, 0x0E, 0x01, 0xEC, 0x01, 0xD2, 0x01, 0x90, 0x01, 0x62, 0x01, 0x28, 0x00, 0xEE, 0x00, 0xEE,
0x00, 0xEE, 0x00, 0xC8, 0x00, 0xAA, 0x00, 0xA4, 0x00, 0xEE, 0x00, 0xEE, 0x00, 0x9E, 0x00, 0x9E,
0x00, 0x8C, 0x00, 0x8C, 0x00, 0x02, 0x00, 0x0A, 0x01, 0xCD, 0x01, 0xCD, 0x00, 0x00, 0x01, 0xDF,
0x01, 0xF2, 0x00, 0x01, 0x01, 0xFC, 0x01, 0xFD, 0x00, 0x15, 0x02, 0x00, 0x02, 0x00, 0x00, 0x17,
0x02, 0x03, 0x02, 0x04, 0x00, 0x18, 0x02, 0x09, 0x02, 0x09, 0x00, 0x1A, 0x02, 0x16, 0x02, 0x17,
0x00, 0x1B, 0x02, 0x19, 0x02, 0x19, 0x00, 0x1D, 0x02, 0x1B, 0x02, 0x1B, 0x00, 0x1E, 0x02, 0x67,
0x02, 0x68, 0x00, 0x1F, 0x00, 0x04, 0x02, 0x18, 0xFF, 0xC1, 0x02, 0x19, 0xFF, 0xC1, 0x02, 0x1A,
0xFF, 0xC1, 0x02, 0x1B, 0xFF, 0xC1, 0x00, 0x01, 0x02, 0x04, 0xFF, 0x8B, 0x00, 0x01, 0x02, 0x09,
0xFF, 0x71, 0x00, 0x07, 0x02, 0x07, 0x00, 0x00, 0x02, 0x0B, 0x00, 0x00, 0x02, 0x0C, 0x00, 0x00,
0x02, 0x0D, 0x00, 0x00, 0x02, 0x0E, 0x00, 0x00, 0x02, 0x20, 0x00, 0x00, 0x02, 0x21, 0x00, 0x00,
0x00, 0x09, 0x01, 0xFC, 0xFF, 0x8B, 0x01, 0xFD, 0xFF, 0x8B, 0x02, 0x00, 0xFF, 0x8B, 0x02, 0x16,
0xFF, 0x8B, 0x02, 0x17, 0xFF, 0x8B, 0x02, 0x18, 0x00, 0x17, 0x02, 0x19, 0x00, 0x17, 0x02, 0x1A,
0x00, 0x17, 0x02, 0x1B, 0x00, 0x17, 0x00, 0x0E, 0x01, 0xE0, 0xFF, 0xFD, 0x01, 0xE1, 0x00, 0x07,
0x01, 0xE3, 0x00, 0x0A, 0x01, 0xE6, 0xFF, 0xEF, 0x01, 0xE8, 0xFF, 0xEF, 0x01, 0xE9, 0xFF, 0xC7,
0x01, 0xEC, 0xFF, 0xCB, 0x01, 0xED, 0xFF, 0xCE, 0x01, 0xEE, 0xFF, 0xC7, 0x01, 0xEF, 0xFF, 0xCE,
0x01, 0xF0, 0xFF, 0xDF, 0x01, 0xF1, 0xFF, 0xCE, 0x01, 0xF2, 0xFF, 0xC1, 0x02, 0x03, 0xFF, 0xB3,
0x00, 0x0E, 0x01, 0xCD, 0xFF, 0xF4, 0x01, 0xEA, 0xFF, 0xF9, 0x01, 0xEB, 0xFF, 0xFD, 0x01, 0xEC,
0xFF, 0xFD, 0x01, 0xED, 0xFF, 0xFA, 0x01, 0xEE, 0xFF, 0xFE, 0x01, 0xEF, 0xFF, 0xF9, 0x01, 0xF0,
0xFF, 0xFD, 0x01, 0xF1, 0xFF, 0xFB, 0x01, 0xFC, 0xFF, 0xC4, 0x01, 0xFD, 0xFF, 0xC4, 0x02, 0x00,
0xFF, 0xC4, 0x02, 0x16, 0xFF, 0xC4, 0x02, 0x17, 0xFF, 0xC4, 0x00, 0x0B, 0x01, 0xCD, 0x00, 0x03,
0x01, 0xEA, 0xFF, 0xF2, 0x01, 0xEC, 0xFF, 0xFD, 0x01, 0xEF, 0x00, 0x00, 0x01, 0xF0, 0xFF, 0xF4,
0x01, 0xF2, 0xFF, 0xFE, 0x01, 0xFC, 0xFF, 0xCB, 0x01, 0xFD, 0xFF, 0xCB, 0x02, 0x00, 0xFF, 0xCB,
0x02, 0x16, 0xFF, 0xCB, 0x02, 0x17, 0xFF, 0xCB, 0x00, 0x10, 0x01, 0xCD, 0xFF, 0xF3, 0x01, 0xE9,
0xFF, 0xF3, 0x01, 0xEA, 0xFF, 0xFE, 0x01, 0xEB, 0xFF, 0xFA, 0x01, 0xEC, 0x00, 0x00, 0x01, 0xED,
0xFF, 0xE9, 0x01, 0xEE, 0xFF, 0xFB, 0x01, 0xEF, 0xFF, 0xED, 0x01, 0xF0, 0x00, 0x04, 0x01, 0xF1,
0xFF, 0xF3, 0x01, 0xF2, 0xFF, 0xF9, 0x01, 0xFC, 0xFF, 0xC1, 0x01, 0xFD, 0xFF, 0xC1, 0x02, 0x00,
0xFF, 0xC1, 0x02, 0x16, 0xFF, 0xC1, 0x02, 0x17, 0xFF, 0xC1, 0x00, 0x06, 0x01, 0xEA, 0xFF, 0xF3,
0x01, 0xEC, 0xFF, 0xF9, 0x01, 0xEE, 0xFF, 0xFD, 0x01, 0xF0, 0xFF, 0xF1, 0x01, 0xF1, 0x00, 0x00,
0x01, 0xF2, 0xFF, 0xEC, 0x00, 0x08, 0x01, 0xEA, 0xFF, 0xF6, 0x01, 0xEC, 0xFF, 0xFF, 0x01, 0xED,
0x00, 0x00, 0x01, 0xEE, 0xFF, 0xFC, 0x01, 0xEF, 0x00, 0x00, 0x01, 0xF0, 0xFF, 0xF3, 0x01, 0xF1,
0xFF, 0xFD, 0x01, 0xF2, 0xFF, 0xF3, 0x00, 0x07, 0x01, 0xCD, 0x00, 0x0A, 0x01, 0xEA, 0xFF, 0xF8,
0x01, 0xEC, 0x00, 0x00, 0x01, 0xED, 0x00, 0x11, 0x01, 0xEE, 0xFF, 0xFE, 0x01, 0xF0, 0xFF, 0xF5,
0x01, 0xF2, 0xFF, 0xFB, 0x00, 0x0B, 0x01, 0xEA, 0xFF, 0xFD, 0x01, 0xEC, 0xFF, 0xFD, 0x01, 0xEE,
0x00, 0x00, 0x01, 0xEF, 0x00, 0x00, 0x01, 0xF0, 0xFF, 0xFA, 0x01, 0xF2, 0xFF, 0xFE, 0x01, 0xFC,
0xFF, 0xCB, 0x01, 0xFD, 0xFF, 0xCB, 0x02, 0x00, 0xFF, 0xCB, 0x02, 0x16, 0xFF, 0xCB, 0x02, 0x17,
0xFF, 0xCB, 0x00, 0x02, 0x01, 0xCD, 0x00, 0x0D, 0x01, 0xEA, 0xFF, 0xFD, 0x00, 0x07, 0x01, 0xE9,
0xFF, 0xF3, 0x01, 0xEA, 0xFF, 0xED, 0x01, 0xEE, 0xFF, 0xFE, 0x01, 0xEF, 0xFF, 0xFB, 0x01, 0xF0,
0xFF, 0xEA, 0x01, 0xF1, 0xFF, 0xFD, 0x01, 0xF2, 0xFF, 0xEA, 0x00, 0x05, 0x01, 0xEA, 0xFF, 0xFD,
0x01, 0xEC, 0xFF, 0xFB, 0x01, 0xED, 0xFF, 0xFF, 0x01, 0xEE, 0xFF, 0xFF, 0x01, 0xF0, 0xFF, 0xF9,
0x00, 0x0D, 0x01, 0xE0, 0xFF, 0xF9, 0x01, 0xE1, 0xFF, 0xFD, 0x01, 0xE2, 0xFF, 0xFD, 0x01, 0xE3,
0xFF, 0xFA, 0x01, 0xE4, 0xFF, 0xFE, 0x01, 0xE5, 0xFF, 0xF9, 0x01, 0xE6, 0xFF, 0xFD, 0x01, 0xE7,
0xFF, 0xFB, 0x01, 0xFC, 0xFF, 0xFD, 0x01, 0xFD, 0xFF, 0xFD, 0x02, 0x00, 0xFF, 0xFD, 0x02, 0x16,
0xFF, 0xFD, 0x02, 0x17, 0xFF, 0xFD, 0x00, 0x05, 0x01, 0xE0, 0xFF, 0xF2, 0x01, 0xE2, 0xFF, 0xFD,
0x01, 0xE5, 0x00, 0x00, 0x01, 0xE6, 0xFF, 0xF4, 0x01, 0xE8, 0xFF, 0xFE, 0x00, 0x0A, 0x01, 0xDF,
0xFF, 0xF3, 0x01, 0xE0, 0xFF, 0xFE, 0x01, 0xE1, 0xFF, 0xFE, 0x01, 0xE2, 0x00, 0x00, 0x01, 0xE3,
0xFF, 0xE9, 0x01, 0xE4, 0xFF, 0xFB, 0x01, 0xE5, 0xFF, 0xED, 0x01, 0xE6, 0x00, 0x02, 0x01, 0xE7,
0xFF, 0xF3, 0x01, 0xE8, 0xFF, 0xF9, 0x00, 0x06, 0x01, 0xE0, 0xFF, 0xF3, 0x01, 0xE2, 0xFF, 0xF9,
0x01, 0xE4, 0xFF, 0xFD, 0x01, 0xE6, 0xFF, 0xF1, 0x01, 0xE7, 0x00, 0x00, 0x01, 0xE8, 0xFF, 0xEC,
0x00, 0x08, 0x01, 0xE0, 0xFF, 0xF6, 0x01, 0xE2, 0xFF, 0xFF, 0x01, 0xE3, 0x00, 0x00, 0x01, 0xE4,
0xFF, 0xFC, 0x01, 0xE5, 0x00, 0x00, 0x01, 0xE6, 0xFF, 0xF3, 0x01, 0xE7, 0xFF, 0xFD, 0x01, 0xE8,
0xFF, 0xF3, 0x00, 0x06, 0x01, 0xE0, 0xFF, 0xF8, 0x01, 0xE2, 0x00, 0x00, 0x01, 0xE3, 0x00, 0x11,
0x01, 0xE4, 0xFF, 0xFE, 0x01, 0xE6, 0xFF, 0xF5, 0x01, 0xE8, 0xFF, 0xFB, 0x00, 0x05, 0x01, 0xE0,
0xFF, 0xFD, 0x01, 0xE2, 0xFF, 0xFD, 0x01, 0xE5, 0x00, 0x00, 0x01, 0xE6, 0xFF, 0xFA, 0x01, 0xE8,
0xFF, 0xFE, 0x00, 0x06, 0x01, 0xE0, 0xFF, 0xFD, 0x01, 0xFC, 0x00, 0x07, 0x01, 0xFD, 0x00, 0x07,
0x02, 0x00, 0x00, 0x07, 0x02, 0x16, 0x00, 0x07, 0x02, 0x17, 0x00, 0x07, 0x00, 0x08, 0x01, 0xDF,
0xFF, 0xF3, 0x01, 0xE0, 0xFF, 0xE6, 0x01, 0xE3, 0xFF, 0xFD, 0x01, 0xE4, 0xFF, 0xFE, 0x01, 0xE5,
0xFF, 0xFB, 0x01, 0xE6, 0xFF, 0xEA, 0x01, 0xE7, 0xFF, 0xFD, 0x01, 0xE8, 0xFF, 0xEA, 0x00, 0x05,
0x01, 0xE0, 0xFF, 0xFD, 0x01, 0xE2, 0xFF, 0xFB, 0x01, 0xE3, 0xFF, 0xFF, 0x01, 0xE4, 0xFF, 0xFF,
0x01, 0xE6, 0xFF, 0xF9, 0x00, 0x08, 0x01, 0xE0, 0x00, 0x08, 0x01, 0xE2, 0x00, 0x07, 0x01, 0xE3,
0xFF, 0xEE, 0x01, 0xE4, 0x00, 0x02, 0x01, 0xE5, 0xFF, 0xE7, 0x01, 0xE6, 0x00, 0x0A, 0x01, 0xE7,
0x00, 0x00, 0x01, 0xE8, 0x00, 0x02, 0x00, 0x01, 0x00, 0x3C, 0x00, 0x04, 0x00, 0x00, 0x00, 0x19,
0x01, 0x1C, 0x01, 0x06, 0x01, 0x00, 0x00, 0xEA, 0x00, 0xCC, 0x00, 0xEA, 0x00, 0xC6, 0x00, 0xB0,
0x00, 0x96, 0x00, 0x96, 0x00, 0x90, 0x00, 0x86, 0x00, 0x86, 0x00, 0x86, 0x00, 0x80, 0x00, 0x86,
0x00, 0x86, 0x00, 0x80, 0x00, 0x80, 0x00, 0x80, 0x00, 0x80, 0x00, 0x80, 0x00, 0x80, 0x00, 0x72,
0x00, 0x72, 0x00, 0x01, 0x00, 0x19, 0x01, 0xCD, 0x01, 0xE6, 0x01, 0xE7, 0x01, 0xE9, 0x01, 0xEA,
0x01, 0xEB, 0x01, 0xEC, 0x01, 0xED, 0x01, 0xEE, 0x01, 0xEF, 0x01, 0xF1, 0x01, 0xFC, 0x01, 0xFD,
0x02, 0x00, 0x02, 0x07, 0x02, 0x16, 0x02, 0x17, 0x02, 0x18, 0x02, 0x1A, 0x02, 0x20, 0x02, 0x21,
0x02, 0x2E, 0x02, 0x2F, 0x02, 0x67, 0x02, 0x68, 0x00, 0x03, 0x02, 0x07, 0xFF, 0xC4, 0x02, 0x20,
0xFF, 0xC4, 0x02, 0x21, 0xFF, 0xC4, 0x00, 0x01, 0x02, 0x04, 0xFF, 0xA6, 0x00, 0x02, 0x01, 0xEA,
0xFF, 0xCE, 0x01, 0xEB, 0xFF, 0xCE, 0x00, 0x01, 0x01, 0xF1, 0xFF, 0xF6, 0x00, 0x06, 0x01, 0xCD,
0x00, 0x05, 0x01, 0xFC, 0xFF, 0xCE, 0x01, 0xFD, 0xFF, 0xCE, 0x02, 0x00, 0xFF, 0xCE, 0x02, 0x16,
0xFF, 0xCE, 0x02, 0x17, 0xFF, 0xCE, 0x00, 0x05, 0x01, 0xFC, 0xFF, 0xC4, 0x01, 0xFD, 0xFF, 0xC4,
0x02, 0x00, 0xFF, 0xC4, 0x02, 0x16, 0xFF, 0xC4, 0x02, 0x17, 0xFF, 0xC4, 0x00, 0x01, 0x01, 0xCD,
0x00, 0x05, 0x00, 0x07, 0x01, 0xCD, 0x00, 0x0F, 0x01, 0xED, 0xFF, 0xF6, 0x01, 0xFC, 0xFF, 0xCE,
0x01, 0xFD, 0xFF, 0xCE, 0x02, 0x00, 0xFF, 0xCE, 0x02, 0x16, 0xFF, 0xCE, 0x02, 0x17, 0xFF, 0xCE,
0x00, 0x05, 0x01, 0xFC, 0xFF, 0xCE, 0x01, 0xFD, 0xFF, 0xCE, 0x02, 0x00, 0xFF, 0xCE, 0x02, 0x16,
0xFF, 0xCE, 0x02, 0x17, 0xFF, 0xCE, 0x00, 0x01, 0x01, 0xE7, 0xFF, 0xF6, 0x00, 0x05, 0x01, 0xFC,
0xFF, 0xE2, 0x01, 0xFD, 0xFF, 0xE2, 0x02, 0x00, 0xFF, 0xE2, 0x02, 0x16, 0xFF, 0xE2, 0x02, 0x17,
0xFF, 0xE2, 0x00, 0x01, 0x01, 0xE1, 0x00, 0x05, 0x00, 0x09, 0x00, 0x08, 0x00, 0x03, 0x8B, 0x4E,
0x13, 0xAA, 0x00, 0x0C, 0x00, 0x01, 0x00, 0x02, 0x00, 0x00, 0x00, 0x08, 0x00, 0x02, 0x0E, 0x20,
0x00, 0x04, 0x00, 0x00, 0x11, 0x3A, 0x0F, 0x4A, 0x00, 0x32, 0x00, 0x24, 0x00, 0x00, 0x00, 0x00,
0xFF, 0xEC, 0x00, 0x0D, 0x00, 0x03, 0xFF, 0xEF, 0x00, 0x00, 0x00, 0x00, 0x00, 0x00, 0x00, 0x00,
0xFF, 0xC4, 0xFF, 0xF1, 0x00, 0x00, 0x00, 0x00, 0x00, 0x00, 0x00, 0x00, 0xFF, 0xBF, 0xFF, 0xF4,
0x00, 0x11, 0x00, 0x00, 0x00, 0x00, 0xFF, 0xF7, 0xFF, 0xF3, 0x00, 0x00, 0xFF, 0xEE, 0x00, 0x00,
0x00, 0x0A, 0xFF, 0xFF, 0xFF, 0xCE, 0x00, 0x00, 0x00, 0x00, 0x00, 0x00, 0x00, 0x00, 0x00, 0x00,
0xFF, 0xBD, 0xFF, 0xC9, 0x00, 0x00, 0x00, 0x00, 0x00, 0x00, 0x00, 0x08, 0x00, 0x00, 0x00, 0x00,
0x00, 0x00, 0x00, 0x00, 0x00, 0x00, 0x00, 0x00, 0xFF, 0xD0, 0xFF, 0xFA, 0x00, 0x00, 0x00, 0x00,
0x00, 0x00, 0x00, 0x00, 0xFF, 0xBA, 0xFF, 0xFD, 0x00, 0x0A, 0x00, 0x00, 0x00, 0x00, 0xFF, 0xFE,
0xFF, 0xFC, 0x00, 0x06, 0xFF, 0xFB, 0x00, 0x00, 0x00, 0x00, 0x00, 0x00, 0xFF, 0xF1, 0x00, 0x00,
0x00, 0x00, 0x00, 0x00, 0x00, 0x00, 0x00, 0x00, 0xFF, 0xE7, 0x00, 0x00, 0x00, 0x00, 0xFF, 0xF6,
0x00, 0x00, 0x00, 0x00, 0x00, 0x00, 0x00, 0x00, 0x00, 0x00, 0x00, 0x00, 0x00, 0x00, 0x00, 0x00,
0xFF, 0xF3, 0x00, 0x00, 0x00, 0x00, 0x00, 0x00, 0x00, 0x00, 0x00, 0x00, 0x00, 0x00, 0x00, 0x00,
0x00, 0x00, 0xFF, 0xF6, 0xFF, 0xFB, 0x00, 0x00, 0x00, 0x00, 0x00, 0x00, 0x00, 0x00, 0x00, 0x00,
0x00, 0x00, 0xFF, 0xEF, 0x00, 0x00, 0x00, 0x00, 0x00, 0x00, 0x00, 0x00, 0x00, 0x00, 0x00, 0x00,
0x00, 0x03, 0x00, 0x00, 0x00, 0x00, 0x00, 0x00, 0x00, 0x00, 0x00, 0x00, 0x00, 0x00, 0x00, 0x00,
0x00, 0x00, 0x00, 0x00, 0xFF, 0xFB, 0x00, 0x00, 0xFF, 0xD1, 0xFF, 0xFA, 0xFF, 0xF6, 0x00, 0x00,
0x00, 0x00, 0x00, 0x00, 0xFF, 0xBC, 0xFF, 0xEF, 0xFF, 0xEE, 0x00, 0x00, 0x00, 0x00, 0x00, 0x00,
0xFF, 0xFB, 0xFF, 0xFB, 0x00, 0x0A, 0x00, 0x00, 0xFF, 0xFB, 0x00, 0x00, 0xFF, 0xEC, 0x00, 0x00,
0x00, 0x00, 0x00, 0x00, 0x00, 0x0F, 0x00, 0x00, 0xFF, 0xE0, 0xFF, 0xE4, 0x00, 0x00, 0x00, 0x00,
0x00, 0x00, 0xFF, 0xEC, 0x00, 0x00, 0x00, 0x00, 0x00, 0x00, 0x00, 0x00, 0x00, 0x00, 0x00, 0x00,
0xFF, 0xDB, 0x00, 0x00, 0xFF, 0xFF, 0x00, 0x00, 0x00, 0x00, 0x00, 0x00, 0xFF, 0xEA, 0xFF, 0xF8,
0xFF, 0xDF, 0x00, 0x00, 0x00, 0x00, 0x00, 0x00, 0x00, 0x00, 0xFF, 0xF1, 0x00, 0x0F, 0x00, 0x00,
0x00, 0x00, 0xFF, 0xED, 0xFF, 0xF6, 0x00, 0x00, 0x00, 0x00, 0x00, 0x00, 0x00, 0x14, 0x00, 0x00,
0xFF, 0xF1, 0xFF, 0xEE, 0x00, 0x00, 0x00, 0x00, 0x00, 0x00, 0x00, 0x00, 0x00, 0x00, 0x00, 0x00,
0x00, 0x00, 0x00, 0x00, 0xFF, 0xFB, 0x00, 0x00, 0xFF, 0xCB, 0xFF, 0xF9, 0x00, 0x00, 0x00, 0x00,
0x00, 0x00, 0x00, 0x00, 0xFF, 0xBC, 0xFF, 0xEE, 0xFF, 0xEE, 0x00, 0x00, 0x00, 0x00, 0xFF, 0xFE,
0xFF, 0xF9, 0xFF, 0xFB, 0x00, 0x0A, 0xFF, 0xFA, 0xFF, 0xFA, 0x00, 0x00, 0xFF, 0xEC, 0x00, 0x00,
0x00, 0x00, 0x00, 0x00, 0x00, 0x0F, 0x00, 0x00, 0xFF, 0xDD, 0xFF, 0xE4, 0x00, 0x00, 0x00, 0x00,
0x00, 0x00, 0xFF, 0xEF, 0x00, 0x00, 0x00, 0x00, 0x00, 0x00, 0x00, 0x00, 0x00, 0x00, 0x00, 0x00,
0x00, 0x00, 0x00, 0x00, 0x00, 0x00, 0x00, 0x00, 0x00, 0x00, 0x00, 0x00, 0x00, 0x00, 0x00, 0x00,
0xFF, 0xE7, 0x00, 0x00, 0xFF, 0xF6, 0x00, 0x00, 0x00, 0x03, 0x00, 0x00, 0x00, 0x00, 0x00, 0x00,
0x00, 0x00, 0xFF, 0xF2, 0x00, 0x00, 0x00, 0x00, 0x00, 0x00, 0x00, 0x00, 0x00, 0x00, 0x00, 0x00,
0x00, 0x00, 0x00, 0x00, 0x00, 0x00, 0x00, 0x00, 0x00, 0x00, 0x00, 0x00, 0x00, 0x00, 0x00, 0x00,
0x00, 0x00, 0x00, 0x00, 0x00, 0x00, 0x00, 0x00, 0xFF, 0xD5, 0x00, 0x00, 0x00, 0x00, 0x00, 0x00,
0x00, 0x00, 0x00, 0x00, 0xFF, 0xD3, 0xFF, 0xFD, 0x00, 0x00, 0x00, 0x00, 0x00, 0x00, 0x00, 0x00,
0x00, 0x00, 0x00, 0x00, 0x00, 0x00, 0x00, 0x00, 0x00, 0x00, 0x00, 0x00, 0x00, 0x00, 0x00, 0x00,
0x00, 0x00, 0x00, 0x00, 0x00, 0x00, 0x00, 0x00, 0x00, 0x00, 0x00, 0x08, 0x00, 0x00, 0xFF, 0xFB,
0x00, 0x00, 0x00, 0x00, 0x00, 0x00, 0x00, 0x00, 0x00, 0x00, 0x00, 0x00, 0x00, 0x00, 0x00, 0x00,
0x00, 0x00, 0xFF, 0xFE, 0x00, 0x00, 0x00, 0x00, 0x00, 0x00, 0xFF, 0xFE, 0xFF, 0xFA, 0x00, 0x00,
0x00, 0x00, 0xFF, 0xFB, 0x00, 0x00, 0x00, 0x00, 0x00, 0x00, 0x00, 0x00, 0xFF, 0xE2, 0x00, 0x00,
0x00, 0x00, 0x00, 0x00, 0x00, 0x00, 0x00, 0x00, 0x00, 0x00, 0x00, 0x00, 0x00, 0x00, 0x00, 0x00,
0x00, 0x00, 0x00, 0x00, 0x00, 0x00, 0x00, 0x00, 0x00, 0x00, 0x00, 0x00, 0x00, 0x00, 0x00, 0x00,
0x00, 0x00, 0x00, 0x00, 0x00, 0x00, 0x00, 0x00, 0xFF, 0xCC, 0xFF, 0xF8, 0x00, 0x00, 0x00, 0x00,
0x00, 0x00, 0x00, 0x00, 0xFF, 0xC9, 0xFF, 0xEA, 0x00, 0x00, 0x00, 0x00, 0x00, 0x00, 0x00, 0x00,
0xFF, 0xFB, 0x00, 0x00, 0x00, 0x00, 0x00, 0x00, 0x00, 0x00, 0x00, 0x00, 0xFF, 0xF1, 0x00, 0x00,
0x00, 0x00, 0x00, 0x00, 0x00, 0x00, 0x00, 0x00, 0xFF, 0xDF, 0xFF, 0xF3, 0x00, 0x00, 0x00, 0x00,
0x00, 0x00, 0x00, 0x00, 0x00, 0x00, 0x00, 0x00, 0x00, 0x00, 0x00, 0x00, 0x00, 0x00, 0x00, 0x00,
0xFF, 0xEF, 0x00, 0x00, 0x00, 0x00, 0x00, 0x00, 0x00, 0x00, 0x00, 0x00, 0x00, 0x00, 0x00, 0x00,
0x00, 0x00, 0x00, 0x00, 0x00, 0x00, 0x00, 0x00, 0x00, 0x00, 0x00, 0x00, 0x00, 0x00, 0x00, 0x00,
0x00, 0x00, 0xFF, 0xF9, 0x00, 0x00, 0x00, 0x00, 0x00, 0x00, 0x00, 0x00, 0x00, 0x00, 0x00, 0x00,
0x00, 0x00, 0x00, 0x00, 0x00, 0x00, 0xFF, 0xCB, 0xFF, 0xDB, 0xFF, 0xC4, 0xFF, 0xC9, 0x00, 0x00,
0xFF, 0xDF, 0xFF, 0xD6, 0x00, 0x00, 0xFF, 0xEF, 0x00, 0x00, 0xFF, 0xE4, 0xFF, 0xE3, 0xFF, 0xF6,
0x00, 0x00, 0xFF, 0xD1, 0x00, 0x04, 0x00, 0x03, 0xFF, 0xC1, 0xFF, 0xCB, 0xFF, 0xC7, 0xFF, 0xF1,
0xFF, 0xE5, 0x00, 0x00, 0xFF, 0xCE, 0xFF, 0xEE, 0xFF, 0xE2, 0xFF, 0xCE, 0x00, 0x08, 0xFF, 0xD5,
0xFF, 0xE9, 0x00, 0x00, 0xFF, 0xD5, 0xFF, 0xD5, 0x00, 0x0D, 0x00, 0x14, 0x00, 0x00, 0xFF, 0xFA,
0x00, 0x00, 0xFF, 0xF1, 0xFF, 0xF2, 0x00, 0x00, 0x00, 0x00, 0x00, 0x00, 0xFF, 0xFE, 0x00, 0x00,
0xFF, 0xE4, 0x00, 0x00, 0x00, 0x00, 0x00, 0x00, 0x00, 0x00, 0xFF, 0xFA, 0xFF, 0xDB, 0x00, 0x00,
0xFF, 0xCC, 0xFF, 0xFA, 0xFF, 0xE5, 0x00, 0x00, 0x00, 0x00, 0x00, 0x00, 0xFF, 0xF8, 0x00, 0x04,
0xFF, 0xFF, 0xFF, 0xE4, 0x00, 0x14, 0x00, 0x00, 0x00, 0x00, 0x00, 0x00, 0x00, 0x00, 0x00, 0x00,
0x00, 0x1C, 0x00, 0x23, 0x00, 0x00, 0x00, 0x00, 0xFF, 0xF3, 0xFF, 0xFD, 0x00, 0x00, 0x00, 0x00,
0x00, 0x00, 0x00, 0x00, 0x00, 0x00, 0x00, 0x00, 0xFF, 0xF9, 0x00, 0x00, 0x00, 0x00, 0x00, 0x00,
0x00, 0x00, 0x00, 0x00, 0x00, 0x00, 0x00, 0x03, 0x00, 0x00, 0x00, 0x00, 0x00, 0x00, 0x00, 0x00,
0x00, 0x00, 0x00, 0x00, 0xFF, 0xEF, 0x00, 0x00, 0x00, 0x00, 0x00, 0x00, 0x00, 0x07, 0x00, 0x00,
0x00, 0x00, 0x00, 0x00, 0x00, 0x00, 0x00, 0x00, 0x00, 0x07, 0x00, 0x07, 0x00, 0x00, 0x00, 0x00,
0x00, 0x00, 0x00, 0x00, 0x00, 0x00, 0x00, 0x00, 0x00, 0x00, 0x00, 0x00, 0x00, 0x00, 0x00, 0x00,
0xFF, 0xEC, 0x00, 0x00, 0xFF, 0xF5, 0x00, 0x00, 0x00, 0x00, 0x00, 0x00, 0xFF, 0xF0, 0xFF, 0xFC,
0x00, 0x00, 0x00, 0x00, 0x00, 0x00, 0xFF, 0xFE, 0x00, 0x00, 0x00, 0x00, 0x00, 0x0C, 0x00, 0x00,
0x00, 0x00, 0x00, 0x00, 0x00, 0x00, 0x00, 0x00, 0x00, 0x00, 0x00, 0x00, 0x00, 0x14, 0x00, 0x00,
0xFF, 0xF6, 0xFF, 0xFA, 0x00, 0x00, 0xFF, 0xFA, 0x00, 0x00, 0x00, 0x08, 0x00, 0x00, 0x00, 0x00,
0x00, 0x00, 0x00, 0x00, 0x00, 0x00, 0x00, 0x00, 0xFF, 0xD9, 0x00, 0x00, 0x00, 0x02, 0x00, 0x00,
0x00, 0x00, 0x00, 0x00, 0xFF, 0xD2, 0xFF, 0xF9, 0x00, 0x00, 0xFF, 0xFA, 0xFF, 0xFD, 0x00, 0x00,
0x00, 0x00, 0x00, 0x06, 0x00, 0x00, 0x00, 0x00, 0x00, 0x00, 0x00, 0x05, 0x00, 0x00, 0x00, 0x00,
0x00, 0x00, 0x00, 0x00, 0x00, 0x05, 0x00, 0x00, 0xFF, 0xFE, 0x00, 0x07, 0x00, 0x00, 0x00, 0x00,
0x00, 0x00, 0xFF, 0xFE, 0x00, 0x00, 0x00, 0x00, 0x00, 0x00, 0x00, 0x00, 0x00, 0x00, 0x00, 0x00,
0xFF, 0xD3, 0xFF, 0xF1, 0x00, 0x00, 0x00, 0x00, 0x00, 0x00, 0xFF, 0xFA, 0xFF, 0xBF, 0x00, 0x00,
0xFF, 0xFA, 0x00, 0x00, 0xFF, 0xF9, 0xFF, 0xF9, 0xFF, 0xF7, 0x00, 0x00, 0xFF, 0xF9, 0xFF, 0xFC,
0xFF, 0xF6, 0xFF, 0xFC, 0xFF, 0xF6, 0x00, 0x00, 0x00, 0x00, 0x00, 0x00, 0x00, 0x00, 0x00, 0x00,
0xFF, 0xEE, 0xFF, 0xFB, 0x00, 0x00, 0x00, 0x00, 0x00, 0x00, 0x00, 0x00, 0x00, 0x00, 0x00, 0x00,
0x00, 0x00, 0x00, 0x00, 0x00, 0x00, 0x00, 0x00, 0xFF, 0xDB, 0x00, 0x00, 0x00, 0x00, 0x00, 0x00,
0x00, 0x00, 0x00, 0x00, 0xFF, 0xDA, 0xFF, 0xFA, 0x00, 0x00, 0x00, 0x00, 0x00, 0x00, 0x00, 0x00,
0x00, 0x00, 0x00, 0x00, 0x00, 0x0A, 0x00, 0x00, 0x00, 0x00, 0xFF, 0xFC, 0xFF, 0xF6, 0x00, 0x00,
0x00, 0x00, 0x00, 0x00, 0x00, 0x00, 0x00, 0x00, 0xFF, 0xEF, 0xFF, 0xF3, 0x00, 0x00, 0xFF, 0xF6,
0xFF, 0xDF, 0x00, 0x12, 0x00, 0x01, 0xFF, 0xE2, 0xFF, 0xF8, 0x00, 0x00, 0x00, 0x00, 0x00, 0x00,
0xFF, 0xB1, 0xFF, 0xDA, 0x00, 0x00, 0x00, 0x00, 0x00, 0x00, 0x00, 0x00, 0xFF, 0xB9, 0xFF, 0xE1,
0x00, 0x17, 0xFF, 0xF7, 0x00, 0x00, 0xFF, 0xF3, 0xFF, 0xE2, 0x00, 0x00, 0xFF, 0xDA, 0x00, 0x00,
0x00, 0x0E, 0x00, 0x00, 0xFF, 0xB3, 0x00, 0x00, 0x00, 0x00, 0x00, 0x00, 0xFF, 0xE9, 0x00, 0x00,
0xFF, 0xB5, 0xFF, 0xB7, 0x00, 0x00, 0x00, 0x00, 0x00, 0x00, 0xFF, 0xED, 0x00, 0x00, 0x00, 0x00,
0x00, 0x00, 0x00, 0x00, 0x00, 0x00, 0x00, 0x00, 0x00, 0x00, 0x00, 0x00, 0x00, 0x00, 0x00, 0x00,
0x00, 0x00, 0x00, 0x00, 0x00, 0x00, 0x00, 0x00, 0xFF, 0xDF, 0x00, 0x00, 0x00, 0x00, 0x00, 0x00,
0x00, 0x00, 0xFF, 0xFB, 0x00, 0x0F, 0x00, 0x00, 0x00, 0x00, 0xFF, 0xF0, 0x00, 0x00, 0x00, 0x00,
0x00, 0x00, 0x00, 0x00, 0x00, 0x07, 0x00, 0x00, 0x00, 0x00, 0x00, 0x00, 0x00, 0x00, 0xFF, 0xBF,
0xFF, 0xEA, 0xFF, 0xBF, 0xFF, 0xBA, 0x00, 0x00, 0xFF, 0xD0, 0xFF, 0xD3, 0xFF, 0xFA, 0x00, 0x00,
0x00, 0x04, 0xFF, 0xDB, 0xFF, 0xF5, 0x00, 0x00, 0x00, 0x00, 0xFF, 0xBA, 0x00, 0x14, 0x00, 0x0B,
0xFF, 0xB3, 0xFF, 0xBF, 0xFF, 0xB0, 0x00, 0x00, 0xFF, 0xDA, 0x00, 0x00, 0xFF, 0xD0, 0xFF, 0xF1,
0xFF, 0xCE, 0xFF, 0xD3, 0x00, 0x0F, 0xFF, 0xD8, 0x00, 0x00, 0x00, 0x00, 0xFF, 0xD8, 0xFF, 0xDF,
0x00, 0x11, 0x00, 0x11, 0x00, 0x00, 0x00, 0x00, 0x00, 0x00, 0xFF, 0xF3, 0x00, 0x00, 0x00, 0x00,
0x00, 0x00, 0x00, 0x00, 0x00, 0x00, 0x00, 0x00, 0x00, 0x0F, 0x00, 0x00, 0x00, 0x00, 0x00, 0x00,
0x00, 0x00, 0x00, 0x00, 0x00, 0x13, 0x00, 0x0E, 0xFF, 0xE7, 0x00, 0x00, 0xFF, 0xF5, 0x00, 0x00,
0x00, 0x00, 0x00, 0x00, 0x00, 0x00, 0x00, 0x00, 0x00, 0x00, 0x00, 0x00, 0x00, 0x0A, 0x00, 0x00,
0x00, 0x00, 0x00, 0x00, 0x00, 0x00, 0x00, 0x00, 0x00, 0x0F, 0x00, 0x0F, 0x00, 0x00, 0xFF, 0xEE,
0xFF, 0xF8, 0xFF, 0xF4, 0xFF, 0xEF, 0x00, 0x00, 0xFF, 0xFB, 0xFF, 0xF6, 0x00, 0x00, 0x00, 0x00,
0x00, 0x03, 0x00, 0x00, 0x00, 0x00, 0x00, 0x00, 0x00, 0x00, 0xFF, 0xF6, 0x00, 0x0B, 0x00, 0x04,
0xFF, 0xDF, 0xFF, 0xEE, 0xFF, 0xEC, 0x00, 0x00, 0xFF, 0xF9, 0xFF, 0xFE, 0xFF, 0xF6, 0x00, 0x00,
0xFF, 0xF9, 0xFF, 0xE2, 0x00, 0x0F, 0x00, 0x00, 0xFF, 0xFE, 0x00, 0x00, 0x00, 0x00, 0x00, 0x00,
0x00, 0x0D, 0x00, 0x0D, 0x00, 0x00, 0xFF, 0xEC, 0xFF, 0xF6, 0xFF, 0xCE, 0x00, 0x00, 0x00, 0x00,
0x00, 0x00, 0x00, 0x00, 0x00, 0x00, 0x00, 0x00, 0x00, 0x08, 0x00, 0x14, 0x00, 0x00, 0x00, 0x00,
0x00, 0x00, 0x00, 0x00, 0x00, 0x0F, 0x00, 0x0F, 0x00, 0x00, 0xFF, 0xEC, 0x00, 0x00, 0x00, 0x00,
0x00, 0x14, 0x00, 0x03, 0x00, 0x00, 0x00, 0x00, 0x00, 0x08, 0xFF, 0xDF, 0x00, 0x00, 0x00, 0x00,
0x00, 0x00, 0x00, 0x00, 0x00, 0x00, 0x00, 0x00, 0x00, 0x00, 0x00, 0x00, 0x00, 0x00, 0xFF, 0xF4,
0xFF, 0xDF, 0x00, 0x11, 0x00, 0x05, 0xFF, 0xE7, 0xFF, 0xFA, 0x00, 0x00, 0x00, 0x00, 0x00, 0x00,
0xFF, 0xC1, 0xFF, 0xD3, 0x00, 0x00, 0x00, 0x00, 0x00, 0x00, 0x00, 0x00, 0xFF, 0xB3, 0xFF, 0xDF,
0x00, 0x00, 0xFF, 0xEE, 0xFF, 0xFD, 0xFF, 0xEE, 0xFF, 0xDF, 0x00, 0x1E, 0x00, 0x00, 0xFF, 0xF1,
0x00, 0x0D, 0x00, 0x00, 0x00, 0x00, 0x00, 0x00, 0x00, 0x00, 0x00, 0x00, 0x00, 0x00, 0x00, 0x00,
0x00, 0x00, 0x00, 0x00, 0x00, 0x00, 0x00, 0x00, 0x00, 0x00, 0x00, 0x0F, 0x00, 0x00, 0x00, 0x00,
0x00, 0x00, 0x00, 0x00, 0x00, 0x00, 0x00, 0x00, 0xFF, 0xEA, 0xFF, 0xF7, 0x00, 0x00, 0x00, 0x00,
0xFF, 0xFA, 0x00, 0x00, 0xFF, 0xEE, 0x00, 0x00, 0x00, 0x0A, 0x00, 0x00, 0x00, 0x00, 0xFF, 0xFB,
0xFF, 0xFB, 0x00, 0x10, 0xFF, 0xF6, 0x00, 0x00, 0x00, 0x02, 0x00, 0x03, 0x00, 0x00, 0x00, 0x00,
0x00, 0x00, 0x00, 0x00, 0x00, 0x00, 0x00, 0x00, 0xFF, 0xE9, 0xFF, 0xEF, 0x00, 0x00, 0xFF, 0xFA,
0x00, 0x03, 0x00, 0x12, 0xFF, 0xFD, 0x00, 0x00, 0xFF, 0xFC, 0x00, 0x00, 0x00, 0x00, 0x00, 0x00,
0xFF, 0xF7, 0x00, 0x05, 0x00, 0x00, 0x00, 0x00, 0x00, 0x00, 0x00, 0x00, 0xFF, 0xF4, 0x00, 0x00,
0x00, 0x0B, 0xFF, 0xFA, 0x00, 0x04, 0x00, 0x00, 0x00, 0x03, 0x00, 0x0A, 0x00, 0x00, 0x00, 0x00,
0x00, 0x00, 0xFF, 0xFA, 0x00, 0x05, 0x00, 0x00, 0x00, 0x11, 0x00, 0x07, 0x00, 0x00, 0x00, 0x00,
0x00, 0x10, 0x00, 0x11, 0x00, 0x00, 0x00, 0x00, 0x00, 0x00, 0x00, 0x00, 0x00, 0x00, 0x00, 0x00,
0x00, 0x00, 0x00, 0x00, 0x00, 0x00, 0x00, 0x00, 0xFF, 0xCE, 0x00, 0x00, 0x00, 0x00, 0x00, 0x00,
0x00, 0x00, 0x00, 0x00, 0xFF, 0xD8, 0xFF, 0xF6, 0x00, 0x00, 0x00, 0x00, 0x00, 0x00, 0x00, 0x00,
0x00, 0x00, 0x00, 0x00, 0x00, 0x00, 0x00, 0x00, 0x00, 0x00, 0x00, 0x00, 0x00, 0x00, 0x00, 0x00,
0x00, 0x00, 0x00, 0x00, 0x00, 0x00, 0x00, 0x00, 0xFF, 0xF1, 0x00, 0x0A, 0x00, 0x00, 0x00, 0x00,
0x00, 0x00, 0x00, 0x00, 0x00, 0x00, 0x00, 0x00, 0x00, 0x00, 0x00, 0x00, 0x00, 0x00, 0x00, 0x00,
0x00, 0x00, 0x00, 0x03, 0x00, 0x00, 0x00, 0x00, 0x00, 0x00, 0x00, 0x00, 0x00, 0x00, 0x00, 0x00,
0xFF, 0xEE, 0x00, 0x00, 0x00, 0x00, 0x00, 0x02, 0x00, 0x03, 0x00, 0x00, 0x00, 0x0A, 0x00, 0x00,
0x00, 0x00, 0x00, 0x00, 0x00, 0x16, 0x00, 0x00, 0x00, 0x00, 0x00, 0x00, 0x00, 0x0F, 0x00, 0x00,
0x00, 0x14, 0x00, 0x14, 0x00, 0x00, 0xFF, 0xFC, 0x00, 0x00, 0x00, 0x06, 0x00, 0x00, 0x00, 0x00,
0x00, 0x00, 0x00, 0x00, 0x00, 0x00, 0x00, 0x00, 0xFF, 0xEC, 0x00, 0x00, 0x00, 0x00, 0x00, 0x00,
0x00, 0x00, 0x00, 0x00, 0xFF, 0xE8, 0x00, 0x00, 0x00, 0x00, 0xFF, 0xFC, 0xFF, 0xF9, 0xFF, 0xF8,
0x00, 0x00, 0x00, 0x00, 0xFF, 0xEF, 0xFF, 0xF9, 0x00, 0x00, 0x00, 0x00, 0x00, 0x00, 0x00, 0x00,
0x00, 0x00, 0x00, 0x0D, 0xFF, 0xF6, 0x00, 0x00, 0xFF, 0xFE, 0x00, 0x0F, 0x00, 0x00, 0x00, 0x00,
0x00, 0x00, 0x00, 0x00, 0x00, 0x00, 0x00, 0x00, 0x00, 0x00, 0x00, 0x00, 0x00, 0x00, 0x00, 0x00,
0x00, 0x00, 0x00, 0x11, 0x00, 0x00, 0x00, 0x00, 0x00, 0x00, 0x00, 0x00, 0x00, 0x00, 0x00, 0x00,
0x00, 0x00, 0x00, 0x00, 0x00, 0x00, 0x00, 0x0D, 0x00, 0x0F, 0x00, 0x00, 0x00, 0x00, 0x00, 0x00,
0x00, 0x03, 0x00, 0x00, 0x00, 0x37, 0x00, 0x00, 0x00, 0x00, 0x00, 0x00, 0x00, 0x00, 0x00, 0x00,
0x00, 0x34, 0x00, 0x2F, 0x00, 0x00, 0xFF, 0xF9, 0x00, 0x00, 0xFF, 0xF3, 0xFF, 0xF5, 0x00, 0x00,
0x00, 0x00, 0x00, 0x00, 0x00, 0x00, 0x00, 0x00, 0xFF, 0xE5, 0x00, 0x00, 0x00, 0x00, 0x00, 0x00,
0x00, 0x00, 0xFF, 0xFD, 0xFF, 0xDA, 0xFF, 0xF9, 0xFF, 0xDF, 0xFF, 0xF9, 0xFF, 0xEF, 0x00, 0x00,
0x00, 0x00, 0x00, 0x00, 0xFF, 0xFC, 0x00, 0x00, 0x00, 0x00, 0xFF, 0xF6, 0x00, 0x14, 0x00, 0x00,
0x00, 0x00, 0x00, 0x00, 0x00, 0x00, 0x00, 0x00, 0x00, 0x0C, 0x00, 0x21, 0x00, 0x00, 0x00, 0x00,
0x00, 0x00, 0xFF, 0xEC, 0x00, 0x00, 0x00, 0x00, 0x00, 0x00, 0x00, 0x00, 0x00, 0x00, 0x00, 0x00,
0xFF, 0xDD, 0x00, 0x00, 0x00, 0x00, 0x00, 0x00, 0x00, 0x00, 0x00, 0x00, 0xFF, 0xE6, 0xFF, 0xF8,
0xFF, 0xDF, 0x00, 0x00, 0x00, 0x00, 0x00, 0x00, 0x00, 0x00, 0xFF, 0xEE, 0x00, 0x0F, 0x00, 0x00,
0x00, 0x00, 0xFF, 0xED, 0xFF, 0xF6, 0x00, 0x00, 0x00, 0x00, 0x00, 0x00, 0x00, 0x14, 0x00, 0x00,
0xFF, 0xEF, 0xFF, 0xEE, 0x00, 0x00, 0xFF, 0xF1, 0xFF, 0xF6, 0x00, 0x00, 0xFF, 0xF6, 0xFF, 0xF3,
0x00, 0x00, 0x00, 0x00, 0x00, 0x00, 0x00, 0x00, 0xFF, 0xDB, 0xFF, 0xFC, 0x00, 0x00, 0x00, 0x00,
0x00, 0x00, 0x00, 0x00, 0xFF, 0xE8, 0xFF, 0xF6, 0x00, 0x00, 0xFF, 0xF1, 0xFF, 0xE4, 0x00, 0x00,
0x00, 0x00, 0x00, 0x00, 0xFF, 0xF1, 0x00, 0x00, 0x00, 0x00, 0xFF, 0xE7, 0x00, 0x00, 0x00, 0x00,
0x00, 0x00, 0x00, 0x00, 0x00, 0x00, 0x00, 0x00, 0x00, 0x00, 0x00, 0x00, 0x00, 0x00, 0xFF, 0xFB,
0xFF, 0xF0, 0x00, 0x00, 0x00, 0x00, 0x00, 0x00, 0xFF, 0xFB, 0x00, 0x00, 0x00, 0x00, 0x00, 0x00,
0xFF, 0xFD, 0xFF, 0xFB, 0x00, 0x00, 0x00, 0x00, 0x00, 0x00, 0x00, 0x00, 0x00, 0x00, 0xFF, 0xFE,
0x00, 0x1E, 0xFF, 0xFE, 0x00, 0x00, 0xFF, 0xF6, 0x00, 0x00, 0x00, 0x00, 0xFF, 0xD8, 0x00, 0x00,
0x00, 0x00, 0xFF, 0xFE, 0x00, 0x05, 0x00, 0x00, 0x00, 0x00, 0x00, 0x00, 0xFF, 0xEC, 0xFF, 0xF6,
0x00, 0x07, 0x00, 0x07, 0x00, 0x00, 0x00, 0x0A, 0x00, 0x0F, 0xFF, 0xEE, 0x00, 0x00, 0x00, 0x00,
0x00, 0x00, 0x00, 0x00, 0xFF, 0xE2, 0x00, 0x00, 0xFF, 0xCE, 0xFF, 0xF8, 0xFF, 0xEC, 0x00, 0x00,
0x00, 0x00, 0x00, 0x02, 0xFF, 0xD0, 0xFF, 0xF6, 0x00, 0x00, 0x00, 0x0A, 0x00, 0x00, 0x00, 0x00,
0xFF, 0xFC, 0xFF, 0xDB, 0x00, 0x00, 0x00, 0x00, 0xFF, 0xF1, 0xFF, 0xE4, 0x00, 0x00, 0x00, 0x00,
0x00, 0x00, 0x00, 0x00, 0x00, 0x00, 0x00, 0x00, 0x00, 0x00, 0x00, 0x00, 0x00, 0x00, 0xFF, 0xFB,
0x00, 0x0A, 0xFF, 0xE2, 0xFF, 0xF9, 0x00, 0x00, 0x00, 0x00, 0x00, 0x00, 0x00, 0x00, 0x00, 0x00,
0xFF, 0xEC, 0x00, 0x09, 0x00, 0x07, 0x00, 0x00, 0x00, 0x00, 0x00, 0x00, 0xFF, 0xF6, 0x00, 0x0A,
0xFF, 0xB0, 0xFF, 0xFB, 0xFF, 0xEC, 0x00, 0x04, 0x00, 0x05, 0xFF, 0xF5, 0xFF, 0xF3, 0x00, 0x06,
0x00, 0x00, 0xFF, 0xEB, 0x00, 0x1E, 0x00, 0x00, 0x00, 0x00, 0x00, 0x00, 0x00, 0x00, 0x00, 0x00,
0x00, 0x26, 0x00, 0x2D, 0x00, 0x00, 0xFF, 0xF5, 0x00, 0x00, 0x00, 0x0A, 0x00, 0x00, 0x00, 0x00,
0x00, 0x00, 0x00, 0x00, 0x00, 0x00, 0x00, 0x00, 0xFF, 0xE9, 0x00, 0x00, 0x00, 0x00, 0x00, 0x00,
0x00, 0x00, 0x00, 0x00, 0xFF, 0xDA, 0xFF, 0xFB, 0x00, 0x0D, 0xFF, 0xF6, 0x00, 0x00, 0x00, 0x00,
0x00, 0x00, 0x00, 0x00, 0xFF, 0xEC, 0x00, 0x00, 0x00, 0x00, 0x00, 0x00, 0x00, 0x08, 0x00, 0x00,
0x00, 0x00, 0x00, 0x00, 0x00, 0x00, 0x00, 0x00, 0x00, 0x07, 0x00, 0x0F, 0x00, 0x00, 0x00, 0x00,
0x00, 0x00, 0xFF, 0xF5, 0x00, 0x00, 0x00, 0x00, 0x00, 0x00, 0x00, 0x00, 0x00, 0x00, 0x00, 0x00,
0x00, 0x00, 0x00, 0x00, 0x00, 0x00, 0x00, 0x00, 0x00, 0x00, 0x00, 0x00, 0x00, 0x00, 0x00, 0x00,
0xFF, 0xEA, 0x00, 0x00, 0x00, 0x00, 0x00, 0x00, 0x00, 0x00, 0x00, 0x00, 0x00, 0x00, 0x00, 0x00,
0x00, 0x00, 0xFF, 0xF7, 0x00, 0x00, 0x00, 0x00, 0x00, 0x00, 0x00, 0x00, 0x00, 0x00, 0x00, 0x00,
0x00, 0x00, 0x00, 0x00, 0x00, 0x00, 0x00, 0x00, 0x00, 0x00, 0x00, 0x00, 0x00, 0x00, 0x00, 0x00,
0x00, 0x00, 0x00, 0x00, 0xFF, 0xFB, 0x00, 0x00, 0xFF, 0xD1, 0xFF, 0xF9, 0x00, 0x00, 0x00, 0x00,
0x00, 0x00, 0x00, 0x00, 0xFF, 0xBC, 0xFF, 0xEE, 0xFF, 0xEE, 0x00, 0x00, 0x00, 0x00, 0xFF, 0xFA,
0xFF, 0xF9, 0xFF, 0xFE, 0x00, 0x0A, 0xFF, 0xFA, 0xFF, 0xFA, 0x00, 0x00, 0xFF, 0xEC, 0x00, 0x00,
0x00, 0x00, 0x00, 0x00, 0x00, 0x0F, 0x00, 0x00, 0xFF, 0xDD, 0xFF, 0xE4, 0x00, 0x00, 0x00, 0x00,
0x00, 0x00, 0x00, 0x00, 0x00, 0x00, 0x00, 0x00, 0x00, 0x00, 0x00, 0x00, 0x00, 0x00, 0x00, 0x00,
0xFF, 0xD5, 0x00, 0x00, 0x00, 0x00, 0x00, 0x00, 0x00, 0x00, 0x00, 0x00, 0xFF, 0xD8, 0x00, 0x00,
0x00, 0x00, 0x00, 0x00, 0x00, 0x00, 0x00, 0x00, 0x00, 0x00, 0x00, 0x00, 0x00, 0x00, 0x00, 0x00,
0x00, 0x00, 0x00, 0x00, 0x00, 0x00, 0x00, 0x00, 0x00, 0x00, 0x00, 0x00, 0x00, 0x00, 0x00, 0x00,
0x00, 0x00, 0x00, 0x00, 0x00, 0x00, 0xFF, 0xEC, 0xFF, 0xF6, 0x00, 0x0F, 0xFF, 0xFD, 0x00, 0x00,
0xFF, 0xF6, 0x00, 0x00, 0x00, 0x00, 0x00, 0x00, 0xFF, 0xD1, 0xFF, 0xFE, 0xFF, 0xFC, 0x00, 0x00,
0x00, 0x00, 0xFF, 0xF6, 0xFF, 0xE0, 0xFF, 0xF6, 0x00, 0x00, 0xFF, 0xEF, 0xFF, 0xF9, 0xFF, 0xF6,
0xFF, 0xFE, 0x00, 0x0E, 0xFF, 0xD6, 0x00, 0x00, 0x00, 0x00, 0xFF, 0xFB, 0x00, 0x00, 0x00, 0x00,
0x00, 0x00, 0x00, 0x00, 0xFF, 0xF9, 0xFF, 0xF7, 0xFF, 0xFD, 0x00, 0x0B, 0x00, 0x00, 0xFF, 0xE7,
0xFF, 0xE2, 0x00, 0x00, 0xFF, 0xF3, 0x00, 0x00, 0xFF, 0xF3, 0xFF, 0xF6, 0x00, 0x00, 0x00, 0x00,
0xFF, 0xEF, 0xFF, 0xF3, 0xFF, 0xF9, 0x00, 0x00, 0xFF, 0xFD, 0x00, 0x00, 0xFF, 0xEA, 0xFF, 0xF6,
0x00, 0x0A, 0xFF, 0xE7, 0xFF, 0xF6, 0xFF, 0xE9, 0xFF, 0xF3, 0x00, 0x00, 0xFF, 0xCC, 0xFF, 0xEC,
0x00, 0x0A, 0xFF, 0xEF, 0xFF, 0xF9, 0x00, 0x00, 0x00, 0x00, 0x00, 0x00, 0xFF, 0xE2, 0xFF, 0xEC,
0xFF, 0xED, 0xFF, 0xF3, 0x00, 0x00, 0x00, 0x00, 0x00, 0x00, 0x00, 0x00, 0x00, 0x00, 0x00, 0x00,
0x00, 0x00, 0x00, 0x00, 0x00, 0x00, 0x00, 0x00, 0x00, 0x00, 0x00, 0x00, 0x00, 0x00, 0x00, 0x00,
0x00, 0x00, 0x00, 0x00, 0x00, 0x00, 0x00, 0x00, 0x00, 0x00, 0x00, 0x00, 0x00, 0x00, 0x00, 0x00,
0x00, 0x00, 0x00, 0x00, 0x00, 0x00, 0x00, 0x00, 0x00, 0x00, 0x00, 0x00, 0x00, 0x00, 0x00, 0x00,
0x00, 0x0A, 0x00, 0x00, 0x00, 0x00, 0x00, 0x00, 0x00, 0x00, 0x00, 0x00, 0x00, 0x00, 0xFF, 0xF8,
0x00, 0x00, 0x00, 0x00, 0x00, 0x00, 0x00, 0x00, 0x00, 0x00, 0x00, 0x00, 0x00, 0x00, 0x00, 0x20,
0x00, 0x00, 0x00, 0x1E, 0x00, 0x00, 0x00, 0x20, 0x00, 0x20, 0x00, 0x00, 0x00, 0x00, 0x00, 0x00,
0xFF, 0xD0, 0xFF, 0xF8, 0xFF, 0xFB, 0x00, 0x1E, 0x00, 0x14, 0x00, 0x00, 0xFF, 0xE5, 0x00, 0x17,
0x00, 0x0D, 0x00, 0x00, 0x00, 0x37, 0x00, 0x00, 0x00, 0x20, 0x00, 0x32, 0x00, 0x00, 0x00, 0x00,
0x00, 0x25, 0x00, 0x2F, 0x00, 0x00, 0x00, 0x00, 0x00, 0x00, 0x00, 0x00, 0x00, 0x00, 0x00, 0x00,
0x00, 0x00, 0x00, 0x00, 0x00, 0x00, 0x00, 0x00, 0xFF, 0xD5, 0x00, 0x00, 0x00, 0x00, 0x00, 0x00,
0x00, 0x00, 0x00, 0x00, 0xFF, 0xDF, 0x00, 0x00, 0x00, 0x00, 0x00, 0x00, 0xFF, 0xF6, 0x00, 0x03,
0x00, 0x00, 0x00, 0x00, 0x00, 0x00, 0x00, 0x00, 0x00, 0x00, 0x00, 0x00, 0x00, 0x00, 0x00, 0x00,
0x00, 0x00, 0x00, 0x00, 0x00, 0x00, 0x00, 0x00, 0x00, 0x00, 0x00, 0x00, 0x00, 0x00, 0x00, 0x0F,
0x00, 0x14, 0x00, 0x00, 0x00, 0x00, 0x00, 0x00, 0x00, 0x00, 0x00, 0x00, 0x00, 0x00, 0x00, 0x00,
0xFF, 0xD5, 0x00, 0x00, 0x00, 0x00, 0x00, 0x00, 0x00, 0x00, 0x00, 0x00, 0xFF, 0xD8, 0x00, 0x00,
0x00, 0x00, 0x00, 0x0F, 0x00, 0x00, 0x00, 0x00, 0x00, 0x00, 0x00, 0x00, 0x00, 0x00, 0x00, 0x00,
0x00, 0x00, 0x00, 0x00, 0x00, 0x00, 0x00, 0x00, 0x00, 0x00, 0x00, 0x00, 0x00, 0x00, 0x00, 0x00,
0x00, 0x00, 0x00, 0x00, 0x00, 0x00, 0xFF, 0xD3, 0xFF, 0xEE, 0xFF, 0xC1, 0xFF, 0xDF, 0x00, 0x00,
0x00, 0x00, 0xFF, 0xEC, 0x00, 0x00, 0x00, 0x00, 0x00, 0x0D, 0x00, 0x0A, 0xFF, 0xF6, 0x00, 0x00,
0x00, 0x00, 0xFF, 0xEF, 0x00, 0x11, 0x00, 0x0D, 0x00, 0x00, 0xFF, 0xD3, 0xFF, 0xDF, 0x00, 0x0E,
0xFF, 0xFE, 0x00, 0x02, 0x00, 0x00, 0x00, 0x0A, 0x00, 0x00, 0xFF, 0xF6, 0x00, 0x00, 0x00, 0x00,
0x00, 0x00, 0x00, 0x00, 0x00, 0x00, 0x00, 0x00, 0x00, 0x00, 0x00, 0x00, 0x00, 0x00, 0xFF, 0xB7,
0xFF, 0xE9, 0xFF, 0xBD, 0xFF, 0xD5, 0x00, 0x00, 0xFF, 0xEE, 0xFF, 0xD8, 0x00, 0x00, 0x00, 0x00,
0x00, 0x0F, 0xFF, 0xEE, 0xFF, 0xF4, 0x00, 0x00, 0x00, 0x00, 0xFF, 0xC7, 0x00, 0x11, 0x00, 0x12,
0x00, 0x00, 0xFF, 0xB7, 0xFF, 0xBF, 0xFF, 0xFD, 0xFF, 0xF3, 0x00, 0x05, 0x00, 0x00, 0x00, 0x00,
0xFF, 0xE5, 0xFF, 0xD8, 0x00, 0x00, 0x00, 0x00, 0x00, 0x00, 0x00, 0x00, 0x00, 0x00, 0x00, 0x00,
0x00, 0x00, 0x00, 0x00, 0x00, 0x00, 0xFF, 0xFC, 0x00, 0x0F, 0xFF, 0xFA, 0x00, 0x00, 0x00, 0x00,
0x00, 0x00, 0x00, 0x00, 0x00, 0x00, 0x00, 0x04, 0x00, 0x13, 0x00, 0x0A, 0x00, 0x00, 0x00, 0x00,
0x00, 0x00, 0x00, 0x00, 0x00, 0x20, 0x00, 0x16, 0xFF, 0xE2, 0xFF, 0xFD, 0xFF, 0xFB, 0x00, 0x00,
0x00, 0x00, 0x00, 0x02, 0x00, 0x00, 0x00, 0x01, 0x00, 0x00, 0xFF, 0xEB, 0x00, 0x1E, 0x00, 0x00,
0x00, 0x00, 0x00, 0x0F, 0x00, 0x00, 0x00, 0x00, 0x00, 0x25, 0x00, 0x25, 0x00, 0x02, 0x00, 0x31,
0x00, 0x01, 0x00, 0x06, 0x00, 0x00, 0x00, 0x08, 0x00, 0x0C, 0x00, 0x06, 0x00, 0x0E, 0x00, 0x11,
0x00, 0x0B, 0x00, 0x13, 0x00, 0x19, 0x00, 0x0F, 0x00, 0x1B, 0x00, 0x2C, 0x00, 0x16, 0x00, 0x2E,
0x00, 0x32, 0x00, 0x28, 0x00, 0x34, 0x00, 0x37, 0x00, 0x2D, 0x00, 0x39, 0x00, 0x3D, 0x00, 0x31,
0x00, 0x41, 0x00, 0x49, 0x00, 0x36, 0x00, 0x4B, 0x00, 0x56, 0x00, 0x3F, 0x00, 0x58, 0x00, 0x58,
0x00, 0x4B, 0x00, 0x60, 0x00, 0x66, 0x00, 0x4C, 0x00, 0x68, 0x00, 0x6B, 0x00, 0x53, 0x00, 0x6D,
0x00, 0x70, 0x00, 0x57, 0x00, 0x72, 0x00, 0x78, 0x00, 0x5B, 0x00, 0x7B, 0x00, 0x85, 0x00, 0x62,
0x00, 0x87, 0x00, 0x92, 0x00, 0x6D, 0x00, 0x94, 0x00, 0x97, 0x00, 0x79, 0x00, 0x99, 0x00, 0x9E,
0x00, 0x7D, 0x00, 0xA0, 0x00, 0xA4, 0x00, 0x83, 0x00, 0xA6, 0x00, 0xB7, 0x00, 0x88, 0x00, 0xB9,
0x00, 0xBD, 0x00, 0x9A, 0x00, 0xBF, 0x00, 0xC2, 0x00, 0x9F, 0x00, 0xC4, 0x00, 0xD1, 0x00, 0xA3,
0x00, 0xD3, 0x00, 0xD4, 0x00, 0xB1, 0x00, 0xD6, 0x00, 0xDD, 0x00, 0xB3, 0x00, 0xDF, 0x00, 0xE3,
0x00, 0xBB, 0x00, 0xE5, 0x00, 0xF2, 0x00, 0xC0, 0x00, 0xF4, 0x00, 0xF9, 0x00, 0xCE, 0x00, 0xFB,
0x00, 0xFF, 0x00, 0xD4, 0x01, 0x01, 0x01, 0x09, 0x00, 0xD9, 0x01, 0x0B, 0x01, 0x1A, 0x00, 0xE2,
0x01, 0x1C, 0x01, 0x1F, 0x00, 0xF2, 0x01, 0x21, 0x01, 0x24, 0x00, 0xF6, 0x01, 0x26, 0x01, 0x39,
0x00, 0xFA, 0x01, 0x3B, 0x01, 0x46, 0x01, 0x0E, 0x01, 0x48, 0x01, 0x4B, 0x01, 0x1A, 0x01, 0x4D,
0x01, 0x52, 0x01, 0x1E, 0x01, 0x54, 0x01, 0x58, 0x01, 0x24, 0x01, 0x5A, 0x01, 0x65, 0x01, 0x29,
0x01, 0x67, 0x01, 0x68, 0x01, 0x35, 0x01, 0xF6, 0x01, 0xF6, 0x01, 0x37, 0x01, 0xFC, 0x02, 0x00,
0x01, 0x38, 0x02, 0x07, 0x02, 0x07, 0x01, 0x3D, 0x02, 0x0B, 0x02, 0x0E, 0x01, 0x3E, 0x02, 0x12,
0x02, 0x12, 0x01, 0x42, 0x02, 0x14, 0x02, 0x14, 0x01, 0x43, 0x02, 0x16, 0x02, 0x21, 0x01, 0x44,
0x02, 0x2E, 0x02, 0x2F, 0x01, 0x50, 0x00, 0x02, 0x00, 0x52, 0x00, 0x01, 0x00, 0x06, 0x00, 0x03,
0x00, 0x08, 0x00, 0x0C, 0x00, 0x03, 0x00, 0x0E, 0x00, 0x11, 0x00, 0x03, 0x00, 0x13, 0x00, 0x19,
0x00, 0x03, 0x00, 0x1B, 0x00, 0x20, 0x00, 0x02, 0x00, 0x37, 0x00, 0x37, 0x00, 0x02, 0x00, 0x39,
0x00, 0x3D, 0x00, 0x02, 0x00, 0x41, 0x00, 0x41, 0x00, 0x08, 0x00, 0x42, 0x00, 0x42, 0x00, 0x05,
0x00, 0x43, 0x00, 0x49, 0x00, 0x08, 0x00, 0x4B, 0x00, 0x4D, 0x00, 0x08, 0x00, 0x4E, 0x00, 0x50,
0x00, 0x1B, 0x00, 0x60, 0x00, 0x66, 0x00, 0x02, 0x00, 0x68, 0x00, 0x6B, 0x00, 0x02, 0x00, 0x6D,
0x00, 0x70, 0x00, 0x02, 0x00, 0x72, 0x00, 0x78, 0x00, 0x02, 0x00, 0x7B, 0x00, 0x7B, 0x00, 0x02,
0x00, 0x80, 0x00, 0x85, 0x00, 0x0C, 0x00, 0x87, 0x00, 0x8B, 0x00, 0x10, 0x00, 0x8C, 0x00, 0x92,
0x00, 0x05, 0x00, 0x94, 0x00, 0x97, 0x00, 0x05, 0x00, 0x99, 0x00, 0x9E, 0x00, 0x05, 0x00, 0xA0,
0x00, 0xA4, 0x00, 0x11, 0x00, 0xA6, 0x00, 0xAD, 0x00, 0x0A, 0x00, 0xAE, 0x00, 0xB1, 0x00, 0x17,
0x00, 0xB2, 0x00, 0xB7, 0x00, 0x04, 0x00, 0xB9, 0x00, 0xBD, 0x00, 0x04, 0x00, 0xBF, 0x00, 0xC2,
0x00, 0x04, 0x00, 0xC4, 0x00, 0xCA, 0x00, 0x04, 0x00, 0xCB, 0x00, 0xCB, 0x00, 0x0D, 0x00, 0xCC,
0x00, 0xD1, 0x00, 0x01, 0x00, 0xD2, 0x00, 0xD5, 0x00, 0x13, 0x00, 0xD6, 0x00, 0xDD, 0x00, 0x01,
0x00, 0xDF, 0x00, 0xE3, 0x00, 0x01, 0x00, 0xE5, 0x00, 0xE8, 0x00, 0x01, 0x00, 0xE9, 0x00, 0xE9,
0x00, 0x19, 0x00, 0xEA, 0x00, 0xEE, 0x00, 0x14, 0x00, 0xEF, 0x00, 0xF1, 0x00, 0x0D, 0x00, 0xF2,
0x00, 0xF2, 0x00, 0x09, 0x00, 0xF4, 0x00, 0xF9, 0x00, 0x09, 0x00, 0xFB, 0x00, 0xFE, 0x00, 0x09,
0x00, 0xFF, 0x00, 0xFF, 0x00, 0x1E, 0x01, 0x01, 0x01, 0x02, 0x00, 0x1E, 0x01, 0x03, 0x01, 0x04,
0x00, 0x0D, 0x01, 0x05, 0x01, 0x05, 0x00, 0x07, 0x01, 0x06, 0x01, 0x0B, 0x00, 0x0E, 0x01, 0x0C,
0x01, 0x0E, 0x00, 0x07, 0x01, 0x10, 0x01, 0x13, 0x00, 0x07, 0x01, 0x14, 0x01, 0x1A, 0x00, 0x01,
0x01, 0x1C, 0x01, 0x1F, 0x00, 0x01, 0x01, 0x21, 0x01, 0x24, 0x00, 0x01, 0x01, 0x26, 0x01, 0x2C,
0x00, 0x01, 0x01, 0x2F, 0x01, 0x2F, 0x00, 0x13, 0x01, 0x30, 0x01, 0x33, 0x00, 0x07, 0x01, 0x34,
0x01, 0x39, 0x00, 0x0F, 0x01, 0x3A, 0x01, 0x3A, 0x00, 0x19, 0x01, 0x3B, 0x01, 0x3F, 0x00, 0x15,
0x01, 0x40, 0x01, 0x46, 0x00, 0x06, 0x01, 0x48, 0x01, 0x4B, 0x00, 0x06, 0x01, 0x4D, 0x01, 0x52,
0x00, 0x06, 0x01, 0x54, 0x01, 0x58, 0x00, 0x16, 0x01, 0x5A, 0x01, 0x61, 0x00, 0x0B, 0x01, 0x62,
0x01, 0x65, 0x00, 0x1A, 0x01, 0x67, 0x01, 0x68, 0x00, 0x19, 0x01, 0xF6, 0x01, 0xF6, 0x00, 0x1D,
0x01, 0xFC, 0x01, 0xFD, 0x00, 0x12, 0x01, 0xFE, 0x01, 0xFF, 0x00, 0x1D, 0x02, 0x00, 0x02, 0x00,
0x00, 0x12, 0x02, 0x07, 0x02, 0x07, 0x00, 0x1C, 0x02, 0x0B, 0x02, 0x0E, 0x00, 0x18, 0x02, 0x13,
0x02, 0x13, 0x00, 0x1F, 0x02, 0x15, 0x02, 0x15, 0x00, 0x1F, 0x02, 0x16, 0x02, 0x17, 0x00, 0x12,
0x02, 0x18, 0x02, 0x18, 0x00, 0x22, 0x02, 0x19, 0x02, 0x19, 0x00, 0x23, 0x02, 0x1A, 0x02, 0x1A,
0x00, 0x22, 0x02, 0x1B, 0x02, 0x1B, 0x00, 0x23, 0x02, 0x1C, 0x02, 0x1C, 0x00, 0x20, 0x02, 0x1D,
0x02, 0x1D, 0x00, 0x21, 0x02, 0x1E, 0x02, 0x1E, 0x00, 0x20, 0x02, 0x1F, 0x02, 0x1F, 0x00, 0x21,
0x02, 0x20, 0x02, 0x21, 0x00, 0x1C, 0x00, 0x02, 0x00, 0x64, 0x00, 0x18, 0x00, 0x19, 0x00, 0x02,
0x00, 0x1B, 0x00, 0x20, 0x00, 0x0D, 0x00, 0x21, 0x00, 0x24, 0x00, 0x20, 0x00, 0x25, 0x00, 0x2C,
0x00, 0x02, 0x00, 0x2E, 0x00, 0x32, 0x00, 0x02, 0x00, 0x34, 0x00, 0x36, 0x00, 0x02, 0x00, 0x37,
0x00, 0x37, 0x00, 0x04, 0x00, 0x39, 0x00, 0x3D, 0x00, 0x11, 0x00, 0x41, 0x00, 0x41, 0x00, 0x08,
0x00, 0x42, 0x00, 0x42, 0x00, 0x06, 0x00, 0x43, 0x00, 0x49, 0x00, 0x08, 0x00, 0x4B, 0x00, 0x4D,
0x00, 0x08, 0x00, 0x4E, 0x00, 0x50, 0x00, 0x26, 0x00, 0x51, 0x00, 0x52, 0x00, 0x2A, 0x00, 0x53,
0x00, 0x56, 0x00, 0x12, 0x00, 0x58, 0x00, 0x58, 0x00, 0x12, 0x00, 0x60, 0x00, 0x66, 0x00, 0x04,
0x00, 0x68, 0x00, 0x6B, 0x00, 0x04, 0x00, 0x6D, 0x00, 0x70, 0x00, 0x13, 0x00, 0x72, 0x00, 0x72,
0x00, 0x13, 0x00, 0x73, 0x00, 0x77, 0x00, 0x04, 0x00, 0x78, 0x00, 0x78, 0x00, 0x02, 0x00, 0x7B,
0x00, 0x7B, 0x00, 0x04, 0x00, 0x7C, 0x00, 0x7F, 0x00, 0x21, 0x00, 0x80, 0x00, 0x85, 0x00, 0x0E,
0x00, 0x87, 0x00, 0x8B, 0x00, 0x14, 0x00, 0x8C, 0x00, 0x92, 0x00, 0x06, 0x00, 0x94, 0x00, 0x97,
0x00, 0x15, 0x00, 0x99, 0x00, 0x99, 0x00, 0x15, 0x00, 0x9A, 0x00, 0x9E, 0x00, 0x06, 0x00, 0xA0,
0x00, 0xA4, 0x00, 0x16, 0x00, 0xA6, 0x00, 0xAD, 0x00, 0x0B, 0x00, 0xAE, 0x00, 0xB1, 0x00, 0x22,
0x00, 0xB2, 0x00, 0xB7, 0x00, 0x01, 0x00, 0xB9, 0x00, 0xBD, 0x00, 0x01, 0x00, 0xBF, 0x00, 0xC2,
0x00, 0x01, 0x00, 0xC4, 0x00, 0xC8, 0x00, 0x01, 0x00, 0xC9, 0x00, 0xCA, 0x00, 0x03, 0x00, 0xCB,
0x00, 0xCB, 0x00, 0x27, 0x00, 0xCC, 0x00, 0xD1, 0x00, 0x0F, 0x00, 0xD3, 0x00, 0xD3, 0x00, 0x05,
0x00, 0xD4, 0x00, 0xD4, 0x00, 0x2C, 0x00, 0xD6, 0x00, 0xDD, 0x00, 0x03, 0x00, 0xDF, 0x00, 0xE3,
0x00, 0x03, 0x00, 0xE5, 0x00, 0xE7, 0x00, 0x03, 0x00, 0xE8, 0x00, 0xE8, 0x00, 0x05, 0x00, 0xE9,
0x00, 0xE9, 0x00, 0x31, 0x00, 0xEA, 0x00, 0xEE, 0x00, 0x1A, 0x00, 0xEF, 0x00, 0xF1, 0x00, 0x09,
0x00, 0xF2, 0x00, 0xF2, 0x00, 0x0A, 0x00, 0xF4, 0x00, 0xF9, 0x00, 0x0A, 0x00, 0xFB, 0x00, 0xFB,
0x00, 0x1B, 0x00, 0xFC, 0x00, 0xFE, 0x00, 0x0A, 0x00, 0xFF, 0x00, 0xFF, 0x00, 0x1B, 0x01, 0x01,
0x01, 0x02, 0x00, 0x1B, 0x01, 0x03, 0x01, 0x05, 0x00, 0x29, 0x01, 0x06, 0x01, 0x07, 0x00, 0x19,
0x01, 0x08, 0x01, 0x08, 0x00, 0x2C, 0x01, 0x09, 0x01, 0x09, 0x00, 0x19, 0x01, 0x0B, 0x01, 0x0B,
0x00, 0x19, 0x01, 0x0C, 0x01, 0x13, 0x00, 0x09, 0x01, 0x14, 0x01, 0x1A, 0x00, 0x05, 0x01, 0x1C,
0x01, 0x1F, 0x00, 0x05, 0x01, 0x21, 0x01, 0x24, 0x00, 0x1C, 0x01, 0x26, 0x01, 0x26, 0x00, 0x1C,
0x01, 0x27, 0x01, 0x2B, 0x00, 0x05, 0x01, 0x2C, 0x01, 0x2C, 0x00, 0x03, 0x01, 0x2D, 0x01, 0x2E,
0x00, 0x27, 0x01, 0x2F, 0x01, 0x2F, 0x00, 0x1B, 0x01, 0x30, 0x01, 0x33, 0x00, 0x24, 0x01, 0x34,
0x01, 0x39, 0x00, 0x10, 0x01, 0x3B, 0x01, 0x3F, 0x00, 0x1D, 0x01, 0x40, 0x01, 0x46, 0x00, 0x07,
0x01, 0x48, 0x01, 0x4B, 0x00, 0x1E, 0x01, 0x4D, 0x01, 0x4D, 0x00, 0x1E, 0x01, 0x4E, 0x01, 0x52,
0x00, 0x07, 0x01, 0x54, 0x01, 0x58, 0x00, 0x1F, 0x01, 0x5A, 0x01, 0x61, 0x00, 0x0C, 0x01, 0x62,
0x01, 0x65, 0x00, 0x25, 0x01, 0x67, 0x01, 0x67, 0x00, 0x0A, 0x01, 0x68, 0x01, 0x68, 0x00, 0x19,
0x01, 0xF6, 0x01, 0xF6, 0x00, 0x28, 0x01, 0xFC, 0x01, 0xFD, 0x00, 0x18, 0x01, 0xFE, 0x01, 0xFF,
0x00, 0x28, 0x02, 0x00, 0x02, 0x00, 0x00, 0x18, 0x02, 0x07, 0x02, 0x07, 0x00, 0x17, 0x02, 0x0B,
0x02, 0x0E, 0x00, 0x23, 0x02, 0x12, 0x02, 0x12, 0x00, 0x2B, 0x02, 0x14, 0x02, 0x14, 0x00, 0x2B,
0x02, 0x16, 0x02, 0x17, 0x00, 0x18, 0x02, 0x18, 0x02, 0x18, 0x00, 0x2F, 0x02, 0x19, 0x02, 0x19,
0x00, 0x30, 0x02, 0x1A, 0x02, 0x1A, 0x00, 0x2F, 0x02, 0x1B, 0x02, 0x1B, 0x00, 0x30, 0x02, 0x1C,
0x02, 0x1C, 0x00, 0x2D, 0x02, 0x1D, 0x02, 0x1D, 0x00, 0x2E, 0x02, 0x1E, 0x02, 0x1E, 0x00, 0x2D,
0x02, 0x1F, 0x02, 0x1F, 0x00, 0x2E, 0x02, 0x20, 0x02, 0x21, 0x00, 0x17, 0x02, 0x2E, 0x02, 0x2F,
0x00, 0x17, 0x00, 0x01, 0x00, 0x02, 0x00, 0x00, 0x00, 0x08, 0x00, 0x01, 0x02, 0xFA, 0x00, 0x04,
0x00, 0x00, 0x01, 0x78, 0x77, 0x32, 0x77, 0x32, 0x77, 0x32, 0x77, 0x32, 0x77, 0x32, 0x77, 0x32,
0x77, 0x32, 0x77, 0x32, 0x77, 0x32, 0x77, 0x32, 0x77, 0x32, 0x77, 0x32, 0x77, 0x32, 0x77, 0x32,
0x77, 0x32, 0x77, 0x32, 0x76, 0xC0, 0x77, 0x32, 0x77, 0x32, 0x77, 0x32, 0x76, 0x86, 0x76, 0x86,
0x75, 0x04, 0x74, 0xCA, 0x74, 0xCA, 0x74, 0xCA, 0x74, 0xCA, 0x74, 0xCA, 0x74, 0xCA, 0x74, 0x84,
0x74, 0x84, 0x74, 0x84, 0x74, 0x84, 0x76, 0x86, 0x76, 0x86, 0x76, 0x86, 0x76, 0x86, 0x76, 0x86,
0x76, 0x86, 0x76, 0x86, 0x76, 0x86, 0x76, 0x86, 0x76, 0x86, 0x76, 0x86, 0x76, 0x86, 0x76, 0x86,
0x76, 0x86, 0x74, 0x46, 0x76, 0x86, 0x73, 0xF8, 0x70, 0x56, 0x70, 0x20, 0x70, 0x20, 0x70, 0x20,
0x70, 0x20, 0x70, 0x20, 0x6F, 0xDE, 0x6F, 0xC8, 0x6F, 0xDE, 0x6F, 0xDE, 0x6F, 0xDE, 0x6F, 0xDE,
0x6F, 0xDE, 0x6F, 0xDE, 0x6F, 0xDE, 0x6F, 0xDE, 0x6F, 0xDE, 0x6F, 0xDE, 0x6F, 0x96, 0x6F, 0x96,
0x6F, 0x96, 0x6F, 0x28, 0x6F, 0x28, 0x6E, 0xCE, 0x6E, 0xCE, 0x6E, 0x50, 0x6E, 0xCE, 0x6E, 0xCE,
0x73, 0xF8, 0x73, 0xF8, 0x73, 0xF8, 0x73, 0xF8, 0x73, 0xF8, 0x73, 0xF8, 0x73, 0xF8, 0x73, 0xF8,
0x73, 0xF8, 0x73, 0xF8, 0x73, 0xF8, 0x6E, 0x02, 0x6E, 0x02, 0x6E, 0x02, 0x6E, 0x02, 0x6E, 0x02,
0x73, 0xF8, 0x73, 0xF8, 0x73, 0xF8, 0x73, 0xF8, 0x73, 0xF8, 0x76, 0x86, 0x6A, 0xF0, 0x67, 0xAE,
0x73, 0xF8, 0x67, 0x5C, 0x67, 0x5C, 0x67, 0x5C, 0x67, 0x5C, 0x66, 0xF6, 0x66, 0xF6, 0x66, 0xF6,
0x66, 0xF6, 0x66, 0xF6, 0x66, 0xF6, 0x63, 0xF0, 0x63, 0x82, 0x63, 0x82, 0x63, 0x82, 0x63, 0x82,
0x63, 0x82, 0x6F, 0xC8, 0x6F, 0xC8, 0x6F, 0xC8, 0x6F, 0xC8, 0x6F, 0xC8, 0x6F, 0xC8, 0x6F, 0xC8,
0x63, 0x30, 0x63, 0x30, 0x63, 0x30, 0x63, 0x30, 0x63, 0x30, 0x6F, 0xC8, 0x6F, 0xC8, 0x6F, 0xC8,
0x6F, 0xC8, 0x6F, 0xC8, 0x5F, 0x3A, 0x5E, 0xC4, 0x5E, 0xC4, 0x5E, 0xC4, 0x5E, 0xC4, 0x5E, 0xC4,
0x5B, 0x76, 0x5B, 0x04, 0x5B, 0x04, 0x5B, 0x04, 0x5B, 0x04, 0x5B, 0x04, 0x5B, 0x04, 0x5B, 0x04,
0x5B, 0x04, 0x5A, 0x8A, 0x5A, 0x8A, 0x5A, 0x8A, 0x5A, 0x8A, 0x5A, 0x20, 0x5A, 0x20, 0x5A, 0x20,
0x5A, 0x20, 0x5A, 0x20, 0x5A, 0x20, 0x5A, 0x20, 0x5A, 0x20, 0x5A, 0x20, 0x5A, 0x20, 0x5A, 0x20,
0x5A, 0x20, 0x5A, 0x20, 0x5A, 0x20, 0x5A, 0x20, 0x5A, 0x20, 0x59, 0xB2, 0x5A, 0x20, 0x5A, 0x20,
0x5A, 0x20, 0x59, 0x50, 0x59, 0x50, 0x58, 0xEE, 0x58, 0x90, 0x58, 0x90, 0x58, 0x90, 0x58, 0x90,
0x58, 0x90, 0x58, 0x90, 0x58, 0x1A, 0x57, 0xA8, 0x59, 0x50, 0x59, 0x50, 0x59, 0x50, 0x59, 0x50,
0x59, 0x50, 0x59, 0x50, 0x59, 0x50, 0x59, 0x50, 0x59, 0x50, 0x59, 0x50, 0x59, 0x50, 0x59, 0x50,
0x59, 0x50, 0x59, 0x50, 0x59, 0x50, 0x59, 0x50, 0x57, 0x46, 0x56, 0xC8, 0x56, 0x76, 0x56, 0x76,
0x56, 0x76, 0x56, 0x76, 0x56, 0x76, 0x56, 0x38, 0x56, 0x38, 0x56, 0x38, 0x56, 0x22, 0x56, 0x22,
0x55, 0xC0, 0x55, 0x76, 0x55, 0x28, 0x56, 0x22, 0x56, 0x22, 0x54, 0xF6, 0x54, 0xBC, 0x56, 0x22,
0x54, 0x5A, 0x54, 0x28, 0x53, 0xF6, 0x53, 0x90, 0x53, 0x3E, 0x53, 0x3E, 0x53, 0x3E, 0x52, 0xD8,
0x52, 0xD8, 0x52, 0x42, 0x52, 0xD8, 0x51, 0xCC, 0x56, 0x38, 0x56, 0x38, 0x56, 0x38, 0x56, 0x38,
0x56, 0x38, 0x56, 0x38, 0x56, 0x38, 0x56, 0x38, 0x57, 0x46, 0x57, 0x46, 0x57, 0x46, 0x57, 0x46,
0x57, 0x46, 0x57, 0x46, 0x57, 0x46, 0x57, 0x46, 0x57, 0x46, 0x57, 0x46, 0x57, 0x46, 0x51, 0x86,
0x51, 0x86, 0x51, 0x86, 0x51, 0x86, 0x51, 0x86, 0x57, 0x46, 0x57, 0x46, 0x57, 0x46, 0x57, 0x46,
0x57, 0x46, 0x59, 0x50, 0x58, 0xEE, 0x58, 0xEE, 0x51, 0x74, 0x51, 0x0E, 0x51, 0x0E, 0x51, 0x0E,
0x51, 0x0E, 0x50, 0xC4, 0x50, 0xC4, 0x50, 0xC4, 0x50, 0xC4, 0x50, 0xC4, 0x50, 0xC4, 0x4D, 0x16,
0x4C, 0xB8, 0x4C, 0xB8, 0x4B, 0xBE, 0x4C, 0xB8, 0x4C, 0xB8, 0x4B, 0xB0, 0x4B, 0xB0, 0x4B, 0xB0,
0x4B, 0xB0, 0x4B, 0xB0, 0x4B, 0xB0, 0x4B, 0xB0, 0x4B, 0x82, 0x4B, 0x82, 0x4B, 0x82, 0x4B, 0x82,
0x4B, 0x82, 0x4B, 0xB0, 0x4B, 0xB0, 0x4B, 0xB0, 0x4B, 0xB0, 0x4B, 0xB0, 0x48, 0xB8, 0x48, 0x62,
0x48, 0x62, 0x48, 0x62, 0x48, 0x62, 0x48, 0x62, 0x46, 0x68, 0x46, 0x16, 0x46, 0x16, 0x46, 0x16,
0x46, 0x16, 0x46, 0x16, 0x46, 0x16, 0x46, 0x16, 0x46, 0x16, 0x45, 0xAC, 0x45, 0xAC, 0x45, 0xAC,
0x45, 0xAC, 0x56, 0x22, 0x52, 0xD8, 0x43, 0x4A, 0x40, 0xE8, 0x3F, 0x46, 0x3C, 0xC4, 0x3A, 0xA6,
0x37, 0x90, 0x35, 0xC6, 0x33, 0x30, 0x30, 0x06, 0x2D, 0x1C, 0x2A, 0xE2, 0x28, 0xDC, 0x26, 0xC6,
0x23, 0xF0, 0x22, 0x2A, 0x1F, 0x74, 0x1C, 0x62, 0x18, 0x70, 0x16, 0xB2, 0x13, 0x40, 0x13, 0x36,
0x13, 0x24, 0x13, 0x24, 0x13, 0x36, 0x13, 0x36, 0x13, 0x24, 0x13, 0x02, 0x11, 0xD0, 0x0F, 0x2A,
0x0F, 0x1C, 0x0B, 0xAE, 0x0B, 0xA4, 0x0B, 0xA4, 0x0B, 0xA4, 0x0B, 0xA4, 0x08, 0x9E, 0x08, 0x64,
0x13, 0x24, 0x13, 0x24, 0x08, 0x46, 0x08, 0x18, 0x08, 0x46, 0x08, 0x18, 0x08, 0x12, 0x08, 0x08,
0x08, 0x12, 0x08, 0x08, 0x0F, 0x1C, 0x0F, 0x1C, 0x06, 0xB6, 0x04, 0xB0, 0x04, 0x22, 0x04, 0x00,
0x0F, 0x1C, 0x0F, 0x1C, 0x00, 0x02, 0x00, 0x2B, 0x00, 0x01, 0x00, 0x06, 0x00, 0x00, 0x00, 0x08,
0x00, 0x0C, 0x00, 0x06, 0x00, 0x0E, 0x00, 0x11, 0x00, 0x0B, 0x00, 0x13, 0x00, 0x2C, 0x00, 0x0F,
0x00, 0x2E, 0x00, 0x32, 0x00, 0x29, 0x00, 0x34, 0x00, 0x3D, 0x00, 0x2E, 0x00, 0x41, 0x00, 0x49,
0x00, 0x38, 0x00, 0x4B, 0x00, 0x56, 0x00, 0x41, 0x00, 0x58, 0x00, 0x58, 0x00, 0x4D, 0x00, 0x60,
0x00, 0x66, 0x00, 0x4E, 0x00, 0x68, 0x00, 0x6B, 0x00, 0x55, 0x00, 0x6D, 0x00, 0x70, 0x00, 0x59,
0x00, 0x72, 0x00, 0x92, 0x00, 0x5D, 0x00, 0x94, 0x00, 0x97, 0x00, 0x7E, 0x00, 0x99, 0x00, 0xB7,
0x00, 0x82, 0x00, 0xB9, 0x00, 0xBD, 0x00, 0xA1, 0x00, 0xBF, 0x00, 0xC2, 0x00, 0xA6, 0x00, 0xC4,
0x00, 0xD1, 0x00, 0xAA, 0x00, 0xD3, 0x00, 0xD4, 0x00, 0xB8, 0x00, 0xD6, 0x00, 0xDD, 0x00, 0xBA,
0x00, 0xDF, 0x00, 0xE3, 0x00, 0xC2, 0x00, 0xE5, 0x00, 0xF2, 0x00, 0xC7, 0x00, 0xF4, 0x00, 0xF9,
0x00, 0xD5, 0x00, 0xFB, 0x00, 0xFF, 0x00, 0xDB, 0x01, 0x01, 0x01, 0x09, 0x00, 0xE0, 0x01, 0x0B,
0x01, 0x1A, 0x00, 0xE9, 0x01, 0x1C, 0x01, 0x1F, 0x00, 0xF9, 0x01, 0x21, 0x01, 0x24, 0x00, 0xFD,
0x01, 0x26, 0x01, 0x46, 0x01, 0x01, 0x01, 0x48, 0x01, 0x4B, 0x01, 0x22, 0x01, 0x4D, 0x01, 0x65,
0x01, 0x26, 0x01, 0x67, 0x01, 0x68, 0x01, 0x3F, 0x01, 0xDF, 0x01, 0xF2, 0x01, 0x41, 0x01, 0xF6,
0x01, 0xF6, 0x01, 0x55, 0x01, 0xFC, 0x02, 0x00, 0x01, 0x56, 0x02, 0x02, 0x02, 0x04, 0x01, 0x5B,
0x02, 0x07, 0x02, 0x07, 0x01, 0x5E, 0x02, 0x09, 0x02, 0x09, 0x01, 0x5F, 0x02, 0x0B, 0x02, 0x10,
0x01, 0x60, 0x02, 0x16, 0x02, 0x21, 0x01, 0x66, 0x02, 0x26, 0x02, 0x27, 0x01, 0x72, 0x02, 0x2B,
0x02, 0x2C, 0x01, 0x74, 0x02, 0x2E, 0x02, 0x2F, 0x01, 0x76, 0x00, 0x08, 0x00, 0x87, 0x00, 0x00,
0x00, 0x88, 0x00, 0x00, 0x00, 0x89, 0x00, 0x00, 0x00, 0x8A, 0x00, 0x00, 0x00, 0x8B, 0x00, 0x00,
0x00, 0x9F, 0x00, 0x14, 0x00, 0xA5, 0x00, 0x00, 0x01, 0x59, 0x00, 0x00, 0x00, 0x23, 0x00, 0x01,
0xFF, 0xC1, 0x00, 0x02, 0xFF, 0xC1, 0x00, 0x03, 0xFF, 0xC1, 0x00, 0x04, 0xFF, 0xC1, 0x00, 0x05,
0xFF, 0xC1, 0x00, 0x06, 0xFF, 0xC1, 0x00, 0x08, 0xFF, 0xC1, 0x00, 0x09, 0xFF, 0xC1, 0x00, 0x0A,
0xFF, 0xC1, 0x00, 0x0B, 0xFF, 0xC1, 0x00, 0x0C, 0xFF, 0xC1, 0x00, 0x0E, 0xFF, 0xC1, 0x00, 0x0F,
0xFF, 0xC1, 0x00, 0x10, 0xFF, 0xC1, 0x00, 0x11, 0xFF, 0xC1, 0x00, 0x13, 0xFF, 0xC1, 0x00, 0x14,
0xFF, 0xC1, 0x00, 0x15, 0xFF, 0xC1, 0x00, 0x16, 0xFF, 0xC1, 0x00, 0x17, 0xFF, 0xC1, 0x00, 0x18,
0xFF, 0xC1, 0x00, 0x19, 0xFF, 0xC1, 0x00, 0xA0, 0x00, 0x0F, 0x00, 0xA1, 0x00, 0x0F, 0x00, 0xA2,
0x00, 0x0F, 0x00, 0xA3, 0x00, 0x0F, 0x00, 0xA4, 0x00, 0x0F, 0x00, 0xA6, 0x00, 0x03, 0x00, 0xA7,
0x00, 0x03, 0x00, 0xA8, 0x00, 0x03, 0x00, 0xA9, 0x00, 0x03, 0x00, 0xAA, 0x00, 0x03, 0x00, 0xAB,
0x00, 0x03, 0x00, 0xAC, 0x00, 0x03, 0x00, 0xAD, 0x00, 0x03, 0x00, 0x81, 0x00, 0x01, 0x00, 0x02,
0x00, 0x02, 0x00, 0x02, 0x00, 0x03, 0x00, 0x02, 0x00, 0x04, 0x00, 0x02, 0x00, 0x05, 0x00, 0x02,
0x00, 0x06, 0x00, 0x02, 0x00, 0x08, 0x00, 0x02, 0x00, 0x09, 0x00, 0x02, 0x00, 0x0A, 0x00, 0x02,
0x00, 0x0B, 0x00, 0x02, 0x00, 0x0C, 0x00, 0x02, 0x00, 0x0E, 0x00, 0x02, 0x00, 0x0F, 0x00, 0x02,
0x00, 0x10, 0x00, 0x02, 0x00, 0x11, 0x00, 0x02, 0x00, 0x13, 0x00, 0x02, 0x00, 0x14, 0x00, 0x02,
0x00, 0x15, 0x00, 0x02, 0x00, 0x16, 0x00, 0x02, 0x00, 0x17, 0x00, 0x02, 0x00, 0x18, 0x00, 0x02,
0x00, 0x19, 0x00, 0x02, 0x00, 0x80, 0xFF, 0xFE, 0x00, 0x81, 0xFF, 0xFE, 0x00, 0x82, 0xFF, 0xFE,
0x00, 0x83, 0xFF, 0xFE, 0x00, 0x84, 0xFF, 0xFE, 0x00, 0x85, 0xFF, 0xFE, 0x00, 0x87, 0xFF, 0xD1,
0x00, 0x88, 0xFF, 0xD1, 0x00, 0x89, 0xFF, 0xD1, 0x00, 0x8A, 0xFF, 0xD1, 0x00, 0x8B, 0xFF, 0xD1,
0x00, 0x9F, 0xFF, 0xE4, 0x00, 0xA0, 0xFF, 0xF3, 0x00, 0xA1, 0xFF, 0xF3, 0x00, 0xA2, 0xFF, 0xF3,
0x00, 0xA3, 0xFF, 0xF3, 0x00, 0xA4, 0xFF, 0xF3, 0x00, 0xA5, 0x00, 0x00, 0x00, 0xA6, 0xFF, 0xD1,
0x00, 0xA7, 0xFF, 0xD1, 0x00, 0xA8, 0xFF, 0xD1, 0x00, 0xA9, 0xFF, 0xD1, 0x00, 0xAA, 0xFF, 0xD1,
0x00, 0xAB, 0xFF, 0xD1, 0x00, 0xAC, 0xFF, 0xD1, 0x00, 0xAD, 0xFF, 0xD1, 0x00, 0xAE, 0xFF, 0xFD,
0x00, 0xAF, 0xFF, 0xFD, 0x00, 0xB0, 0xFF, 0xFD, 0x00, 0xB1, 0xFF, 0xFD, 0x00, 0xB2, 0x00, 0x03,
0x00, 0xB3, 0x00, 0x03, 0x00, 0xB4, 0x00, 0x03, 0x00, 0xB5, 0x00, 0x03, 0x00, 0xB6, 0x00, 0x03,
0x00, 0xB7, 0x00, 0x03, 0x00, 0xB9, 0x00, 0x03, 0x00, 0xBA, 0x00, 0x03, 0x00, 0xBB, 0x00, 0x03,
0x00, 0xBC, 0x00, 0x03, 0x00, 0xBD, 0x00, 0x03, 0x00, 0xBF, 0x00, 0x03, 0x00, 0xC0, 0x00, 0x03,
0x00, 0xC1, 0x00, 0x03, 0x00, 0xC2, 0x00, 0x03, 0x00, 0xC4, 0x00, 0x03, 0x00, 0xC5, 0x00, 0x03,
0x00, 0xC6, 0x00, 0x03, 0x00, 0xC7, 0x00, 0x03, 0x00, 0xC8, 0x00, 0x03, 0x00, 0xC9, 0x00, 0x03,
0x00, 0xCA, 0x00, 0x03, 0x00, 0xCC, 0x00, 0x0A, 0x00, 0xCD, 0x00, 0x0A, 0x00, 0xCE, 0x00, 0x0A,
0x00, 0xCF, 0x00, 0x0A, 0x00, 0xD0, 0x00, 0x0A, 0x00, 0xD1, 0x00, 0x0A, 0x00, 0xD2, 0x00, 0x0A,
0x00, 0xD3, 0x00, 0x0A, 0x00, 0xD4, 0x00, 0x0A, 0x00, 0xD5, 0x00, 0x0A, 0x00, 0xD6, 0x00, 0x0A,
0x00, 0xD7, 0x00, 0x0A, 0x00, 0xD8, 0x00, 0x0A, 0x00, 0xD9, 0x00, 0x0A, 0x00, 0xDA, 0x00, 0x0A,
0x00, 0xDB, 0x00, 0x0A, 0x00, 0xDC, 0x00, 0x0A, 0x00, 0xDD, 0x00, 0x0A, 0x00, 0xDF, 0x00, 0x0A,
0x00, 0xE0, 0x00, 0x0A, 0x00, 0xE1, 0x00, 0x0A, 0x00, 0xE2, 0x00, 0x0A, 0x00, 0xE3, 0x00, 0x0A,
0x00, 0xE5, 0x00, 0x0A, 0x00, 0xE6, 0x00, 0x0A, 0x00, 0xE7, 0x00, 0x0A, 0x00, 0xE8, 0x00, 0x0A,
0x01, 0x14, 0x00, 0x0A, 0x01, 0x15, 0x00, 0x0A, 0x01, 0x16, 0x00, 0x0A, 0x01, 0x17, 0x00, 0x0A,
0x01, 0x18, 0x00, 0x0A, 0x01, 0x19, 0x00, 0x0A, 0x01, 0x1A, 0x00, 0x0A, 0x01, 0x1C, 0x00, 0x0A,
0x01, 0x1D, 0x00, 0x0A, 0x01, 0x1E, 0x00, 0x0A, 0x01, 0x1F, 0x00, 0x0A, 0x01, 0x21, 0x00, 0x0A,
0x01, 0x22, 0x00, 0x0A, 0x01, 0x23, 0x00, 0x0A, 0x01, 0x24, 0x00, 0x0A, 0x01, 0x26, 0x00, 0x0A,
0x01, 0x27, 0x00, 0x0A, 0x01, 0x28, 0x00, 0x0A, 0x01, 0x29, 0x00, 0x0A, 0x01, 0x2A, 0x00, 0x0A,
0x01, 0x2B, 0x00, 0x0A, 0x01, 0x2C, 0x00, 0x0A, 0x01, 0x2F, 0x00, 0x0A, 0x01, 0x3B, 0xFF, 0xFD,
0x01, 0x3C, 0xFF, 0xFD, 0x01, 0x3D, 0xFF, 0xFD, 0x01, 0x3E, 0xFF, 0xFD, 0x01, 0x3F, 0xFF, 0xFD,
0x00, 0x54, 0x00, 0x01, 0xFF, 0xF3, 0x00, 0x02, 0xFF, 0xF3, 0x00, 0x03, 0xFF, 0xF3, 0x00, 0x04,
0xFF, 0xF3, 0x00, 0x05, 0xFF, 0xF3, 0x00, 0x06, 0xFF, 0xF3, 0x00, 0x08, 0xFF, 0xF3, 0x00, 0x09,
0xFF, 0xF3, 0x00, 0x0A, 0xFF, 0xF3, 0x00, 0x0B, 0xFF, 0xF3, 0x00, 0x0C, 0xFF, 0xF3, 0x00, 0x0E,
0xFF, 0xF3, 0x00, 0x0F, 0xFF, 0xF3, 0x00, 0x10, 0xFF, 0xF3, 0x00, 0x11, 0xFF, 0xF3, 0x00, 0x13,
0xFF, 0xF3, 0x00, 0x14, 0xFF, 0xF3, 0x00, 0x15, 0xFF, 0xF3, 0x00, 0x16, 0xFF, 0xF3, 0x00, 0x17,
0xFF, 0xF3, 0x00, 0x18, 0xFF, 0xF3, 0x00, 0x19, 0xFF, 0xF3, 0x00, 0x41, 0xFF, 0xEF, 0x00, 0x43,
0xFF, 0xEF, 0x00, 0x44, 0xFF, 0xEF, 0x00, 0x45, 0xFF, 0xEF, 0x00, 0x46, 0xFF, 0xEF, 0x00, 0x47,
0xFF, 0xEF, 0x00, 0x48, 0xFF, 0xEF, 0x00, 0x49, 0xFF, 0xEF, 0x00, 0x4B, 0xFF, 0xEF, 0x00, 0x4C,
0xFF, 0xEF, 0x00, 0x4D, 0xFF, 0xEF, 0x00, 0x4E, 0xFF, 0xE9, 0x00, 0x4F, 0xFF, 0xE9, 0x00, 0x50,
0xFF, 0xE9, 0x00, 0x80, 0xFF, 0xF6, 0x00, 0x81, 0xFF, 0xF6, 0x00, 0x82, 0xFF, 0xF6, 0x00, 0x83,
0xFF, 0xF6, 0x00, 0x84, 0xFF, 0xF6, 0x00, 0x85, 0xFF, 0xF6, 0x00, 0x87, 0xFF, 0xDB, 0x00, 0x88,
0xFF, 0xDB, 0x00, 0x89, 0xFF, 0xDB, 0x00, 0x8A, 0xFF, 0xDB, 0x00, 0x8B, 0xFF, 0xDB, 0x00, 0xA0,
0xFF, 0xEC, 0x00, 0xA1, 0xFF, 0xEC, 0x00, 0xA2, 0xFF, 0xEC, 0x00, 0xA3, 0xFF, 0xEC, 0x00, 0xA4,
0xFF, 0xEC, 0x00, 0xA5, 0xFF, 0xDF, 0x00, 0xA6, 0xFF, 0xD1, 0x00, 0xA7, 0xFF, 0xD1, 0x00, 0xA8,
0xFF, 0xD1, 0x00, 0xA9, 0xFF, 0xD1, 0x00, 0xAA, 0xFF, 0xD1, 0x00, 0xAB, 0xFF, 0xD1, 0x00, 0xAC,
0xFF, 0xD1, 0x00, 0xAD, 0xFF, 0xD1, 0x00, 0xEA, 0xFF, 0xFE, 0x00, 0xEB, 0xFF, 0xFE, 0x00, 0xEC,
0xFF, 0xFE, 0x00, 0xED, 0xFF, 0xFE, 0x00, 0xEE, 0xFF, 0xFE, 0x01, 0x54, 0xFF, 0xFD, 0x01, 0x55,
0xFF, 0xFD, 0x01, 0x56, 0xFF, 0xFD, 0x01, 0x57, 0xFF, 0xFD, 0x01, 0x58, 0xFF, 0xFD, 0x01, 0x59,
0xFF, 0xF3, 0x01, 0x5A, 0xFF, 0xF6, 0x01, 0x5B, 0xFF, 0xF6, 0x01, 0x5C, 0xFF, 0xF6, 0x01, 0x5D,
0xFF, 0xF6, 0x01, 0x5E, 0xFF, 0xF6, 0x01, 0x5F, 0xFF, 0xF6, 0x01, 0x60, 0xFF, 0xF6, 0x01, 0x61,
0xFF, 0xF6, 0x01, 0x62, 0xFF, 0xF6, 0x01, 0x63, 0xFF, 0xF6, 0x01, 0x64, 0xFF, 0xF6, 0x01, 0x65,
0xFF, 0xF6, 0x00, 0x02, 0x00, 0x9F, 0xFF, 0xF1, 0x01, 0x59, 0xFF, 0xF6, 0x00, 0x01, 0x00, 0x9F,
0xFF, 0xF3, 0x00, 0x0B, 0x00, 0x18, 0xFF, 0x8F, 0x00, 0x19, 0xFF, 0x8F, 0x00, 0x9F, 0x00, 0x0F,
0x00, 0xA5, 0xFF, 0xFB, 0x00, 0xF5, 0x00, 0x1B, 0x00, 0xF6, 0x00, 0x1E, 0x00, 0xF7, 0x00, 0x1E,
0x00, 0xFC, 0x00, 0x1B, 0x00, 0xFE, 0x00, 0x1C, 0x01, 0x2D, 0xFF, 0xE9, 0x01, 0x59, 0xFF, 0xEA,
0x00, 0x07, 0x00, 0x18, 0xFF, 0x95, 0x00, 0x19, 0xFF, 0x95, 0x00, 0x9F, 0x00, 0x0D, 0x00, 0xA5,
0xFF, 0xFB, 0x01, 0x2D, 0xFF, 0xF3, 0x01, 0x53, 0x00, 0x0D, 0x01, 0x59, 0xFF, 0xF1, 0x00, 0x0E,
0x00, 0xF5, 0x00, 0x11, 0x00, 0xF7, 0x00, 0x11, 0x00, 0xFD, 0x00, 0x0A, 0x00, 0xFF, 0x00, 0x39,
0x01, 0x01, 0x00, 0x39, 0x01, 0x02, 0x00, 0x39, 0x01, 0x5A, 0x00, 0x07, 0x01, 0x5B, 0x00, 0x07,
0x01, 0x5C, 0x00, 0x07, 0x01, 0x5D, 0x00, 0x07, 0x01, 0x5E, 0x00, 0x07, 0x01, 0x5F, 0x00, 0x07,
0x01, 0x60, 0x00, 0x07, 0x01, 0x61, 0x00, 0x07, 0x00, 0xC1, 0x00, 0x01, 0x00, 0x0F, 0x00, 0x02,
0x00, 0x0F, 0x00, 0x03, 0x00, 0x0F, 0x00, 0x04, 0x00, 0x0F, 0x00, 0x05, 0x00, 0x0F, 0x00, 0x06,
0x00, 0x0F, 0x00, 0x08, 0x00, 0x0F, 0x00, 0x09, 0x00, 0x0F, 0x00, 0x0A, 0x00, 0x0F, 0x00, 0x0B,
0x00, 0x0F, 0x00, 0x0C, 0x00, 0x0F, 0x00, 0x0E, 0x00, 0x0F, 0x00, 0x0F, 0x00, 0x0F, 0x00, 0x10,
0x00, 0x0F, 0x00, 0x11, 0x00, 0x0F, 0x00, 0x13, 0x00, 0x0F, 0x00, 0x14, 0x00, 0x0F, 0x00, 0x15,
0x00, 0x0F, 0x00, 0x16, 0x00, 0x0F, 0x00, 0x17, 0x00, 0x0F, 0x00, 0x18, 0x00, 0x0F, 0x00, 0x19,
0x00, 0x0F, 0x00, 0x1B, 0xFF, 0xA9, 0x00, 0x1C, 0xFF, 0xA9, 0x00, 0x1D, 0xFF, 0xA9, 0x00, 0x1E,
0xFF, 0xA9, 0x00, 0x1F, 0xFF, 0xA9, 0x00, 0x20, 0xFF, 0xA9, 0x00, 0x37, 0xFF, 0xA9, 0x00, 0x39,
0xFF, 0xA9, 0x00, 0x3A, 0xFF, 0xA9, 0x00, 0x3B, 0xFF, 0xA9, 0x00, 0x3C, 0xFF, 0xA9, 0x00, 0x3D,
0xFF, 0xA9, 0x00, 0x41, 0x00, 0x07, 0x00, 0x42, 0xFF, 0xC7, 0x00, 0x43, 0x00, 0x07, 0x00, 0x44,
0x00, 0x07, 0x00, 0x45, 0x00, 0x07, 0x00, 0x46, 0x00, 0x07, 0x00, 0x47, 0x00, 0x07, 0x00, 0x48,
0x00, 0x07, 0x00, 0x49, 0x00, 0x07, 0x00, 0x4B, 0x00, 0x07, 0x00, 0x4C, 0x00, 0x07, 0x00, 0x4D,
0x00, 0x07, 0x00, 0x4E, 0xFF, 0xD5, 0x00, 0x4F, 0xFF, 0xD5, 0x00, 0x50, 0xFF, 0xD5, 0x00, 0x60,
0xFF, 0xA9, 0x00, 0x61, 0xFF, 0xA9, 0x00, 0x62, 0xFF, 0xA9, 0x00, 0x63, 0xFF, 0xA9, 0x00, 0x64,
0xFF, 0xA9, 0x00, 0x65, 0xFF, 0xA9, 0x00, 0x66, 0xFF, 0xA9, 0x00, 0x68, 0xFF, 0xA9, 0x00, 0x69,
0xFF, 0xA9, 0x00, 0x6A, 0xFF, 0xA9, 0x00, 0x6B, 0xFF, 0xA9, 0x00, 0x6D, 0xFF, 0xA9, 0x00, 0x6E,
0xFF, 0xA9, 0x00, 0x6F, 0xFF, 0xA9, 0x00, 0x70, 0xFF, 0xA9, 0x00, 0x72, 0xFF, 0xA9, 0x00, 0x73,
0xFF, 0xA9, 0x00, 0x74, 0xFF, 0xA9, 0x00, 0x75, 0xFF, 0xA9, 0x00, 0x76, 0xFF, 0xA9, 0x00, 0x77,
0xFF, 0xA9, 0x00, 0x78, 0xFF, 0xA9, 0x00, 0x7B, 0xFF, 0xA9, 0x00, 0x80, 0xFF, 0xD1, 0x00, 0x81,
0xFF, 0xD1, 0x00, 0x82, 0xFF, 0xD1, 0x00, 0x83, 0xFF, 0xD1, 0x00, 0x84, 0xFF, 0xD1, 0x00, 0x85,
0xFF, 0xD1, 0x00, 0x87, 0xFF, 0xB0, 0x00, 0x88, 0xFF, 0xB0, 0x00, 0x89, 0xFF, 0xB0, 0x00, 0x8A,
0xFF, 0xB0, 0x00, 0x8B, 0xFF, 0xB0, 0x00, 0x8C, 0xFF, 0xC7, 0x00, 0x8D, 0xFF, 0xC7, 0x00, 0x8E,
0xFF, 0xC7, 0x00, 0x8F, 0xFF, 0xC7, 0x00, 0x90, 0xFF, 0xC7, 0x00, 0x91, 0xFF, 0xC7, 0x00, 0x92,
0xFF, 0xC7, 0x00, 0x94, 0xFF, 0xC7, 0x00, 0x95, 0xFF, 0xC7, 0x00, 0x96, 0xFF, 0xC7, 0x00, 0x97,
0xFF, 0xC7, 0x00, 0x99, 0xFF, 0xC7, 0x00, 0x9A, 0xFF, 0xC7, 0x00, 0x9B, 0xFF, 0xC7, 0x00, 0x9C,
0xFF, 0xC7, 0x00, 0x9D, 0xFF, 0xC7, 0x00, 0x9E, 0xFF, 0xC7, 0x00, 0x9F, 0xFF, 0xB7, 0x00, 0xA0,
0xFF, 0xCE, 0x00, 0xA1, 0xFF, 0xCE, 0x00, 0xA2, 0xFF, 0xCE, 0x00, 0xA3, 0xFF, 0xCE, 0x00, 0xA4,
0xFF, 0xCE, 0x00, 0xA5, 0x00, 0x14, 0x00, 0xA6, 0xFF, 0xBA, 0x00, 0xA7, 0xFF, 0xBA, 0x00, 0xA8,
0xFF, 0xBA, 0x00, 0xA9, 0xFF, 0xBA, 0x00, 0xAA, 0xFF, 0xBA, 0x00, 0xAB, 0xFF, 0xBA, 0x00, 0xAC,
0xFF, 0xBA, 0x00, 0xAD, 0xFF, 0xBA, 0x00, 0xAE, 0x00, 0x19, 0x00, 0xAF, 0x00, 0x19, 0x00, 0xB0,
0x00, 0x19, 0x00, 0xB1, 0x00, 0x19, 0x00, 0xB2, 0xFF, 0xE2, 0x00, 0xB3, 0xFF, 0xE2, 0x00, 0xB4,
0xFF, 0xE2, 0x00, 0xB5, 0xFF, 0xE2, 0x00, 0xB6, 0xFF, 0xE2, 0x00, 0xB7, 0xFF, 0xE2, 0x00, 0xB9,
0xFF, 0xE2, 0x00, 0xBA, 0xFF, 0xE2, 0x00, 0xBB, 0xFF, 0xE2, 0x00, 0xBC, 0xFF, 0xE2, 0x00, 0xBD,
0xFF, 0xE2, 0x00, 0xBF, 0xFF, 0xE2, 0x00, 0xC0, 0xFF, 0xE2, 0x00, 0xC1, 0xFF, 0xE2, 0x00, 0xC2,
0xFF, 0xE2, 0x00, 0xC4, 0xFF, 0xE2, 0x00, 0xC5, 0xFF, 0xE2, 0x00, 0xC6, 0xFF, 0xE2, 0x00, 0xC7,
0xFF, 0xE2, 0x00, 0xC8, 0xFF, 0xE2, 0x00, 0xC9, 0xFF, 0xE2, 0x00, 0xCA, 0xFF, 0xE2, 0x00, 0xD2,
0xFF, 0xC7, 0x00, 0xD3, 0xFF, 0xC7, 0x00, 0xD4, 0xFF, 0xC7, 0x00, 0xD5, 0xFF, 0xC7, 0x00, 0xE9,
0xFF, 0xE7, 0x00, 0xEA, 0x00, 0x16, 0x00, 0xEB, 0x00, 0x16, 0x00, 0xEC, 0x00, 0x16, 0x00, 0xED,
0x00, 0x16, 0x00, 0xEE, 0x00, 0x16, 0x00, 0xFF, 0x00, 0x34, 0x01, 0x01, 0x00, 0x34, 0x01, 0x02,
0x00, 0x34, 0x01, 0x06, 0xFF, 0xEA, 0x01, 0x07, 0xFF, 0xEA, 0x01, 0x08, 0xFF, 0xEA, 0x01, 0x09,
0xFF, 0xEA, 0x01, 0x0A, 0xFF, 0xEA, 0x01, 0x0B, 0xFF, 0xEA, 0x01, 0x2F, 0xFF, 0xC7, 0x01, 0x34,
0xFF, 0xDB, 0x01, 0x35, 0xFF, 0xDB, 0x01, 0x36, 0xFF, 0xDB, 0x01, 0x37, 0xFF, 0xDB, 0x01, 0x38,
0xFF, 0xDB, 0x01, 0x39, 0xFF, 0xDB, 0x01, 0x3A, 0xFF, 0xE7, 0x01, 0x3B, 0xFF, 0xDA, 0x01, 0x3C,
0xFF, 0xDA, 0x01, 0x3D, 0xFF, 0xDA, 0x01, 0x3E, 0xFF, 0xDA, 0x01, 0x3F, 0xFF, 0xDA, 0x01, 0x53,
0xFF, 0xBA, 0x01, 0x54, 0xFF, 0xD5, 0x01, 0x55, 0xFF, 0xD5, 0x01, 0x56, 0xFF, 0xD5, 0x01, 0x57,
0xFF, 0xD5, 0x01, 0x58, 0xFF, 0xD5, 0x01, 0x5A, 0xFF, 0xF1, 0x01, 0x5B, 0xFF, 0xF1, 0x01, 0x5C,
0xFF, 0xF1, 0x01, 0x5D, 0xFF, 0xF1, 0x01, 0x5E, 0xFF, 0xF1, 0x01, 0x5F, 0xFF, 0xF1, 0x01, 0x60,
0xFF, 0xF1, 0x01, 0x61, 0xFF, 0xF1, 0x01, 0x62, 0x00, 0x08, 0x01, 0x63, 0x00, 0x08, 0x01, 0x64,
0x00, 0x08, 0x01, 0x65, 0x00, 0x08, 0x01, 0x67, 0xFF, 0xE7, 0x01, 0x68, 0xFF, 0xE7, 0x00, 0x02,
0x00, 0xA5, 0xFF, 0xDB, 0x01, 0x53, 0xFF, 0xF8, 0x00, 0xDB, 0x00, 0x1B, 0xFF, 0xEF, 0x00, 0x1C,
0xFF, 0xEF, 0x00, 0x1D, 0xFF, 0xEF, 0x00, 0x1E, 0xFF, 0xEF, 0x00, 0x1F, 0xFF, 0xEF, 0x00, 0x20,
0xFF, 0xEF, 0x00, 0x37, 0xFF, 0xEF, 0x00, 0x39, 0xFF, 0xEF, 0x00, 0x3A, 0xFF, 0xEF, 0x00, 0x3B,
0xFF, 0xEF, 0x00, 0x3C, 0xFF, 0xEF, 0x00, 0x3D, 0xFF, 0xEF, 0x00, 0x4E, 0x00, 0x00, 0x00, 0x4F,
0x00, 0x00, 0x00, 0x50, 0x00, 0x00, 0x00, 0x60, 0xFF, 0xEF, 0x00, 0x61, 0xFF, 0xEF, 0x00, 0x62,
0xFF, 0xEF, 0x00, 0x63, 0xFF, 0xEF, 0x00, 0x64, 0xFF, 0xEF, 0x00, 0x65, 0xFF, 0xEF, 0x00, 0x66,
0xFF, 0xEF, 0x00, 0x68, 0xFF, 0xEF, 0x00, 0x69, 0xFF, 0xEF, 0x00, 0x6A, 0xFF, 0xEF, 0x00, 0x6B,
0xFF, 0xEF, 0x00, 0x6D, 0xFF, 0xEF, 0x00, 0x6E, 0xFF, 0xEF, 0x00, 0x6F, 0xFF, 0xEF, 0x00, 0x70,
0xFF, 0xEF, 0x00, 0x72, 0xFF, 0xEF, 0x00, 0x73, 0xFF, 0xEF, 0x00, 0x74, 0xFF, 0xEF, 0x00, 0x75,
0xFF, 0xEF, 0x00, 0x76, 0xFF, 0xEF, 0x00, 0x77, 0xFF, 0xEF, 0x00, 0x78, 0xFF, 0xEF, 0x00, 0x7B,
0xFF, 0xEF, 0x00, 0x80, 0xFF, 0xEF, 0x00, 0x81, 0xFF, 0xEF, 0x00, 0x82, 0xFF, 0xEF, 0x00, 0x83,
0xFF, 0xEF, 0x00, 0x84, 0xFF, 0xEF, 0x00, 0x85, 0xFF, 0xEF, 0x00, 0x87, 0x00, 0x1B, 0x00, 0x88,
0x00, 0x1B, 0x00, 0x89, 0x00, 0x1B, 0x00, 0x8A, 0x00, 0x1B, 0x00, 0x8B, 0x00, 0x1B, 0x00, 0x9F,
0x00, 0x11, 0x00, 0xA0, 0x00, 0x0F, 0x00, 0xA1, 0x00, 0x0F, 0x00, 0xA2, 0x00, 0x0F, 0x00, 0xA3,
0x00, 0x0F, 0x00, 0xA4, 0x00, 0x0F, 0x00, 0xA6, 0x00, 0x11, 0x00, 0xA7, 0x00, 0x11, 0x00, 0xA8,
0x00, 0x11, 0x00, 0xA9, 0x00, 0x11, 0x00, 0xAA, 0x00, 0x11, 0x00, 0xAB, 0x00, 0x11, 0x00, 0xAC,
0x00, 0x11, 0x00, 0xAD, 0x00, 0x11, 0x00, 0xAE, 0x00, 0x00, 0x00, 0xAF, 0x00, 0x00, 0x00, 0xB0,
0x00, 0x00, 0x00, 0xB1, 0x00, 0x00, 0x00, 0xB2, 0xFF, 0xEC, 0x00, 0xB3, 0xFF, 0xEC, 0x00, 0xB4,
0xFF, 0xEC, 0x00, 0xB5, 0xFF, 0xEC, 0x00, 0xB6, 0xFF, 0xEC, 0x00, 0xB7, 0xFF, 0xEC, 0x00, 0xB9,
0xFF, 0xEC, 0x00, 0xBA, 0xFF, 0xEC, 0x00, 0xBB, 0xFF, 0xEC, 0x00, 0xBC, 0xFF, 0xEC, 0x00, 0xBD,
0xFF, 0xEC, 0x00, 0xBF, 0xFF, 0xEC, 0x00, 0xC0, 0xFF, 0xEC, 0x00, 0xC1, 0xFF, 0xEC, 0x00, 0xC2,
0xFF, 0xEC, 0x00, 0xC4, 0xFF, 0xEC, 0x00, 0xC5, 0xFF, 0xEC, 0x00, 0xC6, 0xFF, 0xEC, 0x00, 0xC7,
0xFF, 0xEC, 0x00, 0xC8, 0xFF, 0xEC, 0x00, 0xC9, 0xFF, 0xEC, 0x00, 0xCA, 0xFF, 0xEC, 0x00, 0xCB,
0x00, 0x00, 0x00, 0xCC, 0xFF, 0xEA, 0x00, 0xCD, 0xFF, 0xEA, 0x00, 0xCE, 0xFF, 0xEA, 0x00, 0xCF,
0xFF, 0xEA, 0x00, 0xD0, 0xFF, 0xEA, 0x00, 0xD1, 0xFF, 0xEA, 0x00, 0xD2, 0xFF, 0xEA, 0x00, 0xD3,
0xFF, 0xEA, 0x00, 0xD4, 0xFF, 0xEA, 0x00, 0xD5, 0xFF, 0xEA, 0x00, 0xD6, 0xFF, 0xEA, 0x00, 0xD7,
0xFF, 0xEA, 0x00, 0xD8, 0xFF, 0xEA, 0x00, 0xD9, 0xFF, 0xEA, 0x00, 0xDA, 0xFF, 0xEA, 0x00, 0xDB,
0xFF, 0xEA, 0x00, 0xDC, 0xFF, 0xEA, 0x00, 0xDD, 0xFF, 0xEA, 0x00, 0xDF, 0xFF, 0xEA, 0x00, 0xE0,
0xFF, 0xEA, 0x00, 0xE1, 0xFF, 0xEA, 0x00, 0xE2, 0xFF, 0xEA, 0x00, 0xE3, 0xFF, 0xEA, 0x00, 0xE5,
0xFF, 0xEA, 0x00, 0xE6, 0xFF, 0xEA, 0x00, 0xE7, 0xFF, 0xEA, 0x00, 0xE8, 0xFF, 0xEA, 0x00, 0xE9,
0x00, 0x00, 0x00, 0xEA, 0xFF, 0xE4, 0x00, 0xEB, 0xFF, 0xE4, 0x00, 0xEC, 0xFF, 0xE4, 0x00, 0xED,
0xFF, 0xE4, 0x00, 0xEE, 0xFF, 0xE4, 0x00, 0xEF, 0x00, 0x00, 0x00, 0xF0, 0x00, 0x00, 0x00, 0xF1,
0x00, 0x00, 0x00, 0xF2, 0x00, 0x00, 0x00, 0xF4, 0x00, 0x00, 0x00, 0xF5, 0x00, 0x2A, 0x00, 0xF6,
0x00, 0x26, 0x00, 0xF7, 0x00, 0x2A, 0x00, 0xF8, 0x00, 0x00, 0x00, 0xF9, 0x00, 0x17, 0x00, 0xFB,
0x00, 0x00, 0x00, 0xFD, 0x00, 0x00, 0x00, 0xFE, 0x00, 0x32, 0x00, 0xFF, 0x00, 0x00, 0x01, 0x01,
0x00, 0x00, 0x01, 0x02, 0x00, 0x2B, 0x01, 0x03, 0x00, 0x00, 0x01, 0x04, 0x00, 0x00, 0x01, 0x05,
0xFF, 0xFD, 0x01, 0x06, 0x00, 0x00, 0x01, 0x07, 0x00, 0x00, 0x01, 0x08, 0x00, 0x00, 0x01, 0x09,
0x00, 0x00, 0x01, 0x0A, 0x00, 0x00, 0x01, 0x0B, 0x00, 0x00, 0x01, 0x0C, 0xFF, 0xFD, 0x01, 0x0D,
0xFF, 0xFD, 0x01, 0x0E, 0xFF, 0xFD, 0x01, 0x10, 0xFF, 0xFD, 0x01, 0x11, 0xFF, 0xFD, 0x01, 0x12,
0xFF, 0xFD, 0x01, 0x13, 0xFF, 0xFD, 0x01, 0x14, 0xFF, 0xEA, 0x01, 0x15, 0xFF, 0xEA, 0x01, 0x16,
0xFF, 0xEA, 0x01, 0x17, 0xFF, 0xEA, 0x01, 0x18, 0xFF, 0xEA, 0x01, 0x19, 0xFF, 0xEA, 0x01, 0x1A,
0xFF, 0xEA, 0x01, 0x1C, 0xFF, 0xEA, 0x01, 0x1D, 0xFF, 0xEA, 0x01, 0x1E, 0xFF, 0xEA, 0x01, 0x1F,
0xFF, 0xEA, 0x01, 0x21, 0xFF, 0xEA, 0x01, 0x22, 0xFF, 0xEA, 0x01, 0x23, 0xFF, 0xEA, 0x01, 0x24,
0xFF, 0xEA, 0x01, 0x26, 0xFF, 0xEA, 0x01, 0x27, 0xFF, 0xEA, 0x01, 0x28, 0xFF, 0xEA, 0x01, 0x29,
0xFF, 0xEA, 0x01, 0x2A, 0xFF, 0xEA, 0x01, 0x2B, 0xFF, 0xEA, 0x01, 0x2C, 0xFF, 0xEA, 0x01, 0x2D,
0x00, 0x00, 0x01, 0x2F, 0xFF, 0xEA, 0x01, 0x30, 0xFF, 0xFD, 0x01, 0x31, 0xFF, 0xFD, 0x01, 0x32,
0xFF, 0xFD, 0x01, 0x33, 0xFF, 0xFD, 0x01, 0x34, 0x00, 0x00, 0x01, 0x35, 0x00, 0x00, 0x01, 0x36,
0x00, 0x00, 0x01, 0x37, 0x00, 0x00, 0x01, 0x38, 0x00, 0x00, 0x01, 0x39, 0x00, 0x00, 0x01, 0x3A,
0x00, 0x00, 0x01, 0x40, 0x00, 0x00, 0x01, 0x41, 0x00, 0x00, 0x01, 0x42, 0x00, 0x00, 0x01, 0x43,
0x00, 0x00, 0x01, 0x44, 0x00, 0x00, 0x01, 0x45, 0x00, 0x00, 0x01, 0x46, 0x00, 0x00, 0x01, 0x48,
0x00, 0x00, 0x01, 0x49, 0x00, 0x00, 0x01, 0x4A, 0x00, 0x00, 0x01, 0x4B, 0x00, 0x00, 0x01, 0x4D,
0x00, 0x00, 0x01, 0x4E, 0x00, 0x00, 0x01, 0x4F, 0x00, 0x00, 0x01, 0x50, 0x00, 0x00, 0x01, 0x51,
0x00, 0x00, 0x01, 0x52, 0x00, 0x00, 0x01, 0x54, 0x00, 0x00, 0x01, 0x55, 0x00, 0x00, 0x01, 0x56,
0x00, 0x00, 0x01, 0x57, 0x00, 0x00, 0x01, 0x58, 0x00, 0x00, 0x01, 0x59, 0x00, 0x00, 0x01, 0x62,
0x00, 0x00, 0x01, 0x63, 0x00, 0x00, 0x01, 0x64, 0x00, 0x00, 0x01, 0x65, 0x00, 0x00, 0x01, 0x67,
0x00, 0x00, 0x01, 0x68, 0x00, 0x00, 0x00, 0x03, 0x00, 0x9F, 0x00, 0x0A, 0x01, 0x53, 0x00, 0x16,
0x01, 0x59, 0x00, 0x07, 0x00, 0xA9, 0x00, 0x01, 0x00, 0x00, 0x00, 0x02, 0x00, 0x00, 0x00, 0x03,
0x00, 0x00, 0x00, 0x04, 0x00, 0x00, 0x00, 0x05, 0x00, 0x00, 0x00, 0x06, 0x00, 0x00, 0x00, 0x08,
0x00, 0x00, 0x00, 0x09, 0x00, 0x00, 0x00, 0x0A, 0x00, 0x00, 0x00, 0x0B, 0x00, 0x00, 0x00, 0x0C,
0x00, 0x00, 0x00, 0x0E, 0x00, 0x00, 0x00, 0x0F, 0x00, 0x00, 0x00, 0x10, 0x00, 0x00, 0x00, 0x11,
0x00, 0x00, 0x00, 0x13, 0x00, 0x00, 0x00, 0x14, 0x00, 0x00, 0x00, 0x15, 0x00, 0x00, 0x00, 0x16,
0x00, 0x00, 0x00, 0x17, 0x00, 0x00, 0x00, 0x18, 0x00, 0x00, 0x00, 0x19, 0x00, 0x00, 0x00, 0x1B,
0xFF, 0xDF, 0x00, 0x1C, 0xFF, 0xDF, 0x00, 0x1D, 0xFF, 0xDF, 0x00, 0x1E, 0xFF, 0xDF, 0x00, 0x1F,
0xFF, 0xDF, 0x00, 0x20, 0xFF, 0xDF, 0x00, 0x37, 0xFF, 0xDF, 0x00, 0x39, 0xFF, 0xDF, 0x00, 0x3A,
0xFF, 0xDF, 0x00, 0x3B, 0xFF, 0xDF, 0x00, 0x3C, 0xFF, 0xDF, 0x00, 0x3D, 0xFF, 0xDF, 0x00, 0x4E,
0xFF, 0xE2, 0x00, 0x4F, 0xFF, 0xE2, 0x00, 0x50, 0xFF, 0xE2, 0x00, 0x60, 0xFF, 0xDF, 0x00, 0x61,
0xFF, 0xDF, 0x00, 0x62, 0xFF, 0xDF, 0x00, 0x63, 0xFF, 0xDF, 0x00, 0x64, 0xFF, 0xDF, 0x00, 0x65,
0xFF, 0xDF, 0x00, 0x66, 0xFF, 0xDF, 0x00, 0x68, 0xFF, 0xDF, 0x00, 0x69, 0xFF, 0xDF, 0x00, 0x6A,
0xFF, 0xDF, 0x00, 0x6B, 0xFF, 0xDF, 0x00, 0x6D, 0xFF, 0xDF, 0x00, 0x6E, 0xFF, 0xDF, 0x00, 0x6F,
0xFF, 0xDF, 0x00, 0x70, 0xFF, 0xDF, 0x00, 0x72, 0xFF, 0xDF, 0x00, 0x73, 0xFF, 0xDF, 0x00, 0x74,
0xFF, 0xDF, 0x00, 0x75, 0xFF, 0xDF, 0x00, 0x76, 0xFF, 0xDF, 0x00, 0x77, 0xFF, 0xDF, 0x00, 0x78,
0xFF, 0xDF, 0x00, 0x7B, 0xFF, 0xDF, 0x00, 0x9F, 0xFF, 0xC1, 0x00, 0xA0, 0xFF, 0xE4, 0x00, 0xA1,
0xFF, 0xE4, 0x00, 0xA2, 0xFF, 0xE4, 0x00, 0xA3, 0xFF, 0xE4, 0x00, 0xA4, 0xFF, 0xE4, 0x00, 0xA6,
0xFF, 0xB5, 0x00, 0xA7, 0xFF, 0xB5, 0x00, 0xA8, 0xFF, 0xB5, 0x00, 0xA9, 0xFF, 0xB5, 0x00, 0xAA,
0xFF, 0xB5, 0x00, 0xAB, 0xFF, 0xB5, 0x00, 0xAC, 0xFF, 0xB5, 0x00, 0xAD, 0xFF, 0xB5, 0x00, 0xCC,
0xFF, 0xF1, 0x00, 0xCD, 0xFF, 0xF1, 0x00, 0xCE, 0xFF, 0xF1, 0x00, 0xCF, 0xFF, 0xF1, 0x00, 0xD0,
0xFF, 0xF1, 0x00, 0xD1, 0xFF, 0xF1, 0x00, 0xD2, 0xFF, 0xF1, 0x00, 0xD3, 0xFF, 0xF1, 0x00, 0xD4,
0xFF, 0xF1, 0x00, 0xD5, 0xFF, 0xF1, 0x00, 0xD6, 0xFF, 0xF1, 0x00, 0xD7, 0xFF, 0xF1, 0x00, 0xD8,
0xFF, 0xF1, 0x00, 0xD9, 0xFF, 0xF1, 0x00, 0xDA, 0xFF, 0xF1, 0x00, 0xDB, 0xFF, 0xF1, 0x00, 0xDC,
0xFF, 0xF1, 0x00, 0xDD, 0xFF, 0xF1, 0x00, 0xDF, 0xFF, 0xF1, 0x00, 0xE0, 0xFF, 0xF1, 0x00, 0xE1,
0xFF, 0xF1, 0x00, 0xE2, 0xFF, 0xF1, 0x00, 0xE3, 0xFF, 0xF1, 0x00, 0xE5, 0xFF, 0xF1, 0x00, 0xE6,
0xFF, 0xF1, 0x00, 0xE7, 0xFF, 0xF1, 0x00, 0xE8, 0xFF, 0xF1, 0x00, 0xFF, 0x00, 0x17, 0x01, 0x01,
0x00, 0x17, 0x01, 0x02, 0x00, 0x17, 0x01, 0x06, 0xFF, 0xF3, 0x01, 0x07, 0xFF, 0xF3, 0x01, 0x08,
0xFF, 0xF3, 0x01, 0x09, 0xFF, 0xF3, 0x01, 0x0A, 0xFF, 0xF3, 0x01, 0x0B, 0xFF, 0xF3, 0x01, 0x14,
0xFF, 0xF1, 0x01, 0x15, 0xFF, 0xF1, 0x01, 0x16, 0xFF, 0xF1, 0x01, 0x17, 0xFF, 0xF1, 0x01, 0x18,
0xFF, 0xF1, 0x01, 0x19, 0xFF, 0xF1, 0x01, 0x1A, 0xFF, 0xF1, 0x01, 0x1C, 0xFF, 0xF1, 0x01, 0x1D,
0xFF, 0xF1, 0x01, 0x1E, 0xFF, 0xF1, 0x01, 0x1F, 0xFF, 0xF1, 0x01, 0x21, 0xFF, 0xF1, 0x01, 0x22,
0xFF, 0xF1, 0x01, 0x23, 0xFF, 0xF1, 0x01, 0x24, 0xFF, 0xF1, 0x01, 0x26, 0xFF, 0xF1, 0x01, 0x27,
0xFF, 0xF1, 0x01, 0x28, 0xFF, 0xF1, 0x01, 0x29, 0xFF, 0xF1, 0x01, 0x2A, 0xFF, 0xF1, 0x01, 0x2B,
0xFF, 0xF1, 0x01, 0x2C, 0xFF, 0xF1, 0x01, 0x2F, 0xFF, 0xF1, 0x01, 0x3B, 0xFF, 0xF3, 0x01, 0x3C,
0xFF, 0xF3, 0x01, 0x3D, 0xFF, 0xF3, 0x01, 0x3E, 0xFF, 0xF3, 0x01, 0x3F, 0xFF, 0xF3, 0x01, 0x40,
0xFF, 0xF3, 0x01, 0x41, 0xFF, 0xF3, 0x01, 0x42, 0xFF, 0xF3, 0x01, 0x43, 0xFF, 0xF3, 0x01, 0x44,
0xFF, 0xF3, 0x01, 0x45, 0xFF, 0xF3, 0x01, 0x46, 0xFF, 0xF3, 0x01, 0x48, 0xFF, 0xF3, 0x01, 0x49,
0xFF, 0xF3, 0x01, 0x4A, 0xFF, 0xF3, 0x01, 0x4B, 0xFF, 0xF3, 0x01, 0x4D, 0xFF, 0xF3, 0x01, 0x4E,
0xFF, 0xF3, 0x01, 0x4F, 0xFF, 0xF3, 0x01, 0x50, 0xFF, 0xF3, 0x01, 0x51, 0xFF, 0xF3, 0x01, 0x52,
0xFF, 0xF3, 0x01, 0x53, 0xFF, 0xDF, 0x01, 0x54, 0xFF, 0xE9, 0x01, 0x55, 0xFF, 0xE9, 0x01, 0x56,
0xFF, 0xE9, 0x01, 0x57, 0xFF, 0xE9, 0x01, 0x58, 0xFF, 0xE9, 0x01, 0x5A, 0xFF, 0xF3, 0x01, 0x5B,
0xFF, 0xF3, 0x01, 0x5C, 0xFF, 0xF3, 0x01, 0x5D, 0xFF, 0xF3, 0x01, 0x5E, 0xFF, 0xF3, 0x01, 0x5F,
0xFF, 0xF3, 0x01, 0x60, 0xFF, 0xF3, 0x01, 0x61, 0xFF, 0xF3, 0x00, 0x4C, 0x00, 0x01, 0xFF, 0xE9,
0x00, 0x02, 0xFF, 0xE9, 0x00, 0x03, 0xFF, 0xE9, 0x00, 0x04, 0xFF, 0xE9, 0x00, 0x05, 0xFF, 0xE9,
0x00, 0x06, 0xFF, 0xE9, 0x00, 0x08, 0xFF, 0xE9, 0x00, 0x09, 0xFF, 0xE9, 0x00, 0x0A, 0xFF, 0xE9,
0x00, 0x0B, 0xFF, 0xE9, 0x00, 0x0C, 0xFF, 0xE9, 0x00, 0x0E, 0xFF, 0xE9, 0x00, 0x0F, 0xFF, 0xE9,
0x00, 0x10, 0xFF, 0xE9, 0x00, 0x11, 0xFF, 0xE9, 0x00, 0x13, 0xFF, 0xE9, 0x00, 0x14, 0xFF, 0xE9,
0x00, 0x15, 0xFF, 0xE9, 0x00, 0x16, 0xFF, 0xE9, 0x00, 0x17, 0xFF, 0xE9, 0x00, 0x18, 0xFF, 0xE9,
0x00, 0x19, 0xFF, 0xE9, 0x00, 0x1B, 0x00, 0x00, 0x00, 0x1C, 0x00, 0x00, 0x00, 0x1D, 0x00, 0x00,
0x00, 0x1E, 0x00, 0x00, 0x00, 0x1F, 0x00, 0x00, 0x00, 0x20, 0x00, 0x00, 0x00, 0x37, 0x00, 0x00,
0x00, 0x39, 0x00, 0x00, 0x00, 0x3A, 0x00, 0x00, 0x00, 0x3B, 0x00, 0x00, 0x00, 0x3C, 0x00, 0x00,
0x00, 0x3D, 0x00, 0x00, 0x00, 0x60, 0x00, 0x00, 0x00, 0x61, 0x00, 0x00, 0x00, 0x62, 0x00, 0x00,
0x00, 0x63, 0x00, 0x00, 0x00, 0x64, 0x00, 0x00, 0x00, 0x65, 0x00, 0x00, 0x00, 0x66, 0x00, 0x00,
0x00, 0x68, 0x00, 0x00, 0x00, 0x69, 0x00, 0x00, 0x00, 0x6A, 0x00, 0x00, 0x00, 0x6B, 0x00, 0x00,
0x00, 0x6D, 0x00, 0x00, 0x00, 0x6E, 0x00, 0x00, 0x00, 0x6F, 0x00, 0x00, 0x00, 0x70, 0x00, 0x00,
0x00, 0x72, 0x00, 0x00, 0x00, 0x73, 0x00, 0x00, 0x00, 0x74, 0x00, 0x00, 0x00, 0x75, 0x00, 0x00,
0x00, 0x76, 0x00, 0x00, 0x00, 0x77, 0x00, 0x00, 0x00, 0x78, 0x00, 0x00, 0x00, 0x7B, 0x00, 0x00,
0x00, 0x87, 0x00, 0x00, 0x00, 0x88, 0x00, 0x00, 0x00, 0x89, 0x00, 0x00, 0x00, 0x8A, 0x00, 0x00,
0x00, 0x8B, 0x00, 0x00, 0x00, 0x9F, 0x00, 0x0A, 0x00, 0xA0, 0x00, 0x0F, 0x00, 0xA1, 0x00, 0x0F,
0x00, 0xA2, 0x00, 0x0F, 0x00, 0xA3, 0x00, 0x0F, 0x00, 0xA4, 0x00, 0x0F, 0x00, 0xA6, 0x00, 0x00,
0x00, 0xA7, 0x00, 0x00, 0x00, 0xA8, 0x00, 0x00, 0x00, 0xA9, 0x00, 0x00, 0x00, 0xAA, 0x00, 0x00,
0x00, 0xAB, 0x00, 0x00, 0x00, 0xAC, 0x00, 0x00, 0x00, 0xAD, 0x00, 0x00, 0x00, 0x08, 0x00, 0xA6,
0xFF, 0xE2, 0x00, 0xA7, 0xFF, 0xE2, 0x00, 0xA8, 0xFF, 0xE2, 0x00, 0xA9, 0xFF, 0xE2, 0x00, 0xAA,
0xFF, 0xE2, 0x00, 0xAB, 0xFF, 0xE2, 0x00, 0xAC, 0xFF, 0xE2, 0x00, 0xAD, 0xFF, 0xE2, 0x00, 0x04,
0x00, 0x18, 0x00, 0x11, 0x00, 0x19, 0x00, 0x11, 0x00, 0xA5, 0x00, 0x0A, 0x01, 0x53, 0xFF, 0xD2,
0x00, 0x02, 0x00, 0x9F, 0xFF, 0xE9, 0x00, 0xA5, 0xFF, 0xF4, 0x00, 0xDC, 0x00, 0x01, 0xFF, 0xBF,
0x00, 0x02, 0xFF, 0xBF, 0x00, 0x03, 0xFF, 0xBF, 0x00, 0x04, 0xFF, 0xBF, 0x00, 0x05, 0xFF, 0xBF,
0x00, 0x06, 0xFF, 0xBF, 0x00, 0x08, 0xFF, 0xBF, 0x00, 0x09, 0xFF, 0xBF, 0x00, 0x0A, 0xFF, 0xBF,
0x00, 0x0B, 0xFF, 0xBF, 0x00, 0x0C, 0xFF, 0xBF, 0x00, 0x0E, 0xFF, 0xBF, 0x00, 0x0F, 0xFF, 0xBF,
0x00, 0x10, 0xFF, 0xBF, 0x00, 0x11, 0xFF, 0xBF, 0x00, 0x13, 0xFF, 0xBF, 0x00, 0x14, 0xFF, 0xBF,
0x00, 0x15, 0xFF, 0xBF, 0x00, 0x16, 0xFF, 0xBF, 0x00, 0x17, 0xFF, 0xBF, 0x00, 0x18, 0xFF, 0xBF,
0x00, 0x19, 0xFF, 0xBF, 0x00, 0x1B, 0xFF, 0xF9, 0x00, 0x1C, 0xFF, 0xF9, 0x00, 0x1D, 0xFF, 0xF9,
0x00, 0x1E, 0xFF, 0xF9, 0x00, 0x1F, 0xFF, 0xF9, 0x00, 0x20, 0xFF, 0xF9, 0x00, 0x37, 0xFF, 0xF9,
0x00, 0x39, 0xFF, 0xF9, 0x00, 0x3A, 0xFF, 0xF9, 0x00, 0x3B, 0xFF, 0xF9, 0x00, 0x3C, 0xFF, 0xF9,
0x00, 0x3D, 0xFF, 0xF9, 0x00, 0x41, 0xFF, 0xFD, 0x00, 0x43, 0xFF, 0xFD, 0x00, 0x44, 0xFF, 0xFD,
0x00, 0x45, 0xFF, 0xFD, 0x00, 0x46, 0xFF, 0xFD, 0x00, 0x47, 0xFF, 0xFD, 0x00, 0x48, 0xFF, 0xFD,
0x00, 0x49, 0xFF, 0xFD, 0x00, 0x4B, 0xFF, 0xFD, 0x00, 0x4C, 0xFF, 0xFD, 0x00, 0x4D, 0xFF, 0xFD,
0x00, 0x4E, 0xFF, 0xCE, 0x00, 0x4F, 0xFF, 0xCE, 0x00, 0x50, 0xFF, 0xCE, 0x00, 0x60, 0xFF, 0xF9,
0x00, 0x61, 0xFF, 0xF9, 0x00, 0x62, 0xFF, 0xF9, 0x00, 0x63, 0xFF, 0xF9, 0x00, 0x64, 0xFF, 0xF9,
0x00, 0x65, 0xFF, 0xF9, 0x00, 0x66, 0xFF, 0xF9, 0x00, 0x68, 0xFF, 0xF9, 0x00, 0x69, 0xFF, 0xF9,
0x00, 0x6A, 0xFF, 0xF9, 0x00, 0x6B, 0xFF, 0xF9, 0x00, 0x6D, 0xFF, 0xF9, 0x00, 0x6E, 0xFF, 0xF9,
0x00, 0x6F, 0xFF, 0xF9, 0x00, 0x70, 0xFF, 0xF9, 0x00, 0x72, 0xFF, 0xF9, 0x00, 0x73, 0xFF, 0xF9,
0x00, 0x74, 0xFF, 0xF9, 0x00, 0x75, 0xFF, 0xF9, 0x00, 0x76, 0xFF, 0xF9, 0x00, 0x77, 0xFF, 0xF9,
0x00, 0x78, 0xFF, 0xF9, 0x00, 0x7B, 0xFF, 0xF9, 0x00, 0x87, 0x00, 0x12, 0x00, 0x88, 0x00, 0x12,
0x00, 0x89, 0x00, 0x12, 0x00, 0x8A, 0x00, 0x12, 0x00, 0x8B, 0x00, 0x12, 0x00, 0xA0, 0x00, 0x0F,
0x00, 0xA1, 0x00, 0x0F, 0x00, 0xA2, 0x00, 0x0F, 0x00, 0xA3, 0x00, 0x0F, 0x00, 0xA4, 0x00, 0x0F,
0x00, 0xA5, 0xFF, 0xFD, 0x00, 0xAE, 0xFF, 0xF9, 0x00, 0xAF, 0xFF, 0xF9, 0x00, 0xB0, 0xFF, 0xF9,
0x00, 0xB1, 0xFF, 0xF9, 0x00, 0xB2, 0xFF, 0xF6, 0x00, 0xB3, 0xFF, 0xF6, 0x00, 0xB4, 0xFF, 0xF6,
0x00, 0xB5, 0xFF, 0xF6, 0x00, 0xB6, 0xFF, 0xF6, 0x00, 0xB7, 0xFF, 0xF6, 0x00, 0xB9, 0xFF, 0xF6,
0x00, 0xBA, 0xFF, 0xF6, 0x00, 0xBB, 0xFF, 0xF6, 0x00, 0xBC, 0xFF, 0xF6, 0x00, 0xBD, 0xFF, 0xF6,
0x00, 0xBF, 0xFF, 0xF6, 0x00, 0xC0, 0xFF, 0xF6, 0x00, 0xC1, 0xFF, 0xF6, 0x00, 0xC2, 0xFF, 0xF6,
0x00, 0xC4, 0xFF, 0xF6, 0x00, 0xC5, 0xFF, 0xF6, 0x00, 0xC6, 0xFF, 0xF6, 0x00, 0xC7, 0xFF, 0xF6,
0x00, 0xC8, 0xFF, 0xF6, 0x00, 0xC9, 0xFF, 0xF6, 0x00, 0xCA, 0xFF, 0xF6, 0x00, 0xCC, 0xFF, 0xF3,
0x00, 0xCD, 0xFF, 0xF3, 0x00, 0xCE, 0xFF, 0xF3, 0x00, 0xCF, 0xFF, 0xF3, 0x00, 0xD0, 0xFF, 0xF3,
0x00, 0xD1, 0xFF, 0xF3, 0x00, 0xD2, 0xFF, 0xF3, 0x00, 0xD3, 0xFF, 0xF3, 0x00, 0xD4, 0xFF, 0xF3,
0x00, 0xD5, 0xFF, 0xF3, 0x00, 0xD6, 0xFF, 0xF3, 0x00, 0xD7, 0xFF, 0xF3, 0x00, 0xD8, 0xFF, 0xF3,
0x00, 0xD9, 0xFF, 0xF3, 0x00, 0xDA, 0xFF, 0xF3, 0x00, 0xDB, 0xFF, 0xF3, 0x00, 0xDC, 0xFF, 0xF3,
0x00, 0xDD, 0xFF, 0xF3, 0x00, 0xDF, 0xFF, 0xF3, 0x00, 0xE0, 0xFF, 0xF3, 0x00, 0xE1, 0xFF, 0xF3,
0x00, 0xE2, 0xFF, 0xF3, 0x00, 0xE3, 0xFF, 0xF3, 0x00, 0xE5, 0xFF, 0xF3, 0x00, 0xE6, 0xFF, 0xF3,
0x00, 0xE7, 0xFF, 0xF3, 0x00, 0xE8, 0xFF, 0xF3, 0x00, 0xE9, 0x00, 0x0C, 0x00, 0xEA, 0xFF, 0xEC,
0x00, 0xEB, 0xFF, 0xEC, 0x00, 0xEC, 0xFF, 0xEC, 0x00, 0xED, 0xFF, 0xEC, 0x00, 0xEE, 0xFF, 0xEC,
0x00, 0xF2, 0x00, 0x17, 0x00, 0xF4, 0x00, 0x17, 0x00, 0xF5, 0x00, 0x17, 0x00, 0xF6, 0x00, 0x17,
0x00, 0xF7, 0x00, 0x17, 0x00, 0xF8, 0x00, 0x17, 0x00, 0xF9, 0x00, 0x17, 0x00, 0xFB, 0x00, 0x17,
0x00, 0xFC, 0x00, 0x17, 0x00, 0xFD, 0x00, 0x17, 0x00, 0xFE, 0x00, 0x17, 0x01, 0x05, 0xFF, 0xF8,
0x01, 0x0C, 0xFF, 0xF8, 0x01, 0x0D, 0xFF, 0xF8, 0x01, 0x0E, 0xFF, 0xF8, 0x01, 0x10, 0xFF, 0xF8,
0x01, 0x11, 0xFF, 0xF8, 0x01, 0x12, 0xFF, 0xF8, 0x01, 0x13, 0xFF, 0xF8, 0x01, 0x14, 0xFF, 0xF3,
0x01, 0x15, 0xFF, 0xF3, 0x01, 0x16, 0xFF, 0xF3, 0x01, 0x17, 0xFF, 0xF3, 0x01, 0x18, 0xFF, 0xF3,
0x01, 0x19, 0xFF, 0xF3, 0x01, 0x1A, 0xFF, 0xF3, 0x01, 0x1C, 0xFF, 0xF3, 0x01, 0x1D, 0xFF, 0xF3,
0x01, 0x1E, 0xFF, 0xF3, 0x01, 0x1F, 0xFF, 0xF3, 0x01, 0x21, 0xFF, 0xF3, 0x01, 0x22, 0xFF, 0xF3,
0x01, 0x23, 0xFF, 0xF3, 0x01, 0x24, 0xFF, 0xF3, 0x01, 0x26, 0xFF, 0xF3, 0x01, 0x27, 0xFF, 0xF3,
0x01, 0x28, 0xFF, 0xF3, 0x01, 0x29, 0xFF, 0xF3, 0x01, 0x2A, 0xFF, 0xF3, 0x01, 0x2B, 0xFF, 0xF3,
0x01, 0x2C, 0xFF, 0xF3, 0x01, 0x2D, 0xFF, 0xFE, 0x01, 0x2F, 0xFF, 0xF3, 0x01, 0x30, 0xFF, 0xF8,
0x01, 0x31, 0xFF, 0xF8, 0x01, 0x32, 0xFF, 0xF8, 0x01, 0x33, 0xFF, 0xF8, 0x01, 0x34, 0xFF, 0xEF,
0x01, 0x35, 0xFF, 0xEF, 0x01, 0x36, 0xFF, 0xEF, 0x01, 0x37, 0xFF, 0xEF, 0x01, 0x38, 0xFF, 0xEF,
0x01, 0x39, 0xFF, 0xEF, 0x01, 0x3A, 0x00, 0x0C, 0x01, 0x3B, 0x00, 0x17, 0x01, 0x3C, 0x00, 0x17,
0x01, 0x3D, 0x00, 0x17, 0x01, 0x3E, 0x00, 0x17, 0x01, 0x3F, 0x00, 0x17, 0x01, 0x53, 0x00, 0x11,
0x01, 0x54, 0x00, 0x11, 0x01, 0x55, 0x00, 0x11, 0x01, 0x56, 0x00, 0x11, 0x01, 0x57, 0x00, 0x11,
0x01, 0x58, 0x00, 0x11, 0x01, 0x5A, 0x00, 0x11, 0x01, 0x5B, 0x00, 0x11, 0x01, 0x5C, 0x00, 0x11,
0x01, 0x5D, 0x00, 0x11, 0x01, 0x5E, 0x00, 0x11, 0x01, 0x5F, 0x00, 0x11, 0x01, 0x60, 0x00, 0x11,
0x01, 0x61, 0x00, 0x11, 0x01, 0x62, 0x00, 0x07, 0x01, 0x63, 0x00, 0x07, 0x01, 0x64, 0x00, 0x07,
0x01, 0x65, 0x00, 0x07, 0x01, 0x67, 0x00, 0x0C, 0x01, 0x68, 0x00, 0x0C, 0x00, 0x6F, 0x00, 0x01,
0xFF, 0xCC, 0x00, 0x02, 0xFF, 0xCC, 0x00, 0x03, 0xFF, 0xCC, 0x00, 0x04, 0xFF, 0xCC, 0x00, 0x05,
0xFF, 0xCC, 0x00, 0x06, 0xFF, 0xCC, 0x00, 0x08, 0xFF, 0xCC, 0x00, 0x09, 0xFF, 0xCC, 0x00, 0x0A,
0xFF, 0xCC, 0x00, 0x0B, 0xFF, 0xCC, 0x00, 0x0C, 0xFF, 0xCC, 0x00, 0x0E, 0xFF, 0xCC, 0x00, 0x0F,
0xFF, 0xCC, 0x00, 0x10, 0xFF, 0xCC, 0x00, 0x11, 0xFF, 0xCC, 0x00, 0x13, 0xFF, 0xCC, 0x00, 0x14,
0xFF, 0xCC, 0x00, 0x15, 0xFF, 0xCC, 0x00, 0x16, 0xFF, 0xCC, 0x00, 0x17, 0xFF, 0xCC, 0x00, 0x18,
0xFF, 0xCC, 0x00, 0x19, 0xFF, 0xCC, 0x00, 0x41, 0xFF, 0xF9, 0x00, 0x43, 0xFF, 0xF9, 0x00, 0x44,
0xFF, 0xF9, 0x00, 0x45, 0xFF, 0xF9, 0x00, 0x46, 0xFF, 0xF9, 0x00, 0x47, 0xFF, 0xF9, 0x00, 0x48,
0xFF, 0xF9, 0x00, 0x49, 0xFF, 0xF9, 0x00, 0x4B, 0xFF, 0xF9, 0x00, 0x4C, 0xFF, 0xF9, 0x00, 0x4D,
0xFF, 0xF9, 0x00, 0x4E, 0xFF, 0xCB, 0x00, 0x4F, 0xFF, 0xCB, 0x00, 0x50, 0xFF, 0xCB, 0x00, 0x87,
0x00, 0x0A, 0x00, 0x88, 0x00, 0x0A, 0x00, 0x89, 0x00, 0x0A, 0x00, 0x8A, 0x00, 0x0A, 0x00, 0x8B,
0x00, 0x0A, 0x00, 0xA0, 0x00, 0x08, 0x00, 0xA1, 0x00, 0x08, 0x00, 0xA2, 0x00, 0x08, 0x00, 0xA3,
0x00, 0x08, 0x00, 0xA4, 0x00, 0x08, 0x00, 0xAE, 0xFF, 0xF9, 0x00, 0xAF, 0xFF, 0xF9, 0x00, 0xB0,
0xFF, 0xF9, 0x00, 0xB1, 0xFF, 0xF9, 0x00, 0xB2, 0xFF, 0xFD, 0x00, 0xB3, 0xFF, 0xFD, 0x00, 0xB4,
0xFF, 0xFD, 0x00, 0xB5, 0xFF, 0xFD, 0x00, 0xB6, 0xFF, 0xFD, 0x00, 0xB7, 0xFF, 0xFD, 0x00, 0xB9,
0xFF, 0xFD, 0x00, 0xBA, 0xFF, 0xFD, 0x00, 0xBB, 0xFF, 0xFD, 0x00, 0xBC, 0xFF, 0xFD, 0x00, 0xBD,
0xFF, 0xFD, 0x00, 0xBF, 0xFF, 0xFD, 0x00, 0xC0, 0xFF, 0xFD, 0x00, 0xC1, 0xFF, 0xFD, 0x00, 0xC2,
0xFF, 0xFD, 0x00, 0xC4, 0xFF, 0xFD, 0x00, 0xC5, 0xFF, 0xFD, 0x00, 0xC6, 0xFF, 0xFD, 0x00, 0xC7,
0xFF, 0xFD, 0x00, 0xC8, 0xFF, 0xFD, 0x00, 0xC9, 0xFF, 0xFD, 0x00, 0xCA, 0xFF, 0xFD, 0x00, 0xE9,
0x00, 0x0D, 0x00, 0xEA, 0xFF, 0xFD, 0x00, 0xEB, 0xFF, 0xFD, 0x00, 0xEC, 0xFF, 0xFD, 0x00, 0xED,
0xFF, 0xFD, 0x00, 0xEE, 0xFF, 0xFD, 0x00, 0xF2, 0x00, 0x17, 0x00, 0xF4, 0x00, 0x17, 0x00, 0xF5,
0x00, 0x17, 0x00, 0xF6, 0x00, 0x17, 0x00, 0xF7, 0x00, 0x17, 0x00, 0xF8, 0x00, 0x17, 0x00, 0xF9,
0x00, 0x17, 0x00, 0xFB, 0x00, 0x17, 0x00, 0xFC, 0x00, 0x17, 0x00, 0xFD, 0x00, 0x17, 0x00, 0xFE,
0x00, 0x17, 0x01, 0x3A, 0x00, 0x0D, 0x01, 0x53, 0x00, 0x14, 0x01, 0x54, 0x00, 0x14, 0x01, 0x55,
0x00, 0x14, 0x01, 0x56, 0x00, 0x14, 0x01, 0x57, 0x00, 0x14, 0x01, 0x58, 0x00, 0x14, 0x01, 0x59,
0x00, 0x07, 0x01, 0x5A, 0x00, 0x14, 0x01, 0x5B, 0x00, 0x14, 0x01, 0x5C, 0x00, 0x14, 0x01, 0x5D,
0x00, 0x14, 0x01, 0x5E, 0x00, 0x14, 0x01, 0x5F, 0x00, 0x14, 0x01, 0x60, 0x00, 0x14, 0x01, 0x61,
0x00, 0x14, 0x01, 0x62, 0x00, 0x0F, 0x01, 0x63, 0x00, 0x0F, 0x01, 0x64, 0x00, 0x0F, 0x01, 0x65,
0x00, 0x0F, 0x01, 0x67, 0x00, 0x0D, 0x01, 0x68, 0x00, 0x0D, 0x00, 0xFC, 0x00, 0x01, 0xFF, 0xB3,
0x00, 0x02, 0xFF, 0xB3, 0x00, 0x03, 0xFF, 0xB3, 0x00, 0x04, 0xFF, 0xB3, 0x00, 0x05, 0xFF, 0xB3,
0x00, 0x06, 0xFF, 0xB3, 0x00, 0x08, 0xFF, 0xB3, 0x00, 0x09, 0xFF, 0xB3, 0x00, 0x0A, 0xFF, 0xB3,
0x00, 0x0B, 0xFF, 0xB3, 0x00, 0x0C, 0xFF, 0xB3, 0x00, 0x0E, 0xFF, 0xB3, 0x00, 0x0F, 0xFF, 0xB3,
0x00, 0x10, 0xFF, 0xB3, 0x00, 0x11, 0xFF, 0xB3, 0x00, 0x13, 0xFF, 0xB3, 0x00, 0x14, 0xFF, 0xB3,
0x00, 0x15, 0xFF, 0xB3, 0x00, 0x16, 0xFF, 0xB3, 0x00, 0x17, 0xFF, 0xB3, 0x00, 0x18, 0xFF, 0xB3,
0x00, 0x19, 0xFF, 0xB3, 0x00, 0x1B, 0xFF, 0xFB, 0x00, 0x1C, 0xFF, 0xFB, 0x00, 0x1D, 0xFF, 0xFB,
0x00, 0x1E, 0xFF, 0xFB, 0x00, 0x1F, 0xFF, 0xFB, 0x00, 0x20, 0xFF, 0xFB, 0x00, 0x37, 0xFF, 0xFB,
0x00, 0x39, 0xFF, 0xFB, 0x00, 0x3A, 0xFF, 0xFB, 0x00, 0x3B, 0xFF, 0xFB, 0x00, 0x3C, 0xFF, 0xFB,
0x00, 0x3D, 0xFF, 0xFB, 0x00, 0x41, 0x00, 0x07, 0x00, 0x43, 0x00, 0x07, 0x00, 0x44, 0x00, 0x07,
0x00, 0x45, 0x00, 0x07, 0x00, 0x46, 0x00, 0x07, 0x00, 0x47, 0x00, 0x07, 0x00, 0x48, 0x00, 0x07,
0x00, 0x49, 0x00, 0x07, 0x00, 0x4B, 0x00, 0x07, 0x00, 0x4C, 0x00, 0x07, 0x00, 0x4D, 0x00, 0x07,
0x00, 0x4E, 0xFF, 0xD6, 0x00, 0x4F, 0xFF, 0xD6, 0x00, 0x50, 0xFF, 0xD6, 0x00, 0x60, 0xFF, 0xFB,
0x00, 0x61, 0xFF, 0xFB, 0x00, 0x62, 0xFF, 0xFB, 0x00, 0x63, 0xFF, 0xFB, 0x00, 0x64, 0xFF, 0xFB,
0x00, 0x65, 0xFF, 0xFB, 0x00, 0x66, 0xFF, 0xFB, 0x00, 0x68, 0xFF, 0xFB, 0x00, 0x69, 0xFF, 0xFB,
0x00, 0x6A, 0xFF, 0xFB, 0x00, 0x6B, 0xFF, 0xFB, 0x00, 0x6D, 0xFF, 0xFB, 0x00, 0x6E, 0xFF, 0xFB,
0x00, 0x6F, 0xFF, 0xFB, 0x00, 0x70, 0xFF, 0xFB, 0x00, 0x72, 0xFF, 0xFB, 0x00, 0x73, 0xFF, 0xFB,
0x00, 0x74, 0xFF, 0xFB, 0x00, 0x75, 0xFF, 0xFB, 0x00, 0x76, 0xFF, 0xFB, 0x00, 0x77, 0xFF, 0xFB,
0x00, 0x78, 0xFF, 0xFB, 0x00, 0x7B, 0xFF, 0xFB, 0x00, 0x80, 0xFF, 0xF6, 0x00, 0x81, 0xFF, 0xF6,
0x00, 0x82, 0xFF, 0xF6, 0x00, 0x83, 0xFF, 0xF6, 0x00, 0x84, 0xFF, 0xF6, 0x00, 0x85, 0xFF, 0xF6,
0x00, 0x87, 0x00, 0x1E, 0x00, 0x88, 0x00, 0x1E, 0x00, 0x89, 0x00, 0x1E, 0x00, 0x8A, 0x00, 0x1E,
0x00, 0x8B, 0x00, 0x1E, 0x00, 0xA0, 0x00, 0x1B, 0x00, 0xA1, 0x00, 0x1B, 0x00, 0xA2, 0x00, 0x1B,
0x00, 0xA3, 0x00, 0x1B, 0x00, 0xA4, 0x00, 0x1B, 0x00, 0xA5, 0x00, 0x08, 0x00, 0xA6, 0x00, 0x11,
0x00, 0xA7, 0x00, 0x11, 0x00, 0xA8, 0x00, 0x11, 0x00, 0xA9, 0x00, 0x11, 0x00, 0xAA, 0x00, 0x11,
0x00, 0xAB, 0x00, 0x11, 0x00, 0xAC, 0x00, 0x11, 0x00, 0xAD, 0x00, 0x11, 0x00, 0xAE, 0x00, 0x07,
0x00, 0xAF, 0x00, 0x07, 0x00, 0xB0, 0x00, 0x07, 0x00, 0xB1, 0x00, 0x07, 0x00, 0xB2, 0xFF, 0xE5,
0x00, 0xB3, 0xFF, 0xE5, 0x00, 0xB4, 0xFF, 0xE5, 0x00, 0xB5, 0xFF, 0xE5, 0x00, 0xB6, 0xFF, 0xE5,
0x00, 0xB7, 0xFF, 0xE5, 0x00, 0xB9, 0xFF, 0xE5, 0x00, 0xBA, 0xFF, 0xE5, 0x00, 0xBB, 0xFF, 0xE5,
0x00, 0xBC, 0xFF, 0xE5, 0x00, 0xBD, 0xFF, 0xE5, 0x00, 0xBF, 0xFF, 0xE5, 0x00, 0xC0, 0xFF, 0xE5,
0x00, 0xC1, 0xFF, 0xE5, 0x00, 0xC2, 0xFF, 0xE5, 0x00, 0xC4, 0xFF, 0xE5, 0x00, 0xC5, 0xFF, 0xE5,
0x00, 0xC6, 0xFF, 0xE5, 0x00, 0xC7, 0xFF, 0xE5, 0x00, 0xC8, 0xFF, 0xE5, 0x00, 0xC9, 0xFF, 0xE5,
0x00, 0xCA, 0xFF, 0xE5, 0x00, 0xCC, 0xFF, 0xD1, 0x00, 0xCD, 0xFF, 0xD1, 0x00, 0xCE, 0xFF, 0xD1,
0x00, 0xCF, 0xFF, 0xD1, 0x00, 0xD0, 0xFF, 0xD1, 0x00, 0xD1, 0xFF, 0xD1, 0x00, 0xD2, 0xFF, 0xE2,
0x00, 0xD3, 0xFF, 0xE2, 0x00, 0xD4, 0xFF, 0xE2, 0x00, 0xD5, 0xFF, 0xE2, 0x00, 0xD6, 0xFF, 0xD1,
0x00, 0xD7, 0xFF, 0xD1, 0x00, 0xD8, 0xFF, 0xD1, 0x00, 0xD9, 0xFF, 0xD1, 0x00, 0xDA, 0xFF, 0xD1,
0x00, 0xDB, 0xFF, 0xD1, 0x00, 0xDC, 0xFF, 0xD1, 0x00, 0xDD, 0xFF, 0xD1, 0x00, 0xDF, 0xFF, 0xD1,
0x00, 0xE0, 0xFF, 0xD1, 0x00, 0xE1, 0xFF, 0xD1, 0x00, 0xE2, 0xFF, 0xD1, 0x00, 0xE3, 0xFF, 0xD1,
0x00, 0xE5, 0xFF, 0xD1, 0x00, 0xE6, 0xFF, 0xD1, 0x00, 0xE7, 0xFF, 0xD1, 0x00, 0xE8, 0xFF, 0xD1,
0x00, 0xE9, 0xFF, 0xF9, 0x00, 0xEA, 0xFF, 0xE0, 0x00, 0xEB, 0xFF, 0xE0, 0x00, 0xEC, 0xFF, 0xE0,
0x00, 0xED, 0xFF, 0xE0, 0x00, 0xEE, 0xFF, 0xE0, 0x00, 0xF2, 0x00, 0x17, 0x00, 0xF4, 0x00, 0x17,
0x00, 0xF5, 0x00, 0x17, 0x00, 0xF6, 0x00, 0x17, 0x00, 0xF7, 0x00, 0x17, 0x00, 0xF8, 0x00, 0x17,
0x00, 0xF9, 0x00, 0x17, 0x00, 0xFB, 0x00, 0x17, 0x00, 0xFC, 0x00, 0x17, 0x00, 0xFD, 0x00, 0x17,
0x00, 0xFE, 0x00, 0x17, 0x01, 0x05, 0xFF, 0xF1, 0x01, 0x0C, 0xFF, 0xF1, 0x01, 0x0D, 0xFF, 0xF1,
0x01, 0x0E, 0xFF, 0xF1, 0x01, 0x10, 0xFF, 0xF1, 0x01, 0x11, 0xFF, 0xF1, 0x01, 0x12, 0xFF, 0xF1,
0x01, 0x13, 0xFF, 0xF1, 0x01, 0x14, 0xFF, 0xD1, 0x01, 0x15, 0xFF, 0xD1, 0x01, 0x16, 0xFF, 0xD1,
0x01, 0x17, 0xFF, 0xD1, 0x01, 0x18, 0xFF, 0xD1, 0x01, 0x19, 0xFF, 0xD1, 0x01, 0x1A, 0xFF, 0xD1,
0x01, 0x1C, 0xFF, 0xD1, 0x01, 0x1D, 0xFF, 0xD1, 0x01, 0x1E, 0xFF, 0xD1, 0x01, 0x1F, 0xFF, 0xD1,
0x01, 0x21, 0xFF, 0xD1, 0x01, 0x22, 0xFF, 0xD1, 0x01, 0x23, 0xFF, 0xD1, 0x01, 0x24, 0xFF, 0xD1,
0x01, 0x26, 0xFF, 0xD1, 0x01, 0x27, 0xFF, 0xD1, 0x01, 0x28, 0xFF, 0xD1, 0x01, 0x29, 0xFF, 0xD1,
0x01, 0x2A, 0xFF, 0xD1, 0x01, 0x2B, 0xFF, 0xD1, 0x01, 0x2C, 0xFF, 0xD1, 0x01, 0x2D, 0xFF, 0xEF,
0x01, 0x2F, 0xFF, 0xE2, 0x01, 0x30, 0xFF, 0xF1, 0x01, 0x31, 0xFF, 0xF1, 0x01, 0x32, 0xFF, 0xF1,
0x01, 0x33, 0xFF, 0xF1, 0x01, 0x34, 0xFF, 0xE5, 0x01, 0x35, 0xFF, 0xE5, 0x01, 0x36, 0xFF, 0xE5,
0x01, 0x37, 0xFF, 0xE5, 0x01, 0x38, 0xFF, 0xE5, 0x01, 0x39, 0xFF, 0xE5, 0x01, 0x3A, 0xFF, 0xF9,
0x01, 0x3B, 0xFF, 0xFD, 0x01, 0x3C, 0xFF, 0xFD, 0x01, 0x3D, 0xFF, 0xFD, 0x01, 0x3E, 0xFF, 0xFD,
0x01, 0x3F, 0xFF, 0xFD, 0x01, 0x40, 0xFF, 0xF1, 0x01, 0x41, 0xFF, 0xF1, 0x01, 0x42, 0xFF, 0xF1,
0x01, 0x43, 0xFF, 0xF1, 0x01, 0x44, 0xFF, 0xF1, 0x01, 0x45, 0xFF, 0xF1, 0x01, 0x46, 0xFF, 0xF1,
0x01, 0x48, 0xFF, 0xF1, 0x01, 0x49, 0xFF, 0xF1, 0x01, 0x4A, 0xFF, 0xF1, 0x01, 0x4B, 0xFF, 0xF1,
0x01, 0x4D, 0xFF, 0xF1, 0x01, 0x4E, 0xFF, 0xF1, 0x01, 0x4F, 0xFF, 0xF1, 0x01, 0x50, 0xFF, 0xF1,
0x01, 0x51, 0xFF, 0xF1, 0x01, 0x52, 0xFF, 0xF1, 0x01, 0x53, 0x00, 0x03, 0x01, 0x54, 0x00, 0x00,
0x01, 0x55, 0x00, 0x00, 0x01, 0x56, 0x00, 0x00, 0x01, 0x57, 0x00, 0x00, 0x01, 0x58, 0x00, 0x00,
0x01, 0x59, 0xFF, 0xF3, 0x01, 0x5A, 0x00, 0x00, 0x01, 0x5B, 0x00, 0x00, 0x01, 0x5C, 0x00, 0x00,
0x01, 0x5D, 0x00, 0x00, 0x01, 0x5E, 0x00, 0x00, 0x01, 0x5F, 0x00, 0x00, 0x01, 0x60, 0x00, 0x00,
0x01, 0x61, 0x00, 0x00, 0x01, 0x62, 0xFF, 0xF3, 0x01, 0x63, 0xFF, 0xF3, 0x01, 0x64, 0xFF, 0xF3,
0x01, 0x65, 0xFF, 0xF3, 0x01, 0x67, 0xFF, 0xF9, 0x01, 0x68, 0xFF, 0xF9, 0x00, 0xC4, 0x00, 0x01,
0xFF, 0xC9, 0x00, 0x02, 0xFF, 0xC9, 0x00, 0x03, 0xFF, 0xC9, 0x00, 0x04, 0xFF, 0xC9, 0x00, 0x05,
0xFF, 0xC9, 0x00, 0x06, 0xFF, 0xC9, 0x00, 0x08, 0xFF, 0xC9, 0x00, 0x09, 0xFF, 0xC9, 0x00, 0x0A,
0xFF, 0xC9, 0x00, 0x0B, 0xFF, 0xC9, 0x00, 0x0C, 0xFF, 0xC9, 0x00, 0x0E, 0xFF, 0xC9, 0x00, 0x0F,
0xFF, 0xC9, 0x00, 0x10, 0xFF, 0xC9, 0x00, 0x11, 0xFF, 0xC9, 0x00, 0x13, 0xFF, 0xC9, 0x00, 0x14,
0xFF, 0xC9, 0x00, 0x15, 0xFF, 0xC9, 0x00, 0x16, 0xFF, 0xC9, 0x00, 0x17, 0xFF, 0xC9, 0x00, 0x18,
0xFF, 0xC9, 0x00, 0x19, 0xFF, 0xC9, 0x00, 0x1B, 0xFF, 0xFE, 0x00, 0x1C, 0xFF, 0xFE, 0x00, 0x1D,
0xFF, 0xFE, 0x00, 0x1E, 0xFF, 0xFE, 0x00, 0x1F, 0xFF, 0xFE, 0x00, 0x20, 0xFF, 0xFE, 0x00, 0x37,
0xFF, 0xFE, 0x00, 0x39, 0xFF, 0xFE, 0x00, 0x3A, 0xFF, 0xFE, 0x00, 0x3B, 0xFF, 0xFE, 0x00, 0x3C,
0xFF, 0xFE, 0x00, 0x3D, 0xFF, 0xFE, 0x00, 0x41, 0xFF, 0xEE, 0x00, 0x43, 0xFF, 0xEE, 0x00, 0x44,
0xFF, 0xEE, 0x00, 0x45, 0xFF, 0xEE, 0x00, 0x46, 0xFF, 0xEE, 0x00, 0x47, 0xFF, 0xEE, 0x00, 0x48,
0xFF, 0xEE, 0x00, 0x49, 0xFF, 0xEE, 0x00, 0x4B, 0xFF, 0xEE, 0x00, 0x4C, 0xFF, 0xEE, 0x00, 0x4D,
0xFF, 0xEE, 0x00, 0x4E, 0xFF, 0xCB, 0x00, 0x4F, 0xFF, 0xCB, 0x00, 0x50, 0xFF, 0xCB, 0x00, 0x60,
0xFF, 0xFE, 0x00, 0x61, 0xFF, 0xFE, 0x00, 0x62, 0xFF, 0xFE, 0x00, 0x63, 0xFF, 0xFE, 0x00, 0x64,
0xFF, 0xFE, 0x00, 0x65, 0xFF, 0xFE, 0x00, 0x66, 0xFF, 0xFE, 0x00, 0x68, 0xFF, 0xFE, 0x00, 0x69,
0xFF, 0xFE, 0x00, 0x6A, 0xFF, 0xFE, 0x00, 0x6B, 0xFF, 0xFE, 0x00, 0x6D, 0xFF, 0xFE, 0x00, 0x6E,
0xFF, 0xFE, 0x00, 0x6F, 0xFF, 0xFE, 0x00, 0x70, 0xFF, 0xFE, 0x00, 0x72, 0xFF, 0xFE, 0x00, 0x73,
0xFF, 0xFE, 0x00, 0x74, 0xFF, 0xFE, 0x00, 0x75, 0xFF, 0xFE, 0x00, 0x76, 0xFF, 0xFE, 0x00, 0x77,
0xFF, 0xFE, 0x00, 0x78, 0xFF, 0xFE, 0x00, 0x7B, 0xFF, 0xFE, 0x00, 0x87, 0xFF, 0xF8, 0x00, 0x88,
0xFF, 0xF8, 0x00, 0x89, 0xFF, 0xF8, 0x00, 0x8A, 0xFF, 0xF8, 0x00, 0x8B, 0xFF, 0xF8, 0x00, 0x9F,
0xFF, 0xFD, 0x00, 0xA0, 0x00, 0x03, 0x00, 0xA1, 0x00, 0x03, 0x00, 0xA2, 0x00, 0x03, 0x00, 0xA3,
0x00, 0x03, 0x00, 0xA4, 0x00, 0x03, 0x00, 0xA5, 0xFF, 0xE5, 0x00, 0xA6, 0xFF, 0xEF, 0x00, 0xA7,
0xFF, 0xEF, 0x00, 0xA8, 0xFF, 0xEF, 0x00, 0xA9, 0xFF, 0xEF, 0x00, 0xAA, 0xFF, 0xEF, 0x00, 0xAB,
0xFF, 0xEF, 0x00, 0xAC, 0xFF, 0xEF, 0x00, 0xAD, 0xFF, 0xEF, 0x00, 0xAE, 0xFF, 0xEC, 0x00, 0xAF,
0xFF, 0xEC, 0x00, 0xB0, 0xFF, 0xEC, 0x00, 0xB1, 0xFF, 0xEC, 0x00, 0xB2, 0xFF, 0xFD, 0x00, 0xB3,
0xFF, 0xFD, 0x00, 0xB4, 0xFF, 0xFD, 0x00, 0xB5, 0xFF, 0xFD, 0x00, 0xB6, 0xFF, 0xFD, 0x00, 0xB7,
0xFF, 0xFD, 0x00, 0xB9, 0xFF, 0xFD, 0x00, 0xBA, 0xFF, 0xFD, 0x00, 0xBB, 0xFF, 0xFD, 0x00, 0xBC,
0xFF, 0xFD, 0x00, 0xBD, 0xFF, 0xFD, 0x00, 0xBF, 0xFF, 0xFD, 0x00, 0xC0, 0xFF, 0xFD, 0x00, 0xC1,
0xFF, 0xFD, 0x00, 0xC2, 0xFF, 0xFD, 0x00, 0xC4, 0xFF, 0xFD, 0x00, 0xC5, 0xFF, 0xFD, 0x00, 0xC6,
0xFF, 0xFD, 0x00, 0xC7, 0xFF, 0xFD, 0x00, 0xC8, 0xFF, 0xFD, 0x00, 0xC9, 0xFF, 0xFD, 0x00, 0xCA,
0xFF, 0xFD, 0x00, 0xCC, 0xFF, 0xF9, 0x00, 0xCD, 0xFF, 0xF9, 0x00, 0xCE, 0xFF, 0xF9, 0x00, 0xCF,
0xFF, 0xF9, 0x00, 0xD0, 0xFF, 0xF9, 0x00, 0xD1, 0xFF, 0xF9, 0x00, 0xD2, 0xFF, 0xFD, 0x00, 0xD3,
0xFF, 0xFD, 0x00, 0xD4, 0xFF, 0xFD, 0x00, 0xD5, 0xFF, 0xFD, 0x00, 0xD6, 0xFF, 0xF9, 0x00, 0xD7,
0xFF, 0xF9, 0x00, 0xD8, 0xFF, 0xF9, 0x00, 0xD9, 0xFF, 0xF9, 0x00, 0xDA, 0xFF, 0xF9, 0x00, 0xDB,
0xFF, 0xF9, 0x00, 0xDC, 0xFF, 0xF9, 0x00, 0xDD, 0xFF, 0xF9, 0x00, 0xDF, 0xFF, 0xF9, 0x00, 0xE0,
0xFF, 0xF9, 0x00, 0xE1, 0xFF, 0xF9, 0x00, 0xE2, 0xFF, 0xF9, 0x00, 0xE3, 0xFF, 0xF9, 0x00, 0xE5,
0xFF, 0xF9, 0x00, 0xE6, 0xFF, 0xF9, 0x00, 0xE7, 0xFF, 0xF9, 0x00, 0xE8, 0xFF, 0xF9, 0x00, 0xEA,
0xFF, 0xFD, 0x00, 0xEB, 0xFF, 0xFD, 0x00, 0xEC, 0xFF, 0xFD, 0x00, 0xED, 0xFF, 0xFD, 0x00, 0xEE,
0xFF, 0xFD, 0x01, 0x14, 0xFF, 0xF9, 0x01, 0x15, 0xFF, 0xF9, 0x01, 0x16, 0xFF, 0xF9, 0x01, 0x17,
0xFF, 0xF9, 0x01, 0x18, 0xFF, 0xF9, 0x01, 0x19, 0xFF, 0xF9, 0x01, 0x1A, 0xFF, 0xF9, 0x01, 0x1C,
0xFF, 0xF9, 0x01, 0x1D, 0xFF, 0xF9, 0x01, 0x1E, 0xFF, 0xF9, 0x01, 0x1F, 0xFF, 0xF9, 0x01, 0x21,
0xFF, 0xF9, 0x01, 0x22, 0xFF, 0xF9, 0x01, 0x23, 0xFF, 0xF9, 0x01, 0x24, 0xFF, 0xF9, 0x01, 0x26,
0xFF, 0xF9, 0x01, 0x27, 0xFF, 0xF9, 0x01, 0x28, 0xFF, 0xF9, 0x01, 0x29, 0xFF, 0xF9, 0x01, 0x2A,
0xFF, 0xF9, 0x01, 0x2B, 0xFF, 0xF9, 0x01, 0x2C, 0xFF, 0xF9, 0x01, 0x2F, 0xFF, 0xFD, 0x01, 0x3B,
0x00, 0x0F, 0x01, 0x3C, 0x00, 0x0F, 0x01, 0x3D, 0x00, 0x0F, 0x01, 0x3E, 0x00, 0x0F, 0x01, 0x3F,
0x00, 0x0F, 0x01, 0x53, 0x00, 0x14, 0x01, 0x54, 0x00, 0x11, 0x01, 0x55, 0x00, 0x11, 0x01, 0x56,
0x00, 0x11, 0x01, 0x57, 0x00, 0x11, 0x01, 0x58, 0x00, 0x11, 0x01, 0x59, 0x00, 0x07, 0x01, 0x5A,
0x00, 0x1B, 0x01, 0x5B, 0x00, 0x1B, 0x01, 0x5C, 0x00, 0x1B, 0x01, 0x5D, 0x00, 0x1B, 0x01, 0x5E,
0x00, 0x1B, 0x01, 0x5F, 0x00, 0x1B, 0x01, 0x60, 0x00, 0x1B, 0x01, 0x61, 0x00, 0x1B, 0x01, 0x62,
0x00, 0x0D, 0x01, 0x63, 0x00, 0x0D, 0x01, 0x64, 0x00, 0x0D, 0x01, 0x65, 0x00, 0x0D, 0x00, 0xAD,
0x00, 0x01, 0xFF, 0xC6, 0x00, 0x02, 0xFF, 0xC6, 0x00, 0x03, 0xFF, 0xC6, 0x00, 0x04, 0xFF, 0xC6,
0x00, 0x05, 0xFF, 0xC6, 0x00, 0x06, 0xFF, 0xC6, 0x00, 0x08, 0xFF, 0xC6, 0x00, 0x09, 0xFF, 0xC6,
0x00, 0x0A, 0xFF, 0xC6, 0x00, 0x0B, 0xFF, 0xC6, 0x00, 0x0C, 0xFF, 0xC6, 0x00, 0x0E, 0xFF, 0xC6,
0x00, 0x0F, 0xFF, 0xC6, 0x00, 0x10, 0xFF, 0xC6, 0x00, 0x11, 0xFF, 0xC6, 0x00, 0x13, 0xFF, 0xC6,
0x00, 0x14, 0xFF, 0xC6, 0x00, 0x15, 0xFF, 0xC6, 0x00, 0x16, 0xFF, 0xC6, 0x00, 0x17, 0xFF, 0xC6,
0x00, 0x18, 0xFF, 0xC6, 0x00, 0x19, 0xFF, 0xC6, 0x00, 0x1B, 0xFF, 0xFD, 0x00, 0x1C, 0xFF, 0xFD,
0x00, 0x1D, 0xFF, 0xFD, 0x00, 0x1E, 0xFF, 0xFD, 0x00, 0x1F, 0xFF, 0xFD, 0x00, 0x20, 0xFF, 0xFD,
0x00, 0x37, 0xFF, 0xFD, 0x00, 0x39, 0xFF, 0xFD, 0x00, 0x3A, 0xFF, 0xFD, 0x00, 0x3B, 0xFF, 0xFD,
0x00, 0x3C, 0xFF, 0xFD, 0x00, 0x3D, 0xFF, 0xFD, 0x00, 0x41, 0xFF, 0xF8, 0x00, 0x43, 0xFF, 0xF8,
0x00, 0x44, 0xFF, 0xF8, 0x00, 0x45, 0xFF, 0xF8, 0x00, 0x46, 0xFF, 0xF8, 0x00, 0x47, 0xFF, 0xF8,
0x00, 0x48, 0xFF, 0xF8, 0x00, 0x49, 0xFF, 0xF8, 0x00, 0x4B, 0xFF, 0xF8, 0x00, 0x4C, 0xFF, 0xF8,
0x00, 0x4D, 0xFF, 0xF8, 0x00, 0x4E, 0xFF, 0xC9, 0x00, 0x4F, 0xFF, 0xC9, 0x00, 0x50, 0xFF, 0xC9,
0x00, 0x60, 0xFF, 0xFD, 0x00, 0x61, 0xFF, 0xFD, 0x00, 0x62, 0xFF, 0xFD, 0x00, 0x63, 0xFF, 0xFD,
0x00, 0x64, 0xFF, 0xFD, 0x00, 0x65, 0xFF, 0xFD, 0x00, 0x66, 0xFF, 0xFD, 0x00, 0x68, 0xFF, 0xFD,
0x00, 0x69, 0xFF, 0xFD, 0x00, 0x6A, 0xFF, 0xFD, 0x00, 0x6B, 0xFF, 0xFD, 0x00, 0x6D, 0xFF, 0xFD,
0x00, 0x6E, 0xFF, 0xFD, 0x00, 0x6F, 0xFF, 0xFD, 0x00, 0x70, 0xFF, 0xFD, 0x00, 0x72, 0xFF, 0xFD,
0x00, 0x73, 0xFF, 0xFD, 0x00, 0x74, 0xFF, 0xFD, 0x00, 0x75, 0xFF, 0xFD, 0x00, 0x76, 0xFF, 0xFD,
0x00, 0x77, 0xFF, 0xFD, 0x00, 0x78, 0xFF, 0xFD, 0x00, 0x7B, 0xFF, 0xFD, 0x00, 0x87, 0x00, 0x08,
0x00, 0x88, 0x00, 0x08, 0x00, 0x89, 0x00, 0x08, 0x00, 0x8A, 0x00, 0x08, 0x00, 0x8B, 0x00, 0x08,
0x00, 0xA0, 0x00, 0x0C, 0x00, 0xA1, 0x00, 0x0C, 0x00, 0xA2, 0x00, 0x0C, 0x00, 0xA3, 0x00, 0x0C,
0x00, 0xA4, 0x00, 0x0C, 0x00, 0xA5, 0xFF, 0xF9, 0x00, 0xA6, 0x00, 0x00, 0x00, 0xA7, 0x00, 0x00,
0x00, 0xA8, 0x00, 0x00, 0x00, 0xA9, 0x00, 0x00, 0x00, 0xAA, 0x00, 0x00, 0x00, 0xAB, 0x00, 0x00,
0x00, 0xAC, 0x00, 0x00, 0x00, 0xAD, 0x00, 0x00, 0x00, 0xAE, 0x00, 0x00, 0x00, 0xAF, 0x00, 0x00,
0x00, 0xB0, 0x00, 0x00, 0x00, 0xB1, 0x00, 0x00, 0x00, 0xCC, 0xFF, 0xFD, 0x00, 0xCD, 0xFF, 0xFD,
0x00, 0xCE, 0xFF, 0xFD, 0x00, 0xCF, 0xFF, 0xFD, 0x00, 0xD0, 0xFF, 0xFD, 0x00, 0xD1, 0xFF, 0xFD,
0x00, 0xD2, 0xFF, 0xFD, 0x00, 0xD3, 0xFF, 0xFD, 0x00, 0xD4, 0xFF, 0xFD, 0x00, 0xD5, 0xFF, 0xFD,
0x00, 0xD6, 0xFF, 0xFD, 0x00, 0xD7, 0xFF, 0xFD, 0x00, 0xD8, 0xFF, 0xFD, 0x00, 0xD9, 0xFF, 0xFD,
0x00, 0xDA, 0xFF, 0xFD, 0x00, 0xDB, 0xFF, 0xFD, 0x00, 0xDC, 0xFF, 0xFD, 0x00, 0xDD, 0xFF, 0xFD,
0x00, 0xDF, 0xFF, 0xFD, 0x00, 0xE0, 0xFF, 0xFD, 0x00, 0xE1, 0xFF, 0xFD, 0x00, 0xE2, 0xFF, 0xFD,
0x00, 0xE3, 0xFF, 0xFD, 0x00, 0xE5, 0xFF, 0xFD, 0x00, 0xE6, 0xFF, 0xFD, 0x00, 0xE7, 0xFF, 0xFD,
0x00, 0xE8, 0xFF, 0xFD, 0x00, 0xEA, 0xFF, 0xFE, 0x00, 0xEB, 0xFF, 0xFE, 0x00, 0xEC, 0xFF, 0xFE,
0x00, 0xED, 0xFF, 0xFE, 0x00, 0xEE, 0xFF, 0xFE, 0x01, 0x14, 0xFF, 0xFD, 0x01, 0x15, 0xFF, 0xFD,
0x01, 0x16, 0xFF, 0xFD, 0x01, 0x17, 0xFF, 0xFD, 0x01, 0x18, 0xFF, 0xFD, 0x01, 0x19, 0xFF, 0xFD,
0x01, 0x1A, 0xFF, 0xFD, 0x01, 0x1C, 0xFF, 0xFD, 0x01, 0x1D, 0xFF, 0xFD, 0x01, 0x1E, 0xFF, 0xFD,
0x01, 0x1F, 0xFF, 0xFD, 0x01, 0x21, 0xFF, 0xFD, 0x01, 0x22, 0xFF, 0xFD, 0x01, 0x23, 0xFF, 0xFD,
0x01, 0x24, 0xFF, 0xFD, 0x01, 0x26, 0xFF, 0xFD, 0x01, 0x27, 0xFF, 0xFD, 0x01, 0x28, 0xFF, 0xFD,
0x01, 0x29, 0xFF, 0xFD, 0x01, 0x2A, 0xFF, 0xFD, 0x01, 0x2B, 0xFF, 0xFD, 0x01, 0x2C, 0xFF, 0xFD,
0x01, 0x2F, 0xFF, 0xFD, 0x01, 0x3B, 0x00, 0x1B, 0x01, 0x3C, 0x00, 0x1B, 0x01, 0x3D, 0x00, 0x1B,
0x01, 0x3E, 0x00, 0x1B, 0x01, 0x3F, 0x00, 0x1B, 0x01, 0x53, 0x00, 0x14, 0x01, 0x54, 0x00, 0x11,
0x01, 0x55, 0x00, 0x11, 0x01, 0x56, 0x00, 0x11, 0x01, 0x57, 0x00, 0x11, 0x01, 0x58, 0x00, 0x11,
0x01, 0x59, 0x00, 0x07, 0x01, 0x5A, 0x00, 0x17, 0x01, 0x5B, 0x00, 0x17, 0x01, 0x5C, 0x00, 0x17,
0x01, 0x5D, 0x00, 0x17, 0x01, 0x5E, 0x00, 0x17, 0x01, 0x5F, 0x00, 0x17, 0x01, 0x60, 0x00, 0x17,
0x01, 0x61, 0x00, 0x17, 0x01, 0x62, 0x00, 0x0F, 0x01, 0x63, 0x00, 0x0F, 0x01, 0x64, 0x00, 0x0F,
0x01, 0x65, 0x00, 0x0F, 0x00, 0x71, 0x00, 0x01, 0xFF, 0xD5, 0x00, 0x02, 0xFF, 0xD5, 0x00, 0x03,
0xFF, 0xD5, 0x00, 0x04, 0xFF, 0xD5, 0x00, 0x05, 0xFF, 0xD5, 0x00, 0x06, 0xFF, 0xD5, 0x00, 0x08,
0xFF, 0xD5, 0x00, 0x09, 0xFF, 0xD5, 0x00, 0x0A, 0xFF, 0xD5, 0x00, 0x0B, 0xFF, 0xD5, 0x00, 0x0C,
0xFF, 0xD5, 0x00, 0x0E, 0xFF, 0xD5, 0x00, 0x0F, 0xFF, 0xD5, 0x00, 0x10, 0xFF, 0xD5, 0x00, 0x11,
0xFF, 0xD5, 0x00, 0x13, 0xFF, 0xD5, 0x00, 0x14, 0xFF, 0xD5, 0x00, 0x15, 0xFF, 0xD5, 0x00, 0x16,
0xFF, 0xD5, 0x00, 0x17, 0xFF, 0xD5, 0x00, 0x18, 0xFF, 0xD5, 0x00, 0x19, 0xFF, 0xD5, 0x00, 0x41,
0xFF, 0xFD, 0x00, 0x43, 0xFF, 0xFD, 0x00, 0x44, 0xFF, 0xFD, 0x00, 0x45, 0xFF, 0xFD, 0x00, 0x46,
0xFF, 0xFD, 0x00, 0x47, 0xFF, 0xFD, 0x00, 0x48, 0xFF, 0xFD, 0x00, 0x49, 0xFF, 0xFD, 0x00, 0x4B,
0xFF, 0xFD, 0x00, 0x4C, 0xFF, 0xFD, 0x00, 0x4D, 0xFF, 0xFD, 0x00, 0x4E, 0xFF, 0xD1, 0x00, 0x4F,
0xFF, 0xD1, 0x00, 0x50, 0xFF, 0xD1, 0x00, 0x87, 0x00, 0x07, 0x00, 0x88, 0x00, 0x07, 0x00, 0x89,
0x00, 0x07, 0x00, 0x8A, 0x00, 0x07, 0x00, 0x8B, 0x00, 0x07, 0x00, 0x9F, 0x00, 0x0A, 0x00, 0xA0,
0x00, 0x0F, 0x00, 0xA1, 0x00, 0x0F, 0x00, 0xA2, 0x00, 0x0F, 0x00, 0xA3, 0x00, 0x0F, 0x00, 0xA4,
0x00, 0x0F, 0x00, 0xA5, 0xFF, 0xF9, 0x00, 0xA6, 0xFF, 0xFD, 0x00, 0xA7, 0xFF, 0xFD, 0x00, 0xA8,
0xFF, 0xFD, 0x00, 0xA9, 0xFF, 0xFD, 0x00, 0xAA, 0xFF, 0xFD, 0x00, 0xAB, 0xFF, 0xFD, 0x00, 0xAC,
0xFF, 0xFD, 0x00, 0xAD, 0xFF, 0xFD, 0x00, 0xB2, 0x00, 0x00, 0x00, 0xB3, 0x00, 0x00, 0x00, 0xB4,
0x00, 0x00, 0x00, 0xB5, 0x00, 0x00, 0x00, 0xB6, 0x00, 0x00, 0x00, 0xB7, 0x00, 0x00, 0x00, 0xB9,
0x00, 0x00, 0x00, 0xBA, 0x00, 0x00, 0x00, 0xBB, 0x00, 0x00, 0x00, 0xBC, 0x00, 0x00, 0x00, 0xBD,
0x00, 0x00, 0x00, 0xBF, 0x00, 0x00, 0x00, 0xC0, 0x00, 0x00, 0x00, 0xC1, 0x00, 0x00, 0x00, 0xC2,
0x00, 0x00, 0x00, 0xC4, 0x00, 0x00, 0x00, 0xC5, 0x00, 0x00, 0x00, 0xC6, 0x00, 0x00, 0x00, 0xC7,
0x00, 0x00, 0x00, 0xC8, 0x00, 0x00, 0x00, 0xC9, 0x00, 0x00, 0x00, 0xCA, 0x00, 0x00, 0x00, 0xEA,
0x00, 0x03, 0x00, 0xEB, 0x00, 0x03, 0x00, 0xEC, 0x00, 0x03, 0x00, 0xED, 0x00, 0x03, 0x00, 0xEE,
0x00, 0x03, 0x01, 0x34, 0x00, 0x02, 0x01, 0x35, 0x00, 0x02, 0x01, 0x36, 0x00, 0x02, 0x01, 0x37,
0x00, 0x02, 0x01, 0x38, 0x00, 0x02, 0x01, 0x39, 0x00, 0x02, 0x01, 0x3B, 0x00, 0x17, 0x01, 0x3C,
0x00, 0x17, 0x01, 0x3D, 0x00, 0x17, 0x01, 0x3E, 0x00, 0x17, 0x01, 0x3F, 0x00, 0x17, 0x01, 0x53,
0x00, 0x17, 0x01, 0x54, 0x00, 0x1B, 0x01, 0x55, 0x00, 0x1B, 0x01, 0x56, 0x00, 0x1B, 0x01, 0x57,
0x00, 0x1B, 0x01, 0x58, 0x00, 0x1B, 0x01, 0x59, 0x00, 0x08, 0x01, 0x5A, 0x00, 0x1B, 0x01, 0x5B,
0x00, 0x1B, 0x01, 0x5C, 0x00, 0x1B, 0x01, 0x5D, 0x00, 0x1B, 0x01, 0x5E, 0x00, 0x1B, 0x01, 0x5F,
0x00, 0x1B, 0x01, 0x60, 0x00, 0x1B, 0x01, 0x61, 0x00, 0x1B, 0x01, 0x62, 0x00, 0x0D, 0x01, 0x63,
0x00, 0x0D, 0x01, 0x64, 0x00, 0x0D, 0x01, 0x65, 0x00, 0x0D, 0x00, 0xB5, 0x00, 0x1B, 0xFF, 0xFD,
0x00, 0x1C, 0xFF, 0xFD, 0x00, 0x1D, 0xFF, 0xFD, 0x00, 0x1E, 0xFF, 0xFD, 0x00, 0x1F, 0xFF, 0xFD,
0x00, 0x20, 0xFF, 0xFD, 0x00, 0x37, 0xFF, 0xFD, 0x00, 0x39, 0xFF, 0xFD, 0x00, 0x3A, 0xFF, 0xFD,
0x00, 0x3B, 0xFF, 0xFD, 0x00, 0x3C, 0xFF, 0xFD, 0x00, 0x3D, 0xFF, 0xFD, 0x00, 0x4E, 0xFF, 0xCE,
0x00, 0x4F, 0xFF, 0xCE, 0x00, 0x50, 0xFF, 0xCE, 0x00, 0x60, 0xFF, 0xFD, 0x00, 0x61, 0xFF, 0xFD,
0x00, 0x62, 0xFF, 0xFD, 0x00, 0x63, 0xFF, 0xFD, 0x00, 0x64, 0xFF, 0xFD, 0x00, 0x65, 0xFF, 0xFD,
0x00, 0x66, 0xFF, 0xFD, 0x00, 0x68, 0xFF, 0xFD, 0x00, 0x69, 0xFF, 0xFD, 0x00, 0x6A, 0xFF, 0xFD,
0x00, 0x6B, 0xFF, 0xFD, 0x00, 0x6D, 0xFF, 0xFD, 0x00, 0x6E, 0xFF, 0xFD, 0x00, 0x6F, 0xFF, 0xFD,
0x00, 0x70, 0xFF, 0xFD, 0x00, 0x72, 0xFF, 0xFD, 0x00, 0x73, 0xFF, 0xFD, 0x00, 0x74, 0xFF, 0xFD,
0x00, 0x75, 0xFF, 0xFD, 0x00, 0x76, 0xFF, 0xFD, 0x00, 0x77, 0xFF, 0xFD, 0x00, 0x78, 0xFF, 0xFD,
0x00, 0x7B, 0xFF, 0xFD, 0x00, 0x80, 0xFF, 0xFD, 0x00, 0x81, 0xFF, 0xFD, 0x00, 0x82, 0xFF, 0xFD,
0x00, 0x83, 0xFF, 0xFD, 0x00, 0x84, 0xFF, 0xFD, 0x00, 0x85, 0xFF, 0xFD, 0x00, 0x87, 0x00, 0x0D,
0x00, 0x88, 0x00, 0x0D, 0x00, 0x89, 0x00, 0x0D, 0x00, 0x8A, 0x00, 0x0D, 0x00, 0x8B, 0x00, 0x0D,
0x00, 0x9F, 0x00, 0x11, 0x00, 0xA0, 0x00, 0x0D, 0x00, 0xA1, 0x00, 0x0D, 0x00, 0xA2, 0x00, 0x0D,
0x00, 0xA3, 0x00, 0x0D, 0x00, 0xA4, 0x00, 0x0D, 0x00, 0xA5, 0xFF, 0xFB, 0x00, 0xA6, 0x00, 0x00,
0x00, 0xA7, 0x00, 0x00, 0x00, 0xA8, 0x00, 0x00, 0x00, 0xA9, 0x00, 0x00, 0x00, 0xAA, 0x00, 0x00,
0x00, 0xAB, 0x00, 0x00, 0x00, 0xAC, 0x00, 0x00, 0x00, 0xAD, 0x00, 0x00, 0x00, 0xB2, 0xFF, 0xFD,
0x00, 0xB3, 0xFF, 0xFD, 0x00, 0xB4, 0xFF, 0xFD, 0x00, 0xB5, 0xFF, 0xFD, 0x00, 0xB6, 0xFF, 0xFD,
0x00, 0xB7, 0xFF, 0xFD, 0x00, 0xB9, 0xFF, 0xFD, 0x00, 0xBA, 0xFF, 0xFD, 0x00, 0xBB, 0xFF, 0xFD,
0x00, 0xBC, 0xFF, 0xFD, 0x00, 0xBD, 0xFF, 0xFD, 0x00, 0xBF, 0xFF, 0xFD, 0x00, 0xC0, 0xFF, 0xFD,
0x00, 0xC1, 0xFF, 0xFD, 0x00, 0xC2, 0xFF, 0xFD, 0x00, 0xC4, 0xFF, 0xFD, 0x00, 0xC5, 0xFF, 0xFD,
0x00, 0xC6, 0xFF, 0xFD, 0x00, 0xC7, 0xFF, 0xFD, 0x00, 0xC8, 0xFF, 0xFD, 0x00, 0xC9, 0xFF, 0xFD,
0x00, 0xCA, 0xFF, 0xFD, 0x00, 0xCC, 0xFF, 0xFD, 0x00, 0xCD, 0xFF, 0xFD, 0x00, 0xCE, 0xFF, 0xFD,
0x00, 0xCF, 0xFF, 0xFD, 0x00, 0xD0, 0xFF, 0xFD, 0x00, 0xD1, 0xFF, 0xFD, 0x00, 0xD2, 0xFF, 0xFD,
0x00, 0xD3, 0xFF, 0xFD, 0x00, 0xD4, 0xFF, 0xFD, 0x00, 0xD5, 0xFF, 0xFD, 0x00, 0xD6, 0xFF, 0xFD,
0x00, 0xD7, 0xFF, 0xFD, 0x00, 0xD8, 0xFF, 0xFD, 0x00, 0xD9, 0xFF, 0xFD, 0x00, 0xDA, 0xFF, 0xFD,
0x00, 0xDB, 0xFF, 0xFD, 0x00, 0xDC, 0xFF, 0xFD, 0x00, 0xDD, 0xFF, 0xFD, 0x00, 0xDF, 0xFF, 0xFD,
0x00, 0xE0, 0xFF, 0xFD, 0x00, 0xE1, 0xFF, 0xFD, 0x00, 0xE2, 0xFF, 0xFD, 0x00, 0xE3, 0xFF, 0xFD,
0x00, 0xE5, 0xFF, 0xFD, 0x00, 0xE6, 0xFF, 0xFD, 0x00, 0xE7, 0xFF, 0xFD, 0x00, 0xE8, 0xFF, 0xFD,
0x00, 0xE9, 0x00, 0x0D, 0x00, 0xEA, 0xFF, 0xF9, 0x00, 0xEB, 0xFF, 0xF9, 0x00, 0xEC, 0xFF, 0xF9,
0x00, 0xED, 0xFF, 0xF9, 0x00, 0xEE, 0xFF, 0xF9, 0x00, 0xF2, 0x00, 0x11, 0x00, 0xF4, 0x00, 0x11,
0x00, 0xF5, 0x00, 0x11, 0x00, 0xF6, 0x00, 0x11, 0x00, 0xF7, 0x00, 0x11, 0x00, 0xF8, 0x00, 0x11,
0x00, 0xF9, 0x00, 0x11, 0x00, 0xFB, 0x00, 0x11, 0x00, 0xFC, 0x00, 0x11, 0x00, 0xFD, 0x00, 0x11,
0x00, 0xFE, 0x00, 0x11, 0x00, 0xFF, 0x00, 0x0D, 0x01, 0x01, 0x00, 0x0D, 0x01, 0x02, 0x00, 0x0D,
0x01, 0x14, 0xFF, 0xFD, 0x01, 0x15, 0xFF, 0xFD, 0x01, 0x16, 0xFF, 0xFD, 0x01, 0x17, 0xFF, 0xFD,
0x01, 0x18, 0xFF, 0xFD, 0x01, 0x19, 0xFF, 0xFD, 0x01, 0x1A, 0xFF, 0xFD, 0x01, 0x1C, 0xFF, 0xFD,
0x01, 0x1D, 0xFF, 0xFD, 0x01, 0x1E, 0xFF, 0xFD, 0x01, 0x1F, 0xFF, 0xFD, 0x01, 0x21, 0xFF, 0xFD,
0x01, 0x22, 0xFF, 0xFD, 0x01, 0x23, 0xFF, 0xFD, 0x01, 0x24, 0xFF, 0xFD, 0x01, 0x26, 0xFF, 0xFD,
0x01, 0x27, 0xFF, 0xFD, 0x01, 0x28, 0xFF, 0xFD, 0x01, 0x29, 0xFF, 0xFD, 0x01, 0x2A, 0xFF, 0xFD,
0x01, 0x2B, 0xFF, 0xFD, 0x01, 0x2C, 0xFF, 0xFD, 0x01, 0x2F, 0xFF, 0xFD, 0x01, 0x3A, 0x00, 0x0D,
0x01, 0x3B, 0x00, 0x0F, 0x01, 0x3C, 0x00, 0x0F, 0x01, 0x3D, 0x00, 0x0F, 0x01, 0x3E, 0x00, 0x0F,
0x01, 0x3F, 0x00, 0x0F, 0x01, 0x54, 0x00, 0x11, 0x01, 0x55, 0x00, 0x11, 0x01, 0x56, 0x00, 0x11,
0x01, 0x57, 0x00, 0x11, 0x01, 0x58, 0x00, 0x11, 0x01, 0x5A, 0x00, 0x12, 0x01, 0x5B, 0x00, 0x12,
0x01, 0x5C, 0x00, 0x12, 0x01, 0x5D, 0x00, 0x12, 0x01, 0x5E, 0x00, 0x12, 0x01, 0x5F, 0x00, 0x12,
0x01, 0x60, 0x00, 0x12, 0x01, 0x61, 0x00, 0x12, 0x01, 0x62, 0x00, 0x08, 0x01, 0x63, 0x00, 0x08,
0x01, 0x64, 0x00, 0x08, 0x01, 0x65, 0x00, 0x08, 0x01, 0x67, 0x00, 0x0D, 0x01, 0x68, 0x00, 0x0D,
0x00, 0x85, 0x00, 0x01, 0xFF, 0xDF, 0x00, 0x02, 0xFF, 0xDF, 0x00, 0x03, 0xFF, 0xDF, 0x00, 0x04,
0xFF, 0xDF, 0x00, 0x05, 0xFF, 0xDF, 0x00, 0x06, 0xFF, 0xDF, 0x00, 0x08, 0xFF, 0xDF, 0x00, 0x09,
0xFF, 0xDF, 0x00, 0x0A, 0xFF, 0xDF, 0x00, 0x0B, 0xFF, 0xDF, 0x00, 0x0C, 0xFF, 0xDF, 0x00, 0x0E,
0xFF, 0xDF, 0x00, 0x0F, 0xFF, 0xDF, 0x00, 0x10, 0xFF, 0xDF, 0x00, 0x11, 0xFF, 0xDF, 0x00, 0x13,
0xFF, 0xDF, 0x00, 0x14, 0xFF, 0xDF, 0x00, 0x15, 0xFF, 0xDF, 0x00, 0x16, 0xFF, 0xDF, 0x00, 0x17,
0xFF, 0xDF, 0x00, 0x18, 0xFF, 0xDF, 0x00, 0x19, 0xFF, 0xDF, 0x00, 0x41, 0x00, 0x02, 0x00, 0x43,
0x00, 0x02, 0x00, 0x44, 0x00, 0x02, 0x00, 0x45, 0x00, 0x02, 0x00, 0x46, 0x00, 0x02, 0x00, 0x47,
0x00, 0x02, 0x00, 0x48, 0x00, 0x02, 0x00, 0x49, 0x00, 0x02, 0x00, 0x4B, 0x00, 0x02, 0x00, 0x4C,
0x00, 0x02, 0x00, 0x4D, 0x00, 0x02, 0x00, 0x4E, 0xFF, 0xD3, 0x00, 0x4F, 0xFF, 0xD3, 0x00, 0x50,
0xFF, 0xD3, 0x00, 0x80, 0xFF, 0xFD, 0x00, 0x81, 0xFF, 0xFD, 0x00, 0x82, 0xFF, 0xFD, 0x00, 0x83,
0xFF, 0xFD, 0x00, 0x84, 0xFF, 0xFD, 0x00, 0x85, 0xFF, 0xFD, 0x00, 0x87, 0x00, 0x0D, 0x00, 0x88,
0x00, 0x0D, 0x00, 0x89, 0x00, 0x0D, 0x00, 0x8A, 0x00, 0x0D, 0x00, 0x8B, 0x00, 0x0D, 0x00, 0x9F,
0x00, 0x11, 0x00, 0xA0, 0x00, 0x11, 0x00, 0xA1, 0x00, 0x11, 0x00, 0xA2, 0x00, 0x11, 0x00, 0xA3,
0x00, 0x11, 0x00, 0xA4, 0x00, 0x11, 0x00, 0xA5, 0xFF, 0xFD, 0x00, 0xA6, 0x00, 0x02, 0x00, 0xA7,
0x00, 0x02, 0x00, 0xA8, 0x00, 0x02, 0x00, 0xA9, 0x00, 0x02, 0x00, 0xAA, 0x00, 0x02, 0x00, 0xAB,
0x00, 0x02, 0x00, 0xAC, 0x00, 0x02, 0x00, 0xAD, 0x00, 0x02, 0x00, 0xB2, 0xFF, 0xFD, 0x00, 0xB3,
0xFF, 0xFD, 0x00, 0xB4, 0xFF, 0xFD, 0x00, 0xB5, 0xFF, 0xFD, 0x00, 0xB6, 0xFF, 0xFD, 0x00, 0xB7,
0xFF, 0xFD, 0x00, 0xB9, 0xFF, 0xFD, 0x00, 0xBA, 0xFF, 0xFD, 0x00, 0xBB, 0xFF, 0xFD, 0x00, 0xBC,
0xFF, 0xFD, 0x00, 0xBD, 0xFF, 0xFD, 0x00, 0xBF, 0xFF, 0xFD, 0x00, 0xC0, 0xFF, 0xFD, 0x00, 0xC1,
0xFF, 0xFD, 0x00, 0xC2, 0xFF, 0xFD, 0x00, 0xC4, 0xFF, 0xFD, 0x00, 0xC5, 0xFF, 0xFD, 0x00, 0xC6,
0xFF, 0xFD, 0x00, 0xC7, 0xFF, 0xFD, 0x00, 0xC8, 0xFF, 0xFD, 0x00, 0xC9, 0xFF, 0xFD, 0x00, 0xCA,
0xFF, 0xFD, 0x00, 0xE9, 0x00, 0x0D, 0x00, 0xEA, 0x00, 0x02, 0x00, 0xEB, 0x00, 0x02, 0x00, 0xEC,
0x00, 0x02, 0x00, 0xED, 0x00, 0x02, 0x00, 0xEE, 0x00, 0x02, 0x00, 0xF2, 0x00, 0x1B, 0x00, 0xF4,
0x00, 0x1B, 0x00, 0xF5, 0x00, 0x1B, 0x00, 0xF6, 0x00, 0x1B, 0x00, 0xF7, 0x00, 0x1B, 0x00, 0xF8,
0x00, 0x1B, 0x00, 0xF9, 0x00, 0x1B, 0x00, 0xFB, 0x00, 0x1B, 0x00, 0xFC, 0x00, 0x1B, 0x00, 0xFD,
0x00, 0x1B, 0x00, 0xFE, 0x00, 0x1B, 0x01, 0x34, 0x00, 0x03, 0x01, 0x35, 0x00, 0x03, 0x01, 0x36,
0x00, 0x03, 0x01, 0x37, 0x00, 0x03, 0x01, 0x38, 0x00, 0x03, 0x01, 0x39, 0x00, 0x03, 0x01, 0x3A,
0x00, 0x0D, 0x01, 0x3B, 0x00, 0x0D, 0x01, 0x3C, 0x00, 0x0D, 0x01, 0x3D, 0x00, 0x0D, 0x01, 0x3E,
0x00, 0x0D, 0x01, 0x3F, 0x00, 0x0D, 0x01, 0x54, 0x00, 0x16, 0x01, 0x55, 0x00, 0x16, 0x01, 0x56,
0x00, 0x16, 0x01, 0x57, 0x00, 0x16, 0x01, 0x58, 0x00, 0x16, 0x01, 0x59, 0x00, 0x00, 0x01, 0x5A,
0x00, 0x11, 0x01, 0x5B, 0x00, 0x11, 0x01, 0x5C, 0x00, 0x11, 0x01, 0x5D, 0x00, 0x11, 0x01, 0x5E,
0x00, 0x11, 0x01, 0x5F, 0x00, 0x11, 0x01, 0x60, 0x00, 0x11, 0x01, 0x61, 0x00, 0x11, 0x01, 0x62,
0x00, 0x07, 0x01, 0x63, 0x00, 0x07, 0x01, 0x64, 0x00, 0x07, 0x01, 0x65, 0x00, 0x07, 0x01, 0x67,
0x00, 0x0D, 0x01, 0x68, 0x00, 0x0D, 0x00, 0x81, 0x00, 0x01, 0xFF, 0xD5, 0x00, 0x02, 0xFF, 0xD5,
0x00, 0x03, 0xFF, 0xD5, 0x00, 0x04, 0xFF, 0xD5, 0x00, 0x05, 0xFF, 0xD5, 0x00, 0x06, 0xFF, 0xD5,
0x00, 0x08, 0xFF, 0xD5, 0x00, 0x09, 0xFF, 0xD5, 0x00, 0x0A, 0xFF, 0xD5, 0x00, 0x0B, 0xFF, 0xD5,
0x00, 0x0C, 0xFF, 0xD5, 0x00, 0x0E, 0xFF, 0xD5, 0x00, 0x0F, 0xFF, 0xD5, 0x00, 0x10, 0xFF, 0xD5,
0x00, 0x11, 0xFF, 0xD5, 0x00, 0x13, 0xFF, 0xD5, 0x00, 0x14, 0xFF, 0xD5, 0x00, 0x15, 0xFF, 0xD5,
0x00, 0x16, 0xFF, 0xD5, 0x00, 0x17, 0xFF, 0xD5, 0x00, 0x18, 0xFF, 0xD5, 0x00, 0x19, 0xFF, 0xD5,
0x00, 0x1B, 0xFF, 0xFD, 0x00, 0x1C, 0xFF, 0xFD, 0x00, 0x1D, 0xFF, 0xFD, 0x00, 0x1E, 0xFF, 0xFD,
0x00, 0x1F, 0xFF, 0xFD, 0x00, 0x20, 0xFF, 0xFD, 0x00, 0x37, 0xFF, 0xFD, 0x00, 0x39, 0xFF, 0xFD,
0x00, 0x3A, 0xFF, 0xFD, 0x00, 0x3B, 0xFF, 0xFD, 0x00, 0x3C, 0xFF, 0xFD, 0x00, 0x3D, 0xFF, 0xFD,
0x00, 0x41, 0xFF, 0xEE, 0x00, 0x43, 0xFF, 0xEE, 0x00, 0x44, 0xFF, 0xEE, 0x00, 0x45, 0xFF, 0xEE,
0x00, 0x46, 0xFF, 0xEE, 0x00, 0x47, 0xFF, 0xEE, 0x00, 0x48, 0xFF, 0xEE, 0x00, 0x49, 0xFF, 0xEE,
0x00, 0x4B, 0xFF, 0xEE, 0x00, 0x4C, 0xFF, 0xEE, 0x00, 0x4D, 0xFF, 0xEE, 0x00, 0x4E, 0xFF, 0xBA,
0x00, 0x4F, 0xFF, 0xBA, 0x00, 0x50, 0xFF, 0xBA, 0x00, 0x60, 0xFF, 0xFD, 0x00, 0x61, 0xFF, 0xFD,
0x00, 0x62, 0xFF, 0xFD, 0x00, 0x63, 0xFF, 0xFD, 0x00, 0x64, 0xFF, 0xFD, 0x00, 0x65, 0xFF, 0xFD,
0x00, 0x66, 0xFF, 0xFD, 0x00, 0x68, 0xFF, 0xFD, 0x00, 0x69, 0xFF, 0xFD, 0x00, 0x6A, 0xFF, 0xFD,
0x00, 0x6B, 0xFF, 0xFD, 0x00, 0x6D, 0xFF, 0xFD, 0x00, 0x6E, 0xFF, 0xFD, 0x00, 0x6F, 0xFF, 0xFD,
0x00, 0x70, 0xFF, 0xFD, 0x00, 0x72, 0xFF, 0xFD, 0x00, 0x73, 0xFF, 0xFD, 0x00, 0x74, 0xFF, 0xFD,
0x00, 0x75, 0xFF, 0xFD, 0x00, 0x76, 0xFF, 0xFD, 0x00, 0x77, 0xFF, 0xFD, 0x00, 0x78, 0xFF, 0xFD,
0x00, 0x7B, 0xFF, 0xFD, 0x00, 0x80, 0xFF, 0xFB, 0x00, 0x81, 0xFF, 0xFB, 0x00, 0x82, 0xFF, 0xFB,
0x00, 0x83, 0xFF, 0xFB, 0x00, 0x84, 0xFF, 0xFB, 0x00, 0x85, 0xFF, 0xFB, 0x00, 0xA6, 0xFF, 0xE5,
0x00, 0xA7, 0xFF, 0xE5, 0x00, 0xA8, 0xFF, 0xE5, 0x00, 0xA9, 0xFF, 0xE5, 0x00, 0xAA, 0xFF, 0xE5,
0x00, 0xAB, 0xFF, 0xE5, 0x00, 0xAC, 0xFF, 0xE5, 0x00, 0xAD, 0xFF, 0xE5, 0x00, 0xAE, 0xFF, 0xE9,
0x00, 0xAF, 0xFF, 0xE9, 0x00, 0xB0, 0xFF, 0xE9, 0x00, 0xB1, 0xFF, 0xE9, 0x00, 0xE9, 0x00, 0x0A,
0x00, 0xEA, 0x00, 0x05, 0x00, 0xEB, 0x00, 0x05, 0x00, 0xEC, 0x00, 0x05, 0x00, 0xED, 0x00, 0x05,
0x00, 0xEE, 0x00, 0x05, 0x00, 0xF2, 0x00, 0x03, 0x00, 0xF4, 0x00, 0x03, 0x00, 0xF5, 0x00, 0x03,
0x00, 0xF6, 0x00, 0x03, 0x00, 0xF7, 0x00, 0x03, 0x00, 0xF8, 0x00, 0x03, 0x00, 0xF9, 0x00, 0x03,
0x00, 0xFB, 0x00, 0x03, 0x00, 0xFC, 0x00, 0x03, 0x00, 0xFD, 0x00, 0x03, 0x00, 0xFE, 0x00, 0x03,
0x01, 0x34, 0x00, 0x03, 0x01, 0x35, 0x00, 0x03, 0x01, 0x36, 0x00, 0x03, 0x01, 0x37, 0x00, 0x03,
0x01, 0x38, 0x00, 0x03, 0x01, 0x39, 0x00, 0x03, 0x01, 0x3A, 0x00, 0x0A, 0x01, 0x3B, 0x00, 0x0D,
0x01, 0x3C, 0x00, 0x0D, 0x01, 0x3D, 0x00, 0x0D, 0x01, 0x3E, 0x00, 0x0D, 0x01, 0x3F, 0x00, 0x0D,
0x01, 0x53, 0x00, 0x0D, 0x01, 0x5A, 0x00, 0x05, 0x01, 0x5B, 0x00, 0x05, 0x01, 0x5C, 0x00, 0x05,
0x01, 0x5D, 0x00, 0x05, 0x01, 0x5E, 0x00, 0x05, 0x01, 0x5F, 0x00, 0x05, 0x01, 0x60, 0x00, 0x05,
0x01, 0x61, 0x00, 0x05, 0x01, 0x67, 0x00, 0x0A, 0x01, 0x68, 0x00, 0x0A, 0x00, 0x8E, 0x00, 0x01,
0xFF, 0xCB, 0x00, 0x02, 0xFF, 0xCB, 0x00, 0x03, 0xFF, 0xCB, 0x00, 0x04, 0xFF, 0xCB, 0x00, 0x05,
0xFF, 0xCB, 0x00, 0x06, 0xFF, 0xCB, 0x00, 0x08, 0xFF, 0xCB, 0x00, 0x09, 0xFF, 0xCB, 0x00, 0x0A,
0xFF, 0xCB, 0x00, 0x0B, 0xFF, 0xCB, 0x00, 0x0C, 0xFF, 0xCB, 0x00, 0x0E, 0xFF, 0xCB, 0x00, 0x0F,
0xFF, 0xCB, 0x00, 0x10, 0xFF, 0xCB, 0x00, 0x11, 0xFF, 0xCB, 0x00, 0x13, 0xFF, 0xCB, 0x00, 0x14,
0xFF, 0xCB, 0x00, 0x15, 0xFF, 0xCB, 0x00, 0x16, 0xFF, 0xCB, 0x00, 0x17, 0xFF, 0xCB, 0x00, 0x18,
0xFF, 0xCB, 0x00, 0x19, 0xFF, 0xCB, 0x00, 0x41, 0xFF, 0xFE, 0x00, 0x43, 0xFF, 0xFE, 0x00, 0x44,
0xFF, 0xFE, 0x00, 0x45, 0xFF, 0xFE, 0x00, 0x46, 0xFF, 0xFE, 0x00, 0x47, 0xFF, 0xFE, 0x00, 0x48,
0xFF, 0xFE, 0x00, 0x49, 0xFF, 0xFE, 0x00, 0x4B, 0xFF, 0xFE, 0x00, 0x4C, 0xFF, 0xFE, 0x00, 0x4D,
0xFF, 0xFE, 0x00, 0x4E, 0xFF, 0xCB, 0x00, 0x4F, 0xFF, 0xCB, 0x00, 0x50, 0xFF, 0xCB, 0x00, 0x87,
0x00, 0x0D, 0x00, 0x88, 0x00, 0x0D, 0x00, 0x89, 0x00, 0x0D, 0x00, 0x8A, 0x00, 0x0D, 0x00, 0x8B,
0x00, 0x0D, 0x00, 0x9F, 0x00, 0x11, 0x00, 0xA0, 0x00, 0x14, 0x00, 0xA1, 0x00, 0x14, 0x00, 0xA2,
0x00, 0x14, 0x00, 0xA3, 0x00, 0x14, 0x00, 0xA4, 0x00, 0x14, 0x00, 0xA5, 0xFF, 0xF9, 0x00, 0xAE,
0x00, 0x00, 0x00, 0xAF, 0x00, 0x00, 0x00, 0xB0, 0x00, 0x00, 0x00, 0xB1, 0x00, 0x00, 0x00, 0xB2,
0xFF, 0xFD, 0x00, 0xB3, 0xFF, 0xFD, 0x00, 0xB4, 0xFF, 0xFD, 0x00, 0xB5, 0xFF, 0xFD, 0x00, 0xB6,
0xFF, 0xFD, 0x00, 0xB7, 0xFF, 0xFD, 0x00, 0xB9, 0xFF, 0xFD, 0x00, 0xBA, 0xFF, 0xFD, 0x00, 0xBB,
0xFF, 0xFD, 0x00, 0xBC, 0xFF, 0xFD, 0x00, 0xBD, 0xFF, 0xFD, 0x00, 0xBF, 0xFF, 0xFD, 0x00, 0xC0,
0xFF, 0xFD, 0x00, 0xC1, 0xFF, 0xFD, 0x00, 0xC2, 0xFF, 0xFD, 0x00, 0xC4, 0xFF, 0xFD, 0x00, 0xC5,
0xFF, 0xFD, 0x00, 0xC6, 0xFF, 0xFD, 0x00, 0xC7, 0xFF, 0xFD, 0x00, 0xC8, 0xFF, 0xFD, 0x00, 0xC9,
0xFF, 0xFD, 0x00, 0xCA, 0xFF, 0xFD, 0x00, 0xCC, 0xFF, 0xF9, 0x00, 0xCD, 0xFF, 0xF9, 0x00, 0xCE,
0xFF, 0xF9, 0x00, 0xCF, 0xFF, 0xF9, 0x00, 0xD0, 0xFF, 0xF9, 0x00, 0xD1, 0xFF, 0xF9, 0x00, 0xD2,
0xFF, 0xEF, 0x00, 0xD3, 0xFF, 0xEF, 0x00, 0xD4, 0xFF, 0xEF, 0x00, 0xD5, 0xFF, 0xEF, 0x00, 0xD6,
0xFF, 0xF9, 0x00, 0xD7, 0xFF, 0xF9, 0x00, 0xD8, 0xFF, 0xF9, 0x00, 0xD9, 0xFF, 0xF9, 0x00, 0xDA,
0xFF, 0xF9, 0x00, 0xDB, 0xFF, 0xF9, 0x00, 0xDC, 0xFF, 0xF9, 0x00, 0xDD, 0xFF, 0xF9, 0x00, 0xDF,
0xFF, 0xF9, 0x00, 0xE0, 0xFF, 0xF9, 0x00, 0xE1, 0xFF, 0xF9, 0x00, 0xE2, 0xFF, 0xF9, 0x00, 0xE3,
0xFF, 0xF9, 0x00, 0xE5, 0xFF, 0xF9, 0x00, 0xE6, 0xFF, 0xF9, 0x00, 0xE7, 0xFF, 0xF9, 0x00, 0xE8,
0xFF, 0xF9, 0x00, 0xE9, 0x00, 0x0D, 0x00, 0xEA, 0xFF, 0xFB, 0x00, 0xEB, 0xFF, 0xFB, 0x00, 0xEC,
0xFF, 0xFB, 0x00, 0xED, 0xFF, 0xFB, 0x00, 0xEE, 0xFF, 0xFB, 0x01, 0x14, 0xFF, 0xF9, 0x01, 0x15,
0xFF, 0xF9, 0x01, 0x16, 0xFF, 0xF9, 0x01, 0x17, 0xFF, 0xF9, 0x01, 0x18, 0xFF, 0xF9, 0x01, 0x19,
0xFF, 0xF9, 0x01, 0x1A, 0xFF, 0xF9, 0x01, 0x1C, 0xFF, 0xF9, 0x01, 0x1D, 0xFF, 0xF9, 0x01, 0x1E,
0xFF, 0xF9, 0x01, 0x1F, 0xFF, 0xF9, 0x01, 0x21, 0xFF, 0xF9, 0x01, 0x22, 0xFF, 0xF9, 0x01, 0x23,
0xFF, 0xF9, 0x01, 0x24, 0xFF, 0xF9, 0x01, 0x26, 0xFF, 0xF9, 0x01, 0x27, 0xFF, 0xF9, 0x01, 0x28,
0xFF, 0xF9, 0x01, 0x29, 0xFF, 0xF9, 0x01, 0x2A, 0xFF, 0xF9, 0x01, 0x2B, 0xFF, 0xF9, 0x01, 0x2C,
0xFF, 0xF9, 0x01, 0x2F, 0xFF, 0xEF, 0x01, 0x3A, 0x00, 0x0D, 0x01, 0x3B, 0x00, 0x11, 0x01, 0x3C,
0x00, 0x11, 0x01, 0x3D, 0x00, 0x11, 0x01, 0x3E, 0x00, 0x11, 0x01, 0x3F, 0x00, 0x11, 0x01, 0x62,
0x00, 0x11, 0x01, 0x63, 0x00, 0x11, 0x01, 0x64, 0x00, 0x11, 0x01, 0x65, 0x00, 0x11, 0x01, 0x67,
0x00, 0x0D, 0x01, 0x68, 0x00, 0x0D, 0x00, 0xBA, 0x00, 0x01, 0xFF, 0xFD, 0x00, 0x02, 0xFF, 0xFD,
0x00, 0x03, 0xFF, 0xFD, 0x00, 0x04, 0xFF, 0xFD, 0x00, 0x05, 0xFF, 0xFD, 0x00, 0x06, 0xFF, 0xFD,
0x00, 0x08, 0xFF, 0xFD, 0x00, 0x09, 0xFF, 0xFD, 0x00, 0x0A, 0xFF, 0xFD, 0x00, 0x0B, 0xFF, 0xFD,
0x00, 0x0C, 0xFF, 0xFD, 0x00, 0x0E, 0xFF, 0xFD, 0x00, 0x0F, 0xFF, 0xFD, 0x00, 0x10, 0xFF, 0xFD,
0x00, 0x11, 0xFF, 0xFD, 0x00, 0x13, 0xFF, 0xFD, 0x00, 0x14, 0xFF, 0xFD, 0x00, 0x15, 0xFF, 0xFD,
0x00, 0x16, 0xFF, 0xFD, 0x00, 0x17, 0xFF, 0xFD, 0x00, 0x18, 0xFF, 0xFD, 0x00, 0x19, 0xFF, 0xFD,
0x00, 0x41, 0xFF, 0xF3, 0x00, 0x42, 0xFF, 0xFD, 0x00, 0x43, 0xFF, 0xF3, 0x00, 0x44, 0xFF, 0xF3,
0x00, 0x45, 0xFF, 0xF3, 0x00, 0x46, 0xFF, 0xF3, 0x00, 0x47, 0xFF, 0xF3, 0x00, 0x48, 0xFF, 0xF3,
0x00, 0x49, 0xFF, 0xF3, 0x00, 0x4B, 0xFF, 0xF3, 0x00, 0x4C, 0xFF, 0xF3, 0x00, 0x4D, 0xFF, 0xF3,
0x00, 0x80, 0xFF, 0xF4, 0x00, 0x81, 0xFF, 0xF4, 0x00, 0x82, 0xFF, 0xF4, 0x00, 0x83, 0xFF, 0xF4,
0x00, 0x84, 0xFF, 0xF4, 0x00, 0x85, 0xFF, 0xF4, 0x00, 0x87, 0xFF, 0xC1, 0x00, 0x88, 0xFF, 0xC1,
0x00, 0x89, 0xFF, 0xC1, 0x00, 0x8A, 0xFF, 0xC1, 0x00, 0x8B, 0xFF, 0xC1, 0x00, 0x8C, 0xFF, 0xFD,
0x00, 0x8D, 0xFF, 0xFD, 0x00, 0x8E, 0xFF, 0xFD, 0x00, 0x8F, 0xFF, 0xFD, 0x00, 0x90, 0xFF, 0xFD,
0x00, 0x91, 0xFF, 0xFD, 0x00, 0x92, 0xFF, 0xFD, 0x00, 0x94, 0xFF, 0xFD, 0x00, 0x95, 0xFF, 0xFD,
0x00, 0x96, 0xFF, 0xFD, 0x00, 0x97, 0xFF, 0xFD, 0x00, 0x99, 0xFF, 0xFD, 0x00, 0x9A, 0xFF, 0xFD,
0x00, 0x9B, 0xFF, 0xFD, 0x00, 0x9C, 0xFF, 0xFD, 0x00, 0x9D, 0xFF, 0xFD, 0x00, 0x9E, 0xFF, 0xFD,
0x00, 0x9F, 0xFF, 0xC4, 0x00, 0xA0, 0xFF, 0xDB, 0x00, 0xA1, 0xFF, 0xDB, 0x00, 0xA2, 0xFF, 0xDB,
0x00, 0xA3, 0xFF, 0xDB, 0x00, 0xA4, 0xFF, 0xDB, 0x00, 0xA5, 0xFF, 0xF3, 0x00, 0xA6, 0xFF, 0xB2,
0x00, 0xA7, 0xFF, 0xB2, 0x00, 0xA8, 0xFF, 0xB2, 0x00, 0xA9, 0xFF, 0xB2, 0x00, 0xAA, 0xFF, 0xB2,
0x00, 0xAB, 0xFF, 0xB2, 0x00, 0xAC, 0xFF, 0xB2, 0x00, 0xAD, 0xFF, 0xB2, 0x00, 0xAE, 0x00, 0x07,
0x00, 0xAF, 0x00, 0x07, 0x00, 0xB0, 0x00, 0x07, 0x00, 0xB1, 0x00, 0x07, 0x00, 0xB2, 0x00, 0x02,
0x00, 0xB3, 0x00, 0x02, 0x00, 0xB4, 0x00, 0x02, 0x00, 0xB5, 0x00, 0x02, 0x00, 0xB6, 0x00, 0x02,
0x00, 0xB7, 0x00, 0x02, 0x00, 0xB9, 0x00, 0x02, 0x00, 0xBA, 0x00, 0x02, 0x00, 0xBB, 0x00, 0x02,
0x00, 0xBC, 0x00, 0x02, 0x00, 0xBD, 0x00, 0x02, 0x00, 0xBF, 0x00, 0x02, 0x00, 0xC0, 0x00, 0x02,
0x00, 0xC1, 0x00, 0x02, 0x00, 0xC2, 0x00, 0x02, 0x00, 0xC4, 0x00, 0x02, 0x00, 0xC5, 0x00, 0x02,
0x00, 0xC6, 0x00, 0x02, 0x00, 0xC7, 0x00, 0x02, 0x00, 0xC8, 0x00, 0x02, 0x00, 0xC9, 0x00, 0x02,
0x00, 0xCA, 0x00, 0x02, 0x00, 0xCC, 0x00, 0x08, 0x00, 0xCD, 0x00, 0x08, 0x00, 0xCE, 0x00, 0x08,
0x00, 0xCF, 0x00, 0x08, 0x00, 0xD0, 0x00, 0x08, 0x00, 0xD1, 0x00, 0x08, 0x00, 0xD2, 0x00, 0x08,
0x00, 0xD3, 0x00, 0x08, 0x00, 0xD4, 0x00, 0x08, 0x00, 0xD5, 0x00, 0x08, 0x00, 0xD6, 0x00, 0x08,
0x00, 0xD7, 0x00, 0x08, 0x00, 0xD8, 0x00, 0x08, 0x00, 0xD9, 0x00, 0x08, 0x00, 0xDA, 0x00, 0x08,
0x00, 0xDB, 0x00, 0x08, 0x00, 0xDC, 0x00, 0x08, 0x00, 0xDD, 0x00, 0x08, 0x00, 0xDF, 0x00, 0x08,
0x00, 0xE0, 0x00, 0x08, 0x00, 0xE1, 0x00, 0x08, 0x00, 0xE2, 0x00, 0x08, 0x00, 0xE3, 0x00, 0x08,
0x00, 0xE5, 0x00, 0x08, 0x00, 0xE6, 0x00, 0x08, 0x00, 0xE7, 0x00, 0x08, 0x00, 0xE8, 0x00, 0x08,
0x00, 0xE9, 0xFF, 0xF4, 0x00, 0xEA, 0xFF, 0xFD, 0x00, 0xEB, 0xFF, 0xFD, 0x00, 0xEC, 0xFF, 0xFD,
0x00, 0xED, 0xFF, 0xFD, 0x00, 0xEE, 0xFF, 0xFD, 0x01, 0x14, 0x00, 0x08, 0x01, 0x15, 0x00, 0x08,
0x01, 0x16, 0x00, 0x08, 0x01, 0x17, 0x00, 0x08, 0x01, 0x18, 0x00, 0x08, 0x01, 0x19, 0x00, 0x08,
0x01, 0x1A, 0x00, 0x08, 0x01, 0x1C, 0x00, 0x08, 0x01, 0x1D, 0x00, 0x08, 0x01, 0x1E, 0x00, 0x08,
0x01, 0x1F, 0x00, 0x08, 0x01, 0x21, 0x00, 0x08, 0x01, 0x22, 0x00, 0x08, 0x01, 0x23, 0x00, 0x08,
0x01, 0x24, 0x00, 0x08, 0x01, 0x26, 0x00, 0x08, 0x01, 0x27, 0x00, 0x08, 0x01, 0x28, 0x00, 0x08,
0x01, 0x29, 0x00, 0x08, 0x01, 0x2A, 0x00, 0x08, 0x01, 0x2B, 0x00, 0x08, 0x01, 0x2C, 0x00, 0x08,
0x01, 0x2F, 0x00, 0x08, 0x01, 0x34, 0xFF, 0xFD, 0x01, 0x35, 0xFF, 0xFD, 0x01, 0x36, 0xFF, 0xFD,
0x01, 0x37, 0xFF, 0xFD, 0x01, 0x38, 0xFF, 0xFD, 0x01, 0x39, 0xFF, 0xFD, 0x01, 0x3A, 0xFF, 0xF4,
0x01, 0x3B, 0xFF, 0xF1, 0x01, 0x3C, 0xFF, 0xF1, 0x01, 0x3D, 0xFF, 0xF1, 0x01, 0x3E, 0xFF, 0xF1,
0x01, 0x3F, 0xFF, 0xF1, 0x01, 0x54, 0xFF, 0xEA, 0x01, 0x55, 0xFF, 0xEA, 0x01, 0x56, 0xFF, 0xEA,
0x01, 0x57, 0xFF, 0xEA, 0x01, 0x58, 0xFF, 0xEA, 0x01, 0x5A, 0xFF, 0xE9, 0x01, 0x5B, 0xFF, 0xE9,
0x01, 0x5C, 0xFF, 0xE9, 0x01, 0x5D, 0xFF, 0xE9, 0x01, 0x5E, 0xFF, 0xE9, 0x01, 0x5F, 0xFF, 0xE9,
0x01, 0x60, 0xFF, 0xE9, 0x01, 0x61, 0xFF, 0xE9, 0x01, 0x67, 0xFF, 0xF4, 0x01, 0x68, 0xFF, 0xF4,
0x00, 0xCA, 0x00, 0x01, 0x00, 0x02, 0x00, 0x02, 0x00, 0x02, 0x00, 0x03, 0x00, 0x02, 0x00, 0x04,
0x00, 0x02, 0x00, 0x05, 0x00, 0x02, 0x00, 0x06, 0x00, 0x02, 0x00, 0x08, 0x00, 0x02, 0x00, 0x09,
0x00, 0x02, 0x00, 0x0A, 0x00, 0x02, 0x00, 0x0B, 0x00, 0x02, 0x00, 0x0C, 0x00, 0x02, 0x00, 0x0E,
0x00, 0x02, 0x00, 0x0F, 0x00, 0x02, 0x00, 0x10, 0x00, 0x02, 0x00, 0x11, 0x00, 0x02, 0x00, 0x13,
0x00, 0x02, 0x00, 0x14, 0x00, 0x02, 0x00, 0x15, 0x00, 0x02, 0x00, 0x16, 0x00, 0x02, 0x00, 0x17,
0x00, 0x02, 0x00, 0x18, 0x00, 0x02, 0x00, 0x19, 0x00, 0x02, 0x00, 0x1B, 0xFF, 0xF8, 0x00, 0x1C,
0xFF, 0xF8, 0x00, 0x1D, 0xFF, 0xF8, 0x00, 0x1E, 0xFF, 0xF8, 0x00, 0x1F, 0xFF, 0xF8, 0x00, 0x20,
0xFF, 0xF8, 0x00, 0x37, 0xFF, 0xF8, 0x00, 0x39, 0xFF, 0xF8, 0x00, 0x3A, 0xFF, 0xF8, 0x00, 0x3B,
0xFF, 0xF8, 0x00, 0x3C, 0xFF, 0xF8, 0x00, 0x3D, 0xFF, 0xF8, 0x00, 0x42, 0xFF, 0xFD, 0x00, 0x4E,
0x00, 0x03, 0x00, 0x4F, 0x00, 0x03, 0x00, 0x50, 0x00, 0x03, 0x00, 0x60, 0xFF, 0xF8, 0x00, 0x61,
0xFF, 0xF8, 0x00, 0x62, 0xFF, 0xF8, 0x00, 0x63, 0xFF, 0xF8, 0x00, 0x64, 0xFF, 0xF8, 0x00, 0x65,
0xFF, 0xF8, 0x00, 0x66, 0xFF, 0xF8, 0x00, 0x68, 0xFF, 0xF8, 0x00, 0x69, 0xFF, 0xF8, 0x00, 0x6A,
0xFF, 0xF8, 0x00, 0x6B, 0xFF, 0xF8, 0x00, 0x6D, 0xFF, 0xF8, 0x00, 0x6E, 0xFF, 0xF8, 0x00, 0x6F,
0xFF, 0xF8, 0x00, 0x70, 0xFF, 0xF8, 0x00, 0x72, 0xFF, 0xF8, 0x00, 0x73, 0xFF, 0xF8, 0x00, 0x74,
0xFF, 0xF8, 0x00, 0x75, 0xFF, 0xF8, 0x00, 0x76, 0xFF, 0xF8, 0x00, 0x77, 0xFF, 0xF8, 0x00, 0x78,
0xFF, 0xF8, 0x00, 0x7B, 0xFF, 0xF8, 0x00, 0x87, 0xFF, 0xC1, 0x00, 0x88, 0xFF, 0xC1, 0x00, 0x89,
0xFF, 0xC1, 0x00, 0x8A, 0xFF, 0xC1, 0x00, 0x8B, 0xFF, 0xC1, 0x00, 0x8C, 0xFF, 0xFD, 0x00, 0x8D,
0xFF, 0xFD, 0x00, 0x8E, 0xFF, 0xFD, 0x00, 0x8F, 0xFF, 0xFD, 0x00, 0x90, 0xFF, 0xFD, 0x00, 0x91,
0xFF, 0xFD, 0x00, 0x92, 0xFF, 0xFD, 0x00, 0x94, 0xFF, 0xFD, 0x00, 0x95, 0xFF, 0xFD, 0x00, 0x96,
0xFF, 0xFD, 0x00, 0x97, 0xFF, 0xFD, 0x00, 0x99, 0xFF, 0xFD, 0x00, 0x9A, 0xFF, 0xFD, 0x00, 0x9B,
0xFF, 0xFD, 0x00, 0x9C, 0xFF, 0xFD, 0x00, 0x9D, 0xFF, 0xFD, 0x00, 0x9E, 0xFF, 0xFD, 0x00, 0x9F,
0xFF, 0xBD, 0x00, 0xA0, 0xFF, 0xDA, 0x00, 0xA1, 0xFF, 0xDA, 0x00, 0xA2, 0xFF, 0xDA, 0x00, 0xA3,
0xFF, 0xDA, 0x00, 0xA4, 0xFF, 0xDA, 0x00, 0xA5, 0xFF, 0xF9, 0x00, 0xA6, 0xFF, 0xB3, 0x00, 0xA7,
0xFF, 0xB3, 0x00, 0xA8, 0xFF, 0xB3, 0x00, 0xA9, 0xFF, 0xB3, 0x00, 0xAA, 0xFF, 0xB3, 0x00, 0xAB,
0xFF, 0xB3, 0x00, 0xAC, 0xFF, 0xB3, 0x00, 0xAD, 0xFF, 0xB3, 0x00, 0xAE, 0x00, 0x0A, 0x00, 0xAF,
0x00, 0x0A, 0x00, 0xB0, 0x00, 0x0A, 0x00, 0xB1, 0x00, 0x0A, 0x00, 0xB2, 0x00, 0x02, 0x00, 0xB3,
0x00, 0x02, 0x00, 0xB4, 0x00, 0x02, 0x00, 0xB5, 0x00, 0x02, 0x00, 0xB6, 0x00, 0x02, 0x00, 0xB7,
0x00, 0x02, 0x00, 0xB9, 0x00, 0x02, 0x00, 0xBA, 0x00, 0x02, 0x00, 0xBB, 0x00, 0x02, 0x00, 0xBC,
0x00, 0x02, 0x00, 0xBD, 0x00, 0x02, 0x00, 0xBF, 0x00, 0x02, 0x00, 0xC0, 0x00, 0x02, 0x00, 0xC1,
0x00, 0x02, 0x00, 0xC2, 0x00, 0x02, 0x00, 0xC4, 0x00, 0x02, 0x00, 0xC5, 0x00, 0x02, 0x00, 0xC6,
0x00, 0x02, 0x00, 0xC7, 0x00, 0x02, 0x00, 0xC8, 0x00, 0x02, 0x00, 0xC9, 0x00, 0x02, 0x00, 0xCA,
0x00, 0x02, 0x00, 0xCC, 0x00, 0x03, 0x00, 0xCD, 0x00, 0x03, 0x00, 0xCE, 0x00, 0x03, 0x00, 0xCF,
0x00, 0x03, 0x00, 0xD0, 0x00, 0x03, 0x00, 0xD1, 0x00, 0x03, 0x00, 0xD2, 0x00, 0x08, 0x00, 0xD3,
0x00, 0x08, 0x00, 0xD4, 0x00, 0x08, 0x00, 0xD5, 0x00, 0x08, 0x00, 0xD6, 0x00, 0x03, 0x00, 0xD7,
0x00, 0x03, 0x00, 0xD8, 0x00, 0x03, 0x00, 0xD9, 0x00, 0x03, 0x00, 0xDA, 0x00, 0x03, 0x00, 0xDB,
0x00, 0x03, 0x00, 0xDC, 0x00, 0x03, 0x00, 0xDD, 0x00, 0x03, 0x00, 0xDF, 0x00, 0x03, 0x00, 0xE0,
0x00, 0x03, 0x00, 0xE1, 0x00, 0x03, 0x00, 0xE2, 0x00, 0x03, 0x00, 0xE3, 0x00, 0x03, 0x00, 0xE5,
0x00, 0x03, 0x00, 0xE6, 0x00, 0x03, 0x00, 0xE7, 0x00, 0x03, 0x00, 0xE8, 0x00, 0x03, 0x00, 0xE9,
0xFF, 0xEF, 0x00, 0xEA, 0xFF, 0xFD, 0x00, 0xEB, 0xFF, 0xFD, 0x00, 0xEC, 0xFF, 0xFD, 0x00, 0xED,
0xFF, 0xFD, 0x00, 0xEE, 0xFF, 0xFD, 0x01, 0x14, 0x00, 0x03, 0x01, 0x15, 0x00, 0x03, 0x01, 0x16,
0x00, 0x03, 0x01, 0x17, 0x00, 0x03, 0x01, 0x18, 0x00, 0x03, 0x01, 0x19, 0x00, 0x03, 0x01, 0x1A,
0x00, 0x03, 0x01, 0x1C, 0x00, 0x03, 0x01, 0x1D, 0x00, 0x03, 0x01, 0x1E, 0x00, 0x03, 0x01, 0x1F,
0x00, 0x03, 0x01, 0x21, 0x00, 0x03, 0x01, 0x22, 0x00, 0x03, 0x01, 0x23, 0x00, 0x03, 0x01, 0x24,
0x00, 0x03, 0x01, 0x26, 0x00, 0x03, 0x01, 0x27, 0x00, 0x03, 0x01, 0x28, 0x00, 0x03, 0x01, 0x29,
0x00, 0x03, 0x01, 0x2A, 0x00, 0x03, 0x01, 0x2B, 0x00, 0x03, 0x01, 0x2C, 0x00, 0x03, 0x01, 0x2F,
0x00, 0x08, 0x01, 0x3A, 0xFF, 0xEF, 0x01, 0x53, 0xFF, 0xE4, 0x01, 0x54, 0xFF, 0xE7, 0x01, 0x55,
0xFF, 0xE7, 0x01, 0x56, 0xFF, 0xE7, 0x01, 0x57, 0xFF, 0xE7, 0x01, 0x58, 0xFF, 0xE7, 0x01, 0x59,
0xFF, 0xFD, 0x01, 0x5A, 0xFF, 0xE9, 0x01, 0x5B, 0xFF, 0xE9, 0x01, 0x5C, 0xFF, 0xE9, 0x01, 0x5D,
0xFF, 0xE9, 0x01, 0x5E, 0xFF, 0xE9, 0x01, 0x5F, 0xFF, 0xE9, 0x01, 0x60, 0xFF, 0xE9, 0x01, 0x61,
0xFF, 0xE9, 0x01, 0x62, 0x00, 0x07, 0x01, 0x63, 0x00, 0x07, 0x01, 0x64, 0x00, 0x07, 0x01, 0x65,
0x00, 0x07, 0x01, 0x67, 0xFF, 0xEF, 0x01, 0x68, 0xFF, 0xEF, 0x00, 0xA5, 0x00, 0x1B, 0x00, 0x03,
0x00, 0x1C, 0x00, 0x03, 0x00, 0x1D, 0x00, 0x03, 0x00, 0x1E, 0x00, 0x03, 0x00, 0x1F, 0x00, 0x03,
0x00, 0x20, 0x00, 0x03, 0x00, 0x37, 0x00, 0x03, 0x00, 0x39, 0x00, 0x03, 0x00, 0x3A, 0x00, 0x03,
0x00, 0x3B, 0x00, 0x03, 0x00, 0x3C, 0x00, 0x03, 0x00, 0x3D, 0x00, 0x03, 0x00, 0x42, 0xFF, 0xFD,
0x00, 0x4E, 0xFF, 0xF1, 0x00, 0x4F, 0xFF, 0xF1, 0x00, 0x50, 0xFF, 0xF1, 0x00, 0x60, 0x00, 0x03,
0x00, 0x61, 0x00, 0x03, 0x00, 0x62, 0x00, 0x03, 0x00, 0x63, 0x00, 0x03, 0x00, 0x64, 0x00, 0x03,
0x00, 0x65, 0x00, 0x03, 0x00, 0x66, 0x00, 0x03, 0x00, 0x68, 0x00, 0x03, 0x00, 0x69, 0x00, 0x03,
0x00, 0x6A, 0x00, 0x03, 0x00, 0x6B, 0x00, 0x03, 0x00, 0x6D, 0x00, 0x03, 0x00, 0x6E, 0x00, 0x03,
0x00, 0x6F, 0x00, 0x03, 0x00, 0x70, 0x00, 0x03, 0x00, 0x72, 0x00, 0x03, 0x00, 0x73, 0x00, 0x03,
0x00, 0x74, 0x00, 0x03, 0x00, 0x75, 0x00, 0x03, 0x00, 0x76, 0x00, 0x03, 0x00, 0x77, 0x00, 0x03,
0x00, 0x78, 0x00, 0x03, 0x00, 0x7B, 0x00, 0x03, 0x00, 0x80, 0xFF, 0xF6, 0x00, 0x81, 0xFF, 0xF6,
0x00, 0x82, 0xFF, 0xF6, 0x00, 0x83, 0xFF, 0xF6, 0x00, 0x84, 0xFF, 0xF6, 0x00, 0x85, 0xFF, 0xF6,
0x00, 0x87, 0xFF, 0xD1, 0x00, 0x88, 0xFF, 0xD1, 0x00, 0x89, 0xFF, 0xD1, 0x00, 0x8A, 0xFF, 0xD1,
0x00, 0x8B, 0xFF, 0xD1, 0x00, 0x8C, 0xFF, 0xFD, 0x00, 0x8D, 0xFF, 0xFD, 0x00, 0x8E, 0xFF, 0xFD,
0x00, 0x8F, 0xFF, 0xFD, 0x00, 0x90, 0xFF, 0xFD, 0x00, 0x91, 0xFF, 0xFD, 0x00, 0x92, 0xFF, 0xFD,
0x00, 0x94, 0xFF, 0xFD, 0x00, 0x95, 0xFF, 0xFD, 0x00, 0x96, 0xFF, 0xFD, 0x00, 0x97, 0xFF, 0xFD,
0x00, 0x99, 0xFF, 0xFD, 0x00, 0x9A, 0xFF, 0xFD, 0x00, 0x9B, 0xFF, 0xFD, 0x00, 0x9C, 0xFF, 0xFD,
0x00, 0x9D, 0xFF, 0xFD, 0x00, 0x9E, 0xFF, 0xFD, 0x00, 0x9F, 0xFF, 0xD1, 0x00, 0xA0, 0xFF, 0xE7,
0x00, 0xA1, 0xFF, 0xE7, 0x00, 0xA2, 0xFF, 0xE7, 0x00, 0xA3, 0xFF, 0xE7, 0x00, 0xA4, 0xFF, 0xE7,
0x00, 0xA5, 0xFF, 0xE9, 0x00, 0xA6, 0xFF, 0xC1, 0x00, 0xA7, 0xFF, 0xC1, 0x00, 0xA8, 0xFF, 0xC1,
0x00, 0xA9, 0xFF, 0xC1, 0x00, 0xAA, 0xFF, 0xC1, 0x00, 0xAB, 0xFF, 0xC1, 0x00, 0xAC, 0xFF, 0xC1,
0x00, 0xAD, 0xFF, 0xC1, 0x00, 0xAE, 0x00, 0x03, 0x00, 0xAF, 0x00, 0x03, 0x00, 0xB0, 0x00, 0x03,
0x00, 0xB1, 0x00, 0x03, 0x00, 0xCC, 0x00, 0x07, 0x00, 0xCD, 0x00, 0x07, 0x00, 0xCE, 0x00, 0x07,
0x00, 0xCF, 0x00, 0x07, 0x00, 0xD0, 0x00, 0x07, 0x00, 0xD1, 0x00, 0x07, 0x00, 0xD2, 0x00, 0x07,
0x00, 0xD3, 0x00, 0x07, 0x00, 0xD4, 0x00, 0x07, 0x00, 0xD5, 0x00, 0x07, 0x00, 0xD6, 0x00, 0x07,
0x00, 0xD7, 0x00, 0x07, 0x00, 0xD8, 0x00, 0x07, 0x00, 0xD9, 0x00, 0x07, 0x00, 0xDA, 0x00, 0x07,
0x00, 0xDB, 0x00, 0x07, 0x00, 0xDC, 0x00, 0x07, 0x00, 0xDD, 0x00, 0x07, 0x00, 0xDF, 0x00, 0x07,
0x00, 0xE0, 0x00, 0x07, 0x00, 0xE1, 0x00, 0x07, 0x00, 0xE2, 0x00, 0x07, 0x00, 0xE3, 0x00, 0x07,
0x00, 0xE5, 0x00, 0x07, 0x00, 0xE6, 0x00, 0x07, 0x00, 0xE7, 0x00, 0x07, 0x00, 0xE8, 0x00, 0x07,
0x00, 0xE9, 0xFF, 0xF9, 0x00, 0xEA, 0xFF, 0xF6, 0x00, 0xEB, 0xFF, 0xF6, 0x00, 0xEC, 0xFF, 0xF6,
0x00, 0xED, 0xFF, 0xF6, 0x00, 0xEE, 0xFF, 0xF6, 0x01, 0x14, 0x00, 0x07, 0x01, 0x15, 0x00, 0x07,
0x01, 0x16, 0x00, 0x07, 0x01, 0x17, 0x00, 0x07, 0x01, 0x18, 0x00, 0x07, 0x01, 0x19, 0x00, 0x07,
0x01, 0x1A, 0x00, 0x07, 0x01, 0x1C, 0x00, 0x07, 0x01, 0x1D, 0x00, 0x07, 0x01, 0x1E, 0x00, 0x07,
0x01, 0x1F, 0x00, 0x07, 0x01, 0x21, 0x00, 0x07, 0x01, 0x22, 0x00, 0x07, 0x01, 0x23, 0x00, 0x07,
0x01, 0x24, 0x00, 0x07, 0x01, 0x26, 0x00, 0x07, 0x01, 0x27, 0x00, 0x07, 0x01, 0x28, 0x00, 0x07,
0x01, 0x29, 0x00, 0x07, 0x01, 0x2A, 0x00, 0x07, 0x01, 0x2B, 0x00, 0x07, 0x01, 0x2C, 0x00, 0x07,
0x01, 0x2F, 0x00, 0x07, 0x01, 0x3A, 0xFF, 0xF9, 0x01, 0x3B, 0xFF, 0xFD, 0x01, 0x3C, 0xFF, 0xFD,
0x01, 0x3D, 0xFF, 0xFD, 0x01, 0x3E, 0xFF, 0xFD, 0x01, 0x3F, 0xFF, 0xFD, 0x01, 0x53, 0xFF, 0xF9,
0x01, 0x54, 0xFF, 0xF6, 0x01, 0x55, 0xFF, 0xF6, 0x01, 0x56, 0xFF, 0xF6, 0x01, 0x57, 0xFF, 0xF6,
0x01, 0x58, 0xFF, 0xF6, 0x01, 0x59, 0xFF, 0xF4, 0x01, 0x5A, 0xFF, 0xFD, 0x01, 0x5B, 0xFF, 0xFD,
0x01, 0x5C, 0xFF, 0xFD, 0x01, 0x5D, 0xFF, 0xFD, 0x01, 0x5E, 0xFF, 0xFD, 0x01, 0x5F, 0xFF, 0xFD,
0x01, 0x60, 0xFF, 0xFD, 0x01, 0x61, 0xFF, 0xFD, 0x01, 0x67, 0xFF, 0xF9, 0x01, 0x68, 0xFF, 0xF9,
0x00, 0x72, 0x00, 0x1B, 0xFF, 0xF6, 0x00, 0x1C, 0xFF, 0xF6, 0x00, 0x1D, 0xFF, 0xF6, 0x00, 0x1E,
0xFF, 0xF6, 0x00, 0x1F, 0xFF, 0xF6, 0x00, 0x20, 0xFF, 0xF6, 0x00, 0x37, 0xFF, 0xF6, 0x00, 0x39,
0xFF, 0xF6, 0x00, 0x3A, 0xFF, 0xF6, 0x00, 0x3B, 0xFF, 0xF6, 0x00, 0x3C, 0xFF, 0xF6, 0x00, 0x3D,
0xFF, 0xF6, 0x00, 0x41, 0xFF, 0xFD, 0x00, 0x42, 0xFF, 0xF9, 0x00, 0x43, 0xFF, 0xFD, 0x00, 0x44,
0xFF, 0xFD, 0x00, 0x45, 0xFF, 0xFD, 0x00, 0x46, 0xFF, 0xFD, 0x00, 0x47, 0xFF, 0xFD, 0x00, 0x48,
0xFF, 0xFD, 0x00, 0x49, 0xFF, 0xFD, 0x00, 0x4B, 0xFF, 0xFD, 0x00, 0x4C, 0xFF, 0xFD, 0x00, 0x4D,
0xFF, 0xFD, 0x00, 0x4E, 0x00, 0x02, 0x00, 0x4F, 0x00, 0x02, 0x00, 0x50, 0x00, 0x02, 0x00, 0x60,
0xFF, 0xF6, 0x00, 0x61, 0xFF, 0xF6, 0x00, 0x62, 0xFF, 0xF6, 0x00, 0x63, 0xFF, 0xF6, 0x00, 0x64,
0xFF, 0xF6, 0x00, 0x65, 0xFF, 0xF6, 0x00, 0x66, 0xFF, 0xF6, 0x00, 0x68, 0xFF, 0xF6, 0x00, 0x69,
0xFF, 0xF6, 0x00, 0x6A, 0xFF, 0xF6, 0x00, 0x6B, 0xFF, 0xF6, 0x00, 0x6D, 0xFF, 0xF6, 0x00, 0x6E,
0xFF, 0xF6, 0x00, 0x6F, 0xFF, 0xF6, 0x00, 0x70, 0xFF, 0xF6, 0x00, 0x72, 0xFF, 0xF6, 0x00, 0x73,
0xFF, 0xF6, 0x00, 0x74, 0xFF, 0xF6, 0x00, 0x75, 0xFF, 0xF6, 0x00, 0x76, 0xFF, 0xF6, 0x00, 0x77,
0xFF, 0xF6, 0x00, 0x78, 0xFF, 0xF6, 0x00, 0x7B, 0xFF, 0xF6, 0x00, 0x80, 0xFF, 0xFB, 0x00, 0x81,
0xFF, 0xFB, 0x00, 0x82, 0xFF, 0xFB, 0x00, 0x83, 0xFF, 0xFB, 0x00, 0x84, 0xFF, 0xFB, 0x00, 0x85,
0xFF, 0xFB, 0x00, 0x87, 0xFF, 0xC1, 0x00, 0x88, 0xFF, 0xC1, 0x00, 0x89, 0xFF, 0xC1, 0x00, 0x8A,
0xFF, 0xC1, 0x00, 0x8B, 0xFF, 0xC1, 0x00, 0x8C, 0xFF, 0xF9, 0x00, 0x8D, 0xFF, 0xF9, 0x00, 0x8E,
0xFF, 0xF9, 0x00, 0x8F, 0xFF, 0xF9, 0x00, 0x90, 0xFF, 0xF9, 0x00, 0x91, 0xFF, 0xF9, 0x00, 0x92,
0xFF, 0xF9, 0x00, 0x94, 0xFF, 0xF9, 0x00, 0x95, 0xFF, 0xF9, 0x00, 0x96, 0xFF, 0xF9, 0x00, 0x97,
0xFF, 0xF9, 0x00, 0x99, 0xFF, 0xF9, 0x00, 0x9A, 0xFF, 0xF9, 0x00, 0x9B, 0xFF, 0xF9, 0x00, 0x9C,
0xFF, 0xF9, 0x00, 0x9D, 0xFF, 0xF9, 0x00, 0x9E, 0xFF, 0xF9, 0x00, 0x9F, 0xFF, 0xCB, 0x00, 0xA6,
0xFF, 0xB8, 0x00, 0xA7, 0xFF, 0xB8, 0x00, 0xA8, 0xFF, 0xB8, 0x00, 0xA9, 0xFF, 0xB8, 0x00, 0xAA,
0xFF, 0xB8, 0x00, 0xAB, 0xFF, 0xB8, 0x00, 0xAC, 0xFF, 0xB8, 0x00, 0xAD, 0xFF, 0xB8, 0x00, 0xAE,
0x00, 0x0A, 0x00, 0xAF, 0x00, 0x0A, 0x00, 0xB0, 0x00, 0x0A, 0x00, 0xB1, 0x00, 0x0A, 0x00, 0xEA,
0xFF, 0xF6, 0x00, 0xEB, 0xFF, 0xF6, 0x00, 0xEC, 0xFF, 0xF6, 0x00, 0xED, 0xFF, 0xF6, 0x00, 0xEE,
0xFF, 0xF6, 0x01, 0x3B, 0xFF, 0xEC, 0x01, 0x3C, 0xFF, 0xEC, 0x01, 0x3D, 0xFF, 0xEC, 0x01, 0x3E,
0xFF, 0xEC, 0x01, 0x3F, 0xFF, 0xEC, 0x01, 0x59, 0xFF, 0xFD, 0x01, 0x5A, 0xFF, 0xE5, 0x01, 0x5B,
0xFF, 0xE5, 0x01, 0x5C, 0xFF, 0xE5, 0x01, 0x5D, 0xFF, 0xE5, 0x01, 0x5E, 0xFF, 0xE5, 0x01, 0x5F,
0xFF, 0xE5, 0x01, 0x60, 0xFF, 0xE5, 0x01, 0x61, 0xFF, 0xE5, 0x01, 0x62, 0x00, 0x07, 0x01, 0x63,
0x00, 0x07, 0x01, 0x64, 0x00, 0x07, 0x01, 0x65, 0x00, 0x07, 0x00, 0xC5, 0x00, 0x01, 0x00, 0x03,
0x00, 0x02, 0x00, 0x03, 0x00, 0x03, 0x00, 0x03, 0x00, 0x04, 0x00, 0x03, 0x00, 0x05, 0x00, 0x03,
0x00, 0x06, 0x00, 0x03, 0x00, 0x08, 0x00, 0x03, 0x00, 0x09, 0x00, 0x03, 0x00, 0x0A, 0x00, 0x03,
0x00, 0x0B, 0x00, 0x03, 0x00, 0x0C, 0x00, 0x03, 0x00, 0x0E, 0x00, 0x03, 0x00, 0x0F, 0x00, 0x03,
0x00, 0x10, 0x00, 0x03, 0x00, 0x11, 0x00, 0x03, 0x00, 0x13, 0x00, 0x03, 0x00, 0x14, 0x00, 0x03,
0x00, 0x15, 0x00, 0x03, 0x00, 0x16, 0x00, 0x03, 0x00, 0x17, 0x00, 0x03, 0x00, 0x18, 0x00, 0x03,
0x00, 0x19, 0x00, 0x03, 0x00, 0x1B, 0xFF, 0xFD, 0x00, 0x1C, 0xFF, 0xFD, 0x00, 0x1D, 0xFF, 0xFD,
0x00, 0x1E, 0xFF, 0xFD, 0x00, 0x1F, 0xFF, 0xFD, 0x00, 0x20, 0xFF, 0xFD, 0x00, 0x37, 0xFF, 0xFD,
0x00, 0x39, 0xFF, 0xFD, 0x00, 0x3A, 0xFF, 0xFD, 0x00, 0x3B, 0xFF, 0xFD, 0x00, 0x3C, 0xFF, 0xFD,
0x00, 0x3D, 0xFF, 0xFD, 0x00, 0x41, 0xFF, 0xFD, 0x00, 0x43, 0xFF, 0xFD, 0x00, 0x44, 0xFF, 0xFD,
0x00, 0x45, 0xFF, 0xFD, 0x00, 0x46, 0xFF, 0xFD, 0x00, 0x47, 0xFF, 0xFD, 0x00, 0x48, 0xFF, 0xFD,
0x00, 0x49, 0xFF, 0xFD, 0x00, 0x4B, 0xFF, 0xFD, 0x00, 0x4C, 0xFF, 0xFD, 0x00, 0x4D, 0xFF, 0xFD,
0x00, 0x4E, 0x00, 0x03, 0x00, 0x4F, 0x00, 0x03, 0x00, 0x50, 0x00, 0x03, 0x00, 0x60, 0xFF, 0xFD,
0x00, 0x61, 0xFF, 0xFD, 0x00, 0x62, 0xFF, 0xFD, 0x00, 0x63, 0xFF, 0xFD, 0x00, 0x64, 0xFF, 0xFD,
0x00, 0x65, 0xFF, 0xFD, 0x00, 0x66, 0xFF, 0xFD, 0x00, 0x68, 0xFF, 0xFD, 0x00, 0x69, 0xFF, 0xFD,
0x00, 0x6A, 0xFF, 0xFD, 0x00, 0x6B, 0xFF, 0xFD, 0x00, 0x6D, 0xFF, 0xFD, 0x00, 0x6E, 0xFF, 0xFD,
0x00, 0x6F, 0xFF, 0xFD, 0x00, 0x70, 0xFF, 0xFD, 0x00, 0x72, 0xFF, 0xFD, 0x00, 0x73, 0xFF, 0xFD,
0x00, 0x74, 0xFF, 0xFD, 0x00, 0x75, 0xFF, 0xFD, 0x00, 0x76, 0xFF, 0xFD, 0x00, 0x77, 0xFF, 0xFD,
0x00, 0x78, 0xFF, 0xFD, 0x00, 0x7B, 0xFF, 0xFD, 0x00, 0x80, 0xFF, 0xFB, 0x00, 0x81, 0xFF, 0xFB,
0x00, 0x82, 0xFF, 0xFB, 0x00, 0x83, 0xFF, 0xFB, 0x00, 0x84, 0xFF, 0xFB, 0x00, 0x85, 0xFF, 0xFB,
0x00, 0x87, 0xFF, 0xCB, 0x00, 0x88, 0xFF, 0xCB, 0x00, 0x89, 0xFF, 0xCB, 0x00, 0x8A, 0xFF, 0xCB,
0x00, 0x8B, 0xFF, 0xCB, 0x00, 0x9F, 0xFF, 0xC4, 0x00, 0xA0, 0xFF, 0xDF, 0x00, 0xA1, 0xFF, 0xDF,
0x00, 0xA2, 0xFF, 0xDF, 0x00, 0xA3, 0xFF, 0xDF, 0x00, 0xA4, 0xFF, 0xDF, 0x00, 0xA5, 0xFF, 0xFE,
0x00, 0xA6, 0xFF, 0xB2, 0x00, 0xA7, 0xFF, 0xB2, 0x00, 0xA8, 0xFF, 0xB2, 0x00, 0xA9, 0xFF, 0xB2,
0x00, 0xAA, 0xFF, 0xB2, 0x00, 0xAB, 0xFF, 0xB2, 0x00, 0xAC, 0xFF, 0xB2, 0x00, 0xAD, 0xFF, 0xB2,
0x00, 0xAE, 0x00, 0x08, 0x00, 0xAF, 0x00, 0x08, 0x00, 0xB0, 0x00, 0x08, 0x00, 0xB1, 0x00, 0x08,
0x00, 0xB2, 0x00, 0x00, 0x00, 0xB3, 0x00, 0x00, 0x00, 0xB4, 0x00, 0x00, 0x00, 0xB5, 0x00, 0x00,
0x00, 0xB6, 0x00, 0x00, 0x00, 0xB7, 0x00, 0x00, 0x00, 0xB9, 0x00, 0x00, 0x00, 0xBA, 0x00, 0x00,
0x00, 0xBB, 0x00, 0x00, 0x00, 0xBC, 0x00, 0x00, 0x00, 0xBD, 0x00, 0x00, 0x00, 0xBF, 0x00, 0x00,
0x00, 0xC0, 0x00, 0x00, 0x00, 0xC1, 0x00, 0x00, 0x00, 0xC2, 0x00, 0x00, 0x00, 0xC4, 0x00, 0x00,
0x00, 0xC5, 0x00, 0x00, 0x00, 0xC6, 0x00, 0x00, 0x00, 0xC7, 0x00, 0x00, 0x00, 0xC8, 0x00, 0x00,
0x00, 0xC9, 0x00, 0x00, 0x00, 0xCA, 0x00, 0x00, 0x00, 0xCC, 0x00, 0x02, 0x00, 0xCD, 0x00, 0x02,
0x00, 0xCE, 0x00, 0x02, 0x00, 0xCF, 0x00, 0x02, 0x00, 0xD0, 0x00, 0x02, 0x00, 0xD1, 0x00, 0x02,
0x00, 0xD2, 0x00, 0x02, 0x00, 0xD3, 0x00, 0x02, 0x00, 0xD4, 0x00, 0x02, 0x00, 0xD5, 0x00, 0x02,
0x00, 0xD6, 0x00, 0x02, 0x00, 0xD7, 0x00, 0x02, 0x00, 0xD8, 0x00, 0x02, 0x00, 0xD9, 0x00, 0x02,
0x00, 0xDA, 0x00, 0x02, 0x00, 0xDB, 0x00, 0x02, 0x00, 0xDC, 0x00, 0x02, 0x00, 0xDD, 0x00, 0x02,
0x00, 0xDF, 0x00, 0x02, 0x00, 0xE0, 0x00, 0x02, 0x00, 0xE1, 0x00, 0x02, 0x00, 0xE2, 0x00, 0x02,
0x00, 0xE3, 0x00, 0x02, 0x00, 0xE5, 0x00, 0x02, 0x00, 0xE6, 0x00, 0x02, 0x00, 0xE7, 0x00, 0x02,
0x00, 0xE8, 0x00, 0x02, 0x00, 0xEA, 0xFF, 0xF9, 0x00, 0xEB, 0xFF, 0xF9, 0x00, 0xEC, 0xFF, 0xF9,
0x00, 0xED, 0xFF, 0xF9, 0x00, 0xEE, 0xFF, 0xF9, 0x01, 0x14, 0x00, 0x02, 0x01, 0x15, 0x00, 0x02,
0x01, 0x16, 0x00, 0x02, 0x01, 0x17, 0x00, 0x02, 0x01, 0x18, 0x00, 0x02, 0x01, 0x19, 0x00, 0x02,
0x01, 0x1A, 0x00, 0x02, 0x01, 0x1C, 0x00, 0x02, 0x01, 0x1D, 0x00, 0x02, 0x01, 0x1E, 0x00, 0x02,
0x01, 0x1F, 0x00, 0x02, 0x01, 0x21, 0x00, 0x02, 0x01, 0x22, 0x00, 0x02, 0x01, 0x23, 0x00, 0x02,
0x01, 0x24, 0x00, 0x02, 0x01, 0x26, 0x00, 0x02, 0x01, 0x27, 0x00, 0x02, 0x01, 0x28, 0x00, 0x02,
0x01, 0x29, 0x00, 0x02, 0x01, 0x2A, 0x00, 0x02, 0x01, 0x2B, 0x00, 0x02, 0x01, 0x2C, 0x00, 0x02,
0x01, 0x2F, 0x00, 0x02, 0x01, 0x53, 0xFF, 0xEC, 0x01, 0x54, 0xFF, 0xF3, 0x01, 0x55, 0xFF, 0xF3,
0x01, 0x56, 0xFF, 0xF3, 0x01, 0x57, 0xFF, 0xF3, 0x01, 0x58, 0xFF, 0xF3, 0x01, 0x59, 0xFF, 0xFD,
0x01, 0x5A, 0xFF, 0xEF, 0x01, 0x5B, 0xFF, 0xEF, 0x01, 0x5C, 0xFF, 0xEF, 0x01, 0x5D, 0xFF, 0xEF,
0x01, 0x5E, 0xFF, 0xEF, 0x01, 0x5F, 0xFF, 0xEF, 0x01, 0x60, 0xFF, 0xEF, 0x01, 0x61, 0xFF, 0xEF,
0x01, 0x62, 0x00, 0x0A, 0x01, 0x63, 0x00, 0x0A, 0x01, 0x64, 0x00, 0x0A, 0x01, 0x65, 0x00, 0x0A,
0x00, 0x87, 0x00, 0x41, 0x00, 0x02, 0x00, 0x43, 0x00, 0x02, 0x00, 0x44, 0x00, 0x02, 0x00, 0x45,
0x00, 0x02, 0x00, 0x46, 0x00, 0x02, 0x00, 0x47, 0x00, 0x02, 0x00, 0x48, 0x00, 0x02, 0x00, 0x49,
0x00, 0x02, 0x00, 0x4B, 0x00, 0x02, 0x00, 0x4C, 0x00, 0x02, 0x00, 0x4D, 0x00, 0x02, 0x00, 0x4E,
0x00, 0x0A, 0x00, 0x4F, 0x00, 0x0A, 0x00, 0x50, 0x00, 0x0A, 0x00, 0x87, 0xFF, 0xCE, 0x00, 0x88,
0xFF, 0xCE, 0x00, 0x89, 0xFF, 0xCE, 0x00, 0x8A, 0xFF, 0xCE, 0x00, 0x8B, 0xFF, 0xCE, 0x00, 0x9F,
0xFF, 0xCC, 0x00, 0xA0, 0xFF, 0xE9, 0x00, 0xA1, 0xFF, 0xE9, 0x00, 0xA2, 0xFF, 0xE9, 0x00, 0xA3,
0xFF, 0xE9, 0x00, 0xA4, 0xFF, 0xE9, 0x00, 0xAE, 0x00, 0x19, 0x00, 0xAF, 0x00, 0x19, 0x00, 0xB0,
0x00, 0x19, 0x00, 0xB1, 0x00, 0x19, 0x00, 0xB2, 0x00, 0x0C, 0x00, 0xB3, 0x00, 0x0C, 0x00, 0xB4,
0x00, 0x0C, 0x00, 0xB5, 0x00, 0x0C, 0x00, 0xB6, 0x00, 0x0C, 0x00, 0xB7, 0x00, 0x0C, 0x00, 0xB9,
0x00, 0x0C, 0x00, 0xBA, 0x00, 0x0C, 0x00, 0xBB, 0x00, 0x0C, 0x00, 0xBC, 0x00, 0x0C, 0x00, 0xBD,
0x00, 0x0C, 0x00, 0xBF, 0x00, 0x0C, 0x00, 0xC0, 0x00, 0x0C, 0x00, 0xC1, 0x00, 0x0C, 0x00, 0xC2,
0x00, 0x0C, 0x00, 0xC4, 0x00, 0x0C, 0x00, 0xC5, 0x00, 0x0C, 0x00, 0xC6, 0x00, 0x0C, 0x00, 0xC7,
0x00, 0x0C, 0x00, 0xC8, 0x00, 0x0C, 0x00, 0xC9, 0x00, 0x0C, 0x00, 0xCA, 0x00, 0x0C, 0x00, 0xCC,
0x00, 0x08, 0x00, 0xCD, 0x00, 0x08, 0x00, 0xCE, 0x00, 0x08, 0x00, 0xCF, 0x00, 0x08, 0x00, 0xD0,
0x00, 0x08, 0x00, 0xD1, 0x00, 0x08, 0x00, 0xD6, 0x00, 0x08, 0x00, 0xD7, 0x00, 0x08, 0x00, 0xD8,
0x00, 0x08, 0x00, 0xD9, 0x00, 0x08, 0x00, 0xDA, 0x00, 0x08, 0x00, 0xDB, 0x00, 0x08, 0x00, 0xDC,
0x00, 0x08, 0x00, 0xDD, 0x00, 0x08, 0x00, 0xDF, 0x00, 0x08, 0x00, 0xE0, 0x00, 0x08, 0x00, 0xE1,
0x00, 0x08, 0x00, 0xE2, 0x00, 0x08, 0x00, 0xE3, 0x00, 0x08, 0x00, 0xE5, 0x00, 0x08, 0x00, 0xE6,
0x00, 0x08, 0x00, 0xE7, 0x00, 0x08, 0x00, 0xE8, 0x00, 0x08, 0x00, 0xE9, 0xFF, 0xF9, 0x00, 0xEA,
0xFF, 0xFE, 0x00, 0xEB, 0xFF, 0xFE, 0x00, 0xEC, 0xFF, 0xFE, 0x00, 0xED, 0xFF, 0xFE, 0x00, 0xEE,
0xFF, 0xFE, 0x01, 0x14, 0x00, 0x08, 0x01, 0x15, 0x00, 0x08, 0x01, 0x16, 0x00, 0x08, 0x01, 0x17,
0x00, 0x08, 0x01, 0x18, 0x00, 0x08, 0x01, 0x19, 0x00, 0x08, 0x01, 0x1A, 0x00, 0x08, 0x01, 0x1C,
0x00, 0x08, 0x01, 0x1D, 0x00, 0x08, 0x01, 0x1E, 0x00, 0x08, 0x01, 0x1F, 0x00, 0x08, 0x01, 0x21,
0x00, 0x08, 0x01, 0x22, 0x00, 0x08, 0x01, 0x23, 0x00, 0x08, 0x01, 0x24, 0x00, 0x08, 0x01, 0x26,
0x00, 0x08, 0x01, 0x27, 0x00, 0x08, 0x01, 0x28, 0x00, 0x08, 0x01, 0x29, 0x00, 0x08, 0x01, 0x2A,
0x00, 0x08, 0x01, 0x2B, 0x00, 0x08, 0x01, 0x2C, 0x00, 0x08, 0x01, 0x34, 0x00, 0x05, 0x01, 0x35,
0x00, 0x05, 0x01, 0x36, 0x00, 0x05, 0x01, 0x37, 0x00, 0x05, 0x01, 0x38, 0x00, 0x05, 0x01, 0x39,
0x00, 0x05, 0x01, 0x3A, 0xFF, 0xF9, 0x01, 0x3B, 0xFF, 0xF9, 0x01, 0x3C, 0xFF, 0xF9, 0x01, 0x3D,
0xFF, 0xF9, 0x01, 0x3E, 0xFF, 0xF9, 0x01, 0x3F, 0xFF, 0xF9, 0x01, 0x53, 0xFF, 0xEC, 0x01, 0x54,
0xFF, 0xEF, 0x01, 0x55, 0xFF, 0xEF, 0x01, 0x56, 0xFF, 0xEF, 0x01, 0x57, 0xFF, 0xEF, 0x01, 0x58,
0xFF, 0xEF, 0x01, 0x59, 0xFF, 0xFD, 0x01, 0x5A, 0xFF, 0xEF, 0x01, 0x5B, 0xFF, 0xEF, 0x01, 0x5C,
0xFF, 0xEF, 0x01, 0x5D, 0xFF, 0xEF, 0x01, 0x5E, 0xFF, 0xEF, 0x01, 0x5F, 0xFF, 0xEF, 0x01, 0x60,
0xFF, 0xEF, 0x01, 0x61, 0xFF, 0xEF, 0x01, 0x62, 0x00, 0x17, 0x01, 0x63, 0x00, 0x17, 0x01, 0x64,
0x00, 0x17, 0x01, 0x65, 0x00, 0x17, 0x01, 0x67, 0xFF, 0xF9, 0x01, 0x68, 0xFF, 0xF9, 0x00, 0xA0,
0x00, 0x01, 0x00, 0x08, 0x00, 0x02, 0x00, 0x08, 0x00, 0x03, 0x00, 0x08, 0x00, 0x04, 0x00, 0x08,
0x00, 0x05, 0x00, 0x08, 0x00, 0x06, 0x00, 0x08, 0x00, 0x08, 0x00, 0x08, 0x00, 0x09, 0x00, 0x08,
0x00, 0x0A, 0x00, 0x08, 0x00, 0x0B, 0x00, 0x08, 0x00, 0x0C, 0x00, 0x08, 0x00, 0x0E, 0x00, 0x08,
0x00, 0x0F, 0x00, 0x08, 0x00, 0x10, 0x00, 0x08, 0x00, 0x11, 0x00, 0x08, 0x00, 0x13, 0x00, 0x08,
0x00, 0x14, 0x00, 0x08, 0x00, 0x15, 0x00, 0x08, 0x00, 0x16, 0x00, 0x08, 0x00, 0x17, 0x00, 0x08,
0x00, 0x18, 0x00, 0x08, 0x00, 0x19, 0x00, 0x08, 0x00, 0x41, 0x00, 0x02, 0x00, 0x43, 0x00, 0x02,
0x00, 0x44, 0x00, 0x02, 0x00, 0x45, 0x00, 0x02, 0x00, 0x46, 0x00, 0x02, 0x00, 0x47, 0x00, 0x02,
0x00, 0x48, 0x00, 0x02, 0x00, 0x49, 0x00, 0x02, 0x00, 0x4B, 0x00, 0x02, 0x00, 0x4C, 0x00, 0x02,
0x00, 0x4D, 0x00, 0x02, 0x00, 0x4E, 0x00, 0x02, 0x00, 0x4F, 0x00, 0x02, 0x00, 0x50, 0x00, 0x02,
0x00, 0x80, 0xFF, 0xFD, 0x00, 0x81, 0xFF, 0xFD, 0x00, 0x82, 0xFF, 0xFD, 0x00, 0x83, 0xFF, 0xFD,
0x00, 0x84, 0xFF, 0xFD, 0x00, 0x85, 0xFF, 0xFD, 0x00, 0x87, 0xFF, 0xC6, 0x00, 0x88, 0xFF, 0xC6,
0x00, 0x89, 0xFF, 0xC6, 0x00, 0x8A, 0xFF, 0xC6, 0x00, 0x8B, 0xFF, 0xC6, 0x00, 0x9F, 0xFF, 0xCB,
0x00, 0xA0, 0xFF, 0xD6, 0x00, 0xA1, 0xFF, 0xD6, 0x00, 0xA2, 0xFF, 0xD6, 0x00, 0xA3, 0xFF, 0xD6,
0x00, 0xA4, 0xFF, 0xD6, 0x00, 0xA6, 0xFF, 0xB2, 0x00, 0xA7, 0xFF, 0xB2, 0x00, 0xA8, 0xFF, 0xB2,
0x00, 0xA9, 0xFF, 0xB2, 0x00, 0xAA, 0xFF, 0xB2, 0x00, 0xAB, 0xFF, 0xB2, 0x00, 0xAC, 0xFF, 0xB2,
0x00, 0xAD, 0xFF, 0xB2, 0x00, 0xAE, 0x00, 0x0F, 0x00, 0xAF, 0x00, 0x0F, 0x00, 0xB0, 0x00, 0x0F,
0x00, 0xB1, 0x00, 0x0F, 0x00, 0xB2, 0x00, 0x02, 0x00, 0xB3, 0x00, 0x02, 0x00, 0xB4, 0x00, 0x02,
0x00, 0xB5, 0x00, 0x02, 0x00, 0xB6, 0x00, 0x02, 0x00, 0xB7, 0x00, 0x02, 0x00, 0xB9, 0x00, 0x02,
0x00, 0xBA, 0x00, 0x02, 0x00, 0xBB, 0x00, 0x02, 0x00, 0xBC, 0x00, 0x02, 0x00, 0xBD, 0x00, 0x02,
0x00, 0xBF, 0x00, 0x02, 0x00, 0xC0, 0x00, 0x02, 0x00, 0xC1, 0x00, 0x02, 0x00, 0xC2, 0x00, 0x02,
0x00, 0xC4, 0x00, 0x02, 0x00, 0xC5, 0x00, 0x02, 0x00, 0xC6, 0x00, 0x02, 0x00, 0xC7, 0x00, 0x02,
0x00, 0xC8, 0x00, 0x02, 0x00, 0xC9, 0x00, 0x02, 0x00, 0xCA, 0x00, 0x02, 0x00, 0xCC, 0x00, 0x05,
0x00, 0xCD, 0x00, 0x05, 0x00, 0xCE, 0x00, 0x05, 0x00, 0xCF, 0x00, 0x05, 0x00, 0xD0, 0x00, 0x05,
0x00, 0xD1, 0x00, 0x05, 0x00, 0xD2, 0x00, 0x05, 0x00, 0xD3, 0x00, 0x05, 0x00, 0xD4, 0x00, 0x05,
0x00, 0xD5, 0x00, 0x05, 0x00, 0xD6, 0x00, 0x05, 0x00, 0xD7, 0x00, 0x05, 0x00, 0xD8, 0x00, 0x05,
0x00, 0xD9, 0x00, 0x05, 0x00, 0xDA, 0x00, 0x05, 0x00, 0xDB, 0x00, 0x05, 0x00, 0xDC, 0x00, 0x05,
0x00, 0xDD, 0x00, 0x05, 0x00, 0xDF, 0x00, 0x05, 0x00, 0xE0, 0x00, 0x05, 0x00, 0xE1, 0x00, 0x05,
0x00, 0xE2, 0x00, 0x05, 0x00, 0xE3, 0x00, 0x05, 0x00, 0xE5, 0x00, 0x05, 0x00, 0xE6, 0x00, 0x05,
0x00, 0xE7, 0x00, 0x05, 0x00, 0xE8, 0x00, 0x05, 0x00, 0xEA, 0xFF, 0xFD, 0x00, 0xEB, 0xFF, 0xFD,
0x00, 0xEC, 0xFF, 0xFD, 0x00, 0xED, 0xFF, 0xFD, 0x00, 0xEE, 0xFF, 0xFD, 0x01, 0x14, 0x00, 0x05,
0x01, 0x15, 0x00, 0x05, 0x01, 0x16, 0x00, 0x05, 0x01, 0x17, 0x00, 0x05, 0x01, 0x18, 0x00, 0x05,
0x01, 0x19, 0x00, 0x05, 0x01, 0x1A, 0x00, 0x05, 0x01, 0x1C, 0x00, 0x05, 0x01, 0x1D, 0x00, 0x05,
0x01, 0x1E, 0x00, 0x05, 0x01, 0x1F, 0x00, 0x05, 0x01, 0x21, 0x00, 0x05, 0x01, 0x22, 0x00, 0x05,
0x01, 0x23, 0x00, 0x05, 0x01, 0x24, 0x00, 0x05, 0x01, 0x26, 0x00, 0x05, 0x01, 0x27, 0x00, 0x05,
0x01, 0x28, 0x00, 0x05, 0x01, 0x29, 0x00, 0x05, 0x01, 0x2A, 0x00, 0x05, 0x01, 0x2B, 0x00, 0x05,
0x01, 0x2C, 0x00, 0x05, 0x01, 0x2F, 0x00, 0x05, 0x01, 0x53, 0xFF, 0xEC, 0x01, 0x54, 0xFF, 0xF3,
0x01, 0x55, 0xFF, 0xF3, 0x01, 0x56, 0xFF, 0xF3, 0x01, 0x57, 0xFF, 0xF3, 0x01, 0x58, 0xFF, 0xF3,
0x01, 0x5A, 0xFF, 0xE9, 0x01, 0x5B, 0xFF, 0xE9, 0x01, 0x5C, 0xFF, 0xE9, 0x01, 0x5D, 0xFF, 0xE9,
0x01, 0x5E, 0xFF, 0xE9, 0x01, 0x5F, 0xFF, 0xE9, 0x01, 0x60, 0xFF, 0xE9, 0x01, 0x61, 0xFF, 0xE9,
0x01, 0x62, 0x00, 0x07, 0x01, 0x63, 0x00, 0x07, 0x01, 0x64, 0x00, 0x07, 0x01, 0x65, 0x00, 0x07,
0x00, 0x68, 0x00, 0x1B, 0xFF, 0xFD, 0x00, 0x1C, 0xFF, 0xFD, 0x00, 0x1D, 0xFF, 0xFD, 0x00, 0x1E,
0xFF, 0xFD, 0x00, 0x1F, 0xFF, 0xFD, 0x00, 0x20, 0xFF, 0xFD, 0x00, 0x37, 0xFF, 0xFD, 0x00, 0x39,
0xFF, 0xFD, 0x00, 0x3A, 0xFF, 0xFD, 0x00, 0x3B, 0xFF, 0xFD, 0x00, 0x3C, 0xFF, 0xFD, 0x00, 0x3D,
0xFF, 0xFD, 0x00, 0x4E, 0x00, 0x02, 0x00, 0x4F, 0x00, 0x02, 0x00, 0x50, 0x00, 0x02, 0x00, 0x60,
0xFF, 0xFD, 0x00, 0x61, 0xFF, 0xFD, 0x00, 0x62, 0xFF, 0xFD, 0x00, 0x63, 0xFF, 0xFD, 0x00, 0x64,
0xFF, 0xFD, 0x00, 0x65, 0xFF, 0xFD, 0x00, 0x66, 0xFF, 0xFD, 0x00, 0x68, 0xFF, 0xFD, 0x00, 0x69,
0xFF, 0xFD, 0x00, 0x6A, 0xFF, 0xFD, 0x00, 0x6B, 0xFF, 0xFD, 0x00, 0x6D, 0xFF, 0xFD, 0x00, 0x6E,
0xFF, 0xFD, 0x00, 0x6F, 0xFF, 0xFD, 0x00, 0x70, 0xFF, 0xFD, 0x00, 0x72, 0xFF, 0xFD, 0x00, 0x73,
0xFF, 0xFD, 0x00, 0x74, 0xFF, 0xFD, 0x00, 0x75, 0xFF, 0xFD, 0x00, 0x76, 0xFF, 0xFD, 0x00, 0x77,
0xFF, 0xFD, 0x00, 0x78, 0xFF, 0xFD, 0x00, 0x7B, 0xFF, 0xFD, 0x00, 0x80, 0x00, 0x00, 0x00, 0x81,
0x00, 0x00, 0x00, 0x82, 0x00, 0x00, 0x00, 0x83, 0x00, 0x00, 0x00, 0x84, 0x00, 0x00, 0x00, 0x85,
0x00, 0x00, 0x00, 0x87, 0xFF, 0xCB, 0x00, 0x88, 0xFF, 0xCB, 0x00, 0x89, 0xFF, 0xCB, 0x00, 0x8A,
0xFF, 0xCB, 0x00, 0x8B, 0xFF, 0xCB, 0x00, 0xA0, 0xFF, 0xDB, 0x00, 0xA1, 0xFF, 0xDB, 0x00, 0xA2,
0xFF, 0xDB, 0x00, 0xA3, 0xFF, 0xDB, 0x00, 0xA4, 0xFF, 0xDB, 0x00, 0xA6, 0xFF, 0xB0, 0x00, 0xA7,
0xFF, 0xB0, 0x00, 0xA8, 0xFF, 0xB0, 0x00, 0xA9, 0xFF, 0xB0, 0x00, 0xAA, 0xFF, 0xB0, 0x00, 0xAB,
0xFF, 0xB0, 0x00, 0xAC, 0xFF, 0xB0, 0x00, 0xAD, 0xFF, 0xB0, 0x00, 0xB2, 0x00, 0x03, 0x00, 0xB3,
0x00, 0x03, 0x00, 0xB4, 0x00, 0x03, 0x00, 0xB5, 0x00, 0x03, 0x00, 0xB6, 0x00, 0x03, 0x00, 0xB7,
0x00, 0x03, 0x00, 0xB9, 0x00, 0x03, 0x00, 0xBA, 0x00, 0x03, 0x00, 0xBB, 0x00, 0x03, 0x00, 0xBC,
0x00, 0x03, 0x00, 0xBD, 0x00, 0x03, 0x00, 0xBF, 0x00, 0x03, 0x00, 0xC0, 0x00, 0x03, 0x00, 0xC1,
0x00, 0x03, 0x00, 0xC2, 0x00, 0x03, 0x00, 0xC4, 0x00, 0x03, 0x00, 0xC5, 0x00, 0x03, 0x00, 0xC6,
0x00, 0x03, 0x00, 0xC7, 0x00, 0x03, 0x00, 0xC8, 0x00, 0x03, 0x00, 0xC9, 0x00, 0x03, 0x00, 0xCA,
0x00, 0x03, 0x00, 0xD2, 0x00, 0x05, 0x00, 0xD3, 0x00, 0x05, 0x00, 0xD4, 0x00, 0x05, 0x00, 0xD5,
0x00, 0x05, 0x00, 0xE9, 0xFF, 0xF8, 0x01, 0x2F, 0x00, 0x05, 0x01, 0x34, 0x00, 0x02, 0x01, 0x35,
0x00, 0x02, 0x01, 0x36, 0x00, 0x02, 0x01, 0x37, 0x00, 0x02, 0x01, 0x38, 0x00, 0x02, 0x01, 0x39,
0x00, 0x02, 0x01, 0x3A, 0xFF, 0xF8, 0x01, 0x59, 0x00, 0x07, 0x01, 0x62, 0x00, 0x12, 0x01, 0x63,
0x00, 0x12, 0x01, 0x64, 0x00, 0x12, 0x01, 0x65, 0x00, 0x12, 0x01, 0x67, 0xFF, 0xF8, 0x01, 0x68,
0xFF, 0xF8, 0x00, 0x98, 0x00, 0x01, 0x00, 0x11, 0x00, 0x02, 0x00, 0x11, 0x00, 0x03, 0x00, 0x11,
0x00, 0x04, 0x00, 0x11, 0x00, 0x05, 0x00, 0x11, 0x00, 0x06, 0x00, 0x11, 0x00, 0x08, 0x00, 0x11,
0x00, 0x09, 0x00, 0x11, 0x00, 0x0A, 0x00, 0x11, 0x00, 0x0B, 0x00, 0x11, 0x00, 0x0C, 0x00, 0x11,
0x00, 0x0E, 0x00, 0x11, 0x00, 0x0F, 0x00, 0x11, 0x00, 0x10, 0x00, 0x11, 0x00, 0x11, 0x00, 0x11,
0x00, 0x13, 0x00, 0x11, 0x00, 0x14, 0x00, 0x11, 0x00, 0x15, 0x00, 0x11, 0x00, 0x16, 0x00, 0x11,
0x00, 0x17, 0x00, 0x11, 0x00, 0x18, 0x00, 0x11, 0x00, 0x19, 0x00, 0x11, 0x00, 0x1B, 0xFF, 0xF9,
0x00, 0x1C, 0xFF, 0xF9, 0x00, 0x1D, 0xFF, 0xF9, 0x00, 0x1E, 0xFF, 0xF9, 0x00, 0x1F, 0xFF, 0xF9,
0x00, 0x20, 0xFF, 0xF9, 0x00, 0x37, 0xFF, 0xF9, 0x00, 0x39, 0xFF, 0xF9, 0x00, 0x3A, 0xFF, 0xF9,
0x00, 0x3B, 0xFF, 0xF9, 0x00, 0x3C, 0xFF, 0xF9, 0x00, 0x3D, 0xFF, 0xF9, 0x00, 0x41, 0x00, 0x05,
0x00, 0x42, 0xFF, 0xF1, 0x00, 0x43, 0x00, 0x05, 0x00, 0x44, 0x00, 0x05, 0x00, 0x45, 0x00, 0x05,
0x00, 0x46, 0x00, 0x05, 0x00, 0x47, 0x00, 0x05, 0x00, 0x48, 0x00, 0x05, 0x00, 0x49, 0x00, 0x05,
0x00, 0x4B, 0x00, 0x05, 0x00, 0x4C, 0x00, 0x05, 0x00, 0x4D, 0x00, 0x05, 0x00, 0x4E, 0x00, 0x02,
0x00, 0x4F, 0x00, 0x02, 0x00, 0x50, 0x00, 0x02, 0x00, 0x60, 0xFF, 0xF9, 0x00, 0x61, 0xFF, 0xF9,
0x00, 0x62, 0xFF, 0xF9, 0x00, 0x63, 0xFF, 0xF9, 0x00, 0x64, 0xFF, 0xF9, 0x00, 0x65, 0xFF, 0xF9,
0x00, 0x66, 0xFF, 0xF9, 0x00, 0x68, 0xFF, 0xF9, 0x00, 0x69, 0xFF, 0xF9, 0x00, 0x6A, 0xFF, 0xF9,
0x00, 0x6B, 0xFF, 0xF9, 0x00, 0x6D, 0xFF, 0xF9, 0x00, 0x6E, 0xFF, 0xF9, 0x00, 0x6F, 0xFF, 0xF9,
0x00, 0x70, 0xFF, 0xF9, 0x00, 0x72, 0xFF, 0xF9, 0x00, 0x73, 0xFF, 0xF9, 0x00, 0x74, 0xFF, 0xF9,
0x00, 0x75, 0xFF, 0xF9, 0x00, 0x76, 0xFF, 0xF9, 0x00, 0x77, 0xFF, 0xF9, 0x00, 0x78, 0xFF, 0xF9,
0x00, 0x7B, 0xFF, 0xF9, 0x00, 0x87, 0xFF, 0xC1, 0x00, 0x88, 0xFF, 0xC1, 0x00, 0x89, 0xFF, 0xC1,
0x00, 0x8A, 0xFF, 0xC1, 0x00, 0x8B, 0xFF, 0xC1, 0x00, 0x8C, 0xFF, 0xF1, 0x00, 0x8D, 0xFF, 0xF1,
0x00, 0x8E, 0xFF, 0xF1, 0x00, 0x8F, 0xFF, 0xF1, 0x00, 0x90, 0xFF, 0xF1, 0x00, 0x91, 0xFF, 0xF1,
0x00, 0x92, 0xFF, 0xF1, 0x00, 0x94, 0xFF, 0xF1, 0x00, 0x95, 0xFF, 0xF1, 0x00, 0x96, 0xFF, 0xF1,
0x00, 0x97, 0xFF, 0xF1, 0x00, 0x99, 0xFF, 0xF1, 0x00, 0x9A, 0xFF, 0xF1, 0x00, 0x9B, 0xFF, 0xF1,
0x00, 0x9C, 0xFF, 0xF1, 0x00, 0x9D, 0xFF, 0xF1, 0x00, 0x9E, 0xFF, 0xF1, 0x00, 0x9F, 0xFF, 0xBD,
0x00, 0xA6, 0xFF, 0xA6, 0x00, 0xA7, 0xFF, 0xA6, 0x00, 0xA8, 0xFF, 0xA6, 0x00, 0xA9, 0xFF, 0xA6,
0x00, 0xAA, 0xFF, 0xA6, 0x00, 0xAB, 0xFF, 0xA6, 0x00, 0xAC, 0xFF, 0xA6, 0x00, 0xAD, 0xFF, 0xA6,
0x00, 0xAE, 0x00, 0x17, 0x00, 0xAF, 0x00, 0x17, 0x00, 0xB0, 0x00, 0x17, 0x00, 0xB1, 0x00, 0x17,
0x00, 0xB2, 0x00, 0x02, 0x00, 0xB3, 0x00, 0x02, 0x00, 0xB4, 0x00, 0x02, 0x00, 0xB5, 0x00, 0x02,
0x00, 0xB6, 0x00, 0x02, 0x00, 0xB7, 0x00, 0x02, 0x00, 0xB9, 0x00, 0x02, 0x00, 0xBA, 0x00, 0x02,
0x00, 0xBB, 0x00, 0x02, 0x00, 0xBC, 0x00, 0x02, 0x00, 0xBD, 0x00, 0x02, 0x00, 0xBF, 0x00, 0x02,
0x00, 0xC0, 0x00, 0x02, 0x00, 0xC1, 0x00, 0x02, 0x00, 0xC2, 0x00, 0x02, 0x00, 0xC4, 0x00, 0x02,
0x00, 0xC5, 0x00, 0x02, 0x00, 0xC6, 0x00, 0x02, 0x00, 0xC7, 0x00, 0x02, 0x00, 0xC8, 0x00, 0x02,
0x00, 0xC9, 0x00, 0x02, 0x00, 0xCA, 0x00, 0x02, 0x00, 0xE9, 0xFF, 0xEF, 0x01, 0x34, 0x00, 0x02,
0x01, 0x35, 0x00, 0x02, 0x01, 0x36, 0x00, 0x02, 0x01, 0x37, 0x00, 0x02, 0x01, 0x38, 0x00, 0x02,
0x01, 0x39, 0x00, 0x02, 0x01, 0x3A, 0xFF, 0xEF, 0x01, 0x53, 0xFF, 0xDF, 0x01, 0x5A, 0xFF, 0xE5,
0x01, 0x5B, 0xFF, 0xE5, 0x01, 0x5C, 0xFF, 0xE5, 0x01, 0x5D, 0xFF, 0xE5, 0x01, 0x5E, 0xFF, 0xE5,
0x01, 0x5F, 0xFF, 0xE5, 0x01, 0x60, 0xFF, 0xE5, 0x01, 0x61, 0xFF, 0xE5, 0x01, 0x62, 0x00, 0x12,
0x01, 0x63, 0x00, 0x12, 0x01, 0x64, 0x00, 0x12, 0x01, 0x65, 0x00, 0x12, 0x01, 0x67, 0xFF, 0xEF,
0x01, 0x68, 0xFF, 0xEF, 0x00, 0x98, 0x00, 0x01, 0x00, 0x11, 0x00, 0x02, 0x00, 0x11, 0x00, 0x03,
0x00, 0x11, 0x00, 0x04, 0x00, 0x11, 0x00, 0x05, 0x00, 0x11, 0x00, 0x06, 0x00, 0x11, 0x00, 0x08,
0x00, 0x11, 0x00, 0x09, 0x00, 0x11, 0x00, 0x0A, 0x00, 0x11, 0x00, 0x0B, 0x00, 0x11, 0x00, 0x0C,
0x00, 0x11, 0x00, 0x0E, 0x00, 0x11, 0x00, 0x0F, 0x00, 0x11, 0x00, 0x10, 0x00, 0x11, 0x00, 0x11,
0x00, 0x11, 0x00, 0x13, 0x00, 0x11, 0x00, 0x14, 0x00, 0x11, 0x00, 0x15, 0x00, 0x11, 0x00, 0x16,
0x00, 0x11, 0x00, 0x17, 0x00, 0x11, 0x00, 0x18, 0x00, 0x11, 0x00, 0x19, 0x00, 0x11, 0x00, 0x41,
0xFF, 0xFE, 0x00, 0x42, 0xFF, 0xFE, 0x00, 0x43, 0xFF, 0xFE, 0x00, 0x44, 0xFF, 0xFE, 0x00, 0x45,
0xFF, 0xFE, 0x00, 0x46, 0xFF, 0xFE, 0x00, 0x47, 0xFF, 0xFE, 0x00, 0x48, 0xFF, 0xFE, 0x00, 0x49,
0xFF, 0xFE, 0x00, 0x4B, 0xFF, 0xFE, 0x00, 0x4C, 0xFF, 0xFE, 0x00, 0x4D, 0xFF, 0xFE, 0x00, 0x4E,
0x00, 0x03, 0x00, 0x4F, 0x00, 0x03, 0x00, 0x50, 0x00, 0x03, 0x00, 0x8C, 0xFF, 0xFE, 0x00, 0x8D,
0xFF, 0xFE, 0x00, 0x8E, 0xFF, 0xFE, 0x00, 0x8F, 0xFF, 0xFE, 0x00, 0x90, 0xFF, 0xFE, 0x00, 0x91,
0xFF, 0xFE, 0x00, 0x92, 0xFF, 0xFE, 0x00, 0x94, 0xFF, 0xFE, 0x00, 0x95, 0xFF, 0xFE, 0x00, 0x96,
0xFF, 0xFE, 0x00, 0x97, 0xFF, 0xFE, 0x00, 0x99, 0xFF, 0xFE, 0x00, 0x9A, 0xFF, 0xFE, 0x00, 0x9B,
0xFF, 0xFE, 0x00, 0x9C, 0xFF, 0xFE, 0x00, 0x9D, 0xFF, 0xFE, 0x00, 0x9E, 0xFF, 0xFE, 0x00, 0x9F,
0xFF, 0xCB, 0x00, 0xA6, 0xFF, 0xB3, 0x00, 0xA7, 0xFF, 0xB3, 0x00, 0xA8, 0xFF, 0xB3, 0x00, 0xA9,
0xFF, 0xB3, 0x00, 0xAA, 0xFF, 0xB3, 0x00, 0xAB, 0xFF, 0xB3, 0x00, 0xAC, 0xFF, 0xB3, 0x00, 0xAD,
0xFF, 0xB3, 0x00, 0xAE, 0x00, 0x08, 0x00, 0xAF, 0x00, 0x08, 0x00, 0xB0, 0x00, 0x08, 0x00, 0xB1,
0x00, 0x08, 0x00, 0xB2, 0x00, 0x03, 0x00, 0xB3, 0x00, 0x03, 0x00, 0xB4, 0x00, 0x03, 0x00, 0xB5,
0x00, 0x03, 0x00, 0xB6, 0x00, 0x03, 0x00, 0xB7, 0x00, 0x03, 0x00, 0xB9, 0x00, 0x03, 0x00, 0xBA,
0x00, 0x03, 0x00, 0xBB, 0x00, 0x03, 0x00, 0xBC, 0x00, 0x03, 0x00, 0xBD, 0x00, 0x03, 0x00, 0xBF,
0x00, 0x03, 0x00, 0xC0, 0x00, 0x03, 0x00, 0xC1, 0x00, 0x03, 0x00, 0xC2, 0x00, 0x03, 0x00, 0xC4,
0x00, 0x03, 0x00, 0xC5, 0x00, 0x03, 0x00, 0xC6, 0x00, 0x03, 0x00, 0xC7, 0x00, 0x03, 0x00, 0xC8,
0x00, 0x03, 0x00, 0xC9, 0x00, 0x03, 0x00, 0xCA, 0x00, 0x03, 0x00, 0xCC, 0x00, 0x08, 0x00, 0xCD,
0x00, 0x08, 0x00, 0xCE, 0x00, 0x08, 0x00, 0xCF, 0x00, 0x08, 0x00, 0xD0, 0x00, 0x08, 0x00, 0xD1,
0x00, 0x08, 0x00, 0xD2, 0x00, 0x08, 0x00, 0xD3, 0x00, 0x08, 0x00, 0xD4, 0x00, 0x08, 0x00, 0xD5,
0x00, 0x08, 0x00, 0xD6, 0x00, 0x08, 0x00, 0xD7, 0x00, 0x08, 0x00, 0xD8, 0x00, 0x08, 0x00, 0xD9,
0x00, 0x08, 0x00, 0xDA, 0x00, 0x08, 0x00, 0xDB, 0x00, 0x08, 0x00, 0xDC, 0x00, 0x08, 0x00, 0xDD,
0x00, 0x08, 0x00, 0xDF, 0x00, 0x08, 0x00, 0xE0, 0x00, 0x08, 0x00, 0xE1, 0x00, 0x08, 0x00, 0xE2,
0x00, 0x08, 0x00, 0xE3, 0x00, 0x08, 0x00, 0xE5, 0x00, 0x08, 0x00, 0xE6, 0x00, 0x08, 0x00, 0xE7,
0x00, 0x08, 0x00, 0xE8, 0x00, 0x08, 0x01, 0x14, 0x00, 0x08, 0x01, 0x15, 0x00, 0x08, 0x01, 0x16,
0x00, 0x08, 0x01, 0x17, 0x00, 0x08, 0x01, 0x18, 0x00, 0x08, 0x01, 0x19, 0x00, 0x08, 0x01, 0x1A,
0x00, 0x08, 0x01, 0x1C, 0x00, 0x08, 0x01, 0x1D, 0x00, 0x08, 0x01, 0x1E, 0x00, 0x08, 0x01, 0x1F,
0x00, 0x08, 0x01, 0x21, 0x00, 0x08, 0x01, 0x22, 0x00, 0x08, 0x01, 0x23, 0x00, 0x08, 0x01, 0x24,
0x00, 0x08, 0x01, 0x26, 0x00, 0x08, 0x01, 0x27, 0x00, 0x08, 0x01, 0x28, 0x00, 0x08, 0x01, 0x29,
0x00, 0x08, 0x01, 0x2A, 0x00, 0x08, 0x01, 0x2B, 0x00, 0x08, 0x01, 0x2C, 0x00, 0x08, 0x01, 0x2F,
0x00, 0x08, 0x01, 0x59, 0xFF, 0xFD, 0x01, 0x5A, 0xFF, 0xE5, 0x01, 0x5B, 0xFF, 0xE5, 0x01, 0x5C,
0xFF, 0xE5, 0x01, 0x5D, 0xFF, 0xE5, 0x01, 0x5E, 0xFF, 0xE5, 0x01, 0x5F, 0xFF, 0xE5, 0x01, 0x60,
0xFF, 0xE5, 0x01, 0x61, 0xFF, 0xE5, 0x01, 0x62, 0x00, 0x07, 0x01, 0x63, 0x00, 0x07, 0x01, 0x64,
0x00, 0x07, 0x01, 0x65, 0x00, 0x07, 0x00, 0x1A, 0x00, 0x9F, 0xFF, 0xF6, 0x00, 0xA5, 0x00, 0x0A,
0x01, 0x53, 0x00, 0x00, 0x01, 0xDF, 0x00, 0x07, 0x01, 0xE0, 0x00, 0x07, 0x01, 0xE1, 0x00, 0x11,
0x01, 0xE3, 0x00, 0x0D, 0x01, 0xE4, 0x00, 0x07, 0x01, 0xE5, 0x00, 0x07, 0x01, 0xE6, 0xFF, 0xFD,
0x01, 0xE7, 0x00, 0x07, 0x01, 0xE9, 0x00, 0x11, 0x01, 0xEB, 0x00, 0x07, 0x01, 0xEC, 0x00, 0x07,
0x01, 0xED, 0x00, 0x1E, 0x01, 0xEE, 0x00, 0x11, 0x01, 0xEF, 0x00, 0x0F, 0x01, 0xF0, 0xFF, 0xFD,
0x01, 0xF1, 0x00, 0x0F, 0x01, 0xF2, 0xFF, 0xFE, 0x02, 0x09, 0x00, 0x00, 0x02, 0x0F, 0x00, 0x08,
0x02, 0x26, 0xFF, 0xF9, 0x02, 0x27, 0xFF, 0xF6, 0x02, 0x2B, 0x00, 0x19, 0x02, 0x2C, 0x00, 0x0A,
0x00, 0x14, 0x01, 0xE0, 0xFF, 0xEA, 0x01, 0xE3, 0xFF, 0xDB, 0x01, 0xE4, 0xFF, 0xE9, 0x01, 0xE5,
0xFF, 0xE2, 0x01, 0xE6, 0xFF, 0xF8, 0x01, 0xE7, 0xFF, 0xE9, 0x01, 0xE8, 0xFF, 0xE9, 0x01, 0xEA,
0x00, 0x02, 0x01, 0xEB, 0x00, 0x0D, 0x01, 0xEE, 0x00, 0x17, 0x01, 0xEF, 0x00, 0x1B, 0x01, 0xF0,
0x00, 0x0A, 0x01, 0xF1, 0x00, 0x14, 0x01, 0xF2, 0x00, 0x0F, 0x02, 0x09, 0xFF, 0xFB, 0x02, 0x0F,
0xFF, 0xB0, 0x02, 0x26, 0xFF, 0xF6, 0x02, 0x27, 0xFF, 0xE9, 0x02, 0x2B, 0x00, 0x25, 0x02, 0x2C,
0x00, 0x14, 0x00, 0x7E, 0x00, 0x01, 0x00, 0x00, 0x00, 0x02, 0x00, 0x00, 0x00, 0x03, 0x00, 0x00,
0x00, 0x04, 0x00, 0x00, 0x00, 0x05, 0x00, 0x00, 0x00, 0x06, 0x00, 0x00, 0x00, 0x08, 0x00, 0x00,
0x00, 0x09, 0x00, 0x00, 0x00, 0x0A, 0x00, 0x00, 0x00, 0x0B, 0x00, 0x00, 0x00, 0x0C, 0x00, 0x00,
0x00, 0x0E, 0x00, 0x00, 0x00, 0x0F, 0x00, 0x00, 0x00, 0x10, 0x00, 0x00, 0x00, 0x11, 0x00, 0x00,
0x00, 0x13, 0x00, 0x00, 0x00, 0x14, 0x00, 0x00, 0x00, 0x15, 0x00, 0x00, 0x00, 0x16, 0x00, 0x00,
0x00, 0x17, 0x00, 0x00, 0x00, 0x18, 0x00, 0x00, 0x00, 0x19, 0x00, 0x00, 0x00, 0x4E, 0xFF, 0xFB,
0x00, 0x4F, 0xFF, 0xFB, 0x00, 0x50, 0xFF, 0xFB, 0x00, 0x87, 0xFF, 0xD3, 0x00, 0x88, 0xFF, 0xD3,
0x00, 0x89, 0xFF, 0xD3, 0x00, 0x8A, 0xFF, 0xD3, 0x00, 0x8B, 0xFF, 0xD3, 0x00, 0xA0, 0xFF, 0xF6,
0x00, 0xA1, 0xFF, 0xF6, 0x00, 0xA2, 0xFF, 0xF6, 0x00, 0xA3, 0xFF, 0xF6, 0x00, 0xA4, 0xFF, 0xF6,
0x00, 0xA5, 0x00, 0x00, 0x00, 0xA6, 0xFF, 0xE5, 0x00, 0xA7, 0xFF, 0xE5, 0x00, 0xA8, 0xFF, 0xE5,
0x00, 0xA9, 0xFF, 0xE5, 0x00, 0xAA, 0xFF, 0xE5, 0x00, 0xAB, 0xFF, 0xE5, 0x00, 0xAC, 0xFF, 0xE5,
0x00, 0xAD, 0xFF, 0xE5, 0x00, 0xCC, 0xFF, 0xF3, 0x00, 0xCD, 0xFF, 0xF3, 0x00, 0xCE, 0xFF, 0xF3,
0x00, 0xCF, 0xFF, 0xF3, 0x00, 0xD0, 0xFF, 0xF3, 0x00, 0xD1, 0xFF, 0xF3, 0x00, 0xD2, 0xFF, 0xF3,
0x00, 0xD3, 0xFF, 0xF3, 0x00, 0xD4, 0xFF, 0xF3, 0x00, 0xD5, 0xFF, 0xF3, 0x00, 0xD6, 0xFF, 0xF3,
0x00, 0xD7, 0xFF, 0xF3, 0x00, 0xD8, 0xFF, 0xF3, 0x00, 0xD9, 0xFF, 0xF3, 0x00, 0xDA, 0xFF, 0xF3,
0x00, 0xDB, 0xFF, 0xF3, 0x00, 0xDC, 0xFF, 0xF3, 0x00, 0xDD, 0xFF, 0xF3, 0x00, 0xDF, 0xFF, 0xF3,
0x00, 0xE0, 0xFF, 0xF3, 0x00, 0xE1, 0xFF, 0xF3, 0x00, 0xE2, 0xFF, 0xF3, 0x00, 0xE3, 0xFF, 0xF3,
0x00, 0xE5, 0xFF, 0xF3, 0x00, 0xE6, 0xFF, 0xF3, 0x00, 0xE7, 0xFF, 0xF3, 0x00, 0xE8, 0xFF, 0xF3,
0x01, 0x14, 0xFF, 0xF3, 0x01, 0x15, 0xFF, 0xF3, 0x01, 0x16, 0xFF, 0xF3, 0x01, 0x17, 0xFF, 0xF3,
0x01, 0x18, 0xFF, 0xF3, 0x01, 0x19, 0xFF, 0xF3, 0x01, 0x1A, 0xFF, 0xF3, 0x01, 0x1C, 0xFF, 0xF3,
0x01, 0x1D, 0xFF, 0xF3, 0x01, 0x1E, 0xFF, 0xF3, 0x01, 0x1F, 0xFF, 0xF3, 0x01, 0x21, 0xFF, 0xF3,
0x01, 0x22, 0xFF, 0xF3, 0x01, 0x23, 0xFF, 0xF3, 0x01, 0x24, 0xFF, 0xF3, 0x01, 0x26, 0xFF, 0xF3,
0x01, 0x27, 0xFF, 0xF3, 0x01, 0x28, 0xFF, 0xF3, 0x01, 0x29, 0xFF, 0xF3, 0x01, 0x2A, 0xFF, 0xF3,
0x01, 0x2B, 0xFF, 0xF3, 0x01, 0x2C, 0xFF, 0xF3, 0x01, 0x2F, 0xFF, 0xF3, 0x01, 0x34, 0xFF, 0xFC,
0x01, 0x35, 0xFF, 0xFC, 0x01, 0x36, 0xFF, 0xFC, 0x01, 0x37, 0xFF, 0xFC, 0x01, 0x38, 0xFF, 0xFC,
0x01, 0x39, 0xFF, 0xFC, 0x01, 0xDF, 0xFF, 0xFD, 0x01, 0xE1, 0x00, 0x07, 0x01, 0xE2, 0x00, 0x03,
0x01, 0xE3, 0xFF, 0xFB, 0x01, 0xE4, 0xFF, 0xFD, 0x01, 0xE5, 0xFF, 0xFD, 0x01, 0xE6, 0xFF, 0xF3,
0x01, 0xE7, 0xFF, 0xFD, 0x01, 0xE8, 0xFF, 0xF3, 0x01, 0xED, 0x00, 0x11, 0x01, 0xEE, 0x00, 0x07,
0x01, 0xEF, 0x00, 0x07, 0x01, 0xF0, 0x00, 0x00, 0x01, 0xF1, 0x00, 0x07, 0x02, 0x07, 0x00, 0x07,
0x02, 0x18, 0x00, 0x02, 0x02, 0x19, 0x00, 0x11, 0x02, 0x1A, 0x00, 0x02, 0x02, 0x1B, 0x00, 0x11,
0x02, 0x1C, 0xFF, 0xF6, 0x02, 0x1E, 0xFF, 0xF6, 0x02, 0x20, 0x00, 0x07, 0x02, 0x21, 0x00, 0x07,
0x02, 0x26, 0xFF, 0xF3, 0x02, 0x27, 0xFF, 0xE9, 0x02, 0x2C, 0x00, 0x0A, 0x00, 0x15, 0x01, 0xE0,
0xFF, 0xF3, 0x01, 0xE1, 0xFF, 0xEA, 0x01, 0xE2, 0xFF, 0xE2, 0x01, 0xE3, 0xFF, 0xE5, 0x01, 0xE4,
0xFF, 0xEF, 0x01, 0xE5, 0xFF, 0xE9, 0x01, 0xE6, 0xFF, 0xF6, 0x01, 0xE7, 0xFF, 0xE7, 0x01, 0xEA,
0x00, 0x07, 0x01, 0xEB, 0x00, 0x11, 0x01, 0xEC, 0x00, 0x11, 0x01, 0xED, 0x00, 0x1B, 0x01, 0xEE,
0x00, 0x17, 0x01, 0xEF, 0x00, 0x14, 0x01, 0xF0, 0x00, 0x07, 0x01, 0xF1, 0x00, 0x14, 0x01, 0xF2,
0x00, 0x11, 0x02, 0x0F, 0xFF, 0xD5, 0x02, 0x26, 0xFF, 0xFD, 0x02, 0x2B, 0x00, 0x1B, 0x02, 0x2C,
0x00, 0x08, 0x00, 0xB2, 0x00, 0x01, 0xFF, 0xE9, 0x00, 0x02, 0xFF, 0xE9, 0x00, 0x03, 0xFF, 0xE9,
0x00, 0x04, 0xFF, 0xE9, 0x00, 0x05, 0xFF, 0xE9, 0x00, 0x06, 0xFF, 0xE9, 0x00, 0x08, 0xFF, 0xE9,
0x00, 0x09, 0xFF, 0xE9, 0x00, 0x0A, 0xFF, 0xE9, 0x00, 0x0B, 0xFF, 0xE9, 0x00, 0x0C, 0xFF, 0xE9,
0x00, 0x0E, 0xFF, 0xE9, 0x00, 0x0F, 0xFF, 0xE9, 0x00, 0x10, 0xFF, 0xE9, 0x00, 0x11, 0xFF, 0xE9,
0x00, 0x13, 0xFF, 0xE9, 0x00, 0x14, 0xFF, 0xE9, 0x00, 0x15, 0xFF, 0xE9, 0x00, 0x16, 0xFF, 0xE9,
0x00, 0x17, 0xFF, 0xE9, 0x00, 0x18, 0xFF, 0xE9, 0x00, 0x19, 0xFF, 0xE9, 0x00, 0x41, 0xFF, 0xFE,
0x00, 0x43, 0xFF, 0xFE, 0x00, 0x44, 0xFF, 0xFE, 0x00, 0x45, 0xFF, 0xFE, 0x00, 0x46, 0xFF, 0xFE,
0x00, 0x47, 0xFF, 0xFE, 0x00, 0x48, 0xFF, 0xFE, 0x00, 0x49, 0xFF, 0xFE, 0x00, 0x4B, 0xFF, 0xFE,
0x00, 0x4C, 0xFF, 0xFE, 0x00, 0x4D, 0xFF, 0xFE, 0x00, 0x4E, 0xFF, 0xF6, 0x00, 0x4F, 0xFF, 0xF6,
0x00, 0x50, 0xFF, 0xF6, 0x00, 0x87, 0xFF, 0xE0, 0x00, 0x88, 0xFF, 0xE0, 0x00, 0x89, 0xFF, 0xE0,
0x00, 0x8A, 0xFF, 0xE0, 0x00, 0x8B, 0xFF, 0xE0, 0x00, 0xA5, 0x00, 0x00, 0x00, 0xA6, 0xFF, 0xE4,
0x00, 0xA7, 0xFF, 0xE4, 0x00, 0xA8, 0xFF, 0xE4, 0x00, 0xA9, 0xFF, 0xE4, 0x00, 0xAA, 0xFF, 0xE4,
0x00, 0xAB, 0xFF, 0xE4, 0x00, 0xAC, 0xFF, 0xE4, 0x00, 0xAD, 0xFF, 0xE4, 0x00, 0xB2, 0xFF, 0xF7,
0x00, 0xB3, 0xFF, 0xF7, 0x00, 0xB4, 0xFF, 0xF7, 0x00, 0xB5, 0xFF, 0xF7, 0x00, 0xB6, 0xFF, 0xF7,
0x00, 0xB7, 0xFF, 0xF7, 0x00, 0xB9, 0xFF, 0xF7, 0x00, 0xBA, 0xFF, 0xF7, 0x00, 0xBB, 0xFF, 0xF7,
0x00, 0xBC, 0xFF, 0xF7, 0x00, 0xBD, 0xFF, 0xF7, 0x00, 0xBF, 0xFF, 0xF7, 0x00, 0xC0, 0xFF, 0xF7,
0x00, 0xC1, 0xFF, 0xF7, 0x00, 0xC2, 0xFF, 0xF7, 0x00, 0xC4, 0xFF, 0xF7, 0x00, 0xC5, 0xFF, 0xF7,
0x00, 0xC6, 0xFF, 0xF7, 0x00, 0xC7, 0xFF, 0xF7, 0x00, 0xC8, 0xFF, 0xF7, 0x00, 0xC9, 0xFF, 0xF7,
0x00, 0xCA, 0xFF, 0xF7, 0x00, 0xCC, 0xFF, 0xF8, 0x00, 0xCD, 0xFF, 0xF8, 0x00, 0xCE, 0xFF, 0xF8,
0x00, 0xCF, 0xFF, 0xF8, 0x00, 0xD0, 0xFF, 0xF8, 0x00, 0xD1, 0xFF, 0xF8, 0x00, 0xD2, 0xFF, 0xF8,
0x00, 0xD3, 0xFF, 0xF8, 0x00, 0xD4, 0xFF, 0xF8, 0x00, 0xD5, 0xFF, 0xF8, 0x00, 0xD6, 0xFF, 0xF8,
0x00, 0xD7, 0xFF, 0xF8, 0x00, 0xD8, 0xFF, 0xF8, 0x00, 0xD9, 0xFF, 0xF8, 0x00, 0xDA, 0xFF, 0xF8,
0x00, 0xDB, 0xFF, 0xF8, 0x00, 0xDC, 0xFF, 0xF8, 0x00, 0xDD, 0xFF, 0xF8, 0x00, 0xDF, 0xFF, 0xF8,
0x00, 0xE0, 0xFF, 0xF8, 0x00, 0xE1, 0xFF, 0xF8, 0x00, 0xE2, 0xFF, 0xF8, 0x00, 0xE3, 0xFF, 0xF8,
0x00, 0xE5, 0xFF, 0xF8, 0x00, 0xE6, 0xFF, 0xF8, 0x00, 0xE7, 0xFF, 0xF8, 0x00, 0xE8, 0xFF, 0xF8,
0x00, 0xE9, 0x00, 0x02, 0x00, 0xEA, 0xFF, 0xF4, 0x00, 0xEB, 0xFF, 0xF4, 0x00, 0xEC, 0xFF, 0xF4,
0x00, 0xED, 0xFF, 0xF4, 0x00, 0xEE, 0xFF, 0xF4, 0x01, 0x14, 0xFF, 0xF8, 0x01, 0x15, 0xFF, 0xF8,
0x01, 0x16, 0xFF, 0xF8, 0x01, 0x17, 0xFF, 0xF8, 0x01, 0x18, 0xFF, 0xF8, 0x01, 0x19, 0xFF, 0xF8,
0x01, 0x1A, 0xFF, 0xF8, 0x01, 0x1C, 0xFF, 0xF8, 0x01, 0x1D, 0xFF, 0xF8, 0x01, 0x1E, 0xFF, 0xF8,
0x01, 0x1F, 0xFF, 0xF8, 0x01, 0x21, 0xFF, 0xF8, 0x01, 0x22, 0xFF, 0xF8, 0x01, 0x23, 0xFF, 0xF8,
0x01, 0x24, 0xFF, 0xF8, 0x01, 0x26, 0xFF, 0xF8, 0x01, 0x27, 0xFF, 0xF8, 0x01, 0x28, 0xFF, 0xF8,
0x01, 0x29, 0xFF, 0xF8, 0x01, 0x2A, 0xFF, 0xF8, 0x01, 0x2B, 0xFF, 0xF8, 0x01, 0x2C, 0xFF, 0xF8,
0x01, 0x2F, 0xFF, 0xF8, 0x01, 0x34, 0xFF, 0xFF, 0x01, 0x35, 0xFF, 0xFF, 0x01, 0x36, 0xFF, 0xFF,
0x01, 0x37, 0xFF, 0xFF, 0x01, 0x38, 0xFF, 0xFF, 0x01, 0x39, 0xFF, 0xFF, 0x01, 0x3A, 0x00, 0x02,
0x01, 0x3B, 0x00, 0x02, 0x01, 0x3C, 0x00, 0x02, 0x01, 0x3D, 0x00, 0x02, 0x01, 0x3E, 0x00, 0x02,
0x01, 0x3F, 0x00, 0x02, 0x01, 0x62, 0xFF, 0xFF, 0x01, 0x63, 0xFF, 0xFF, 0x01, 0x64, 0xFF, 0xFF,
0x01, 0x65, 0xFF, 0xFF, 0x01, 0x67, 0x00, 0x02, 0x01, 0x68, 0x00, 0x02, 0x01, 0xE0, 0xFF, 0xE5,
0x01, 0xE1, 0xFF, 0xF3, 0x01, 0xE6, 0xFF, 0xF9, 0x01, 0xE7, 0xFF, 0xE4, 0x01, 0xEA, 0x00, 0x0A,
0x01, 0xEB, 0x00, 0x11, 0x01, 0xED, 0x00, 0x1C, 0x01, 0xEE, 0x00, 0x1B, 0x01, 0xEF, 0x00, 0x14,
0x01, 0xF0, 0x00, 0x03, 0x01, 0xF1, 0x00, 0x14, 0x01, 0xF2, 0x00, 0x07, 0x01, 0xFC, 0xFF, 0xD2,
0x01, 0xFD, 0xFF, 0xD2, 0x02, 0x00, 0xFF, 0xD2, 0x02, 0x07, 0x00, 0x16, 0x02, 0x09, 0xFF, 0xF8,
0x02, 0x0B, 0xFF, 0xF8, 0x02, 0x0C, 0xFF, 0xF8, 0x02, 0x0D, 0xFF, 0xF8, 0x02, 0x0E, 0xFF, 0xF8,
0x02, 0x0F, 0xFF, 0xBA, 0x02, 0x16, 0xFF, 0xD2, 0x02, 0x17, 0xFF, 0xD2, 0x02, 0x18, 0x00, 0x1E,
0x02, 0x19, 0x00, 0x23, 0x02, 0x1A, 0x00, 0x1E, 0x02, 0x1B, 0x00, 0x23, 0x02, 0x20, 0x00, 0x16,
0x02, 0x21, 0x00, 0x16, 0x02, 0x27, 0xFF, 0xF3, 0x02, 0x2C, 0x00, 0x0C, 0x00, 0x0B, 0x01, 0x53,
0x00, 0x0A, 0x01, 0x59, 0x00, 0x03, 0x01, 0xEA, 0x00, 0x25, 0x01, 0xEB, 0x00, 0x1B, 0x01, 0xEC,
0x00, 0x25, 0x01, 0xED, 0x00, 0x2B, 0x01, 0xEE, 0x00, 0x26, 0x01, 0xF0, 0x00, 0x2B, 0x01, 0xF1,
0x00, 0x26, 0x02, 0x2B, 0x00, 0x00, 0x02, 0x2C, 0x00, 0x00, 0x00, 0x03, 0x00, 0x9F, 0xFF, 0xEA,
0x01, 0xEA, 0xFF, 0xFD, 0x01, 0xF0, 0xFF, 0xF9, 0x00, 0x3E, 0x00, 0xA5, 0x00, 0x00, 0x00, 0xCB,
0x00, 0x11, 0x00, 0xEF, 0x00, 0x11, 0x00, 0xF0, 0x00, 0x11, 0x00, 0xF1, 0x00, 0x11, 0x00, 0xF2,
0x00, 0x0F, 0x00, 0xF4, 0x00, 0x0F, 0x00, 0xF5, 0x00, 0x0F, 0x00, 0xF6, 0x00, 0x0F, 0x00, 0xF7,
0x00, 0x0F, 0x00, 0xF8, 0x00, 0x0F, 0x00, 0xF9, 0x00, 0x0F, 0x00, 0xFB, 0x00, 0x0F, 0x00, 0xFC,
0x00, 0x0F, 0x00, 0xFD, 0x00, 0x0F, 0x00, 0xFE, 0x00, 0x0F, 0x00, 0xFF, 0x00, 0x0F, 0x01, 0x01,
0x00, 0x0F, 0x01, 0x02, 0x00, 0x0F, 0x01, 0x03, 0x00, 0x11, 0x01, 0x04, 0x00, 0x11, 0x01, 0x06,
0x00, 0x0D, 0x01, 0x07, 0x00, 0x0D, 0x01, 0x08, 0x00, 0x0D, 0x01, 0x09, 0x00, 0x0D, 0x01, 0x0A,
0x00, 0x0D, 0x01, 0x0B, 0x00, 0x0D, 0x01, 0x53, 0x00, 0x00, 0x01, 0xE1, 0x00, 0x07, 0x01, 0xE2,
0x00, 0x0D, 0x01, 0xE3, 0x00, 0x03, 0x01, 0xE5, 0xFF, 0xF9, 0x01, 0xE6, 0xFF, 0xF3, 0x01, 0xE7,
0x00, 0x02, 0x01, 0xE8, 0xFF, 0xEF, 0x01, 0xE9, 0x00, 0x17, 0x01, 0xEA, 0x00, 0x11, 0x01, 0xEB,
0x00, 0x17, 0x01, 0xEC, 0x00, 0x14, 0x01, 0xED, 0x00, 0x17, 0x01, 0xEE, 0x00, 0x11, 0x01, 0xEF,
0x00, 0x17, 0x01, 0xF0, 0x00, 0x39, 0x01, 0xF1, 0x00, 0x11, 0x01, 0xF2, 0x00, 0x25, 0x02, 0x01,
0x00, 0x0C, 0x02, 0x03, 0x00, 0x20, 0x02, 0x07, 0x00, 0x14, 0x02, 0x09, 0x00, 0x00, 0x02, 0x0F,
0x00, 0x0D, 0x02, 0x11, 0x00, 0x3C, 0x02, 0x13, 0x00, 0x1B, 0x02, 0x15, 0x00, 0x1B, 0x02, 0x18,
0x00, 0x0F, 0x02, 0x19, 0x00, 0x12, 0x02, 0x1A, 0x00, 0x0F, 0x02, 0x1B, 0x00, 0x12, 0x02, 0x20,
0x00, 0x14, 0x02, 0x21, 0x00, 0x14, 0x02, 0x26, 0xFF, 0xFD, 0x02, 0x27, 0xFF, 0xF3, 0x02, 0x2C,
0x00, 0x3A, 0x00, 0x17, 0x00, 0xA5, 0x00, 0x00, 0x01, 0x53, 0x00, 0x00, 0x01, 0xE1, 0x00, 0x07,
0x01, 0xE2, 0x00, 0x0D, 0x01, 0xE3, 0x00, 0x03, 0x01, 0xE5, 0xFF, 0xF9, 0x01, 0xE6, 0xFF, 0xF3,
0x01, 0xE7, 0x00, 0x02, 0x01, 0xE8, 0xFF, 0xEF, 0x01, 0xE9, 0x00, 0x17, 0x01, 0xEB, 0x00, 0x07,
0x01, 0xEC, 0x00, 0x0D, 0x01, 0xED, 0x00, 0x17, 0x01, 0xEE, 0x00, 0x07, 0x01, 0xEF, 0x00, 0x17,
0x01, 0xF0, 0x00, 0x00, 0x01, 0xF2, 0xFF, 0xFD, 0x02, 0x03, 0x00, 0x00, 0x02, 0x09, 0x00, 0x00,
0x02, 0x0F, 0x00, 0x0D, 0x02, 0x26, 0xFF, 0xFD, 0x02, 0x27, 0xFF, 0xF3, 0x02, 0x2C, 0x00, 0x05,
0x00, 0xEB, 0x00, 0x01, 0x00, 0x0A, 0x00, 0x02, 0x00, 0x0A, 0x00, 0x03, 0x00, 0x0A, 0x00, 0x04,
0x00, 0x0A, 0x00, 0x05, 0x00, 0x0A, 0x00, 0x06, 0x00, 0x0A, 0x00, 0x08, 0x00, 0x0A, 0x00, 0x09,
0x00, 0x0A, 0x00, 0x0A, 0x00, 0x0A, 0x00, 0x0B, 0x00, 0x0A, 0x00, 0x0C, 0x00, 0x0A, 0x00, 0x0E,
0x00, 0x0A, 0x00, 0x0F, 0x00, 0x0A, 0x00, 0x10, 0x00, 0x0A, 0x00, 0x11, 0x00, 0x0A, 0x00, 0x13,
0x00, 0x0A, 0x00, 0x14, 0x00, 0x0A, 0x00, 0x15, 0x00, 0x0A, 0x00, 0x16, 0x00, 0x0A, 0x00, 0x17,
0x00, 0x0A, 0x00, 0x18, 0x00, 0x0A, 0x00, 0x19, 0x00, 0x0A, 0x00, 0x1B, 0x00, 0x00, 0x00, 0x1C,
0x00, 0x00, 0x00, 0x1D, 0x00, 0x00, 0x00, 0x1E, 0x00, 0x00, 0x00, 0x1F, 0x00, 0x00, 0x00, 0x20,
0x00, 0x00, 0x00, 0x37, 0x00, 0x00, 0x00, 0x39, 0x00, 0x00, 0x00, 0x3A, 0x00, 0x00, 0x00, 0x3B,
0x00, 0x00, 0x00, 0x3C, 0x00, 0x00, 0x00, 0x3D, 0x00, 0x00, 0x00, 0x41, 0x00, 0x00, 0x00, 0x42,
0x00, 0x00, 0x00, 0x43, 0x00, 0x00, 0x00, 0x44, 0x00, 0x00, 0x00, 0x45, 0x00, 0x00, 0x00, 0x46,
0x00, 0x00, 0x00, 0x47, 0x00, 0x00, 0x00, 0x48, 0x00, 0x00, 0x00, 0x49, 0x00, 0x00, 0x00, 0x4B,
0x00, 0x00, 0x00, 0x4C, 0x00, 0x00, 0x00, 0x4D, 0x00, 0x00, 0x00, 0x60, 0x00, 0x00, 0x00, 0x61,
0x00, 0x00, 0x00, 0x62, 0x00, 0x00, 0x00, 0x63, 0x00, 0x00, 0x00, 0x64, 0x00, 0x00, 0x00, 0x65,
0x00, 0x00, 0x00, 0x66, 0x00, 0x00, 0x00, 0x68, 0x00, 0x00, 0x00, 0x69, 0x00, 0x00, 0x00, 0x6A,
0x00, 0x00, 0x00, 0x6B, 0x00, 0x00, 0x00, 0x6D, 0x00, 0x00, 0x00, 0x6E, 0x00, 0x00, 0x00, 0x6F,
0x00, 0x00, 0x00, 0x70, 0x00, 0x00, 0x00, 0x72, 0x00, 0x00, 0x00, 0x73, 0x00, 0x00, 0x00, 0x74,
0x00, 0x00, 0x00, 0x75, 0x00, 0x00, 0x00, 0x76, 0x00, 0x00, 0x00, 0x77, 0x00, 0x00, 0x00, 0x78,
0x00, 0x00, 0x00, 0x7B, 0x00, 0x00, 0x00, 0x80, 0xFF, 0xFD, 0x00, 0x81, 0xFF, 0xFD, 0x00, 0x82,
0xFF, 0xFD, 0x00, 0x83, 0xFF, 0xFD, 0x00, 0x84, 0xFF, 0xFD, 0x00, 0x85, 0xFF, 0xFD, 0x00, 0x8C,
0x00, 0x00, 0x00, 0x8D, 0x00, 0x00, 0x00, 0x8E, 0x00, 0x00, 0x00, 0x8F, 0x00, 0x00, 0x00, 0x90,
0x00, 0x00, 0x00, 0x91, 0x00, 0x00, 0x00, 0x92, 0x00, 0x00, 0x00, 0x94, 0x00, 0x00, 0x00, 0x95,
0x00, 0x00, 0x00, 0x96, 0x00, 0x00, 0x00, 0x97, 0x00, 0x00, 0x00, 0x99, 0x00, 0x00, 0x00, 0x9A,
0x00, 0x00, 0x00, 0x9B, 0x00, 0x00, 0x00, 0x9C, 0x00, 0x00, 0x00, 0x9D, 0x00, 0x00, 0x00, 0x9E,
0x00, 0x00, 0x00, 0x9F, 0xFF, 0xF4, 0x00, 0xA0, 0xFF, 0xF4, 0x00, 0xA1, 0xFF, 0xF4, 0x00, 0xA2,
0xFF, 0xF4, 0x00, 0xA3, 0xFF, 0xF4, 0x00, 0xA4, 0xFF, 0xF4, 0x00, 0xA6, 0xFF, 0xEC, 0x00, 0xA7,
0xFF, 0xEC, 0x00, 0xA8, 0xFF, 0xEC, 0x00, 0xA9, 0xFF, 0xEC, 0x00, 0xAA, 0xFF, 0xEC, 0x00, 0xAB,
0xFF, 0xEC, 0x00, 0xAC, 0xFF, 0xEC, 0x00, 0xAD, 0xFF, 0xEC, 0x00, 0xAE, 0x00, 0x03, 0x00, 0xAF,
0x00, 0x03, 0x00, 0xB0, 0x00, 0x03, 0x00, 0xB1, 0x00, 0x03, 0x00, 0xB2, 0x00, 0x0A, 0x00, 0xB3,
0x00, 0x0A, 0x00, 0xB4, 0x00, 0x0A, 0x00, 0xB5, 0x00, 0x0A, 0x00, 0xB6, 0x00, 0x0A, 0x00, 0xB7,
0x00, 0x0A, 0x00, 0xB9, 0x00, 0x0A, 0x00, 0xBA, 0x00, 0x0A, 0x00, 0xBB, 0x00, 0x0A, 0x00, 0xBC,
0x00, 0x0A, 0x00, 0xBD, 0x00, 0x0A, 0x00, 0xBF, 0x00, 0x0A, 0x00, 0xC0, 0x00, 0x0A, 0x00, 0xC1,
0x00, 0x0A, 0x00, 0xC2, 0x00, 0x0A, 0x00, 0xC4, 0x00, 0x0A, 0x00, 0xC5, 0x00, 0x0A, 0x00, 0xC6,
0x00, 0x0A, 0x00, 0xC7, 0x00, 0x0A, 0x00, 0xC8, 0x00, 0x0A, 0x00, 0xC9, 0x00, 0x0A, 0x00, 0xCA,
0x00, 0x0A, 0x00, 0xCC, 0x00, 0x02, 0x00, 0xCD, 0x00, 0x02, 0x00, 0xCE, 0x00, 0x02, 0x00, 0xCF,
0x00, 0x02, 0x00, 0xD0, 0x00, 0x02, 0x00, 0xD1, 0x00, 0x02, 0x00, 0xD2, 0x00, 0x02, 0x00, 0xD3,
0x00, 0x02, 0x00, 0xD4, 0x00, 0x02, 0x00, 0xD5, 0x00, 0x02, 0x00, 0xD6, 0x00, 0x02, 0x00, 0xD7,
0x00, 0x02, 0x00, 0xD8, 0x00, 0x02, 0x00, 0xD9, 0x00, 0x02, 0x00, 0xDA, 0x00, 0x02, 0x00, 0xDB,
0x00, 0x02, 0x00, 0xDC, 0x00, 0x02, 0x00, 0xDD, 0x00, 0x02, 0x00, 0xDF, 0x00, 0x02, 0x00, 0xE0,
0x00, 0x02, 0x00, 0xE1, 0x00, 0x02, 0x00, 0xE2, 0x00, 0x02, 0x00, 0xE3, 0x00, 0x02, 0x00, 0xE5,
0x00, 0x02, 0x00, 0xE6, 0x00, 0x02, 0x00, 0xE7, 0x00, 0x02, 0x00, 0xE8, 0x00, 0x02, 0x00, 0xE9,
0x00, 0x00, 0x00, 0xEA, 0x00, 0x03, 0x00, 0xEB, 0x00, 0x03, 0x00, 0xEC, 0x00, 0x03, 0x00, 0xED,
0x00, 0x03, 0x00, 0xEE, 0x00, 0x03, 0x01, 0x14, 0x00, 0x02, 0x01, 0x15, 0x00, 0x02, 0x01, 0x16,
0x00, 0x02, 0x01, 0x17, 0x00, 0x02, 0x01, 0x18, 0x00, 0x02, 0x01, 0x19, 0x00, 0x02, 0x01, 0x1A,
0x00, 0x02, 0x01, 0x1C, 0x00, 0x02, 0x01, 0x1D, 0x00, 0x02, 0x01, 0x1E, 0x00, 0x02, 0x01, 0x1F,
0x00, 0x02, 0x01, 0x21, 0x00, 0x02, 0x01, 0x22, 0x00, 0x02, 0x01, 0x23, 0x00, 0x02, 0x01, 0x24,
0x00, 0x02, 0x01, 0x26, 0x00, 0x02, 0x01, 0x27, 0x00, 0x02, 0x01, 0x28, 0x00, 0x02, 0x01, 0x29,
0x00, 0x02, 0x01, 0x2A, 0x00, 0x02, 0x01, 0x2B, 0x00, 0x02, 0x01, 0x2C, 0x00, 0x02, 0x01, 0x2F,
0x00, 0x02, 0x01, 0x3A, 0x00, 0x00, 0x01, 0x3B, 0xFF, 0xFD, 0x01, 0x3C, 0xFF, 0xFD, 0x01, 0x3D,
0xFF, 0xFD, 0x01, 0x3E, 0xFF, 0xFD, 0x01, 0x3F, 0xFF, 0xFD, 0x01, 0x54, 0xFF, 0xF9, 0x01, 0x55,
0xFF, 0xF9, 0x01, 0x56, 0xFF, 0xF9, 0x01, 0x57, 0xFF, 0xF9, 0x01, 0x58, 0xFF, 0xF9, 0x01, 0x67,
0x00, 0x00, 0x01, 0x68, 0x00, 0x00, 0x01, 0x69, 0xFF, 0xEF, 0x01, 0x6A, 0xFF, 0xF3, 0x01, 0xDF,
0x00, 0x17, 0x01, 0xE0, 0x00, 0x0D, 0x01, 0xE1, 0x00, 0x14, 0x01, 0xE2, 0x00, 0x0D, 0x01, 0xE5,
0x00, 0x14, 0x01, 0xE6, 0x00, 0x07, 0x01, 0xE7, 0x00, 0x14, 0x01, 0xE8, 0x00, 0x14, 0x01, 0xED,
0xFF, 0xF3, 0x01, 0xF0, 0xFF, 0xEE, 0x01, 0xFC, 0x00, 0x0F, 0x01, 0xFD, 0x00, 0x0F, 0x02, 0x00,
0x00, 0x0F, 0x02, 0x03, 0xFF, 0xF6, 0x02, 0x04, 0x00, 0x07, 0x02, 0x07, 0xFF, 0xF9, 0x02, 0x0B,
0xFF, 0xF9, 0x02, 0x0C, 0xFF, 0xF9, 0x02, 0x0D, 0xFF, 0xF9, 0x02, 0x0E, 0xFF, 0xF9, 0x02, 0x16,
0x00, 0x0F, 0x02, 0x17, 0x00, 0x0F, 0x02, 0x18, 0xFF, 0xE9, 0x02, 0x19, 0xFF, 0xE9, 0x02, 0x1A,
0xFF, 0xE9, 0x02, 0x1B, 0xFF, 0xE9, 0x02, 0x1C, 0x00, 0x17, 0x02, 0x1E, 0x00, 0x17, 0x02, 0x20,
0xFF, 0xF9, 0x02, 0x21, 0xFF, 0xF9, 0x02, 0x2B, 0xFF, 0xEF, 0x02, 0x2C, 0xFF, 0xE5, 0x00, 0x12,
0x00, 0x9F, 0xFF, 0xE1, 0x00, 0xA5, 0xFF, 0xE9, 0x01, 0x53, 0xFF, 0xF3, 0x01, 0x59, 0xFF, 0xED,
0x01, 0xE2, 0x00, 0x02, 0x01, 0xE3, 0x00, 0x07, 0x01, 0xE8, 0x00, 0x02, 0x01, 0xE9, 0xFF, 0xF8,
0x01, 0xEC, 0xFF, 0xF9, 0x01, 0xEE, 0xFF, 0xF9, 0x01, 0xEF, 0xFF, 0xF9, 0x01, 0xF0, 0xFF, 0xEC,
0x01, 0xF1, 0xFF, 0xFB, 0x01, 0xF2, 0xFF, 0xE9, 0x02, 0x09, 0x00, 0x00, 0x02, 0x0F, 0xFF, 0xE2,
0x02, 0x27, 0xFF, 0xFD, 0x02, 0x2C, 0x00, 0x00, 0x00, 0x19, 0x00, 0x9F, 0x00, 0x00, 0x00, 0xA5,
0xFF, 0xEC, 0x01, 0x53, 0x00, 0x09, 0x01, 0xDF, 0xFF, 0xEC, 0x01, 0xE0, 0xFF, 0xEC, 0x01, 0xE1,
0xFF, 0xEC, 0x01, 0xE2, 0xFF, 0xEF, 0x01, 0xE3, 0xFF, 0xD5, 0x01, 0xE4, 0xFF, 0xF3, 0x01, 0xE5,
0xFF, 0xE5, 0x01, 0xE6, 0xFF, 0xFD, 0x01, 0xE7, 0xFF, 0xE9, 0x01, 0xE8, 0xFF, 0xDF, 0x01, 0xEB,
0x00, 0x21, 0x01, 0xEC, 0x00, 0x25, 0x01, 0xED, 0x00, 0x2F, 0x01, 0xEE, 0x00, 0x2F, 0x01, 0xEF,
0x00, 0x2F, 0x01, 0xF0, 0x00, 0x11, 0x01, 0xF1, 0x00, 0x25, 0x02, 0x09, 0xFF, 0xEF, 0x02, 0x0F,
0xFF, 0xB0, 0x02, 0x27, 0xFF, 0xEC, 0x02, 0x2B, 0x00, 0x22, 0x02, 0x2C, 0x00, 0x25, 0x00, 0x04,
0x00, 0x9F, 0xFF, 0xE7, 0x01, 0xEA, 0x00, 0x0D, 0x01, 0xF2, 0xFF, 0xF9, 0x02, 0x2C, 0x00, 0x00,
0x00, 0x11, 0x01, 0x53, 0x00, 0x03, 0x01, 0xDF, 0x00, 0x08, 0x01, 0xE1, 0x00, 0x03, 0x01, 0xE6,
0x00, 0x05, 0x01, 0xE7, 0x00, 0x03, 0x01, 0xE8, 0x00, 0x03, 0x01, 0xE9, 0x00, 0x14, 0x01, 0xEA,
0x00, 0x0D, 0x01, 0xEB, 0x00, 0x07, 0x01, 0xEC, 0x00, 0x07, 0x01, 0xED, 0x00, 0x11, 0x01, 0xEE,
0x00, 0x11, 0x01, 0xEF, 0x00, 0x11, 0x01, 0xF0, 0x00, 0x14, 0x01, 0xF1, 0x00, 0x11, 0x01, 0xF2,
0x00, 0x11, 0x02, 0x03, 0x00, 0x14, 0x00, 0x1D, 0x00, 0x9F, 0xFF, 0xF8, 0x00, 0xA5, 0x00, 0x0E,
0x01, 0x0B, 0x00, 0x14, 0x01, 0x53, 0xFF, 0xF7, 0x01, 0xDF, 0x00, 0x0D, 0x01, 0xE0, 0x00, 0x0D,
0x01, 0xE1, 0x00, 0x17, 0x01, 0xE2, 0x00, 0x17, 0x01, 0xE3, 0x00, 0x1E, 0x01, 0xE4, 0x00, 0x14,
0x01, 0xE5, 0x00, 0x11, 0x01, 0xE6, 0x00, 0x03, 0x01, 0xE7, 0x00, 0x14, 0x01, 0xE8, 0x00, 0x03,
0x01, 0xE9, 0x00, 0x26, 0x01, 0xEA, 0x00, 0x1B, 0x01, 0xEB, 0x00, 0x21, 0x01, 0xEC, 0x00, 0x2B,
0x01, 0xED, 0x00, 0x32, 0x01, 0xEE, 0x00, 0x23, 0x01, 0xEF, 0x00, 0x25, 0x01, 0xF0, 0x00, 0x14,
0x01, 0xF1, 0x00, 0x23, 0x01, 0xF2, 0x00, 0x11, 0x02, 0x09, 0x00, 0x00, 0x02, 0x0F, 0x00, 0x12,
0x02, 0x19, 0x00, 0x07, 0x02, 0x1B, 0x00, 0x07, 0x02, 0x2C, 0x00, 0x00, 0x00, 0x25, 0x01, 0x53,
0x00, 0x1E, 0x01, 0xDF, 0xFF, 0xF9, 0x01, 0xE0, 0xFF, 0xFD, 0x01, 0xE1, 0xFF, 0xFD, 0x01, 0xE2,
0xFF, 0xFD, 0x01, 0xE3, 0x00, 0x03, 0x01, 0xE4, 0xFF, 0xFD, 0x01, 0xE5, 0xFF, 0xFD, 0x01, 0xE6,
0xFF, 0xFD, 0x01, 0xE7, 0xFF, 0xFD, 0x01, 0xE8, 0xFF, 0xFD, 0x01, 0xE9, 0x00, 0x3C, 0x01, 0xEA,
0x00, 0x3C, 0x01, 0xEB, 0x00, 0x46, 0x01, 0xEC, 0x00, 0x43, 0x01, 0xED, 0x00, 0x21, 0x01, 0xEE,
0x00, 0x43, 0x01, 0xEF, 0x00, 0x2B, 0x01, 0xF0, 0x00, 0x46, 0x01, 0xF1, 0x00, 0x35, 0x01, 0xF2,
0x00, 0x43, 0x01, 0xFC, 0xFF, 0xEF, 0x01, 0xFD, 0xFF, 0xEF, 0x02, 0x00, 0xFF, 0xEF, 0x02, 0x01,
0x00, 0x28, 0x02, 0x03, 0x00, 0x3F, 0x02, 0x0B, 0xFF, 0xE9, 0x02, 0x0C, 0xFF, 0xE9, 0x02, 0x0D,
0xFF, 0xE9, 0x02, 0x0E, 0xFF, 0xE9, 0x02, 0x0F, 0xFF, 0xDF, 0x02, 0x11, 0x00, 0x57, 0x02, 0x16,
0xFF, 0xEF, 0x02, 0x17, 0xFF, 0xEF, 0x02, 0x27, 0xFF, 0xF9, 0x02, 0x2B, 0x00, 0x2B, 0x02, 0x2C,
0x00, 0x50, 0x00, 0x19, 0x00, 0x9F, 0xFF, 0xF8, 0x00, 0xA5, 0x00, 0x0E, 0x01, 0x53, 0xFF, 0xF7,
0x01, 0xDF, 0x00, 0x0D, 0x01, 0xE0, 0x00, 0x0D, 0x01, 0xE1, 0x00, 0x17, 0x01, 0xE2, 0x00, 0x17,
0x01, 0xE3, 0x00, 0x1E, 0x01, 0xE4, 0x00, 0x14, 0x01, 0xE5, 0x00, 0x11, 0x01, 0xE6, 0x00, 0x03,
0x01, 0xE7, 0x00, 0x14, 0x01, 0xE8, 0x00, 0x03, 0x01, 0xE9, 0xFF, 0xF3, 0x01, 0xEA, 0xFF, 0xEF,
0x01, 0xEB, 0xFF, 0xF3, 0x01, 0xEC, 0xFF, 0xF3, 0x01, 0xED, 0xFF, 0xF3, 0x01, 0xEE, 0xFF, 0xF3,
0x01, 0xEF, 0xFF, 0xF3, 0x01, 0xF1, 0xFF, 0xF4, 0x01, 0xF2, 0xFF, 0xF3, 0x02, 0x09, 0x00, 0x00,
0x02, 0x0F, 0x00, 0x12, 0x02, 0x2C, 0x00, 0x00, 0x00, 0x14, 0x00, 0x9F, 0xFF, 0xEE, 0x00, 0xA5,
0x00, 0x00, 0x01, 0x53, 0xFF, 0xF2, 0x01, 0xDF, 0x00, 0x03, 0x01, 0xE0, 0x00, 0x03, 0x01, 0xE1,
0x00, 0x0C, 0x01, 0xE3, 0x00, 0x08, 0x01, 0xE6, 0xFF, 0xEF, 0x01, 0xE8, 0xFF, 0xF8, 0x01, 0xEA,
0xFF, 0xF9, 0x01, 0xEB, 0xFF, 0xEF, 0x01, 0xEC, 0xFF, 0xEF, 0x01, 0xEE, 0xFF, 0xF6, 0x01, 0xEF,
0xFF, 0xF6, 0x01, 0xF0, 0xFF, 0xE9, 0x01, 0xF2, 0xFF, 0xEF, 0x02, 0x09, 0x00, 0x00, 0x02, 0x0F,
0x00, 0x0D, 0x02, 0x26, 0xFF, 0xEF, 0x02, 0x27, 0xFF, 0xEF, 0x00, 0x19, 0x00, 0x9F, 0x00, 0x1C,
0x00, 0xA0, 0x00, 0x25, 0x00, 0xA1, 0x00, 0x25, 0x00, 0xA2, 0x00, 0x25, 0x00, 0xA3, 0x00, 0x25,
0x00, 0xA4, 0x00, 0x25, 0x00, 0xA6, 0x00, 0x21, 0x00, 0xA7, 0x00, 0x21, 0x00, 0xA8, 0x00, 0x21,
0x00, 0xA9, 0x00, 0x21, 0x00, 0xAA, 0x00, 0x21, 0x00, 0xAB, 0x00, 0x21, 0x00, 0xAC, 0x00, 0x21,
0x00, 0xAD, 0x00, 0x21, 0x01, 0xE9, 0x00, 0x2B, 0x01, 0xEA, 0x00, 0x1E, 0x01, 0xEB, 0x00, 0x14,
0x01, 0xEC, 0x00, 0x14, 0x01, 0xED, 0x00, 0x14, 0x01, 0xEE, 0x00, 0x2B, 0x01, 0xEF, 0x00, 0x21,
0x01, 0xF0, 0x00, 0x43, 0x01, 0xF1, 0x00, 0x25, 0x01, 0xF2, 0x00, 0x2F, 0x02, 0x2C, 0x00, 0x00,
0x00, 0x0C, 0x00, 0x9F, 0xFF, 0xE7, 0x00, 0xA6, 0xFF, 0xFD, 0x00, 0xA7, 0xFF, 0xFD, 0x00, 0xA8,
0xFF, 0xFD, 0x00, 0xA9, 0xFF, 0xFD, 0x00, 0xAA, 0xFF, 0xFD, 0x00, 0xAB, 0xFF, 0xFD, 0x00, 0xAC,
0xFF, 0xFD, 0x00, 0xAD, 0xFF, 0xFD, 0x01, 0xEA, 0x00, 0x0D, 0x01, 0xF2, 0xFF, 0xF9, 0x02, 0x2C,
0x00, 0x00, 0x00, 0x0C, 0x00, 0x9F, 0xFF, 0xE7, 0x00, 0xA6, 0xFF, 0xF3, 0x00, 0xA7, 0xFF, 0xF3,
0x00, 0xA8, 0xFF, 0xF3, 0x00, 0xA9, 0xFF, 0xF3, 0x00, 0xAA, 0xFF, 0xF3, 0x00, 0xAB, 0xFF, 0xF3,
0x00, 0xAC, 0xFF, 0xF3, 0x00, 0xAD, 0xFF, 0xF3, 0x01, 0xEA, 0x00, 0x0D, 0x01, 0xF2, 0xFF, 0xF9,
0x02, 0x2C, 0x00, 0x00, 0x00, 0x18, 0x00, 0x87, 0x00, 0x25, 0x00, 0x88, 0x00, 0x25, 0x00, 0x89,
0x00, 0x25, 0x00, 0x8A, 0x00, 0x25, 0x00, 0x8B, 0x00, 0x25, 0x00, 0x9F, 0x00, 0x25, 0x00, 0xA0,
0x00, 0x25, 0x00, 0xA1, 0x00, 0x25, 0x00, 0xA2, 0x00, 0x25, 0x00, 0xA3, 0x00, 0x25, 0x00, 0xA4,
0x00, 0x25, 0x00, 0xA6, 0x00, 0x25, 0x00, 0xA7, 0x00, 0x25, 0x00, 0xA8, 0x00, 0x25, 0x00, 0xA9,
0x00, 0x25, 0x00, 0xAA, 0x00, 0x25, 0x00, 0xAB, 0x00, 0x25, 0x00, 0xAC, 0x00, 0x25, 0x00, 0xAD,
0x00, 0x25, 0x01, 0xEA, 0x00, 0x11, 0x01, 0xED, 0x00, 0x0D, 0x01, 0xF0, 0x00, 0x1E, 0x01, 0xF1,
0x00, 0x17, 0x01, 0xF2, 0x00, 0x11, 0x00, 0x0E, 0x00, 0x9F, 0x00, 0x1B, 0x00, 0xA6, 0x00, 0x17,
0x00, 0xA7, 0x00, 0x17, 0x00, 0xA8, 0x00, 0x17, 0x00, 0xA9, 0x00, 0x17, 0x00, 0xAA, 0x00, 0x17,
0x00, 0xAB, 0x00, 0x17, 0x00, 0xAC, 0x00, 0x17, 0x00, 0xAD, 0x00, 0x17, 0x01, 0xEA, 0x00, 0x11,
0x01, 0xED, 0x00, 0x0D, 0x01, 0xF0, 0x00, 0x1E, 0x01, 0xF1, 0x00, 0x17, 0x01, 0xF2, 0x00, 0x11,
0x00, 0x0C, 0x00, 0x9F, 0xFF, 0xE7, 0x00, 0xA6, 0xFF, 0xE9, 0x00, 0xA7, 0xFF, 0xE9, 0x00, 0xA8,
0xFF, 0xE9, 0x00, 0xA9, 0xFF, 0xE9, 0x00, 0xAA, 0xFF, 0xE9, 0x00, 0xAB, 0xFF, 0xE9, 0x00, 0xAC,
0xFF, 0xE9, 0x00, 0xAD, 0xFF, 0xE9, 0x01, 0xEA, 0x00, 0x0D, 0x01, 0xF2, 0xFF, 0xF9, 0x02, 0x2C,
0x00, 0x00, 0x00, 0x13, 0x00, 0x87, 0x00, 0x2B, 0x00, 0x88, 0x00, 0x2B, 0x00, 0x89, 0x00, 0x2B,
0x00, 0x8A, 0x00, 0x2B, 0x00, 0x8B, 0x00, 0x2B, 0x00, 0x9F, 0x00, 0x2B, 0x00, 0xA6, 0x00, 0x25,
0x00, 0xA7, 0x00, 0x25, 0x00, 0xA8, 0x00, 0x25, 0x00, 0xA9, 0x00, 0x25, 0x00, 0xAA, 0x00, 0x25,
0x00, 0xAB, 0x00, 0x25, 0x00, 0xAC, 0x00, 0x25, 0x00, 0xAD, 0x00, 0x25, 0x01, 0xEA, 0x00, 0x11,
0x01, 0xED, 0x00, 0x0D, 0x01, 0xF0, 0x00, 0x1E, 0x01, 0xF1, 0x00, 0x17, 0x01, 0xF2, 0x00, 0x11,
0x00, 0x12, 0x00, 0xA0, 0x00, 0x2B, 0x00, 0xA1, 0x00, 0x2B, 0x00, 0xA2, 0x00, 0x2B, 0x00, 0xA3,
0x00, 0x2B, 0x00, 0xA4, 0x00, 0x2B, 0x00, 0xA6, 0x00, 0x1E, 0x00, 0xA7, 0x00, 0x1E, 0x00, 0xA8,
0x00, 0x1E, 0x00, 0xA9, 0x00, 0x1E, 0x00, 0xAA, 0x00, 0x1E, 0x00, 0xAB, 0x00, 0x1E, 0x00, 0xAC,
0x00, 0x1E, 0x00, 0xAD, 0x00, 0x1E, 0x01, 0xEA, 0x00, 0x11, 0x01, 0xED, 0x00, 0x0D, 0x01, 0xF0,
0x00, 0x1E, 0x01, 0xF1, 0x00, 0x17, 0x01, 0xF2, 0x00, 0x11, 0x00, 0x18, 0x00, 0x87, 0x00, 0x17,
0x00, 0x88, 0x00, 0x17, 0x00, 0x89, 0x00, 0x17, 0x00, 0x8A, 0x00, 0x17, 0x00, 0x8B, 0x00, 0x17,
0x00, 0x9F, 0x00, 0x25, 0x00, 0xA0, 0x00, 0x1B, 0x00, 0xA1, 0x00, 0x1B, 0x00, 0xA2, 0x00, 0x1B,
0x00, 0xA3, 0x00, 0x1B, 0x00, 0xA4, 0x00, 0x1B, 0x00, 0xA6, 0x00, 0x1E, 0x00, 0xA7, 0x00, 0x1E,
0x00, 0xA8, 0x00, 0x1E, 0x00, 0xA9, 0x00, 0x1E, 0x00, 0xAA, 0x00, 0x1E, 0x00, 0xAB, 0x00, 0x1E,
0x00, 0xAC, 0x00, 0x1E, 0x00, 0xAD, 0x00, 0x1E, 0x01, 0xEA, 0x00, 0x11, 0x01, 0xED, 0x00, 0x0D,
0x01, 0xF0, 0x00, 0x1E, 0x01, 0xF1, 0x00, 0x17, 0x01, 0xF2, 0x00, 0x11, 0x00, 0x05, 0x01, 0xEA,
0x00, 0x11, 0x01, 0xED, 0x00, 0x0D, 0x01, 0xF0, 0x00, 0x1E, 0x01, 0xF1, 0x00, 0x17, 0x01, 0xF2,
0x00, 0x11, 0x00, 0x0F, 0x00, 0x9F, 0xFF, 0xE0, 0x01, 0x53, 0xFF, 0xF8, 0x01, 0xE9, 0xFF, 0xF6,
0x01, 0xEA, 0xFF, 0xF3, 0x01, 0xEB, 0xFF, 0xFE, 0x01, 0xEC, 0xFF, 0xFD, 0x01, 0xED, 0x00, 0x00,
0x01, 0xEE, 0xFF, 0xF8, 0x01, 0xEF, 0xFF, 0xF9, 0x01, 0xF0, 0xFF, 0xEC, 0x01, 0xF1, 0xFF, 0xF9,
0x01, 0xF2, 0xFF, 0xEA, 0x02, 0x09, 0x00, 0x00, 0x02, 0x2B, 0xFF, 0xF8, 0x02, 0x2C, 0xFF, 0xEE,
0x00, 0x14, 0x00, 0x9F, 0xFF, 0xF7, 0x00, 0xA5, 0x00, 0x07, 0x01, 0xDF, 0x00, 0x00, 0x01, 0xE1,
0x00, 0x11, 0x01, 0xE2, 0x00, 0x0D, 0x01, 0xE3, 0x00, 0x00, 0x01, 0xE5, 0xFF, 0xFD, 0x01, 0xE8,
0xFF, 0xF1, 0x01, 0xE9, 0x00, 0x0C, 0x01, 0xEC, 0x00, 0x0C, 0x01, 0xED, 0x00, 0x12, 0x01, 0xF0,
0x00, 0x17, 0x01, 0xF1, 0x00, 0x0D, 0x02, 0x09, 0x00, 0x15, 0x02, 0x0F, 0x00, 0x34, 0x02, 0x11,
0x00, 0x1A, 0x02, 0x26, 0xFF, 0xFD, 0x02, 0x27, 0xFF, 0xFE, 0x02, 0x2B, 0x00, 0x11, 0x02, 0x2C,
0x00, 0x11, 0x00, 0x1F, 0x00, 0x9F, 0x00, 0x14, 0x00, 0xA5, 0x00, 0x0A, 0x00, 0xF5, 0x00, 0x28,
0x00, 0xF6, 0x00, 0x28, 0x00, 0xF7, 0x00, 0x2A, 0x00, 0xF9, 0x00, 0x0C, 0x00, 0xFC, 0x00, 0x25,
0x00, 0xFE, 0x00, 0x2F, 0x01, 0x02, 0x00, 0x21, 0x01, 0xDF, 0xFF, 0xEF, 0x01, 0xE1, 0xFF, 0xE5,
0x01, 0xE2, 0xFF, 0xE9, 0x01, 0xE3, 0xFF, 0xDB, 0x01, 0xE6, 0xFF, 0xEF, 0x01, 0xE7, 0xFF, 0xE2,
0x01, 0xE8, 0xFF, 0xE5, 0x01, 0xE9, 0x00, 0x17, 0x01, 0xEA, 0x00, 0x11, 0x01, 0xEB, 0x00, 0x16,
0x01, 0xEC, 0x00, 0x21, 0x01, 0xED, 0x00, 0x26, 0x01, 0xEE, 0x00, 0x1B, 0x01, 0xF0, 0x00, 0x20,
0x01, 0xF1, 0x00, 0x17, 0x01, 0xF2, 0x00, 0x17, 0x02, 0x01, 0x00, 0x14, 0x02, 0x03, 0x00, 0x1E,
0x02, 0x09, 0xFF, 0xEC, 0x02, 0x0F, 0xFF, 0xBD, 0x02, 0x27, 0xFF, 0xF4, 0x02, 0x2B, 0x00, 0x1E,
0x00, 0x18, 0x00, 0x9F, 0xFF, 0xE0, 0x00, 0xA5, 0xFF, 0xEF, 0x01, 0x53, 0xFF, 0xF8, 0x01, 0x59,
0xFF, 0xF3, 0x01, 0xDF, 0x00, 0x08, 0x01, 0xE0, 0x00, 0x03, 0x01, 0xE1, 0x00, 0x03, 0x01, 0xE3,
0x00, 0x03, 0x01, 0xE4, 0x00, 0x03, 0x01, 0xE5, 0x00, 0x03, 0x01, 0xE6, 0x00, 0x05, 0x01, 0xE7,
0x00, 0x03, 0x01, 0xE8, 0x00, 0x03, 0x01, 0xE9, 0xFF, 0xF9, 0x01, 0xEA, 0xFF, 0xFD, 0x01, 0xED,
0x00, 0x02, 0x01, 0xEE, 0xFF, 0xFD, 0x01, 0xEF, 0xFF, 0xFD, 0x01, 0xF0, 0xFF, 0xE9, 0x01, 0xF2,
0xFF, 0xE9, 0x02, 0x0F, 0xFF, 0xCB, 0x02, 0x27, 0x00, 0x00, 0x02, 0x2B, 0xFF, 0xFB, 0x02, 0x2C,
0xFF, 0xEE, 0x00, 0x1C, 0x01, 0x53, 0x00, 0x1E, 0x01, 0xDF, 0xFF, 0xF9, 0x01, 0xE0, 0xFF, 0xFD,
0x01, 0xE1, 0xFF, 0xFD, 0x01, 0xE2, 0xFF, 0xFD, 0x01, 0xE3, 0x00, 0x03, 0x01, 0xE4, 0xFF, 0xFD,
0x01, 0xE5, 0xFF, 0xFD, 0x01, 0xE6, 0xFF, 0xFD, 0x01, 0xE7, 0xFF, 0xFD, 0x01, 0xE8, 0xFF, 0xFD,
0x01, 0xE9, 0x00, 0x3C, 0x01, 0xEA, 0x00, 0x3C, 0x01, 0xEB, 0x00, 0x46, 0x01, 0xEC, 0x00, 0x43,
0x01, 0xED, 0x00, 0x21, 0x01, 0xEE, 0x00, 0x43, 0x01, 0xEF, 0x00, 0x2B, 0x01, 0xF0, 0x00, 0x46,
0x01, 0xF1, 0x00, 0x35, 0x01, 0xF2, 0x00, 0x43, 0x02, 0x01, 0x00, 0x28, 0x02, 0x03, 0x00, 0x3F,
0x02, 0x0F, 0xFF, 0xDF, 0x02, 0x11, 0x00, 0x57, 0x02, 0x27, 0xFF, 0xF9, 0x02, 0x2B, 0x00, 0x2B,
0x02, 0x2C, 0x00, 0x50, 0x00, 0x1D, 0x00, 0x87, 0xFF, 0xCC, 0x00, 0x88, 0xFF, 0xCC, 0x00, 0x89,
0xFF, 0xCC, 0x00, 0x8A, 0xFF, 0xCC, 0x00, 0x8B, 0xFF, 0xCC, 0x00, 0x9F, 0xFF, 0xE0, 0x00, 0xA5,
0xFF, 0xEF, 0x01, 0x53, 0xFF, 0xF8, 0x01, 0x59, 0xFF, 0xF3, 0x01, 0xDF, 0x00, 0x08, 0x01, 0xE0,
0x00, 0x03, 0x01, 0xE1, 0x00, 0x03, 0x01, 0xE3, 0x00, 0x03, 0x01, 0xE4, 0x00, 0x03, 0x01, 0xE5,
0x00, 0x03, 0x01, 0xE6, 0x00, 0x05, 0x01, 0xE7, 0x00, 0x03, 0x01, 0xE8, 0x00, 0x03, 0x01, 0xE9,
0xFF, 0xF9, 0x01, 0xEA, 0xFF, 0xFD, 0x01, 0xED, 0x00, 0x02, 0x01, 0xEE, 0xFF, 0xFD, 0x01, 0xEF,
0xFF, 0xFD, 0x01, 0xF0, 0xFF, 0xE9, 0x01, 0xF2, 0xFF, 0xE9, 0x02, 0x0F, 0xFF, 0xCB, 0x02, 0x27,
0x00, 0x00, 0x02, 0x2B, 0xFF, 0xFB, 0x02, 0x2C, 0xFF, 0xEE, 0x00, 0x17, 0x00, 0x9F, 0xFF, 0xE5,
0x01, 0xDF, 0x00, 0x0D, 0x01, 0xE0, 0x00, 0x07, 0x01, 0xE1, 0x00, 0x07, 0x01, 0xE3, 0x00, 0x0A,
0x01, 0xE4, 0x00, 0x08, 0x01, 0xE5, 0x00, 0x03, 0x01, 0xE6, 0x00, 0x03, 0x01, 0xE8, 0xFF, 0xFE,
0x01, 0xE9, 0x00, 0x0A, 0x01, 0xEA, 0x00, 0x00, 0x01, 0xEB, 0x00, 0x0A, 0x01, 0xEC, 0x00, 0x0C,
0x01, 0xED, 0x00, 0x14, 0x01, 0xEE, 0x00, 0x0D, 0x01, 0xEF, 0x00, 0x0C, 0x01, 0xF0, 0xFF, 0xFE,
0x01, 0xF1, 0x00, 0x0A, 0x01, 0xF2, 0xFF, 0xFD, 0x02, 0x09, 0x00, 0x05, 0x02, 0x0F, 0xFF, 0xEC,
0x02, 0x27, 0xFF, 0xFD, 0x02, 0x2B, 0x00, 0x00, 0x00, 0x18, 0x00, 0x9F, 0xFF, 0xE0, 0x00, 0xA5,
0xFF, 0xEF, 0x01, 0x53, 0xFF, 0xF8, 0x01, 0x59, 0xFF, 0xF3, 0x01, 0xDF, 0x00, 0x08, 0x01, 0xE0,
0xFF, 0xFD, 0x01, 0xE3, 0x00, 0x03, 0x01, 0xE4, 0x00, 0x03, 0x01, 0xE5, 0x00, 0x03, 0x01, 0xE6,
0x00, 0x02, 0x01, 0xE7, 0x00, 0x03, 0x01, 0xE8, 0x00, 0x07, 0x01, 0xE9, 0xFF, 0xEF, 0x01, 0xEA,
0xFF, 0xFD, 0x01, 0xED, 0x00, 0x02, 0x01, 0xEE, 0xFF, 0xFD, 0x01, 0xEF, 0xFF, 0xFD, 0x01, 0xF0,
0xFF, 0xE9, 0x01, 0xF1, 0xFF, 0xFE, 0x01, 0xF2, 0xFF, 0xE5, 0x02, 0x09, 0x00, 0x00, 0x02, 0x0F,
0xFF, 0xC7, 0x02, 0x2B, 0xFF, 0xFB, 0x02, 0x2C, 0xFF, 0xEE, 0x00, 0x18, 0x00, 0x9F, 0xFF, 0xE0,
0x00, 0xA5, 0xFF, 0xEF, 0x01, 0x53, 0xFF, 0xF7, 0x01, 0x59, 0xFF, 0xF3, 0x01, 0xDF, 0x00, 0x08,
0x01, 0xE1, 0x00, 0x03, 0x01, 0xE3, 0x00, 0x03, 0x01, 0xE4, 0x00, 0x03, 0x01, 0xE5, 0x00, 0x03,
0x01, 0xE6, 0x00, 0x05, 0x01, 0xE7, 0x00, 0x07, 0x01, 0xE8, 0x00, 0x03, 0x01, 0xE9, 0xFF, 0xF9,
0x01, 0xEA, 0xFF, 0xFD, 0x01, 0xED, 0x00, 0x03, 0x01, 0xEE, 0xFF, 0xFE, 0x01, 0xEF, 0xFF, 0xFE,
0x01, 0xF0, 0xFF, 0xE9, 0x01, 0xF1, 0xFF, 0xFE, 0x01, 0xF2, 0xFF, 0xE9, 0x02, 0x09, 0x00, 0x00,
0x02, 0x0F, 0xFF, 0xCB, 0x02, 0x2B, 0xFF, 0xFB, 0x02, 0x2C, 0xFF, 0xEE, 0x00, 0x1B, 0x00, 0x9F,
0xFF, 0xE2, 0x00, 0xA5, 0x00, 0x00, 0x01, 0x53, 0xFF, 0xF7, 0x01, 0x59, 0x00, 0x00, 0x01, 0xE0,
0x00, 0x03, 0x01, 0xE1, 0x00, 0x11, 0x01, 0xE2, 0x00, 0x11, 0x01, 0xE3, 0x00, 0x11, 0x01, 0xE4,
0x00, 0x0A, 0x01, 0xE5, 0x00, 0x0A, 0x01, 0xE6, 0xFF, 0xFE, 0x01, 0xE7, 0x00, 0x08, 0x01, 0xE8,
0xFF, 0xFE, 0x01, 0xE9, 0xFF, 0xF9, 0x01, 0xEA, 0xFF, 0xEF, 0x01, 0xEB, 0xFF, 0xF3, 0x01, 0xEC,
0xFF, 0xFE, 0x01, 0xED, 0xFF, 0xFD, 0x01, 0xEE, 0xFF, 0xFB, 0x01, 0xEF, 0xFF, 0xF6, 0x01, 0xF0,
0xFF, 0xE5, 0x01, 0xF1, 0xFF, 0xFB, 0x01, 0xF2, 0xFF, 0xE5, 0x02, 0x09, 0x00, 0x14, 0x02, 0x11,
0x00, 0x21, 0x02, 0x2B, 0x00, 0x00, 0x02, 0x2C, 0xFF, 0xF6, 0x00, 0x1A, 0x00, 0x9F, 0xFF, 0xE2,
0x00, 0xA5, 0x00, 0x00, 0x01, 0x53, 0xFF, 0xF7, 0x01, 0x59, 0x00, 0x00, 0x01, 0xE0, 0x00, 0x03,
0x01, 0xE1, 0x00, 0x11, 0x01, 0xE2, 0x00, 0x11, 0x01, 0xE3, 0x00, 0x11, 0x01, 0xE4, 0x00, 0x0A,
0x01, 0xE5, 0x00, 0x0A, 0x01, 0xE6, 0xFF, 0xFE, 0x01, 0xE7, 0x00, 0x08, 0x01, 0xE8, 0xFF, 0xFE,
0x01, 0xE9, 0xFF, 0xF9, 0x01, 0xEA, 0xFF, 0xEF, 0x01, 0xEB, 0xFF, 0xF3, 0x01, 0xEC, 0xFF, 0xFE,
0x01, 0xED, 0xFF, 0xFD, 0x01, 0xEE, 0xFF, 0xFB, 0x01, 0xEF, 0xFF, 0xF6, 0x01, 0xF0, 0xFF, 0xE5,
0x01, 0xF1, 0xFF, 0xFB, 0x01, 0xF2, 0xFF, 0xE5, 0x02, 0x09, 0x00, 0x14, 0x02, 0x2B, 0x00, 0x00,
0x02, 0x2C, 0xFF, 0xF6, 0x00, 0x1E, 0x00, 0x9F, 0xFF, 0xFD, 0x00, 0xF5, 0x00, 0x14, 0x00, 0xF6,
0x00, 0x14, 0x00, 0xF7, 0x00, 0x17, 0x00, 0xFC, 0x00, 0x14, 0x00, 0xFE, 0x00, 0x14, 0x01, 0x02,
0x00, 0x14, 0x01, 0xE0, 0x00, 0x0D, 0x01, 0xE1, 0x00, 0x11, 0x01, 0xE2, 0x00, 0x11, 0x01, 0xE3,
0x00, 0x11, 0x01, 0xE4, 0x00, 0x0F, 0x01, 0xE5, 0x00, 0x0D, 0x01, 0xE6, 0xFF, 0xF9, 0x01, 0xE7,
0x00, 0x0A, 0x01, 0xE8, 0xFF, 0xF9, 0x01, 0xE9, 0x00, 0x02, 0x01, 0xEA, 0x00, 0x07, 0x01, 0xEB,
0x00, 0x02, 0x01, 0xEC, 0x00, 0x00, 0x01, 0xED, 0x00, 0x00, 0x01, 0xEE, 0x00, 0x05, 0x01, 0xEF,
0xFF, 0xFD, 0x01, 0xF0, 0x00, 0x0D, 0x01, 0xF1, 0x00, 0x02, 0x01, 0xF2, 0x00, 0x02, 0x02, 0x09,
0x00, 0x00, 0x02, 0x0F, 0x00, 0x0F, 0x02, 0x26, 0xFF, 0xEE, 0x02, 0x2B, 0x00, 0x0A, 0x00, 0x1C,
0x00, 0x18, 0xFF, 0xAE, 0x00, 0x19, 0xFF, 0xAE, 0x00, 0x9F, 0x00, 0x03, 0x00, 0xF5, 0x00, 0x1E,
0x00, 0xF6, 0x00, 0x1E, 0x00, 0xF7, 0x00, 0x25, 0x00, 0xFC, 0x00, 0x17, 0x00, 0xFE, 0x00, 0x25,
0x01, 0x2D, 0xFF, 0xD5, 0x01, 0x53, 0xFF, 0xE4, 0x01, 0x59, 0xFF, 0xE5, 0x01, 0xDF, 0xFF, 0xB3,
0x01, 0xE0, 0xFF, 0xB0, 0x01, 0xE1, 0xFF, 0xA9, 0x01, 0xE7, 0xFF, 0xB3, 0x01, 0xE8, 0xFF, 0xB3,
0x01, 0xEA, 0x00, 0x0D, 0x01, 0xEC, 0x00, 0x03, 0x01, 0xEE, 0x00, 0x00, 0x01, 0xEF, 0xFF, 0xF9,
0x01, 0xF0, 0x00, 0x11, 0x01, 0xF2, 0x00, 0x00, 0x02, 0x03, 0x00, 0x0A, 0x02, 0x09, 0xFF, 0xBA,
0x02, 0x0F, 0xFF, 0xBA, 0x02, 0x26, 0xFF, 0xD1, 0x02, 0x27, 0xFF, 0xD3, 0x02, 0x2B, 0x00, 0x03,
0x00, 0xD3, 0x00, 0x01, 0x00, 0x05, 0x00, 0x02, 0x00, 0x05, 0x00, 0x03, 0x00, 0x05, 0x00, 0x04,
0x00, 0x05, 0x00, 0x05, 0x00, 0x05, 0x00, 0x06, 0x00, 0x05, 0x00, 0x08, 0x00, 0x05, 0x00, 0x09,
0x00, 0x05, 0x00, 0x0A, 0x00, 0x05, 0x00, 0x0B, 0x00, 0x05, 0x00, 0x0C, 0x00, 0x05, 0x00, 0x0E,
0x00, 0x05, 0x00, 0x0F, 0x00, 0x05, 0x00, 0x10, 0x00, 0x05, 0x00, 0x11, 0x00, 0x05, 0x00, 0x13,
0x00, 0x05, 0x00, 0x14, 0x00, 0x05, 0x00, 0x15, 0x00, 0x05, 0x00, 0x16, 0x00, 0x05, 0x00, 0x17,
0x00, 0x05, 0x00, 0x18, 0x00, 0x05, 0x00, 0x19, 0x00, 0x05, 0x00, 0x1B, 0xFF, 0xEC, 0x00, 0x1C,
0xFF, 0xEC, 0x00, 0x1D, 0xFF, 0xEC, 0x00, 0x1E, 0xFF, 0xEC, 0x00, 0x1F, 0xFF, 0xEC, 0x00, 0x20,
0xFF, 0xEC, 0x00, 0x37, 0xFF, 0xEC, 0x00, 0x39, 0xFF, 0xEC, 0x00, 0x3A, 0xFF, 0xEC, 0x00, 0x3B,
0xFF, 0xEC, 0x00, 0x3C, 0xFF, 0xEC, 0x00, 0x3D, 0xFF, 0xEC, 0x00, 0x4E, 0xFF, 0xF3, 0x00, 0x4F,
0xFF, 0xF3, 0x00, 0x50, 0xFF, 0xF3, 0x00, 0x60, 0xFF, 0xEC, 0x00, 0x61, 0xFF, 0xEC, 0x00, 0x62,
0xFF, 0xEC, 0x00, 0x63, 0xFF, 0xEC, 0x00, 0x64, 0xFF, 0xEC, 0x00, 0x65, 0xFF, 0xEC, 0x00, 0x66,
0xFF, 0xEC, 0x00, 0x68, 0xFF, 0xEC, 0x00, 0x69, 0xFF, 0xEC, 0x00, 0x6A, 0xFF, 0xEC, 0x00, 0x6B,
0xFF, 0xEC, 0x00, 0x6D, 0xFF, 0xEC, 0x00, 0x6E, 0xFF, 0xEC, 0x00, 0x6F, 0xFF, 0xEC, 0x00, 0x70,
0xFF, 0xEC, 0x00, 0x72, 0xFF, 0xEC, 0x00, 0x73, 0xFF, 0xEC, 0x00, 0x74, 0xFF, 0xEC, 0x00, 0x75,
0xFF, 0xEC, 0x00, 0x76, 0xFF, 0xEC, 0x00, 0x77, 0xFF, 0xEC, 0x00, 0x78, 0xFF, 0xEC, 0x00, 0x7B,
0xFF, 0xEC, 0x00, 0xB2, 0xFF, 0xF8, 0x00, 0xB3, 0xFF, 0xF8, 0x00, 0xB4, 0xFF, 0xF8, 0x00, 0xB5,
0xFF, 0xF8, 0x00, 0xB6, 0xFF, 0xF8, 0x00, 0xB7, 0xFF, 0xF8, 0x00, 0xB9, 0xFF, 0xF8, 0x00, 0xBA,
0xFF, 0xF8, 0x00, 0xBB, 0xFF, 0xF8, 0x00, 0xBC, 0xFF, 0xF8, 0x00, 0xBD, 0xFF, 0xF8, 0x00, 0xBF,
0xFF, 0xF8, 0x00, 0xC0, 0xFF, 0xF8, 0x00, 0xC1, 0xFF, 0xF8, 0x00, 0xC2, 0xFF, 0xF8, 0x00, 0xC4,
0xFF, 0xF8, 0x00, 0xC5, 0xFF, 0xF8, 0x00, 0xC6, 0xFF, 0xF8, 0x00, 0xC7, 0xFF, 0xF8, 0x00, 0xC8,
0xFF, 0xF8, 0x00, 0xC9, 0xFF, 0xF8, 0x00, 0xCA, 0xFF, 0xF8, 0x00, 0xCC, 0xFF, 0xEF, 0x00, 0xCD,
0xFF, 0xEF, 0x00, 0xCE, 0xFF, 0xEF, 0x00, 0xCF, 0xFF, 0xEF, 0x00, 0xD0, 0xFF, 0xEF, 0x00, 0xD1,
0xFF, 0xEF, 0x00, 0xD2, 0xFF, 0xEF, 0x00, 0xD3, 0xFF, 0xEF, 0x00, 0xD4, 0xFF, 0xEF, 0x00, 0xD5,
0xFF, 0xEF, 0x00, 0xD6, 0xFF, 0xEF, 0x00, 0xD7, 0xFF, 0xEF, 0x00, 0xD8, 0xFF, 0xEF, 0x00, 0xD9,
0xFF, 0xEF, 0x00, 0xDA, 0xFF, 0xEF, 0x00, 0xDB, 0xFF, 0xEF, 0x00, 0xDC, 0xFF, 0xEF, 0x00, 0xDD,
0xFF, 0xEF, 0x00, 0xDF, 0xFF, 0xEF, 0x00, 0xE0, 0xFF, 0xEF, 0x00, 0xE1, 0xFF, 0xEF, 0x00, 0xE2,
0xFF, 0xEF, 0x00, 0xE3, 0xFF, 0xEF, 0x00, 0xE5, 0xFF, 0xEF, 0x00, 0xE6, 0xFF, 0xEF, 0x00, 0xE7,
0xFF, 0xEF, 0x00, 0xE8, 0xFF, 0xEF, 0x01, 0x14, 0xFF, 0xEF, 0x01, 0x15, 0xFF, 0xEF, 0x01, 0x16,
0xFF, 0xEF, 0x01, 0x17, 0xFF, 0xEF, 0x01, 0x18, 0xFF, 0xEF, 0x01, 0x19, 0xFF, 0xEF, 0x01, 0x1A,
0xFF, 0xEF, 0x01, 0x1C, 0xFF, 0xEF, 0x01, 0x1D, 0xFF, 0xEF, 0x01, 0x1E, 0xFF, 0xEF, 0x01, 0x1F,
0xFF, 0xEF, 0x01, 0x21, 0xFF, 0xEF, 0x01, 0x22, 0xFF, 0xEF, 0x01, 0x23, 0xFF, 0xEF, 0x01, 0x24,
0xFF, 0xEF, 0x01, 0x26, 0xFF, 0xEF, 0x01, 0x27, 0xFF, 0xEF, 0x01, 0x28, 0xFF, 0xEF, 0x01, 0x29,
0xFF, 0xEF, 0x01, 0x2A, 0xFF, 0xEF, 0x01, 0x2B, 0xFF, 0xEF, 0x01, 0x2C, 0xFF, 0xEF, 0x01, 0x2F,
0xFF, 0xEF, 0x01, 0x34, 0xFF, 0xF9, 0x01, 0x35, 0xFF, 0xF9, 0x01, 0x36, 0xFF, 0xF9, 0x01, 0x37,
0xFF, 0xF9, 0x01, 0x38, 0xFF, 0xF9, 0x01, 0x39, 0xFF, 0xF9, 0x01, 0x3B, 0xFF, 0xF3, 0x01, 0x3C,
0xFF, 0xF3, 0x01, 0x3D, 0xFF, 0xF3, 0x01, 0x3E, 0xFF, 0xF3, 0x01, 0x3F, 0xFF, 0xF3, 0x01, 0x40,
0xFF, 0xF3, 0x01, 0x41, 0xFF, 0xF3, 0x01, 0x42, 0xFF, 0xF3, 0x01, 0x43, 0xFF, 0xF3, 0x01, 0x44,
0xFF, 0xF3, 0x01, 0x45, 0xFF, 0xF3, 0x01, 0x46, 0xFF, 0xF3, 0x01, 0x48, 0xFF, 0xF3, 0x01, 0x49,
0xFF, 0xF3, 0x01, 0x4A, 0xFF, 0xF3, 0x01, 0x4B, 0xFF, 0xF3, 0x01, 0x4D, 0xFF, 0xF3, 0x01, 0x4E,
0xFF, 0xF3, 0x01, 0x4F, 0xFF, 0xF3, 0x01, 0x50, 0xFF, 0xF3, 0x01, 0x51, 0xFF, 0xF3, 0x01, 0x52,
0xFF, 0xF3, 0x01, 0x53, 0xFF, 0xF4, 0x01, 0x54, 0xFF, 0xEC, 0x01, 0x55, 0xFF, 0xEC, 0x01, 0x56,
0xFF, 0xEC, 0x01, 0x57, 0xFF, 0xEC, 0x01, 0x58, 0xFF, 0xEC, 0x01, 0x59, 0x00, 0x00, 0x01, 0x5A,
0xFF, 0xF6, 0x01, 0x5B, 0xFF, 0xF6, 0x01, 0x5C, 0xFF, 0xF6, 0x01, 0x5D, 0xFF, 0xF6, 0x01, 0x5E,
0xFF, 0xF6, 0x01, 0x5F, 0xFF, 0xF6, 0x01, 0x60, 0xFF, 0xF6, 0x01, 0x61, 0xFF, 0xF6, 0x01, 0xE2,
0x00, 0x03, 0x01, 0xE6, 0xFF, 0xEF, 0x01, 0xE7, 0xFF, 0xF9, 0x01, 0xE8, 0xFF, 0xE9, 0x01, 0xE9,
0xFF, 0xF9, 0x01, 0xEA, 0x00, 0x03, 0x01, 0xEB, 0xFF, 0xFD, 0x01, 0xEC, 0x00, 0x00, 0x01, 0xED,
0xFF, 0xE0, 0x01, 0xEE, 0x00, 0x03, 0x01, 0xF0, 0x00, 0x08, 0x01, 0xF2, 0xFF, 0xFD, 0x01, 0xF6,
0xFF, 0xF4, 0x01, 0xFC, 0x00, 0x0A, 0x01, 0xFD, 0x00, 0x0A, 0x01, 0xFE, 0xFF, 0xF4, 0x01, 0xFF,
0xFF, 0xF4, 0x02, 0x00, 0x00, 0x0A, 0x02, 0x03, 0x00, 0x03, 0x02, 0x0B, 0xFF, 0xDB, 0x02, 0x0C,
0xFF, 0xDB, 0x02, 0x0D, 0xFF, 0xDB, 0x02, 0x0E, 0xFF, 0xDB, 0x02, 0x0F, 0x00, 0x14, 0x02, 0x16,
0x00, 0x0A, 0x02, 0x17, 0x00, 0x0A, 0x02, 0x18, 0xFF, 0xF6, 0x02, 0x19, 0xFF, 0xFE, 0x02, 0x1A,
0xFF, 0xF6, 0x02, 0x1B, 0xFF, 0xFE, 0x02, 0x1C, 0xFF, 0xEC, 0x02, 0x1E, 0xFF, 0xEC, 0x02, 0x26,
0xFF, 0xE2, 0x02, 0x27, 0xFF, 0xEE, 0x02, 0x2B, 0x00, 0x00, 0x02, 0x2C, 0x00, 0x11, 0x00, 0x1D,
0x00, 0x18, 0xFF, 0xD0, 0x00, 0x19, 0xFF, 0xD0, 0x00, 0x9F, 0x00, 0x04, 0x01, 0x2D, 0xFF, 0xFB,
0x01, 0x59, 0xFF, 0xF6, 0x01, 0xE0, 0xFF, 0xDB, 0x01, 0xE1, 0xFF, 0xDB, 0x01, 0xE2, 0xFF, 0xDA,
0x01, 0xE3, 0xFF, 0xD8, 0x01, 0xE4, 0xFF, 0xDF, 0x01, 0xE6, 0xFF, 0xE4, 0x01, 0xE7, 0xFF, 0xDA,
0x01, 0xE8, 0xFF, 0xDB, 0x01, 0xE9, 0x00, 0x14, 0x01, 0xEA, 0x00, 0x14, 0x01, 0xEB, 0x00, 0x11,
0x01, 0xEC, 0x00, 0x11, 0x01, 0xED, 0x00, 0x07, 0x01, 0xEE, 0x00, 0x11, 0x01, 0xEF, 0x00, 0x08,
0x01, 0xF0, 0x00, 0x1B, 0x01, 0xF1, 0x00, 0x08, 0x01, 0xF2, 0x00, 0x0F, 0x02, 0x03, 0x00, 0x14,
0x02, 0x09, 0xFF, 0xE9, 0x02, 0x0F, 0xFF, 0xCE, 0x02, 0x26, 0xFF, 0xEC, 0x02, 0x27, 0xFF, 0xEE,
0x02, 0x2B, 0x00, 0x0F, 0x00, 0xFD, 0x00, 0x01, 0xFF, 0xD3, 0x00, 0x02, 0xFF, 0xD3, 0x00, 0x03,
0xFF, 0xD3, 0x00, 0x04, 0xFF, 0xD3, 0x00, 0x05, 0xFF, 0xD3, 0x00, 0x06, 0xFF, 0xD3, 0x00, 0x08,
0xFF, 0xD3, 0x00, 0x09, 0xFF, 0xD3, 0x00, 0x0A, 0xFF, 0xD3, 0x00, 0x0B, 0xFF, 0xD3, 0x00, 0x0C,
0xFF, 0xD3, 0x00, 0x0E, 0xFF, 0xD3, 0x00, 0x0F, 0xFF, 0xD3, 0x00, 0x10, 0xFF, 0xD3, 0x00, 0x11,
0xFF, 0xD3, 0x00, 0x13, 0xFF, 0xD3, 0x00, 0x14, 0xFF, 0xD3, 0x00, 0x15, 0xFF, 0xD3, 0x00, 0x16,
0xFF, 0xD3, 0x00, 0x17, 0xFF, 0xD3, 0x00, 0x18, 0xFF, 0xBC, 0x00, 0x19, 0xFF, 0xBC, 0x00, 0x1B,
0xFF, 0xEE, 0x00, 0x1C, 0xFF, 0xEE, 0x00, 0x1D, 0xFF, 0xEE, 0x00, 0x1E, 0xFF, 0xEE, 0x00, 0x1F,
0xFF, 0xEE, 0x00, 0x20, 0xFF, 0xEE, 0x00, 0x37, 0xFF, 0xEE, 0x00, 0x39, 0xFF, 0xEE, 0x00, 0x3A,
0xFF, 0xEE, 0x00, 0x3B, 0xFF, 0xEE, 0x00, 0x3C, 0xFF, 0xEE, 0x00, 0x3D, 0xFF, 0xEE, 0x00, 0x4E,
0xFF, 0xDD, 0x00, 0x4F, 0xFF, 0xDD, 0x00, 0x50, 0xFF, 0xDD, 0x00, 0x60, 0xFF, 0xEE, 0x00, 0x61,
0xFF, 0xEE, 0x00, 0x62, 0xFF, 0xEE, 0x00, 0x63, 0xFF, 0xEE, 0x00, 0x64, 0xFF, 0xEE, 0x00, 0x65,
0xFF, 0xEE, 0x00, 0x66, 0xFF, 0xEE, 0x00, 0x68, 0xFF, 0xEE, 0x00, 0x69, 0xFF, 0xEE, 0x00, 0x6A,
0xFF, 0xEE, 0x00, 0x6B, 0xFF, 0xEE, 0x00, 0x6D, 0xFF, 0xEE, 0x00, 0x6E, 0xFF, 0xEE, 0x00, 0x6F,
0xFF, 0xEE, 0x00, 0x70, 0xFF, 0xEE, 0x00, 0x72, 0xFF, 0xEE, 0x00, 0x73, 0xFF, 0xEE, 0x00, 0x74,
0xFF, 0xEE, 0x00, 0x75, 0xFF, 0xEE, 0x00, 0x76, 0xFF, 0xEE, 0x00, 0x77, 0xFF, 0xEE, 0x00, 0x78,
0xFF, 0xEE, 0x00, 0x7B, 0xFF, 0xEE, 0x00, 0x80, 0xFF, 0xEF, 0x00, 0x81, 0xFF, 0xEF, 0x00, 0x82,
0xFF, 0xEF, 0x00, 0x83, 0xFF, 0xEF, 0x00, 0x84, 0xFF, 0xEF, 0x00, 0x85, 0xFF, 0xEF, 0x00, 0x87,
0x00, 0x04, 0x00, 0x88, 0x00, 0x04, 0x00, 0x89, 0x00, 0x04, 0x00, 0x8A, 0x00, 0x04, 0x00, 0x8B,
0x00, 0x04, 0x00, 0x9F, 0x00, 0x05, 0x00, 0xA0, 0x00, 0x04, 0x00, 0xA1, 0x00, 0x04, 0x00, 0xA2,
0x00, 0x04, 0x00, 0xA3, 0x00, 0x04, 0x00, 0xA4, 0x00, 0x04, 0x00, 0xA6, 0x00, 0x03, 0x00, 0xA7,
0x00, 0x03, 0x00, 0xA8, 0x00, 0x03, 0x00, 0xA9, 0x00, 0x03, 0x00, 0xAA, 0x00, 0x03, 0x00, 0xAB,
0x00, 0x03, 0x00, 0xAC, 0x00, 0x03, 0x00, 0xAD, 0x00, 0x03, 0x00, 0xAE, 0xFF, 0xFE, 0x00, 0xAF,
0xFF, 0xFE, 0x00, 0xB0, 0xFF, 0xFE, 0x00, 0xB1, 0xFF, 0xFE, 0x00, 0xB2, 0xFF, 0xDF, 0x00, 0xB3,
0xFF, 0xDF, 0x00, 0xB4, 0xFF, 0xDF, 0x00, 0xB5, 0xFF, 0xDF, 0x00, 0xB6, 0xFF, 0xDF, 0x00, 0xB7,
0xFF, 0xDF, 0x00, 0xB9, 0xFF, 0xDF, 0x00, 0xBA, 0xFF, 0xDF, 0x00, 0xBB, 0xFF, 0xDF, 0x00, 0xBC,
0xFF, 0xDF, 0x00, 0xBD, 0xFF, 0xDF, 0x00, 0xBF, 0xFF, 0xDF, 0x00, 0xC0, 0xFF, 0xDF, 0x00, 0xC1,
0xFF, 0xDF, 0x00, 0xC2, 0xFF, 0xDF, 0x00, 0xC4, 0xFF, 0xDF, 0x00, 0xC5, 0xFF, 0xDF, 0x00, 0xC6,
0xFF, 0xDF, 0x00, 0xC7, 0xFF, 0xDF, 0x00, 0xC8, 0xFF, 0xDF, 0x00, 0xC9, 0xFF, 0xDF, 0x00, 0xCA,
0xFF, 0xDF, 0x00, 0xCC, 0xFF, 0xE0, 0x00, 0xCD, 0xFF, 0xE0, 0x00, 0xCE, 0xFF, 0xE0, 0x00, 0xCF,
0xFF, 0xE0, 0x00, 0xD0, 0xFF, 0xE0, 0x00, 0xD1, 0xFF, 0xE0, 0x00, 0xD2, 0xFF, 0xE0, 0x00, 0xD3,
0xFF, 0xE0, 0x00, 0xD4, 0xFF, 0xE0, 0x00, 0xD5, 0xFF, 0xE0, 0x00, 0xD6, 0xFF, 0xE0, 0x00, 0xD7,
0xFF, 0xE0, 0x00, 0xD8, 0xFF, 0xE0, 0x00, 0xD9, 0xFF, 0xE0, 0x00, 0xDA, 0xFF, 0xE0, 0x00, 0xDB,
0xFF, 0xE0, 0x00, 0xDC, 0xFF, 0xE0, 0x00, 0xDD, 0xFF, 0xE0, 0x00, 0xDF, 0xFF, 0xE0, 0x00, 0xE0,
0xFF, 0xE0, 0x00, 0xE1, 0xFF, 0xE0, 0x00, 0xE2, 0xFF, 0xE0, 0x00, 0xE3, 0xFF, 0xE0, 0x00, 0xE5,
0xFF, 0xE0, 0x00, 0xE6, 0xFF, 0xE0, 0x00, 0xE7, 0xFF, 0xE0, 0x00, 0xE8, 0xFF, 0xE0, 0x00, 0xEA,
0xFF, 0xD8, 0x00, 0xEB, 0xFF, 0xD8, 0x00, 0xEC, 0xFF, 0xD8, 0x00, 0xED, 0xFF, 0xD8, 0x00, 0xEE,
0xFF, 0xD8, 0x00, 0xF7, 0x00, 0x2B, 0x00, 0xFF, 0xFF, 0xFE, 0x01, 0x01, 0xFF, 0xFE, 0x01, 0x02,
0x00, 0x1C, 0x01, 0x05, 0xFF, 0xEF, 0x01, 0x0C, 0xFF, 0xEF, 0x01, 0x0D, 0xFF, 0xEF, 0x01, 0x0E,
0xFF, 0xEF, 0x01, 0x10, 0xFF, 0xEF, 0x01, 0x11, 0xFF, 0xEF, 0x01, 0x12, 0xFF, 0xEF, 0x01, 0x13,
0xFF, 0xEF, 0x01, 0x14, 0xFF, 0xE0, 0x01, 0x15, 0xFF, 0xE0, 0x01, 0x16, 0xFF, 0xE0, 0x01, 0x17,
0xFF, 0xE0, 0x01, 0x18, 0xFF, 0xE0, 0x01, 0x19, 0xFF, 0xE0, 0x01, 0x1A, 0xFF, 0xE0, 0x01, 0x1C,
0xFF, 0xE0, 0x01, 0x1D, 0xFF, 0xE0, 0x01, 0x1E, 0xFF, 0xE0, 0x01, 0x1F, 0xFF, 0xE0, 0x01, 0x21,
0xFF, 0xE0, 0x01, 0x22, 0xFF, 0xE0, 0x01, 0x23, 0xFF, 0xE0, 0x01, 0x24, 0xFF, 0xE0, 0x01, 0x26,
0xFF, 0xE0, 0x01, 0x27, 0xFF, 0xE0, 0x01, 0x28, 0xFF, 0xE0, 0x01, 0x29, 0xFF, 0xE0, 0x01, 0x2A,
0xFF, 0xE0, 0x01, 0x2B, 0xFF, 0xE0, 0x01, 0x2C, 0xFF, 0xE0, 0x01, 0x2D, 0xFF, 0xEF, 0x01, 0x2F,
0xFF, 0xE0, 0x01, 0x30, 0xFF, 0xEF, 0x01, 0x31, 0xFF, 0xEF, 0x01, 0x32, 0xFF, 0xEF, 0x01, 0x33,
0xFF, 0xEF, 0x01, 0x34, 0xFF, 0xEA, 0x01, 0x35, 0xFF, 0xEA, 0x01, 0x36, 0xFF, 0xEA, 0x01, 0x37,
0xFF, 0xEA, 0x01, 0x38, 0xFF, 0xEA, 0x01, 0x39, 0xFF, 0xEA, 0x01, 0x40, 0xFF, 0xEA, 0x01, 0x41,
0xFF, 0xEA, 0x01, 0x42, 0xFF, 0xEA, 0x01, 0x43, 0xFF, 0xEA, 0x01, 0x44, 0xFF, 0xEA, 0x01, 0x45,
0xFF, 0xEA, 0x01, 0x46, 0xFF, 0xEA, 0x01, 0x48, 0xFF, 0xEA, 0x01, 0x49, 0xFF, 0xEA, 0x01, 0x4A,
0xFF, 0xEA, 0x01, 0x4B, 0xFF, 0xEA, 0x01, 0x4D, 0xFF, 0xEA, 0x01, 0x4E, 0xFF, 0xEA, 0x01, 0x4F,
0xFF, 0xEA, 0x01, 0x50, 0xFF, 0xEA, 0x01, 0x51, 0xFF, 0xEA, 0x01, 0x52, 0xFF, 0xEA, 0x01, 0x5A,
0xFF, 0xF8, 0x01, 0x5B, 0xFF, 0xF8, 0x01, 0x5C, 0xFF, 0xF8, 0x01, 0x5D, 0xFF, 0xF8, 0x01, 0x5E,
0xFF, 0xF8, 0x01, 0x5F, 0xFF, 0xF8, 0x01, 0x60, 0xFF, 0xF8, 0x01, 0x61, 0xFF, 0xF8, 0x01, 0x62,
0xFF, 0xF4, 0x01, 0x63, 0xFF, 0xF4, 0x01, 0x64, 0xFF, 0xF4, 0x01, 0x65, 0xFF, 0xF4, 0x01, 0xDF,
0xFF, 0xCB, 0x01, 0xE1, 0xFF, 0xCB, 0x01, 0xE2, 0xFF, 0xC6, 0x01, 0xE3, 0xFF, 0xB8, 0x01, 0xE4,
0xFF, 0xC7, 0x01, 0xE5, 0xFF, 0xCB, 0x01, 0xE6, 0xFF, 0xD5, 0x01, 0xE7, 0xFF, 0xBD, 0x01, 0xE8,
0xFF, 0xC4, 0x01, 0xE9, 0x00, 0x11, 0x01, 0xEA, 0x00, 0x11, 0x01, 0xEB, 0x00, 0x0D, 0x01, 0xEC,
0x00, 0x11, 0x01, 0xED, 0x00, 0x00, 0x01, 0xEE, 0x00, 0x11, 0x01, 0xEF, 0x00, 0x00, 0x01, 0xF6,
0xFF, 0xE9, 0x01, 0xFE, 0xFF, 0xE9, 0x01, 0xFF, 0xFF, 0xE9, 0x02, 0x03, 0x00, 0x0F, 0x02, 0x07,
0x00, 0x0A, 0x02, 0x09, 0xFF, 0xC9, 0x02, 0x0F, 0xFF, 0xB7, 0x02, 0x18, 0x00, 0x0D, 0x02, 0x19,
0x00, 0x12, 0x02, 0x1A, 0x00, 0x0D, 0x02, 0x1B, 0x00, 0x12, 0x02, 0x1C, 0xFF, 0xF1, 0x02, 0x1D,
0xFF, 0xF3, 0x02, 0x1E, 0xFF, 0xF1, 0x02, 0x1F, 0xFF, 0xF3, 0x02, 0x20, 0x00, 0x0A, 0x02, 0x21,
0x00, 0x0A, 0x02, 0x27, 0xFF, 0xE0, 0x02, 0x2C, 0x00, 0x28, 0x00, 0x14, 0x00, 0x18, 0xFF, 0xE6,
0x00, 0x19, 0xFF, 0xE6, 0x01, 0xDF, 0xFF, 0xF8, 0x01, 0xE0, 0xFF, 0xF4, 0x01, 0xE1, 0xFF, 0xF9,
0x01, 0xE2, 0xFF, 0xF9, 0x01, 0xE3, 0xFF, 0xFD, 0x01, 0xE6, 0xFF, 0xF9, 0x01, 0xE7, 0xFF, 0xFD,
0x01, 0xE8, 0xFF, 0xFD, 0x01, 0xE9, 0x00, 0x0C, 0x01, 0xEA, 0x00, 0x03, 0x01, 0xEE, 0x00, 0x07,
0x01, 0xF1, 0x00, 0x08, 0x01, 0xF2, 0x00, 0x08, 0x02, 0x09, 0xFF, 0xE5, 0x02, 0x0F, 0xFF, 0xC7,
0x02, 0x11, 0x00, 0x25, 0x02, 0x27, 0xFF, 0xFE, 0x02, 0x2C, 0x00, 0x25, 0x00, 0x1B, 0x00, 0x18,
0xFF, 0xAE, 0x00, 0x19, 0xFF, 0xAE, 0x00, 0x9F, 0x00, 0x04, 0x00, 0xF7, 0x00, 0x2B, 0x01, 0x53,
0xFF, 0xE0, 0x01, 0x59, 0xFF, 0xD3, 0x01, 0xE0, 0xFF, 0xC1, 0x01, 0xE1, 0xFF, 0xC7, 0x01, 0xE2,
0xFF, 0xC7, 0x01, 0xE4, 0xFF, 0xCB, 0x01, 0xE5, 0xFF, 0xC1, 0x01, 0xE7, 0xFF, 0xC1, 0x01, 0xE8,
0xFF, 0xC1, 0x01, 0xE9, 0x00, 0x0D, 0x01, 0xEA, 0x00, 0x11, 0x01, 0xEB, 0x00, 0x0A, 0x01, 0xEC,
0x00, 0x0D, 0x01, 0xED, 0xFF, 0xEF, 0x01, 0xEE, 0x00, 0x14, 0x01, 0xF0, 0x00, 0x1E, 0x01, 0xF1,
0x00, 0x0A, 0x01, 0xF2, 0x00, 0x12, 0x02, 0x03, 0x00, 0x00, 0x02, 0x09, 0xFF, 0xB0, 0x02, 0x0F,
0xFF, 0xB0, 0x02, 0x26, 0xFF, 0xDB, 0x02, 0x27, 0xFF, 0xE5, 0x00, 0xC1, 0x00, 0x1B, 0x00, 0x03,
0x00, 0x1C, 0x00, 0x03, 0x00, 0x1D, 0x00, 0x03, 0x00, 0x1E, 0x00, 0x03, 0x00, 0x1F, 0x00, 0x03,
0x00, 0x20, 0x00, 0x03, 0x00, 0x37, 0x00, 0x03, 0x00, 0x39, 0x00, 0x03, 0x00, 0x3A, 0x00, 0x03,
0x00, 0x3B, 0x00, 0x03, 0x00, 0x3C, 0x00, 0x03, 0x00, 0x3D, 0x00, 0x03, 0x00, 0x60, 0x00, 0x03,
0x00, 0x61, 0x00, 0x03, 0x00, 0x62, 0x00, 0x03, 0x00, 0x63, 0x00, 0x03, 0x00, 0x64, 0x00, 0x03,
0x00, 0x65, 0x00, 0x03, 0x00, 0x66, 0x00, 0x03, 0x00, 0x68, 0x00, 0x03, 0x00, 0x69, 0x00, 0x03,
0x00, 0x6A, 0x00, 0x03, 0x00, 0x6B, 0x00, 0x03, 0x00, 0x6D, 0x00, 0x03, 0x00, 0x6E, 0x00, 0x03,
0x00, 0x6F, 0x00, 0x03, 0x00, 0x70, 0x00, 0x03, 0x00, 0x72, 0x00, 0x03, 0x00, 0x73, 0x00, 0x03,
0x00, 0x74, 0x00, 0x03, 0x00, 0x75, 0x00, 0x03, 0x00, 0x76, 0x00, 0x03, 0x00, 0x77, 0x00, 0x03,
0x00, 0x78, 0x00, 0x03, 0x00, 0x7B, 0x00, 0x03, 0x00, 0x80, 0xFF, 0xFB, 0x00, 0x81, 0xFF, 0xFB,
0x00, 0x82, 0xFF, 0xFB, 0x00, 0x83, 0xFF, 0xFB, 0x00, 0x84, 0xFF, 0xFB, 0x00, 0x85, 0xFF, 0xFB,
0x00, 0x87, 0xFF, 0xF9, 0x00, 0x88, 0xFF, 0xF9, 0x00, 0x89, 0xFF, 0xF9, 0x00, 0x8A, 0xFF, 0xF9,
0x00, 0x8B, 0xFF, 0xF9, 0x00, 0x9F, 0xFF, 0xFB, 0x00, 0xA0, 0xFF, 0xFD, 0x00, 0xA1, 0xFF, 0xFD,
0x00, 0xA2, 0xFF, 0xFD, 0x00, 0xA3, 0xFF, 0xFD, 0x00, 0xA4, 0xFF, 0xFD, 0x00, 0xA5, 0xFF, 0xFD,
0x00, 0xA6, 0xFF, 0xFB, 0x00, 0xA7, 0xFF, 0xFB, 0x00, 0xA8, 0xFF, 0xFB, 0x00, 0xA9, 0xFF, 0xFB,
0x00, 0xAA, 0xFF, 0xFB, 0x00, 0xAB, 0xFF, 0xFB, 0x00, 0xAC, 0xFF, 0xFB, 0x00, 0xAD, 0xFF, 0xFB,
0x00, 0xAE, 0x00, 0x00, 0x00, 0xAF, 0x00, 0x00, 0x00, 0xB0, 0x00, 0x00, 0x00, 0xB1, 0x00, 0x00,
0x00, 0xB2, 0x00, 0x02, 0x00, 0xB3, 0x00, 0x02, 0x00, 0xB4, 0x00, 0x02, 0x00, 0xB5, 0x00, 0x02,
0x00, 0xB6, 0x00, 0x02, 0x00, 0xB7, 0x00, 0x02, 0x00, 0xB9, 0x00, 0x02, 0x00, 0xBA, 0x00, 0x02,
0x00, 0xBB, 0x00, 0x02, 0x00, 0xBC, 0x00, 0x02, 0x00, 0xBD, 0x00, 0x02, 0x00, 0xBF, 0x00, 0x02,
0x00, 0xC0, 0x00, 0x02, 0x00, 0xC1, 0x00, 0x02, 0x00, 0xC2, 0x00, 0x02, 0x00, 0xC4, 0x00, 0x02,
0x00, 0xC5, 0x00, 0x02, 0x00, 0xC6, 0x00, 0x02, 0x00, 0xC7, 0x00, 0x02, 0x00, 0xC8, 0x00, 0x02,
0x00, 0xC9, 0x00, 0x02, 0x00, 0xCA, 0x00, 0x02, 0x00, 0xCC, 0x00, 0x02, 0x00, 0xCD, 0x00, 0x02,
0x00, 0xCE, 0x00, 0x02, 0x00, 0xCF, 0x00, 0x02, 0x00, 0xD0, 0x00, 0x02, 0x00, 0xD1, 0x00, 0x02,
0x00, 0xD2, 0x00, 0x02, 0x00, 0xD3, 0x00, 0x02, 0x00, 0xD4, 0x00, 0x02, 0x00, 0xD5, 0x00, 0x02,
0x00, 0xD6, 0x00, 0x02, 0x00, 0xD7, 0x00, 0x02, 0x00, 0xD8, 0x00, 0x02, 0x00, 0xD9, 0x00, 0x02,
0x00, 0xDA, 0x00, 0x02, 0x00, 0xDB, 0x00, 0x02, 0x00, 0xDC, 0x00, 0x02, 0x00, 0xDD, 0x00, 0x02,
0x00, 0xDF, 0x00, 0x02, 0x00, 0xE0, 0x00, 0x02, 0x00, 0xE1, 0x00, 0x02, 0x00, 0xE2, 0x00, 0x02,
0x00, 0xE3, 0x00, 0x02, 0x00, 0xE5, 0x00, 0x02, 0x00, 0xE6, 0x00, 0x02, 0x00, 0xE7, 0x00, 0x02,
0x00, 0xE8, 0x00, 0x02, 0x01, 0x14, 0x00, 0x02, 0x01, 0x15, 0x00, 0x02, 0x01, 0x16, 0x00, 0x02,
0x01, 0x17, 0x00, 0x02, 0x01, 0x18, 0x00, 0x02, 0x01, 0x19, 0x00, 0x02, 0x01, 0x1A, 0x00, 0x02,
0x01, 0x1C, 0x00, 0x02, 0x01, 0x1D, 0x00, 0x02, 0x01, 0x1E, 0x00, 0x02, 0x01, 0x1F, 0x00, 0x02,
0x01, 0x21, 0x00, 0x02, 0x01, 0x22, 0x00, 0x02, 0x01, 0x23, 0x00, 0x02, 0x01, 0x24, 0x00, 0x02,
0x01, 0x26, 0x00, 0x02, 0x01, 0x27, 0x00, 0x02, 0x01, 0x28, 0x00, 0x02, 0x01, 0x29, 0x00, 0x02,
0x01, 0x2A, 0x00, 0x02, 0x01, 0x2B, 0x00, 0x02, 0x01, 0x2C, 0x00, 0x02, 0x01, 0x2F, 0x00, 0x02,
0x01, 0x53, 0xFF, 0xF9, 0x01, 0x54, 0xFF, 0xF9, 0x01, 0x55, 0xFF, 0xF9, 0x01, 0x56, 0xFF, 0xF9,
0x01, 0x57, 0xFF, 0xF9, 0x01, 0x58, 0xFF, 0xF9, 0x01, 0x59, 0xFF, 0xF4, 0x01, 0x5A, 0xFF, 0xF9,
0x01, 0x5B, 0xFF, 0xF9, 0x01, 0x5C, 0xFF, 0xF9, 0x01, 0x5D, 0xFF, 0xF9, 0x01, 0x5E, 0xFF, 0xF9,
0x01, 0x5F, 0xFF, 0xF9, 0x01, 0x60, 0xFF, 0xF9, 0x01, 0x61, 0xFF, 0xF9, 0x01, 0x69, 0xFF, 0xE7,
0x01, 0x6A, 0xFF, 0xEA, 0x01, 0xDF, 0x00, 0x0A, 0x01, 0xE0, 0x00, 0x03, 0x01, 0xE1, 0x00, 0x07,
0x01, 0xE2, 0x00, 0x07, 0x01, 0xE3, 0x00, 0x07, 0x01, 0xE4, 0x00, 0x07, 0x01, 0xE5, 0x00, 0x07,
0x01, 0xE6, 0x00, 0x0A, 0x01, 0xE7, 0x00, 0x07, 0x01, 0xE8, 0x00, 0x07, 0x01, 0xEA, 0xFF, 0xF4,
0x01, 0xEB, 0xFF, 0xF3, 0x01, 0xEC, 0xFF, 0xF4, 0x01, 0xED, 0xFF, 0xEC, 0x01, 0xEE, 0xFF, 0xF3,
0x01, 0xF0, 0xFF, 0xF6, 0x01, 0xF1, 0xFF, 0xEE, 0x01, 0xF2, 0xFF, 0xEE, 0x01, 0xFC, 0x00, 0x00,
0x01, 0xFD, 0x00, 0x00, 0x02, 0x00, 0x00, 0x00, 0x02, 0x03, 0xFF, 0xF3, 0x02, 0x07, 0xFF, 0xEF,
0x02, 0x09, 0xFF, 0xF1, 0x02, 0x0B, 0x00, 0x0D, 0x02, 0x0C, 0x00, 0x0D, 0x02, 0x0D, 0x00, 0x0D,
0x02, 0x0E, 0x00, 0x0D, 0x02, 0x0F, 0xFF, 0xC7, 0x02, 0x16, 0x00, 0x00, 0x02, 0x17, 0x00, 0x00,
0x02, 0x19, 0xFF, 0xF3, 0x02, 0x1B, 0xFF, 0xF3, 0x02, 0x1C, 0x00, 0x1B, 0x02, 0x1E, 0x00, 0x1B,
0x02, 0x20, 0xFF, 0xEF, 0x02, 0x21, 0xFF, 0xEF, 0x02, 0x27, 0xFF, 0xF9, 0x02, 0x2B, 0xFF, 0xE9,
0x00, 0x19, 0x00, 0x9F, 0xFF, 0xFA, 0x01, 0xDF, 0x00, 0x02, 0x01, 0xE0, 0x00, 0x00, 0x01, 0xE1,
0x00, 0x00, 0x01, 0xE2, 0x00, 0x00, 0x01, 0xE3, 0x00, 0x00, 0x01, 0xE4, 0x00, 0x00, 0x01, 0xE5,
0x00, 0x00, 0x01, 0xE6, 0x00, 0x00, 0x01, 0xE7, 0x00, 0x00, 0x01, 0xE8, 0x00, 0x00, 0x01, 0xE9,
0xFF, 0xFD, 0x01, 0xEA, 0xFF, 0xF9, 0x01, 0xEB, 0xFF, 0xF9, 0x01, 0xEC, 0xFF, 0xF8, 0x01, 0xED,
0xFF, 0xF3, 0x01, 0xEE, 0xFF, 0xFD, 0x01, 0xF0, 0xFF, 0xFD, 0x01, 0xF1, 0xFF, 0xFD, 0x01, 0xF2,
0xFF, 0xF9, 0x02, 0x09, 0xFF, 0xEE, 0x02, 0x0F, 0xFF, 0xD1, 0x02, 0x26, 0xFF, 0xFD, 0x02, 0x27,
0xFF, 0xFD, 0x02, 0x2B, 0xFF, 0xFB, 0x00, 0x14, 0x00, 0x9F, 0xFF, 0xE5, 0x01, 0xDF, 0xFF, 0xF8,
0x01, 0xE2, 0xFF, 0xFD, 0x01, 0xE3, 0xFF, 0xFD, 0x01, 0xE4, 0xFF, 0xF9, 0x01, 0xE5, 0xFF, 0xF1,
0x01, 0xE6, 0xFF, 0xE9, 0x01, 0xE7, 0xFF, 0xF6, 0x01, 0xE8, 0xFF, 0xE9, 0x01, 0xE9, 0xFF, 0xF9,
0x01, 0xEA, 0xFF, 0xF3, 0x01, 0xEB, 0xFF, 0xF9, 0x01, 0xEF, 0xFF, 0xFD, 0x01, 0xF0, 0xFF, 0xEF,
0x01, 0xF1, 0xFF, 0xFD, 0x02, 0x09, 0xFF, 0xF3, 0x02, 0x0F, 0x00, 0x00, 0x02, 0x26, 0xFF, 0xEC,
0x02, 0x27, 0xFF, 0xE7, 0x02, 0x2C, 0xFF, 0xF3, 0x00, 0xD0, 0x00, 0x01, 0xFF, 0xEA, 0x00, 0x02,
0xFF, 0xEA, 0x00, 0x03, 0xFF, 0xEA, 0x00, 0x04, 0xFF, 0xEA, 0x00, 0x05, 0xFF, 0xEA, 0x00, 0x06,
0xFF, 0xEA, 0x00, 0x08, 0xFF, 0xEA, 0x00, 0x09, 0xFF, 0xEA, 0x00, 0x0A, 0xFF, 0xEA, 0x00, 0x0B,
0xFF, 0xEA, 0x00, 0x0C, 0xFF, 0xEA, 0x00, 0x0E, 0xFF, 0xEA, 0x00, 0x0F, 0xFF, 0xEA, 0x00, 0x10,
0xFF, 0xEA, 0x00, 0x11, 0xFF, 0xEA, 0x00, 0x13, 0xFF, 0xEA, 0x00, 0x14, 0xFF, 0xEA, 0x00, 0x15,
0xFF, 0xEA, 0x00, 0x16, 0xFF, 0xEA, 0x00, 0x17, 0xFF, 0xEA, 0x00, 0x18, 0xFF, 0xD5, 0x00, 0x19,
0xFF, 0xD5, 0x00, 0x4E, 0xFF, 0xDA, 0x00, 0x4F, 0xFF, 0xDA, 0x00, 0x50, 0xFF, 0xDA, 0x00, 0x9F,
0xFF, 0xE6, 0x00, 0xA0, 0xFF, 0xFA, 0x00, 0xA1, 0xFF, 0xFA, 0x00, 0xA2, 0xFF, 0xFA, 0x00, 0xA3,
0xFF, 0xFA, 0x00, 0xA4, 0xFF, 0xFA, 0x00, 0xA5, 0xFF, 0xDB, 0x00, 0xA6, 0xFF, 0xDE, 0x00, 0xA7,
0xFF, 0xDE, 0x00, 0xA8, 0xFF, 0xDE, 0x00, 0xA9, 0xFF, 0xDE, 0x00, 0xAA, 0xFF, 0xDE, 0x00, 0xAB,
0xFF, 0xDE, 0x00, 0xAC, 0xFF, 0xDE, 0x00, 0xAD, 0xFF, 0xDE, 0x00, 0xB2, 0x00, 0x00, 0x00, 0xB3,
0x00, 0x00, 0x00, 0xB4, 0x00, 0x00, 0x00, 0xB5, 0x00, 0x00, 0x00, 0xB6, 0x00, 0x00, 0x00, 0xB7,
0x00, 0x00, 0x00, 0xB9, 0x00, 0x00, 0x00, 0xBA, 0x00, 0x00, 0x00, 0xBB, 0x00, 0x00, 0x00, 0xBC,
0x00, 0x00, 0x00, 0xBD, 0x00, 0x00, 0x00, 0xBF, 0x00, 0x00, 0x00, 0xC0, 0x00, 0x00, 0x00, 0xC1,
0x00, 0x00, 0x00, 0xC2, 0x00, 0x00, 0x00, 0xC4, 0x00, 0x00, 0x00, 0xC5, 0x00, 0x00, 0x00, 0xC6,
0x00, 0x00, 0x00, 0xC7, 0x00, 0x00, 0x00, 0xC8, 0x00, 0x00, 0x00, 0xC9, 0x00, 0x00, 0x00, 0xCA,
0x00, 0x00, 0x00, 0xCC, 0x00, 0x0D, 0x00, 0xCD, 0x00, 0x0D, 0x00, 0xCE, 0x00, 0x0D, 0x00, 0xCF,
0x00, 0x0D, 0x00, 0xD0, 0x00, 0x0D, 0x00, 0xD1, 0x00, 0x0D, 0x00, 0xD2, 0x00, 0x0D, 0x00, 0xD3,
0x00, 0x0D, 0x00, 0xD4, 0x00, 0x0D, 0x00, 0xD5, 0x00, 0x0D, 0x00, 0xD6, 0x00, 0x0D, 0x00, 0xD7,
0x00, 0x0D, 0x00, 0xD8, 0x00, 0x0D, 0x00, 0xD9, 0x00, 0x0D, 0x00, 0xDA, 0x00, 0x0D, 0x00, 0xDB,
0x00, 0x0D, 0x00, 0xDC, 0x00, 0x0D, 0x00, 0xDD, 0x00, 0x0D, 0x00, 0xDF, 0x00, 0x0D, 0x00, 0xE0,
0x00, 0x0D, 0x00, 0xE1, 0x00, 0x0D, 0x00, 0xE2, 0x00, 0x0D, 0x00, 0xE3, 0x00, 0x0D, 0x00, 0xE5,
0x00, 0x0D, 0x00, 0xE6, 0x00, 0x0D, 0x00, 0xE7, 0x00, 0x0D, 0x00, 0xE8, 0x00, 0x0D, 0x01, 0x05,
0x00, 0x00, 0x01, 0x0C, 0x00, 0x00, 0x01, 0x0D, 0x00, 0x00, 0x01, 0x0E, 0x00, 0x00, 0x01, 0x10,
0x00, 0x00, 0x01, 0x11, 0x00, 0x00, 0x01, 0x12, 0x00, 0x00, 0x01, 0x13, 0x00, 0x00, 0x01, 0x14,
0x00, 0x0D, 0x01, 0x15, 0x00, 0x0D, 0x01, 0x16, 0x00, 0x0D, 0x01, 0x17, 0x00, 0x0D, 0x01, 0x18,
0x00, 0x0D, 0x01, 0x19, 0x00, 0x0D, 0x01, 0x1A, 0x00, 0x0D, 0x01, 0x1C, 0x00, 0x0D, 0x01, 0x1D,
0x00, 0x0D, 0x01, 0x1E, 0x00, 0x0D, 0x01, 0x1F, 0x00, 0x0D, 0x01, 0x21, 0x00, 0x0D, 0x01, 0x22,
0x00, 0x0D, 0x01, 0x23, 0x00, 0x0D, 0x01, 0x24, 0x00, 0x0D, 0x01, 0x26, 0x00, 0x0D, 0x01, 0x27,
0x00, 0x0D, 0x01, 0x28, 0x00, 0x0D, 0x01, 0x29, 0x00, 0x0D, 0x01, 0x2A, 0x00, 0x0D, 0x01, 0x2B,
0x00, 0x0D, 0x01, 0x2C, 0x00, 0x0D, 0x01, 0x2D, 0x00, 0x00, 0x01, 0x2F, 0x00, 0x0D, 0x01, 0x30,
0x00, 0x00, 0x01, 0x31, 0x00, 0x00, 0x01, 0x32, 0x00, 0x00, 0x01, 0x33, 0x00, 0x00, 0x01, 0x34,
0x00, 0x08, 0x01, 0x35, 0x00, 0x08, 0x01, 0x36, 0x00, 0x08, 0x01, 0x37, 0x00, 0x08, 0x01, 0x38,
0x00, 0x08, 0x01, 0x39, 0x00, 0x08, 0x01, 0x40, 0x00, 0x00, 0x01, 0x41, 0x00, 0x00, 0x01, 0x42,
0x00, 0x00, 0x01, 0x43, 0x00, 0x00, 0x01, 0x44, 0x00, 0x00, 0x01, 0x45, 0x00, 0x00, 0x01, 0x46,
0x00, 0x00, 0x01, 0x48, 0x00, 0x00, 0x01, 0x49, 0x00, 0x00, 0x01, 0x4A, 0x00, 0x00, 0x01, 0x4B,
0x00, 0x00, 0x01, 0x4D, 0x00, 0x00, 0x01, 0x4E, 0x00, 0x00, 0x01, 0x4F, 0x00, 0x00, 0x01, 0x50,
0x00, 0x00, 0x01, 0x51, 0x00, 0x00, 0x01, 0x52, 0x00, 0x00, 0x01, 0x53, 0x00, 0x08, 0x01, 0x54,
0x00, 0x09, 0x01, 0x55, 0x00, 0x09, 0x01, 0x56, 0x00, 0x09, 0x01, 0x57, 0x00, 0x09, 0x01, 0x58,
0x00, 0x09, 0x01, 0x59, 0xFF, 0xF8, 0x01, 0x5A, 0x00, 0x09, 0x01, 0x5B, 0x00, 0x09, 0x01, 0x5C,
0x00, 0x09, 0x01, 0x5D, 0x00, 0x09, 0x01, 0x5E, 0x00, 0x09, 0x01, 0x5F, 0x00, 0x09, 0x01, 0x60,
0x00, 0x09, 0x01, 0x61, 0x00, 0x09, 0x01, 0x62, 0x00, 0x00, 0x01, 0x63, 0x00, 0x00, 0x01, 0x64,
0x00, 0x00, 0x01, 0x65, 0x00, 0x00, 0x01, 0xDF, 0x00, 0x00, 0x01, 0xE0, 0x00, 0x00, 0x01, 0xE1,
0xFF, 0xFD, 0x01, 0xE2, 0x00, 0x02, 0x01, 0xE3, 0xFF, 0xEF, 0x01, 0xE4, 0x00, 0x00, 0x01, 0xE5,
0xFF, 0xF3, 0x01, 0xE6, 0x00, 0x0A, 0x01, 0xE7, 0xFF, 0xFE, 0x01, 0xE8, 0x00, 0x00, 0x01, 0xE9,
0x00, 0x07, 0x01, 0xEA, 0x00, 0x00, 0x01, 0xEB, 0x00, 0x07, 0x01, 0xEC, 0x00, 0x00, 0x01, 0xED,
0x00, 0x0A, 0x01, 0xEE, 0x00, 0x00, 0x01, 0xEF, 0x00, 0x00, 0x01, 0xF0, 0xFF, 0xEA, 0x01, 0xF1,
0x00, 0x05, 0x01, 0xF2, 0xFF, 0xF3, 0x01, 0xFC, 0xFF, 0xD3, 0x01, 0xFD, 0xFF, 0xD3, 0x02, 0x00,
0xFF, 0xD3, 0x02, 0x07, 0xFF, 0xFD, 0x02, 0x09, 0xFF, 0xD3, 0x02, 0x0F, 0xFF, 0x7B, 0x02, 0x16,
0xFF, 0xD3, 0x02, 0x17, 0xFF, 0xD3, 0x02, 0x18, 0x00, 0x00, 0x02, 0x19, 0x00, 0x00, 0x02, 0x1A,
0x00, 0x00, 0x02, 0x1B, 0x00, 0x00, 0x02, 0x1C, 0x00, 0x1E, 0x02, 0x1D, 0x00, 0x03, 0x02, 0x1E,
0x00, 0x1E, 0x02, 0x1F, 0x00, 0x03, 0x02, 0x20, 0xFF, 0xFD, 0x02, 0x21, 0xFF, 0xFD, 0x02, 0x26,
0x00, 0x0A, 0x02, 0x27, 0x00, 0x00, 0x02, 0x2B, 0x00, 0x00, 0x00, 0xC4, 0x00, 0x01, 0xFF, 0xCA,
0x00, 0x02, 0xFF, 0xCA, 0x00, 0x03, 0xFF, 0xCA, 0x00, 0x04, 0xFF, 0xCA, 0x00, 0x05, 0xFF, 0xCA,
0x00, 0x06, 0xFF, 0xCA, 0x00, 0x08, 0xFF, 0xCA, 0x00, 0x09, 0xFF, 0xCA, 0x00, 0x0A, 0xFF, 0xCA,
0x00, 0x0B, 0xFF, 0xCA, 0x00, 0x0C, 0xFF, 0xCA, 0x00, 0x0E, 0xFF, 0xCA, 0x00, 0x0F, 0xFF, 0xCA,
0x00, 0x10, 0xFF, 0xCA, 0x00, 0x11, 0xFF, 0xCA, 0x00, 0x13, 0xFF, 0xCA, 0x00, 0x14, 0xFF, 0xCA,
0x00, 0x15, 0xFF, 0xCA, 0x00, 0x16, 0xFF, 0xCA, 0x00, 0x17, 0xFF, 0xCA, 0x00, 0x18, 0xFF, 0xAE,
0x00, 0x19, 0xFF, 0xAE, 0x00, 0x4E, 0xFF, 0xCE, 0x00, 0x4F, 0xFF, 0xCE, 0x00, 0x50, 0xFF, 0xCE,
0x00, 0x80, 0xFF, 0xFD, 0x00, 0x81, 0xFF, 0xFD, 0x00, 0x82, 0xFF, 0xFD, 0x00, 0x83, 0xFF, 0xFD,
0x00, 0x84, 0xFF, 0xFD, 0x00, 0x85, 0xFF, 0xFD, 0x00, 0x9F, 0xFF, 0xFE, 0x00, 0xA0, 0x00, 0x00,
0x00, 0xA1, 0x00, 0x00, 0x00, 0xA2, 0x00, 0x00, 0x00, 0xA3, 0x00, 0x00, 0x00, 0xA4, 0x00, 0x00,
0x00, 0xA5, 0xFF, 0xEA, 0x00, 0xA6, 0xFF, 0xF8, 0x00, 0xA7, 0xFF, 0xF8, 0x00, 0xA8, 0xFF, 0xF8,
0x00, 0xA9, 0xFF, 0xF8, 0x00, 0xAA, 0xFF, 0xF8, 0x00, 0xAB, 0xFF, 0xF8, 0x00, 0xAC, 0xFF, 0xF8,
0x00, 0xAD, 0xFF, 0xF8, 0x00, 0xAE, 0xFF, 0xE7, 0x00, 0xAF, 0xFF, 0xE7, 0x00, 0xB0, 0xFF, 0xE7,
0x00, 0xB1, 0xFF, 0xE7, 0x00, 0xB2, 0xFF, 0xF4, 0x00, 0xB3, 0xFF, 0xF4, 0x00, 0xB4, 0xFF, 0xF4,
0x00, 0xB5, 0xFF, 0xF4, 0x00, 0xB6, 0xFF, 0xF4, 0x00, 0xB7, 0xFF, 0xF4, 0x00, 0xB9, 0xFF, 0xF4,
0x00, 0xBA, 0xFF, 0xF4, 0x00, 0xBB, 0xFF, 0xF4, 0x00, 0xBC, 0xFF, 0xF4, 0x00, 0xBD, 0xFF, 0xF4,
0x00, 0xBF, 0xFF, 0xF4, 0x00, 0xC0, 0xFF, 0xF4, 0x00, 0xC1, 0xFF, 0xF4, 0x00, 0xC2, 0xFF, 0xF4,
0x00, 0xC4, 0xFF, 0xF4, 0x00, 0xC5, 0xFF, 0xF4, 0x00, 0xC6, 0xFF, 0xF4, 0x00, 0xC7, 0xFF, 0xF4,
0x00, 0xC8, 0xFF, 0xF4, 0x00, 0xC9, 0xFF, 0xF4, 0x00, 0xCA, 0xFF, 0xF4, 0x00, 0xCC, 0xFF, 0xEC,
0x00, 0xCD, 0xFF, 0xEC, 0x00, 0xCE, 0xFF, 0xEC, 0x00, 0xCF, 0xFF, 0xEC, 0x00, 0xD0, 0xFF, 0xEC,
0x00, 0xD1, 0xFF, 0xEC, 0x00, 0xD2, 0xFF, 0xEC, 0x00, 0xD3, 0xFF, 0xEC, 0x00, 0xD4, 0xFF, 0xEC,
0x00, 0xD5, 0xFF, 0xEC, 0x00, 0xD6, 0xFF, 0xEC, 0x00, 0xD7, 0xFF, 0xEC, 0x00, 0xD8, 0xFF, 0xEC,
0x00, 0xD9, 0xFF, 0xEC, 0x00, 0xDA, 0xFF, 0xEC, 0x00, 0xDB, 0xFF, 0xEC, 0x00, 0xDC, 0xFF, 0xEC,
0x00, 0xDD, 0xFF, 0xEC, 0x00, 0xDF, 0xFF, 0xEC, 0x00, 0xE0, 0xFF, 0xEC, 0x00, 0xE1, 0xFF, 0xEC,
0x00, 0xE2, 0xFF, 0xEC, 0x00, 0xE3, 0xFF, 0xEC, 0x00, 0xE5, 0xFF, 0xEC, 0x00, 0xE6, 0xFF, 0xEC,
0x00, 0xE7, 0xFF, 0xEC, 0x00, 0xE8, 0xFF, 0xEC, 0x00, 0xE9, 0x00, 0x00, 0x00, 0xEA, 0xFF, 0xDF,
0x00, 0xEB, 0xFF, 0xDF, 0x00, 0xEC, 0xFF, 0xDF, 0x00, 0xED, 0xFF, 0xDF, 0x00, 0xEE, 0xFF, 0xDF,
0x01, 0x14, 0xFF, 0xEC, 0x01, 0x15, 0xFF, 0xEC, 0x01, 0x16, 0xFF, 0xEC, 0x01, 0x17, 0xFF, 0xEC,
0x01, 0x18, 0xFF, 0xEC, 0x01, 0x19, 0xFF, 0xEC, 0x01, 0x1A, 0xFF, 0xEC, 0x01, 0x1C, 0xFF, 0xEC,
0x01, 0x1D, 0xFF, 0xEC, 0x01, 0x1E, 0xFF, 0xEC, 0x01, 0x1F, 0xFF, 0xEC, 0x01, 0x21, 0xFF, 0xEC,
0x01, 0x22, 0xFF, 0xEC, 0x01, 0x23, 0xFF, 0xEC, 0x01, 0x24, 0xFF, 0xEC, 0x01, 0x26, 0xFF, 0xEC,
0x01, 0x27, 0xFF, 0xEC, 0x01, 0x28, 0xFF, 0xEC, 0x01, 0x29, 0xFF, 0xEC, 0x01, 0x2A, 0xFF, 0xEC,
0x01, 0x2B, 0xFF, 0xEC, 0x01, 0x2C, 0xFF, 0xEC, 0x01, 0x2D, 0xFF, 0xF4, 0x01, 0x2F, 0xFF, 0xEC,
0x01, 0x34, 0xFF, 0xF4, 0x01, 0x35, 0xFF, 0xF4, 0x01, 0x36, 0xFF, 0xF4, 0x01, 0x37, 0xFF, 0xF4,
0x01, 0x38, 0xFF, 0xF4, 0x01, 0x39, 0xFF, 0xF4, 0x01, 0x3A, 0x00, 0x00, 0x01, 0x3B, 0x00, 0x00,
0x01, 0x3C, 0x00, 0x00, 0x01, 0x3D, 0x00, 0x00, 0x01, 0x3E, 0x00, 0x00, 0x01, 0x3F, 0x00, 0x00,
0x01, 0x53, 0x00, 0x00, 0x01, 0x54, 0x00, 0x05, 0x01, 0x55, 0x00, 0x05, 0x01, 0x56, 0x00, 0x05,
0x01, 0x57, 0x00, 0x05, 0x01, 0x58, 0x00, 0x05, 0x01, 0x59, 0xFF, 0xF1, 0x01, 0x5A, 0x00, 0x00,
0x01, 0x5B, 0x00, 0x00, 0x01, 0x5C, 0x00, 0x00, 0x01, 0x5D, 0x00, 0x00, 0x01, 0x5E, 0x00, 0x00,
0x01, 0x5F, 0x00, 0x00, 0x01, 0x60, 0x00, 0x00, 0x01, 0x61, 0x00, 0x00, 0x01, 0x62, 0x00, 0x00,
0x01, 0x63, 0x00, 0x00, 0x01, 0x64, 0x00, 0x00, 0x01, 0x65, 0x00, 0x00, 0x01, 0x67, 0x00, 0x00,
0x01, 0x68, 0x00, 0x00, 0x01, 0xDF, 0xFF, 0xCE, 0x01, 0xE0, 0xFF, 0xD0, 0x01, 0xE1, 0xFF, 0xD0,
0x01, 0xE2, 0xFF, 0xD6, 0x01, 0xE3, 0xFF, 0xA4, 0x01, 0xE4, 0xFF, 0xCB, 0x01, 0xE5, 0xFF, 0xB0,
0x01, 0xE6, 0xFF, 0xEC, 0x01, 0xE7, 0xFF, 0xCB, 0x01, 0xE8, 0xFF, 0xD0, 0x01, 0xE9, 0x00, 0x0C,
0x01, 0xEA, 0x00, 0x07, 0x01, 0xED, 0x00, 0x0C, 0x01, 0xEE, 0x00, 0x0A, 0x01, 0xEF, 0x00, 0x0A,
0x01, 0xF0, 0x00, 0x05, 0x01, 0xF1, 0x00, 0x0A, 0x01, 0xF2, 0x00, 0x08, 0x02, 0x03, 0x00, 0x00,
0x02, 0x07, 0x00, 0x05, 0x02, 0x09, 0xFF, 0xC1, 0x02, 0x0F, 0xFF, 0x77, 0x02, 0x18, 0x00, 0x0F,
0x02, 0x19, 0x00, 0x0F, 0x02, 0x1A, 0x00, 0x0F, 0x02, 0x1B, 0x00, 0x0F, 0x02, 0x1D, 0x00, 0x00,
0x02, 0x1F, 0x00, 0x00, 0x02, 0x20, 0x00, 0x05, 0x02, 0x21, 0x00, 0x05, 0x02, 0x26, 0xFF, 0xF6,
0x02, 0x27, 0xFF, 0xE2, 0x02, 0x2B, 0x00, 0x00, 0x02, 0x2C, 0x00, 0x0A, 0x00, 0x13, 0x00, 0x9F,
0x00, 0x03, 0x00, 0xA5, 0xFF, 0xF6, 0x01, 0xE0, 0xFF, 0xFD, 0x01, 0xE1, 0xFF, 0xF8, 0x01, 0xE2,
0xFF, 0xFD, 0x01, 0xE5, 0xFF, 0xF9, 0x01, 0xE7, 0xFF, 0xF8, 0x01, 0xE9, 0x00, 0x03, 0x01, 0xEA,
0x00, 0x03, 0x01, 0xEC, 0x00, 0x03, 0x01, 0xED, 0x00, 0x03, 0x01, 0xEE, 0x00, 0x03, 0x01, 0xEF,
0x00, 0x02, 0x01, 0xF0, 0x00, 0x07, 0x01, 0xF1, 0x00, 0x03, 0x01, 0xF2, 0x00, 0x00, 0x02, 0x09,
0xFF, 0xE7, 0x02, 0x0F, 0xFF, 0xA9, 0x02, 0x27, 0xFF, 0xFE, 0x00, 0x1F, 0x00, 0x87, 0xFF, 0xD5,
0x00, 0x88, 0xFF, 0xD5, 0x00, 0x89, 0xFF, 0xD5, 0x00, 0x8A, 0xFF, 0xD5, 0x00, 0x8B, 0xFF, 0xD5,
0x00, 0x9F, 0xFF, 0xBF, 0x01, 0x53, 0xFF, 0xCE, 0x01, 0x59, 0x00, 0x0A, 0x01, 0xE0, 0x00, 0x11,
0x01, 0xE1, 0x00, 0x16, 0x01, 0xE2, 0x00, 0x0D, 0x01, 0xE4, 0x00, 0x0C, 0x01, 0xE6, 0xFF, 0xF9,
0x01, 0xE7, 0x00, 0x0C, 0x01, 0xE8, 0xFF, 0xF6, 0x01, 0xEB, 0xFF, 0xB7, 0x01, 0xEC, 0xFF, 0xC1,
0x01, 0xEE, 0xFF, 0xBD, 0x01, 0xF0, 0xFF, 0xBD, 0x01, 0xF2, 0xFF, 0xAD, 0x02, 0x03, 0xFF, 0xCE,
0x02, 0x09, 0x00, 0x14, 0x02, 0x0F, 0x00, 0x1B, 0x02, 0x11, 0x00, 0x00, 0x02, 0x18, 0xFF, 0xC7,
0x02, 0x19, 0xFF, 0xCE, 0x02, 0x1A, 0xFF, 0xC7, 0x02, 0x1B, 0xFF, 0xCE, 0x02, 0x26, 0xFF, 0xEF,
0x02, 0x27, 0xFF, 0xF8, 0x02, 0x2B, 0xFF, 0x92, 0x00, 0x16, 0x00, 0x9F, 0xFF, 0xBF, 0x01, 0x53,
0xFF, 0xCE, 0x01, 0x59, 0x00, 0x0A, 0x01, 0xE0, 0x00, 0x11, 0x01, 0xE1, 0x00, 0x16, 0x01, 0xE2,
0x00, 0x0D, 0x01, 0xE4, 0x00, 0x0C, 0x01, 0xE6, 0xFF, 0xF9, 0x01, 0xE7, 0x00, 0x0C, 0x01, 0xE8,
0xFF, 0xF6, 0x01, 0xEB, 0xFF, 0xB7, 0x01, 0xEC, 0xFF, 0xC1, 0x01, 0xEE, 0xFF, 0xBD, 0x01, 0xF0,
0xFF, 0xBD, 0x01, 0xF2, 0xFF, 0xAD, 0x02, 0x03, 0xFF, 0xCE, 0x02, 0x09, 0x00, 0x14, 0x02, 0x0F,
0x00, 0x1B, 0x02, 0x11, 0x00, 0x00, 0x02, 0x26, 0xFF, 0xEF, 0x02, 0x27, 0xFF, 0xF8, 0x02, 0x2B,
0xFF, 0x92, 0x00, 0x1B, 0x00, 0x9F, 0xFF, 0xEE, 0x00, 0xF5, 0x00, 0x00, 0x00, 0xF7, 0x00, 0x05,
0x00, 0xFC, 0x00, 0x00, 0x00, 0xFE, 0x00, 0x03, 0x01, 0x53, 0xFF, 0xF3, 0x01, 0x59, 0xFF, 0xF8,
0x01, 0xDF, 0xFF, 0xFD, 0x01, 0xE0, 0x00, 0x03, 0x01, 0xE1, 0x00, 0x07, 0x01, 0xE2, 0x00, 0x07,
0x01, 0xE3, 0x00, 0x03, 0x01, 0xE6, 0xFF, 0xE9, 0x01, 0xE7, 0x00, 0x02, 0x01, 0xE8, 0xFF, 0xEF,
0x01, 0xEA, 0xFF, 0xE5, 0x01, 0xEB, 0xFF, 0xE9, 0x01, 0xEC, 0xFF, 0xE9, 0x01, 0xED, 0xFF, 0xD5,
0x01, 0xEE, 0xFF, 0xE9, 0x01, 0xEF, 0xFF, 0xDF, 0x01, 0xF0, 0xFF, 0xF6, 0x01, 0xF2, 0xFF, 0xE4,
0x02, 0x09, 0x00, 0x00, 0x02, 0x26, 0xFF, 0xD8, 0x02, 0x27, 0xFF, 0xE5, 0x02, 0x2B, 0xFF, 0xDD,
0x00, 0x0C, 0x00, 0x18, 0xFF, 0xE6, 0x00, 0x19, 0xFF, 0xE6, 0x01, 0xE1, 0xFF, 0xF9, 0x01, 0xE2,
0xFF, 0xF9, 0x01, 0xE3, 0xFF, 0xF9, 0x01, 0xE4, 0xFF, 0xFE, 0x01, 0xE5, 0xFF, 0xF9, 0x01, 0xE6,
0xFF, 0xF9, 0x01, 0xE7, 0xFF, 0xFD, 0x01, 0xE8, 0xFF, 0xF8, 0x02, 0x09, 0xFF, 0xEE, 0x02, 0x0F,
0xFF, 0xBC, 0x00, 0x05, 0x00, 0x18, 0xFF, 0xE9, 0x00, 0x19, 0xFF, 0xE9, 0x02, 0x09, 0xFF, 0xE5,
0x02, 0x0F, 0xFF, 0xC7, 0x02, 0x27, 0xFF, 0xFD, 0x00, 0x10, 0x01, 0x53, 0xFF, 0xFE, 0x01, 0xDF,
0xFF, 0xFE, 0x01, 0xE2, 0x00, 0x03, 0x01, 0xE3, 0x00, 0x02, 0x01, 0xE4, 0xFF, 0xFD, 0x01, 0xE5,
0xFF, 0xFD, 0x01, 0xE8, 0xFF, 0xF3, 0x01, 0xE9, 0xFF, 0xFE, 0x01, 0xEC, 0x00, 0x02, 0x01, 0xED,
0xFF, 0xEF, 0x01, 0xEF, 0xFF, 0xF8, 0x01, 0xF0, 0x00, 0x0C, 0x01, 0xF1, 0xFF, 0xF9, 0x02, 0x0F,
0x00, 0x07, 0x02, 0x26, 0xFF, 0xEF, 0x02, 0x27, 0xFF, 0xF9, 0x00, 0x0D, 0x00, 0x9F, 0xFF, 0xEC,
0x00, 0xA5, 0xFF, 0xF9, 0x01, 0xE9, 0xFF, 0xF3, 0x01, 0xEA, 0xFF, 0xF3, 0x01, 0xEB, 0xFF, 0xF6,
0x01, 0xED, 0xFF, 0xFB, 0x01, 0xEE, 0xFF, 0xF8, 0x01, 0xEF, 0xFF, 0xF3, 0x01, 0xF0, 0xFF, 0xF1,
0x01, 0xF1, 0xFF, 0xF8, 0x01, 0xF2, 0xFF, 0xF1, 0x02, 0x09, 0x00, 0x00, 0x02, 0x2B, 0xFF, 0xF4,
0x00, 0xE8, 0x00, 0x01, 0xFF, 0xC6, 0x00, 0x02, 0xFF, 0xC6, 0x00, 0x03, 0xFF, 0xC6, 0x00, 0x04,
0xFF, 0xC6, 0x00, 0x05, 0xFF, 0xC6, 0x00, 0x06, 0xFF, 0xC6, 0x00, 0x08, 0xFF, 0xC6, 0x00, 0x09,
0xFF, 0xC6, 0x00, 0x0A, 0xFF, 0xC6, 0x00, 0x0B, 0xFF, 0xC6, 0x00, 0x0C, 0xFF, 0xC6, 0x00, 0x0E,
0xFF, 0xC6, 0x00, 0x0F, 0xFF, 0xC6, 0x00, 0x10, 0xFF, 0xC6, 0x00, 0x11, 0xFF, 0xC6, 0x00, 0x13,
0xFF, 0xC6, 0x00, 0x14, 0xFF, 0xC6, 0x00, 0x15, 0xFF, 0xC6, 0x00, 0x16, 0xFF, 0xC6, 0x00, 0x17,
0xFF, 0xC6, 0x00, 0x18, 0xFF, 0xB2, 0x00, 0x19, 0xFF, 0xB2, 0x00, 0x1B, 0xFF, 0xEB, 0x00, 0x1C,
0xFF, 0xEB, 0x00, 0x1D, 0xFF, 0xEB, 0x00, 0x1E, 0xFF, 0xEB, 0x00, 0x1F, 0xFF, 0xEB, 0x00, 0x20,
0xFF, 0xEB, 0x00, 0x37, 0xFF, 0xEB, 0x00, 0x39, 0xFF, 0xEB, 0x00, 0x3A, 0xFF, 0xEB, 0x00, 0x3B,
0xFF, 0xEB, 0x00, 0x3C, 0xFF, 0xEB, 0x00, 0x3D, 0xFF, 0xEB, 0x00, 0x4E, 0xFF, 0xC2, 0x00, 0x4F,
0xFF, 0xC2, 0x00, 0x50, 0xFF, 0xC2, 0x00, 0x60, 0xFF, 0xEB, 0x00, 0x61, 0xFF, 0xEB, 0x00, 0x62,
0xFF, 0xEB, 0x00, 0x63, 0xFF, 0xEB, 0x00, 0x64, 0xFF, 0xEB, 0x00, 0x65, 0xFF, 0xEB, 0x00, 0x66,
0xFF, 0xEB, 0x00, 0x68, 0xFF, 0xEB, 0x00, 0x69, 0xFF, 0xEB, 0x00, 0x6A, 0xFF, 0xEB, 0x00, 0x6B,
0xFF, 0xEB, 0x00, 0x6D, 0xFF, 0xEB, 0x00, 0x6E, 0xFF, 0xEB, 0x00, 0x6F, 0xFF, 0xEB, 0x00, 0x70,
0xFF, 0xEB, 0x00, 0x72, 0xFF, 0xEB, 0x00, 0x73, 0xFF, 0xEB, 0x00, 0x74, 0xFF, 0xEB, 0x00, 0x75,
0xFF, 0xEB, 0x00, 0x76, 0xFF, 0xEB, 0x00, 0x77, 0xFF, 0xEB, 0x00, 0x78, 0xFF, 0xEB, 0x00, 0x7B,
0xFF, 0xEB, 0x00, 0xB2, 0xFF, 0xD8, 0x00, 0xB3, 0xFF, 0xD8, 0x00, 0xB4, 0xFF, 0xD8, 0x00, 0xB5,
0xFF, 0xD8, 0x00, 0xB6, 0xFF, 0xD8, 0x00, 0xB7, 0xFF, 0xD8, 0x00, 0xB9, 0xFF, 0xD8, 0x00, 0xBA,
0xFF, 0xD8, 0x00, 0xBB, 0xFF, 0xD8, 0x00, 0xBC, 0xFF, 0xD8, 0x00, 0xBD, 0xFF, 0xD8, 0x00, 0xBF,
0xFF, 0xD8, 0x00, 0xC0, 0xFF, 0xD8, 0x00, 0xC1, 0xFF, 0xD8, 0x00, 0xC2, 0xFF, 0xD8, 0x00, 0xC4,
0xFF, 0xD8, 0x00, 0xC5, 0xFF, 0xD8, 0x00, 0xC6, 0xFF, 0xD8, 0x00, 0xC7, 0xFF, 0xD8, 0x00, 0xC8,
0xFF, 0xD8, 0x00, 0xC9, 0xFF, 0xD8, 0x00, 0xCA, 0xFF, 0xD8, 0x00, 0xCC, 0xFF, 0xE5, 0x00, 0xCD,
0xFF, 0xE5, 0x00, 0xCE, 0xFF, 0xE5, 0x00, 0xCF, 0xFF, 0xE5, 0x00, 0xD0, 0xFF, 0xE5, 0x00, 0xD1,
0xFF, 0xE5, 0x00, 0xD2, 0xFF, 0xE4, 0x00, 0xD3, 0xFF, 0xE4, 0x00, 0xD4, 0xFF, 0xE4, 0x00, 0xD5,
0xFF, 0xE4, 0x00, 0xD6, 0xFF, 0xE5, 0x00, 0xD7, 0xFF, 0xE5, 0x00, 0xD8, 0xFF, 0xE5, 0x00, 0xD9,
0xFF, 0xE5, 0x00, 0xDA, 0xFF, 0xE5, 0x00, 0xDB, 0xFF, 0xE5, 0x00, 0xDC, 0xFF, 0xE5, 0x00, 0xDD,
0xFF, 0xE5, 0x00, 0xDF, 0xFF, 0xE5, 0x00, 0xE0, 0xFF, 0xE5, 0x00, 0xE1, 0xFF, 0xE5, 0x00, 0xE2,
0xFF, 0xE5, 0x00, 0xE3, 0xFF, 0xE5, 0x00, 0xE5, 0xFF, 0xE5, 0x00, 0xE6, 0xFF, 0xE5, 0x00, 0xE7,
0xFF, 0xE5, 0x00, 0xE8, 0xFF, 0xE5, 0x00, 0xE9, 0xFF, 0xFA, 0x00, 0xEA, 0xFF, 0xD7, 0x00, 0xEB,
0xFF, 0xD7, 0x00, 0xEC, 0xFF, 0xD7, 0x00, 0xED, 0xFF, 0xD7, 0x00, 0xEE, 0xFF, 0xD7, 0x01, 0x05,
0xFF, 0xE9, 0x01, 0x0C, 0xFF, 0xE9, 0x01, 0x0D, 0xFF, 0xE9, 0x01, 0x0E, 0xFF, 0xE9, 0x01, 0x10,
0xFF, 0xE9, 0x01, 0x11, 0xFF, 0xE9, 0x01, 0x12, 0xFF, 0xE9, 0x01, 0x13, 0xFF, 0xE9, 0x01, 0x14,
0xFF, 0xE5, 0x01, 0x15, 0xFF, 0xE5, 0x01, 0x16, 0xFF, 0xE5, 0x01, 0x17, 0xFF, 0xE5, 0x01, 0x18,
0xFF, 0xE5, 0x01, 0x19, 0xFF, 0xE5, 0x01, 0x1A, 0xFF, 0xE5, 0x01, 0x1C, 0xFF, 0xE5, 0x01, 0x1D,
0xFF, 0xE5, 0x01, 0x1E, 0xFF, 0xE5, 0x01, 0x1F, 0xFF, 0xE5, 0x01, 0x21, 0xFF, 0xE5, 0x01, 0x22,
0xFF, 0xE5, 0x01, 0x23, 0xFF, 0xE5, 0x01, 0x24, 0xFF, 0xE5, 0x01, 0x26, 0xFF, 0xE5, 0x01, 0x27,
0xFF, 0xE5, 0x01, 0x28, 0xFF, 0xE5, 0x01, 0x29, 0xFF, 0xE5, 0x01, 0x2A, 0xFF, 0xE5, 0x01, 0x2B,
0xFF, 0xE5, 0x01, 0x2C, 0xFF, 0xE5, 0x01, 0x2D, 0xFF, 0xE9, 0x01, 0x2F, 0xFF, 0xE4, 0x01, 0x30,
0xFF, 0xE9, 0x01, 0x31, 0xFF, 0xE9, 0x01, 0x32, 0xFF, 0xE9, 0x01, 0x33, 0xFF, 0xE9, 0x01, 0x34,
0xFF, 0xE5, 0x01, 0x35, 0xFF, 0xE5, 0x01, 0x36, 0xFF, 0xE5, 0x01, 0x37, 0xFF, 0xE5, 0x01, 0x38,
0xFF, 0xE5, 0x01, 0x39, 0xFF, 0xE5, 0x01, 0x3A, 0xFF, 0xFA, 0x01, 0x3B, 0xFF, 0xF8, 0x01, 0x3C,
0xFF, 0xF8, 0x01, 0x3D, 0xFF, 0xF8, 0x01, 0x3E, 0xFF, 0xF8, 0x01, 0x3F, 0xFF, 0xF8, 0x01, 0x40,
0xFF, 0xE7, 0x01, 0x41, 0xFF, 0xE7, 0x01, 0x42, 0xFF, 0xE7, 0x01, 0x43, 0xFF, 0xE7, 0x01, 0x44,
0xFF, 0xE7, 0x01, 0x45, 0xFF, 0xE7, 0x01, 0x46, 0xFF, 0xE7, 0x01, 0x48, 0xFF, 0xE7, 0x01, 0x49,
0xFF, 0xE7, 0x01, 0x4A, 0xFF, 0xE7, 0x01, 0x4B, 0xFF, 0xE7, 0x01, 0x4D, 0xFF, 0xE7, 0x01, 0x4E,
0xFF, 0xE7, 0x01, 0x4F, 0xFF, 0xE7, 0x01, 0x50, 0xFF, 0xE7, 0x01, 0x51, 0xFF, 0xE7, 0x01, 0x52,
0xFF, 0xE7, 0x01, 0x53, 0xFF, 0xEC, 0x01, 0x54, 0xFF, 0xF4, 0x01, 0x55, 0xFF, 0xF4, 0x01, 0x56,
0xFF, 0xF4, 0x01, 0x57, 0xFF, 0xF4, 0x01, 0x58, 0xFF, 0xF4, 0x01, 0x59, 0xFF, 0xDB, 0x01, 0x5A,
0xFF, 0xEC, 0x01, 0x5B, 0xFF, 0xEC, 0x01, 0x5C, 0xFF, 0xEC, 0x01, 0x5D, 0xFF, 0xEC, 0x01, 0x5E,
0xFF, 0xEC, 0x01, 0x5F, 0xFF, 0xEC, 0x01, 0x60, 0xFF, 0xEC, 0x01, 0x61, 0xFF, 0xEC, 0x01, 0x62,
0xFF, 0xF1, 0x01, 0x63, 0xFF, 0xF1, 0x01, 0x64, 0xFF, 0xF1, 0x01, 0x65, 0xFF, 0xF1, 0x01, 0x67,
0xFF, 0xFA, 0x01, 0x68, 0xFF, 0xFA, 0x01, 0xDF, 0xFF, 0xD1, 0x01, 0xE0, 0xFF, 0xDF, 0x01, 0xE1,
0xFF, 0xE0, 0x01, 0xE2, 0xFF, 0xDB, 0x01, 0xE3, 0xFF, 0xBC, 0x01, 0xE4, 0xFF, 0xDB, 0x01, 0xE5,
0xFF, 0xC7, 0x01, 0xE7, 0xFF, 0xD5, 0x01, 0xE8, 0xFF, 0xDF, 0x01, 0xE9, 0x00, 0x03, 0x01, 0xEA,
0x00, 0x03, 0x01, 0xEB, 0x00, 0x02, 0x01, 0xEC, 0x00, 0x02, 0x01, 0xEF, 0xFF, 0xFD, 0x01, 0xF0,
0x00, 0x05, 0x01, 0xF2, 0x00, 0x02, 0x01, 0xFC, 0xFF, 0xA9, 0x01, 0xFD, 0xFF, 0xA9, 0x02, 0x00,
0xFF, 0xA9, 0x02, 0x03, 0x00, 0x0A, 0x02, 0x09, 0xFF, 0xC9, 0x02, 0x0F, 0xFF, 0x7B, 0x02, 0x16,
0xFF, 0xA9, 0x02, 0x17, 0xFF, 0xA9, 0x02, 0x18, 0x00, 0x03, 0x02, 0x19, 0x00, 0x03, 0x02, 0x1A,
0x00, 0x03, 0x02, 0x1B, 0x00, 0x03, 0x02, 0x26, 0xFF, 0xE9, 0x02, 0x27, 0xFF, 0xDF, 0x02, 0x2C,
0x00, 0x0A, 0x00, 0x13, 0x00, 0x18, 0xFF, 0xE5, 0x00, 0x19, 0xFF, 0xE5, 0x00, 0x9F, 0xFF, 0xEE,
0x00, 0xA5, 0xFF, 0xEC, 0x01, 0xE1, 0xFF, 0xF8, 0x01, 0xE2, 0xFF, 0xFD, 0x01, 0xE4, 0xFF, 0xFD,
0x01, 0xE5, 0xFF, 0xF9, 0x01, 0xE6, 0xFF, 0xFD, 0x01, 0xE7, 0xFF, 0xF8, 0x01, 0xE8, 0xFF, 0xFD,
0x01, 0xEB, 0xFF, 0xFD, 0x01, 0xEC, 0xFF, 0xFD, 0x01, 0xF0, 0xFF, 0xF3, 0x02, 0x03, 0x00, 0x00,
0x02, 0x09, 0xFF, 0xEA, 0x02, 0x0F, 0xFF, 0xA9, 0x02, 0x27, 0xFF, 0xFE, 0x02, 0x2B, 0xFF, 0xFB,
0x00, 0x0F, 0x00, 0x9F, 0xFF, 0xF9, 0x01, 0xE0, 0xFF, 0xFD, 0x01, 0xE3, 0x00, 0x02, 0x01, 0xE6,
0xFF, 0xFD, 0x01, 0xE8, 0xFF, 0xF6, 0x01, 0xE9, 0xFF, 0xFD, 0x01, 0xEA, 0xFF, 0xF9, 0x01, 0xEC,
0xFF, 0xFD, 0x01, 0xED, 0xFF, 0xF9, 0x01, 0xEF, 0xFF, 0xF9, 0x01, 0xF0, 0x00, 0x05, 0x01, 0xF2,
0xFF, 0xFD, 0x02, 0x11, 0x00, 0x07, 0x02, 0x27, 0xFF, 0xF4, 0x02, 0x2C, 0x00, 0x0A, 0x00, 0x11,
0x00, 0x18, 0xFF, 0xE2, 0x00, 0x19, 0xFF, 0xE2, 0x00, 0x9F, 0xFF, 0xEE, 0x00, 0xA5, 0xFF, 0xEC,
0x01, 0xE3, 0xFF, 0xF4, 0x01, 0xE4, 0xFF, 0xF9, 0x01, 0xE5, 0xFF, 0xFB, 0x01, 0xE6, 0xFF, 0xFD,
0x01, 0xE7, 0xFF, 0xF8, 0x01, 0xEA, 0xFF, 0xFD, 0x01, 0xEB, 0xFF, 0xFD, 0x01, 0xEC, 0xFF, 0xFD,
0x01, 0xF0, 0xFF, 0xF3, 0x01, 0xF2, 0xFF, 0xF8, 0x02, 0x09, 0xFF, 0xEA, 0x02, 0x0F, 0xFF, 0xCB,
0x02, 0x2B, 0xFF, 0xFD, 0x00, 0x0E, 0x00, 0xA5, 0xFF, 0xF9, 0x01, 0x53, 0x00, 0x00, 0x01, 0xE1,
0x00, 0x03, 0x01, 0xE2, 0x00, 0x03, 0x01, 0xE4, 0x00, 0x03, 0x01, 0xE7, 0x00, 0x02, 0x01, 0xE8,
0xFF, 0xFE, 0x01, 0xE9, 0x00, 0x02, 0x01, 0xEA, 0x00, 0x03, 0x01, 0xED, 0x00, 0x02, 0x01, 0xEE,
0x00, 0x02, 0x02, 0x09, 0xFF, 0xF9, 0x02, 0x0F, 0xFF, 0xE4, 0x02, 0x27, 0xFF, 0xF9, 0x00, 0x60,
0x00, 0x01, 0xFF, 0xF4, 0x00, 0x02, 0xFF, 0xF4, 0x00, 0x03, 0xFF, 0xF4, 0x00, 0x04, 0xFF, 0xF4,
0x00, 0x05, 0xFF, 0xF4, 0x00, 0x06, 0xFF, 0xF4, 0x00, 0x08, 0xFF, 0xF4, 0x00, 0x09, 0xFF, 0xF4,
0x00, 0x0A, 0xFF, 0xF4, 0x00, 0x0B, 0xFF, 0xF4, 0x00, 0x0C, 0xFF, 0xF4, 0x00, 0x0E, 0xFF, 0xF4,
0x00, 0x0F, 0xFF, 0xF4, 0x00, 0x10, 0xFF, 0xF4, 0x00, 0x11, 0xFF, 0xF4, 0x00, 0x13, 0xFF, 0xF4,
0x00, 0x14, 0xFF, 0xF4, 0x00, 0x15, 0xFF, 0xF4, 0x00, 0x16, 0xFF, 0xF4, 0x00, 0x17, 0xFF, 0xF4,
0x00, 0x18, 0xFF, 0xF4, 0x00, 0x19, 0xFF, 0xF4, 0x00, 0x4E, 0xFF, 0xF6, 0x00, 0x4F, 0xFF, 0xF6,
0x00, 0x50, 0xFF, 0xF6, 0x00, 0x87, 0xFF, 0xE7, 0x00, 0x88, 0xFF, 0xE7, 0x00, 0x89, 0xFF, 0xE7,
0x00, 0x8A, 0xFF, 0xE7, 0x00, 0x8B, 0xFF, 0xE7, 0x00, 0x9F, 0xFF, 0xE9, 0x00, 0xA0, 0xFF, 0xFA,
0x00, 0xA1, 0xFF, 0xFA, 0x00, 0xA2, 0xFF, 0xFA, 0x00, 0xA3, 0xFF, 0xFA, 0x00, 0xA4, 0xFF, 0xFA,
0x00, 0xA5, 0xFF, 0xEC, 0x00, 0xA6, 0xFF, 0xDE, 0x00, 0xA7, 0xFF, 0xDE, 0x00, 0xA8, 0xFF, 0xDE,
0x00, 0xA9, 0xFF, 0xDE, 0x00, 0xAA, 0xFF, 0xDE, 0x00, 0xAB, 0xFF, 0xDE, 0x00, 0xAC, 0xFF, 0xDE,
0x00, 0xAD, 0xFF, 0xDE, 0x00, 0xE9, 0xFF, 0xFC, 0x00, 0xEA, 0xFF, 0xFC, 0x00, 0xEB, 0xFF, 0xFC,
0x00, 0xEC, 0xFF, 0xFC, 0x00, 0xED, 0xFF, 0xFC, 0x00, 0xEE, 0xFF, 0xFC, 0x01, 0x3A, 0xFF, 0xFC,
0x01, 0x3B, 0xFF, 0xFB, 0x01, 0x3C, 0xFF, 0xFB, 0x01, 0x3D, 0xFF, 0xFB, 0x01, 0x3E, 0xFF, 0xFB,
0x01, 0x3F, 0xFF, 0xFB, 0x01, 0x53, 0xFF, 0xF7, 0x01, 0x54, 0xFF, 0xFA, 0x01, 0x55, 0xFF, 0xFA,
0x01, 0x56, 0xFF, 0xFA, 0x01, 0x57, 0xFF, 0xFA, 0x01, 0x58, 0xFF, 0xFA, 0x01, 0x59, 0xFF, 0xF5,
0x01, 0x5A, 0xFF, 0xF7, 0x01, 0x5B, 0xFF, 0xF7, 0x01, 0x5C, 0xFF, 0xF7, 0x01, 0x5D, 0xFF, 0xF7,
0x01, 0x5E, 0xFF, 0xF7, 0x01, 0x5F, 0xFF, 0xF7, 0x01, 0x60, 0xFF, 0xF7, 0x01, 0x61, 0xFF, 0xF7,
0x01, 0x67, 0xFF, 0xFC, 0x01, 0x68, 0xFF, 0xFC, 0x01, 0xDF, 0x00, 0x03, 0x01, 0xE6, 0x00, 0x02,
0x01, 0xE7, 0x00, 0x02, 0x01, 0xE9, 0xFF, 0xF6, 0x01, 0xEA, 0xFF, 0xF9, 0x01, 0xEB, 0xFF, 0xF9,
0x01, 0xEC, 0xFF, 0xF9, 0x01, 0xED, 0xFF, 0xF9, 0x01, 0xEE, 0xFF, 0xF9, 0x01, 0xEF, 0xFF, 0xF9,
0x01, 0xF0, 0xFF, 0xF3, 0x01, 0xF1, 0xFF, 0xF8, 0x01, 0xF2, 0xFF, 0xF3, 0x01, 0xFC, 0xFF, 0xF1,
0x01, 0xFD, 0xFF, 0xF1, 0x02, 0x00, 0xFF, 0xF1, 0x02, 0x09, 0xFF, 0xEE, 0x02, 0x0F, 0xFF, 0xC3,
0x02, 0x16, 0xFF, 0xF1, 0x02, 0x17, 0xFF, 0xF1, 0x02, 0x2B, 0xFF, 0xF1, 0x02, 0x2C, 0xFF, 0xE9,
0x00, 0x0E, 0x00, 0x9F, 0xFF, 0xF9, 0x01, 0xE0, 0xFF, 0xFD, 0x01, 0xE3, 0x00, 0x02, 0x01, 0xE6,
0xFF, 0xFD, 0x01, 0xE8, 0xFF, 0xF6, 0x01, 0xE9, 0xFF, 0xFD, 0x01, 0xEA, 0xFF, 0xF9, 0x01, 0xEC,
0xFF, 0xFD, 0x01, 0xED, 0xFF, 0xF9, 0x01, 0xEF, 0xFF, 0xF9, 0x01, 0xF0, 0x00, 0x05, 0x01, 0xF2,
0xFF, 0xFD, 0x02, 0x27, 0xFF, 0xF4, 0x02, 0x2C, 0x00, 0x0A, 0x00, 0x1C, 0x00, 0x9F, 0xFF, 0xD3,
0x00, 0xA5, 0x00, 0x05, 0x01, 0x53, 0xFF, 0xE9, 0x01, 0x59, 0x00, 0x00, 0x01, 0xDF, 0x00, 0x11,
0x01, 0xE0, 0x00, 0x0D, 0x01, 0xE1, 0x00, 0x11, 0x01, 0xE2, 0x00, 0x11, 0x01, 0xE7, 0x00, 0x02,
0x01, 0xE8, 0xFF, 0xFD, 0x01, 0xE9, 0xFF, 0xCB, 0x01, 0xEA, 0xFF, 0xCB, 0x01, 0xEB, 0xFF, 0xD8,
0x01, 0xEC, 0xFF, 0xD5, 0x01, 0xED, 0xFF, 0xCE, 0x01, 0xEE, 0xFF, 0xC7, 0x01, 0xEF, 0xFF, 0xC7,
0x01, 0xF1, 0xFF, 0xCC, 0x01, 0xF2, 0xFF, 0xC4, 0x02, 0x03, 0xFF, 0xE9, 0x02, 0x09, 0x00, 0x00,
0x02, 0x0F, 0x00, 0x0F, 0x02, 0x13, 0x00, 0x14, 0x02, 0x15, 0x00, 0x14, 0x02, 0x26, 0xFF, 0xF6,
0x02, 0x27, 0xFF, 0xF6, 0x02, 0x2B, 0xFF, 0xC1, 0x02, 0x2C, 0xFF, 0xB5, 0x00, 0x1A, 0x00, 0x9F,
0xFF, 0xD3, 0x00, 0xA5, 0x00, 0x05, 0x01, 0x53, 0xFF, 0xE9, 0x01, 0x59, 0x00, 0x00, 0x01, 0xDF,
0x00, 0x11, 0x01, 0xE0, 0x00, 0x0D, 0x01, 0xE1, 0x00, 0x11, 0x01, 0xE2, 0x00, 0x11, 0x01, 0xE7,
0x00, 0x02, 0x01, 0xE8, 0xFF, 0xFD, 0x01, 0xE9, 0xFF, 0xCB, 0x01, 0xEA, 0xFF, 0xCB, 0x01, 0xEB,
0xFF, 0xD8, 0x01, 0xEC, 0xFF, 0xD5, 0x01, 0xED, 0xFF, 0xCE, 0x01, 0xEE, 0xFF, 0xC7, 0x01, 0xEF,
0xFF, 0xC7, 0x01, 0xF1, 0xFF, 0xCC, 0x01, 0xF2, 0xFF, 0xC4, 0x02, 0x03, 0xFF, 0xE9, 0x02, 0x09,
0x00, 0x00, 0x02, 0x0F, 0x00, 0x0F, 0x02, 0x26, 0xFF, 0xF6, 0x02, 0x27, 0xFF, 0xF6, 0x02, 0x2B,
0xFF, 0xC1, 0x02, 0x2C, 0xFF, 0xB5, 0x00, 0x01, 0x00, 0x02, 0x00, 0x00, 0x00, 0x08, 0x00, 0x01,
0x02, 0x8A, 0x00, 0x04, 0x00, 0x00, 0x01, 0x40, 0x14, 0x0E, 0x14, 0x0E, 0x14, 0x0E, 0x14, 0x0E,
0x14, 0x0E, 0x14, 0x0E, 0x14, 0x0E, 0x14, 0x0E, 0x14, 0x0E, 0x14, 0x0E, 0x14, 0x0E, 0x14, 0x0E,
0x14, 0x0E, 0x14, 0x0E, 0x14, 0x0E, 0x14, 0x0E, 0x13, 0xF8, 0x14, 0x0E, 0x14, 0x0E, 0x14, 0x0E,
0x13, 0xEA, 0x13, 0xEA, 0x13, 0xD8, 0x13, 0xD8, 0x13, 0xD8, 0x13, 0xD8, 0x13, 0xD8, 0x13, 0xD8,
0x13, 0xC6, 0x13, 0xC6, 0x13, 0xC6, 0x13, 0xC6, 0x13, 0xEA, 0x13, 0xEA, 0x13, 0xEA, 0x13, 0xEA,
0x13, 0xEA, 0x13, 0xEA, 0x13, 0xEA, 0x13, 0xEA, 0x13, 0xEA, 0x13, 0xEA, 0x13, 0xEA, 0x13, 0xEA,
0x13, 0xEA, 0x13, 0xEA, 0x13, 0xBC, 0x13, 0xEA, 0x13, 0xAA, 0x13, 0x5C, 0x13, 0x52, 0x13, 0x52,
0x13, 0x52, 0x13, 0x52, 0x13, 0x52, 0x13, 0x2C, 0x13, 0x2C, 0x13, 0x2C, 0x13, 0x2C, 0x13, 0x2C,
0x13, 0x2C, 0x13, 0x2C, 0x13, 0x2C, 0x13, 0x2C, 0x13, 0x06, 0x13, 0x2C, 0x13, 0x00, 0x13, 0x00,
0x13, 0x00, 0x12, 0xEE, 0x12, 0xEE, 0x12, 0xC8, 0x12, 0xC8, 0x12, 0xC8, 0x12, 0xC8, 0x12, 0xC8,
0x13, 0xAA, 0x13, 0xAA, 0x13, 0xAA, 0x13, 0xAA, 0x13, 0xAA, 0x13, 0xAA, 0x13, 0xAA, 0x13, 0xAA,
0x13, 0xAA, 0x13, 0xAA, 0x13, 0xAA, 0x12, 0xC2, 0x12, 0xC2, 0x12, 0xC2, 0x12, 0xC2, 0x12, 0xC2,
0x13, 0xAA, 0x13, 0xAA, 0x13, 0xAA, 0x13, 0xAA, 0x13, 0xAA, 0x13, 0xEA, 0x12, 0x74, 0x12, 0x5E,
0x13, 0xAA, 0x12, 0x4C, 0x12, 0x4C, 0x12, 0x4C, 0x12, 0x4C, 0x12, 0x46, 0x12, 0x46, 0x12, 0x46,
0x12, 0x46, 0x12, 0x46, 0x12, 0x46, 0x12, 0x30, 0x12, 0x02, 0x12, 0x02, 0x12, 0x02, 0x12, 0x02,
0x12, 0x02, 0x11, 0xF0, 0x11, 0xF0, 0x11, 0xF0, 0x11, 0xF0, 0x11, 0xF0, 0x11, 0x6A, 0x11, 0x48,
0x11, 0x48, 0x11, 0x48, 0x11, 0x48, 0x11, 0x48, 0x11, 0x1E, 0x10, 0xF8, 0x10, 0xF8, 0x10, 0xF8,
0x10, 0xF8, 0x10, 0xF8, 0x10, 0xF8, 0x10, 0xF8, 0x10, 0xF8, 0x10, 0xE6, 0x10, 0xE6, 0x10, 0xE6,
0x10, 0xE6, 0x10, 0xD8, 0x10, 0xD8, 0x10, 0xD8, 0x10, 0xD8, 0x10, 0xD8, 0x10, 0xD8, 0x10, 0xD8,
0x10, 0xD8, 0x10, 0xD8, 0x10, 0xD8, 0x10, 0xD8, 0x10, 0xD8, 0x10, 0xD8, 0x10, 0xD8, 0x10, 0xD8,
0x10, 0xD8, 0x10, 0xC2, 0x10, 0xD8, 0x10, 0xD8, 0x10, 0xD8, 0x10, 0xB8, 0x10, 0xB8, 0x10, 0xB2,
0x10, 0xB2, 0x10, 0xB2, 0x10, 0xB2, 0x10, 0xB2, 0x10, 0xB2, 0x10, 0xAC, 0x10, 0xB8, 0x10, 0xB8,
0x10, 0xB8, 0x10, 0xB8, 0x10, 0xB8, 0x10, 0xB8, 0x10, 0xB8, 0x10, 0xB8, 0x10, 0xB8, 0x10, 0xB8,
0x10, 0xB8, 0x10, 0xB8, 0x10, 0xB8, 0x10, 0xB8, 0x10, 0xB8, 0x10, 0xB8, 0x10, 0xAC, 0x10, 0x8E,
0x10, 0x74, 0x10, 0x74, 0x10, 0x74, 0x10, 0x74, 0x10, 0x74, 0x10, 0x5A, 0x10, 0x5A, 0x10, 0x44,
0x10, 0x16, 0x10, 0x44, 0x10, 0x5A, 0x10, 0x5A, 0x0F, 0xF0, 0x10, 0x44, 0x10, 0x5A, 0x10, 0x44,
0x0F, 0xF0, 0x0F, 0xF0, 0x0F, 0xEA, 0x0F, 0xD8, 0x0F, 0xD8, 0x0F, 0xD8, 0x0F, 0xD2, 0x0F, 0xD2,
0x0F, 0xD2, 0x10, 0xAC, 0x10, 0xAC, 0x10, 0xAC, 0x10, 0xAC, 0x10, 0xAC, 0x10, 0xAC, 0x10, 0xAC,
0x10, 0xAC, 0x10, 0xAC, 0x10, 0xAC, 0x10, 0xAC, 0x0F, 0xC8, 0x0F, 0xC8, 0x0F, 0xC8, 0x0F, 0xC8,
0x0F, 0xC8, 0x10, 0xAC, 0x10, 0xAC, 0x10, 0xAC, 0x10, 0xAC, 0x10, 0xAC, 0x10, 0xB8, 0x0F, 0xF0,
0x0F, 0xBA, 0x0F, 0xBA, 0x0F, 0xBA, 0x0F, 0xBA, 0x0F, 0xA8, 0x0F, 0xA8, 0x0F, 0xA8, 0x0F, 0xA8,
0x0F, 0xA8, 0x0F, 0xA8, 0x0F, 0x36, 0x0F, 0x20, 0x0F, 0x20, 0x0F, 0x1A, 0x0F, 0x20, 0x0F, 0x20,
0x0F, 0x04, 0x0F, 0x04, 0x0F, 0x04, 0x0F, 0x04, 0x0F, 0x04, 0x0E, 0xDA, 0x0E, 0xC4, 0x0E, 0xC4,
0x0E, 0xC4, 0x0E, 0xC4, 0x0E, 0xC4, 0x0E, 0xA2, 0x0E, 0x84, 0x0E, 0x84, 0x0E, 0x84, 0x0E, 0x84,
0x0E, 0x84, 0x0E, 0x84, 0x0E, 0x84, 0x0E, 0x84, 0x0E, 0x7A, 0x0E, 0x7A, 0x0E, 0x7A, 0x0E, 0x7A,
0x10, 0x5A, 0x0F, 0xD2, 0x0E, 0x14, 0x0D, 0xD2, 0x0C, 0x34, 0x0C, 0x0E, 0x0B, 0x94, 0x0C, 0x0E,
0x0A, 0xFE, 0x0A, 0xD0, 0x0A, 0xA2, 0x0A, 0x8C, 0x0A, 0x22, 0x09, 0x18, 0x09, 0x12, 0x08, 0xB4,
0x08, 0x66, 0x08, 0x24, 0x07, 0xE6, 0x07, 0xE0, 0x07, 0xC2, 0x07, 0x78, 0x07, 0x72, 0x07, 0x72,
0x07, 0x72, 0x07, 0x58, 0x06, 0x92, 0x06, 0x34, 0x06, 0x2A, 0x06, 0x2A, 0x06, 0x2A, 0x06, 0x2A,
0x05, 0x24, 0x04, 0x9E, 0x07, 0x72, 0x07, 0x72, 0x04, 0x98, 0x04, 0x98, 0x04, 0x92, 0x04, 0x92,
0x04, 0x7C, 0x04, 0x42, 0x04, 0x2C, 0x03, 0xD2, 0x00, 0x02, 0x00, 0x36, 0x00, 0x01, 0x00, 0x06,
0x00, 0x00, 0x00, 0x08, 0x00, 0x0C, 0x00, 0x06, 0x00, 0x0E, 0x00, 0x11, 0x00, 0x0B, 0x00, 0x13,
0x00, 0x19, 0x00, 0x0F, 0x00, 0x1B, 0x00, 0x2C, 0x00, 0x16, 0x00, 0x2E, 0x00, 0x32, 0x00, 0x28,
0x00, 0x34, 0x00, 0x3D, 0x00, 0x2D, 0x00, 0x41, 0x00, 0x41, 0x00, 0x37, 0x00, 0x43, 0x00, 0x49,
0x00, 0x38, 0x00, 0x4B, 0x00, 0x56, 0x00, 0x3F, 0x00, 0x58, 0x00, 0x58, 0x00, 0x4B, 0x00, 0x60,
0x00, 0x66, 0x00, 0x4C, 0x00, 0x68, 0x00, 0x6B, 0x00, 0x53, 0x00, 0x6D, 0x00, 0x70, 0x00, 0x57,
0x00, 0x72, 0x00, 0x8B, 0x00, 0x5B, 0x00, 0x94, 0x00, 0x97, 0x00, 0x75, 0x00, 0x99, 0x00, 0x99,
0x00, 0x79, 0x00, 0x9F, 0x00, 0xB7, 0x00, 0x7A, 0x00, 0xB9, 0x00, 0xBD, 0x00, 0x93, 0x00, 0xBF,
0x00, 0xC2, 0x00, 0x98, 0x00, 0xC4, 0x00, 0xCA, 0x00, 0x9C, 0x00, 0xCC, 0x00, 0xD1, 0x00, 0xA3,
0x00, 0xD3, 0x00, 0xD3, 0x00, 0xA9, 0x00, 0xD6, 0x00, 0xDD, 0x00, 0xAA, 0x00, 0xDF, 0x00, 0xE3,
0x00, 0xB2, 0x00, 0xE5, 0x00, 0xEE, 0x00, 0xB7, 0x00, 0xF2, 0x00, 0xF2, 0x00, 0xC1, 0x00, 0xF4,
0x00, 0xF9, 0x00, 0xC2, 0x00, 0xFB, 0x00, 0xFF, 0x00, 0xC8, 0x01, 0x01, 0x01, 0x07, 0x00, 0xCD,
0x01, 0x09, 0x01, 0x09, 0x00, 0xD4, 0x01, 0x14, 0x01, 0x1A, 0x00, 0xD5, 0x01, 0x1C, 0x01, 0x1F,
0x00, 0xDC, 0x01, 0x21, 0x01, 0x24, 0x00, 0xE0, 0x01, 0x26, 0x01, 0x2C, 0x00, 0xE4, 0x01, 0x2F,
0x01, 0x3F, 0x00, 0xEB, 0x01, 0x48, 0x01, 0x4B, 0x00, 0xFC, 0x01, 0x4D, 0x01, 0x4D, 0x01, 0x00,
0x01, 0x53, 0x01, 0x65, 0x01, 0x01, 0x01, 0x67, 0x01, 0x68, 0x01, 0x14, 0x01, 0xDF, 0x01, 0xF2,
0x01, 0x16, 0x01, 0xFC, 0x01, 0xFD, 0x01, 0x2A, 0x02, 0x00, 0x02, 0x00, 0x01, 0x2C, 0x02, 0x02,
0x02, 0x02, 0x01, 0x2D, 0x02, 0x04, 0x02, 0x04, 0x01, 0x2E, 0x02, 0x09, 0x02, 0x09, 0x01, 0x2F,
0x02, 0x0B, 0x02, 0x10, 0x01, 0x30, 0x02, 0x16, 0x02, 0x17, 0x01, 0x36, 0x02, 0x19, 0x02, 0x19,
0x01, 0x38, 0x02, 0x1B, 0x02, 0x1B, 0x01, 0x39, 0x02, 0x1D, 0x02, 0x1D, 0x01, 0x3A, 0x02, 0x1F,
0x02, 0x1F, 0x01, 0x3B, 0x02, 0x26, 0x02, 0x27, 0x01, 0x3C, 0x02, 0x2B, 0x02, 0x2C, 0x01, 0x3E,
0x00, 0x16, 0x00, 0x01, 0xFF, 0xB5, 0x00, 0x02, 0xFF, 0xB5, 0x00, 0x03, 0xFF, 0xB5, 0x00, 0x04,
0xFF, 0xB5, 0x00, 0x05, 0xFF, 0xB5, 0x00, 0x06, 0xFF, 0xB5, 0x00, 0x08, 0xFF, 0xB5, 0x00, 0x09,
0xFF, 0xB5, 0x00, 0x0A, 0xFF, 0xB5, 0x00, 0x0B, 0xFF, 0xB5, 0x00, 0x0C, 0xFF, 0xB5, 0x00, 0x0E,
0xFF, 0xB5, 0x00, 0x0F, 0xFF, 0xB5, 0x00, 0x10, 0xFF, 0xB5, 0x00, 0x11, 0xFF, 0xB5, 0x00, 0x13,
0xFF, 0xB5, 0x00, 0x14, 0xFF, 0xB5, 0x00, 0x15, 0xFF, 0xB5, 0x00, 0x16, 0xFF, 0xB5, 0x00, 0x17,
0xFF, 0xB5, 0x00, 0x18, 0xFF, 0xB5, 0x00, 0x19, 0xFF, 0xB5, 0x00, 0x05, 0x00, 0x9F, 0x00, 0x0A,
0x00, 0xAE, 0xFF, 0xFB, 0x00, 0xAF, 0xFF, 0xFB, 0x00, 0xB0, 0xFF, 0xFB, 0x00, 0xB1, 0xFF, 0xFB,
0x00, 0x0E, 0x01, 0x53, 0xFF, 0xF6, 0x01, 0x54, 0xFF, 0xF6, 0x01, 0x55, 0xFF, 0xF6, 0x01, 0x56,
0xFF, 0xF6, 0x01, 0x57, 0xFF, 0xF6, 0x01, 0x58, 0xFF, 0xF6, 0x01, 0x5A, 0xFF, 0xF6, 0x01, 0x5B,
0xFF, 0xF6, 0x01, 0x5C, 0xFF, 0xF6, 0x01, 0x5D, 0xFF, 0xF6, 0x01, 0x5E, 0xFF, 0xF6, 0x01, 0x5F,
0xFF, 0xF6, 0x01, 0x60, 0xFF, 0xF6, 0x01, 0x61, 0xFF, 0xF6, 0x00, 0x05, 0x00, 0x9F, 0xFF, 0xE2,
0x00, 0xAE, 0xFF, 0xF1, 0x00, 0xAF, 0xFF, 0xF1, 0x00, 0xB0, 0xFF, 0xF1, 0x00, 0xB1, 0xFF, 0xF1,
0x00, 0x01, 0x00, 0xA5, 0xFF, 0xEC, 0x00, 0x01, 0x01, 0x53, 0xFF, 0xF1, 0x00, 0x21, 0x00, 0x87,
0x00, 0x14, 0x00, 0x88, 0x00, 0x14, 0x00, 0x89, 0x00, 0x14, 0x00, 0x8A, 0x00, 0x14, 0x00, 0x8B,
0x00, 0x14, 0x00, 0x9F, 0x00, 0x14, 0x00, 0xA0, 0x00, 0x14, 0x00, 0xA1, 0x00, 0x14, 0x00, 0xA2,
0x00, 0x14, 0x00, 0xA3, 0x00, 0x14, 0x00, 0xA4, 0x00, 0x14, 0x00, 0xA5, 0x00, 0x0A, 0x00, 0xA6,
0x00, 0x14, 0x00, 0xA7, 0x00, 0x14, 0x00, 0xA8, 0x00, 0x14, 0x00, 0xA9, 0x00, 0x14, 0x00, 0xAA,
0x00, 0x14, 0x00, 0xAB, 0x00, 0x14, 0x00, 0xAC, 0x00, 0x14, 0x00, 0xAD, 0x00, 0x14, 0x00, 0xEA,
0x00, 0x0A, 0x00, 0xEB, 0x00, 0x0A, 0x00, 0xEC, 0x00, 0x0A, 0x00, 0xED, 0x00, 0x0A, 0x00, 0xEE,
0x00, 0x0A, 0x00, 0xF2, 0x00, 0x00, 0x00, 0xF4, 0x00, 0x00, 0x00, 0xF6, 0x00, 0x00, 0x00, 0xF8,
0x00, 0x00, 0x00, 0xF9, 0x00, 0x00, 0x00, 0xFB, 0x00, 0x00, 0x00, 0xFC, 0x00, 0x00, 0x00, 0xFE,
0x00, 0x00, 0x00, 0x41, 0x00, 0xCC, 0xFF, 0xC4, 0x00, 0xCD, 0xFF, 0xC4, 0x00, 0xCE, 0xFF, 0xC4,
0x00, 0xCF, 0xFF, 0xC4, 0x00, 0xD0, 0xFF, 0xC4, 0x00, 0xD1, 0xFF, 0xC4, 0x00, 0xD6, 0xFF, 0xC4,
0x00, 0xD7, 0xFF, 0xC4, 0x00, 0xD8, 0xFF, 0xC4, 0x00, 0xD9, 0xFF, 0xC4, 0x00, 0xDA, 0xFF, 0xC4,
0x00, 0xDB, 0xFF, 0xC4, 0x00, 0xDC, 0xFF, 0xC4, 0x00, 0xDD, 0xFF, 0xC4, 0x00, 0xDF, 0xFF, 0xC4,
0x00, 0xE0, 0xFF, 0xC4, 0x00, 0xE1, 0xFF, 0xC4, 0x00, 0xE2, 0xFF, 0xC4, 0x00, 0xE3, 0xFF, 0xC4,
0x00, 0xE5, 0xFF, 0xC4, 0x00, 0xE6, 0xFF, 0xC4, 0x00, 0xE7, 0xFF, 0xC4, 0x00, 0xE8, 0xFF, 0xC4,
0x01, 0x14, 0xFF, 0xC4, 0x01, 0x15, 0xFF, 0xC4, 0x01, 0x16, 0xFF, 0xC4, 0x01, 0x17, 0xFF, 0xC4,
0x01, 0x18, 0xFF, 0xC4, 0x01, 0x19, 0xFF, 0xC4, 0x01, 0x1A, 0xFF, 0xC4, 0x01, 0x1C, 0xFF, 0xC4,
0x01, 0x1D, 0xFF, 0xC4, 0x01, 0x1E, 0xFF, 0xC4, 0x01, 0x1F, 0xFF, 0xC4, 0x01, 0x21, 0xFF, 0xC4,
0x01, 0x22, 0xFF, 0xC4, 0x01, 0x23, 0xFF, 0xC4, 0x01, 0x24, 0xFF, 0xC4, 0x01, 0x26, 0xFF, 0xC4,
0x01, 0x27, 0xFF, 0xC4, 0x01, 0x28, 0xFF, 0xC4, 0x01, 0x29, 0xFF, 0xC4, 0x01, 0x2A, 0xFF, 0xC4,
0x01, 0x2B, 0xFF, 0xC4, 0x01, 0x2C, 0xFF, 0xC4, 0x01, 0x2D, 0x00, 0x0A, 0x01, 0x2E, 0x00, 0x0A,
0x01, 0x40, 0xFF, 0xDD, 0x01, 0x41, 0xFF, 0xDD, 0x01, 0x42, 0xFF, 0xDD, 0x01, 0x43, 0xFF, 0xDD,
0x01, 0x44, 0xFF, 0xDD, 0x01, 0x45, 0xFF, 0xDD, 0x01, 0x46, 0xFF, 0xDD, 0x01, 0x48, 0xFF, 0xDD,
0x01, 0x49, 0xFF, 0xDD, 0x01, 0x4A, 0xFF, 0xDD, 0x01, 0x4B, 0xFF, 0xDD, 0x01, 0x4D, 0xFF, 0xDD,
0x01, 0x4E, 0xFF, 0xDD, 0x01, 0x4F, 0xFF, 0xDD, 0x01, 0x50, 0xFF, 0xDD, 0x01, 0x51, 0xFF, 0xDD,
0x01, 0x52, 0xFF, 0xDD, 0x01, 0x59, 0x00, 0x14, 0x00, 0x02, 0x00, 0x9F, 0xFF, 0xE7, 0x01, 0x59,
0xFF, 0xDD, 0x00, 0x17, 0x00, 0x01, 0xFF, 0xD3, 0x00, 0x02, 0xFF, 0xD3, 0x00, 0x03, 0xFF, 0xD3,
0x00, 0x04, 0xFF, 0xD3, 0x00, 0x05, 0xFF, 0xD3, 0x00, 0x06, 0xFF, 0xD3, 0x00, 0x08, 0xFF, 0xD3,
0x00, 0x09, 0xFF, 0xD3, 0x00, 0x0A, 0xFF, 0xD3, 0x00, 0x0B, 0xFF, 0xD3, 0x00, 0x0C, 0xFF, 0xD3,
0x00, 0x0E, 0xFF, 0xD3, 0x00, 0x0F, 0xFF, 0xD3, 0x00, 0x10, 0xFF, 0xD3, 0x00, 0x11, 0xFF, 0xD3,
0x00, 0x13, 0xFF, 0xD3, 0x00, 0x14, 0xFF, 0xD3, 0x00, 0x15, 0xFF, 0xD3, 0x00, 0x16, 0xFF, 0xD3,
0x00, 0x17, 0xFF, 0xD3, 0x00, 0x18, 0xFF, 0xD3, 0x00, 0x19, 0xFF, 0xD3, 0x00, 0xFC, 0x00, 0x28,
0x00, 0x31, 0x00, 0x42, 0xFF, 0xE2, 0x00, 0x87, 0xFF, 0xA6, 0x00, 0x88, 0xFF, 0xA6, 0x00, 0x89,
0xFF, 0xA6, 0x00, 0x8A, 0xFF, 0xA6, 0x00, 0x8B, 0xFF, 0xA6, 0x00, 0x8C, 0xFF, 0xE2, 0x00, 0x8D,
0xFF, 0xE2, 0x00, 0x8E, 0xFF, 0xE2, 0x00, 0x8F, 0xFF, 0xE2, 0x00, 0x90, 0xFF, 0xE2, 0x00, 0x91,
0xFF, 0xE2, 0x00, 0x92, 0xFF, 0xE2, 0x00, 0x94, 0xFF, 0xE2, 0x00, 0x95, 0xFF, 0xE2, 0x00, 0x96,
0xFF, 0xE2, 0x00, 0x97, 0xFF, 0xE2, 0x00, 0x99, 0xFF, 0xE2, 0x00, 0x9A, 0xFF, 0xE2, 0x00, 0x9B,
0xFF, 0xE2, 0x00, 0x9C, 0xFF, 0xE2, 0x00, 0x9D, 0xFF, 0xE2, 0x00, 0x9E, 0xFF, 0xE2, 0x00, 0xB2,
0xFF, 0xF6, 0x00, 0xB3, 0xFF, 0xF6, 0x00, 0xB4, 0xFF, 0xF6, 0x00, 0xB5, 0xFF, 0xF6, 0x00, 0xB6,
0xFF, 0xF6, 0x00, 0xB7, 0xFF, 0xF6, 0x00, 0xB9, 0xFF, 0xF6, 0x00, 0xBA, 0xFF, 0xF6, 0x00, 0xBB,
0xFF, 0xF6, 0x00, 0xBC, 0xFF, 0xF6, 0x00, 0xBD, 0xFF, 0xF6, 0x00, 0xBF, 0xFF, 0xF6, 0x00, 0xC0,
0xFF, 0xF6, 0x00, 0xC1, 0xFF, 0xF6, 0x00, 0xC2, 0xFF, 0xF6, 0x00, 0xC4, 0xFF, 0xF6, 0x00, 0xC5,
0xFF, 0xF6, 0x00, 0xC6, 0xFF, 0xF6, 0x00, 0xC7, 0xFF, 0xF6, 0x00, 0xC8, 0xFF, 0xF6, 0x00, 0xC9,
0xFF, 0xF6, 0x00, 0xCA, 0xFF, 0xF6, 0x01, 0x62, 0x00, 0x0A, 0x01, 0x63, 0x00, 0x0A, 0x01, 0x64,
0x00, 0x0A, 0x01, 0x65, 0x00, 0x0A, 0x00, 0x06, 0x00, 0x87, 0xFF, 0xEC, 0x00, 0x88, 0xFF, 0xEC,
0x00, 0x89, 0xFF, 0xEC, 0x00, 0x8A, 0xFF, 0xEC, 0x00, 0x8B, 0xFF, 0xEC, 0x00, 0x9F, 0xFF, 0xEC,
0x00, 0x01, 0x00, 0x9F, 0xFF, 0xC4, 0x00, 0x12, 0x00, 0x9F, 0x00, 0x0A, 0x01, 0x40, 0xFF, 0xFB,
0x01, 0x41, 0xFF, 0xFB, 0x01, 0x42, 0xFF, 0xFB, 0x01, 0x43, 0xFF, 0xFB, 0x01, 0x44, 0xFF, 0xFB,
0x01, 0x45, 0xFF, 0xFB, 0x01, 0x46, 0xFF, 0xFB, 0x01, 0x48, 0xFF, 0xFB, 0x01, 0x49, 0xFF, 0xFB,
0x01, 0x4A, 0xFF, 0xFB, 0x01, 0x4B, 0xFF, 0xFB, 0x01, 0x4D, 0xFF, 0xFB, 0x01, 0x4E, 0xFF, 0xFB,
0x01, 0x4F, 0xFF, 0xFB, 0x01, 0x50, 0xFF, 0xFB, 0x01, 0x51, 0xFF, 0xFB, 0x01, 0x52, 0xFF, 0xFB,
0x00, 0x07, 0x00, 0x9F, 0x00, 0x0A, 0x00, 0xA5, 0xFF, 0xF6, 0x01, 0x3B, 0x00, 0x14, 0x01, 0x3C,
0x00, 0x14, 0x01, 0x3D, 0x00, 0x14, 0x01, 0x3E, 0x00, 0x14, 0x01, 0x3F, 0x00, 0x14, 0x00, 0x01,
0x00, 0x9F, 0x00, 0x14, 0x00, 0x0F, 0x00, 0xE9, 0x00, 0x14, 0x00, 0xF2, 0x00, 0x14, 0x00, 0xF4,
0x00, 0x14, 0x00, 0xF5, 0x00, 0x14, 0x00, 0xF6, 0x00, 0x14, 0x00, 0xF7, 0x00, 0x14, 0x00, 0xF8,
0x00, 0x14, 0x00, 0xF9, 0x00, 0x14, 0x00, 0xFB, 0x00, 0x14, 0x00, 0xFC, 0x00, 0x14, 0x00, 0xFD,
0x00, 0x14, 0x00, 0xFE, 0x00, 0x14, 0x01, 0x3A, 0x00, 0x14, 0x01, 0x67, 0x00, 0x14, 0x01, 0x68,
0x00, 0x14, 0x00, 0x10, 0x00, 0x9F, 0x00, 0x0A, 0x00, 0xE9, 0x00, 0x14, 0x00, 0xF2, 0x00, 0x14,
0x00, 0xF4, 0x00, 0x14, 0x00, 0xF5, 0x00, 0x14, 0x00, 0xF6, 0x00, 0x14, 0x00, 0xF7, 0x00, 0x14,
0x00, 0xF8, 0x00, 0x14, 0x00, 0xF9, 0x00, 0x14, 0x00, 0xFB, 0x00, 0x14, 0x00, 0xFC, 0x00, 0x14,
0x00, 0xFD, 0x00, 0x14, 0x00, 0xFE, 0x00, 0x14, 0x01, 0x3A, 0x00, 0x14, 0x01, 0x67, 0x00, 0x14,
0x01, 0x68, 0x00, 0x14, 0x00, 0x13, 0x00, 0xAE, 0xFF, 0xF6, 0x00, 0xAF, 0xFF, 0xF6, 0x00, 0xB0,
0xFF, 0xF6, 0x00, 0xB1, 0xFF, 0xF6, 0x00, 0xE9, 0x00, 0x14, 0x00, 0xF2, 0x00, 0x14, 0x00, 0xF4,
0x00, 0x14, 0x00, 0xF5, 0x00, 0x14, 0x00, 0xF6, 0x00, 0x14, 0x00, 0xF7, 0x00, 0x14, 0x00, 0xF8,
0x00, 0x14, 0x00, 0xF9, 0x00, 0x14, 0x00, 0xFB, 0x00, 0x14, 0x00, 0xFC, 0x00, 0x14, 0x00, 0xFD,
0x00, 0x14, 0x00, 0xFE, 0x00, 0x14, 0x01, 0x3A, 0x00, 0x14, 0x01, 0x67, 0x00, 0x14, 0x01, 0x68,
0x00, 0x14, 0x00, 0x17, 0x00, 0x01, 0xFF, 0xCE, 0x00, 0x02, 0xFF, 0xCE, 0x00, 0x03, 0xFF, 0xCE,
0x00, 0x04, 0xFF, 0xCE, 0x00, 0x05, 0xFF, 0xCE, 0x00, 0x06, 0xFF, 0xCE, 0x00, 0x08, 0xFF, 0xCE,
0x00, 0x09, 0xFF, 0xCE, 0x00, 0x0A, 0xFF, 0xCE, 0x00, 0x0B, 0xFF, 0xCE, 0x00, 0x0C, 0xFF, 0xCE,
0x00, 0x0E, 0xFF, 0xCE, 0x00, 0x0F, 0xFF, 0xCE, 0x00, 0x10, 0xFF, 0xCE, 0x00, 0x11, 0xFF, 0xCE,
0x00, 0x13, 0xFF, 0xCE, 0x00, 0x14, 0xFF, 0xCE, 0x00, 0x15, 0xFF, 0xCE, 0x00, 0x16, 0xFF, 0xCE,
0x00, 0x17, 0xFF, 0xCE, 0x00, 0x18, 0xFF, 0xCE, 0x00, 0x19, 0xFF, 0xCE, 0x01, 0x53, 0x00, 0x14,
0x00, 0x01, 0x01, 0x53, 0x00, 0x14, 0x00, 0x42, 0x00, 0x87, 0xFF, 0xF6, 0x00, 0x88, 0xFF, 0xF6,
0x00, 0x89, 0xFF, 0xF6, 0x00, 0x8A, 0xFF, 0xF6, 0x00, 0x8B, 0xFF, 0xF6, 0x00, 0xA0, 0x00, 0x05,
0x00, 0xA1, 0x00, 0x05, 0x00, 0xA2, 0x00, 0x05, 0x00, 0xA3, 0x00, 0x05, 0x00, 0xA4, 0x00, 0x05,
0x00, 0xA5, 0xFF, 0xE2, 0x00, 0xCC, 0x00, 0x0A, 0x00, 0xCD, 0x00, 0x0A, 0x00, 0xCE, 0x00, 0x0A,
0x00, 0xCF, 0x00, 0x0A, 0x00, 0xD0, 0x00, 0x0A, 0x00, 0xD1, 0x00, 0x0A, 0x00, 0xD2, 0x00, 0x0A,
0x00, 0xD3, 0x00, 0x0A, 0x00, 0xD4, 0x00, 0x0A, 0x00, 0xD5, 0x00, 0x0A, 0x00, 0xD6, 0x00, 0x0A,
0x00, 0xD7, 0x00, 0x0A, 0x00, 0xD8, 0x00, 0x0A, 0x00, 0xD9, 0x00, 0x0A, 0x00, 0xDA, 0x00, 0x0A,
0x00, 0xDB, 0x00, 0x0A, 0x00, 0xDC, 0x00, 0x0A, 0x00, 0xDD, 0x00, 0x0A, 0x00, 0xDF, 0x00, 0x0A,
0x00, 0xE0, 0x00, 0x0A, 0x00, 0xE1, 0x00, 0x0A, 0x00, 0xE2, 0x00, 0x0A, 0x00, 0xE3, 0x00, 0x0A,
0x00, 0xE5, 0x00, 0x0A, 0x00, 0xE6, 0x00, 0x0A, 0x00, 0xE7, 0x00, 0x0A, 0x00, 0xE8, 0x00, 0x0A,
0x01, 0x14, 0x00, 0x0A, 0x01, 0x15, 0x00, 0x0A, 0x01, 0x16, 0x00, 0x0A, 0x01, 0x17, 0x00, 0x0A,
0x01, 0x18, 0x00, 0x0A, 0x01, 0x19, 0x00, 0x0A, 0x01, 0x1A, 0x00, 0x0A, 0x01, 0x1C, 0x00, 0x0A,
0x01, 0x1D, 0x00, 0x0A, 0x01, 0x1E, 0x00, 0x0A, 0x01, 0x1F, 0x00, 0x0A, 0x01, 0x21, 0x00, 0x0A,
0x01, 0x22, 0x00, 0x0A, 0x01, 0x23, 0x00, 0x0A, 0x01, 0x24, 0x00, 0x0A, 0x01, 0x26, 0x00, 0x0A,
0x01, 0x27, 0x00, 0x0A, 0x01, 0x28, 0x00, 0x0A, 0x01, 0x29, 0x00, 0x0A, 0x01, 0x2A, 0x00, 0x0A,
0x01, 0x2B, 0x00, 0x0A, 0x01, 0x2C, 0x00, 0x0A, 0x01, 0x2F, 0x00, 0x0A, 0x01, 0x54, 0x00, 0x0A,
0x01, 0x55, 0x00, 0x0A, 0x01, 0x56, 0x00, 0x0A, 0x01, 0x57, 0x00, 0x0A, 0x01, 0x58, 0x00, 0x0A,
0x00, 0x1A, 0x00, 0xF2, 0x00, 0x14, 0x00, 0xF4, 0x00, 0x14, 0x00, 0xF5, 0x00, 0x14, 0x00, 0xF6,
0x00, 0x14, 0x00, 0xF7, 0x00, 0x14, 0x00, 0xF8, 0x00, 0x14, 0x00, 0xF9, 0x00, 0x14, 0x00, 0xFB,
0x00, 0x14, 0x00, 0xFC, 0x00, 0x14, 0x00, 0xFD, 0x00, 0x14, 0x00, 0xFE, 0x00, 0x14, 0x01, 0x53,
0x00, 0x14, 0x01, 0x54, 0x00, 0x14, 0x01, 0x55, 0x00, 0x14, 0x01, 0x56, 0x00, 0x14, 0x01, 0x57,
0x00, 0x14, 0x01, 0x58, 0x00, 0x14, 0x01, 0x59, 0x00, 0x0A, 0x01, 0x5A, 0x00, 0x14, 0x01, 0x5B,
0x00, 0x14, 0x01, 0x5C, 0x00, 0x14, 0x01, 0x5D, 0x00, 0x14, 0x01, 0x5E, 0x00, 0x14, 0x01, 0x5F,
0x00, 0x14, 0x01, 0x60, 0x00, 0x14, 0x01, 0x61, 0x00, 0x14, 0x00, 0x05, 0x00, 0x4E, 0x00, 0x05,
0x00, 0x4F, 0x00, 0x05, 0x00, 0x50, 0x00, 0x05, 0x01, 0x53, 0xFF, 0xEC, 0x01, 0x59, 0xFF, 0xEC,
0x00, 0x0B, 0x00, 0x80, 0xFF, 0xFB, 0x00, 0x81, 0xFF, 0xFB, 0x00, 0x82, 0xFF, 0xFB, 0x00, 0x83,
0xFF, 0xFB, 0x00, 0x84, 0xFF, 0xFB, 0x00, 0x85, 0xFF, 0xFB, 0x01, 0x3B, 0xFF, 0xF6, 0x01, 0x3C,
0xFF, 0xF6, 0x01, 0x3D, 0xFF, 0xF6, 0x01, 0x3E, 0xFF, 0xF6, 0x01, 0x3F, 0xFF, 0xF6, 0x00, 0x0B,
0x00, 0x41, 0xFF, 0xEC, 0x00, 0x43, 0xFF, 0xEC, 0x00, 0x44, 0xFF, 0xEC, 0x00, 0x45, 0xFF, 0xEC,
0x00, 0x46, 0xFF, 0xEC, 0x00, 0x47, 0xFF, 0xEC, 0x00, 0x48, 0xFF, 0xEC, 0x00, 0x49, 0xFF, 0xEC,
0x00, 0x4B, 0xFF, 0xEC, 0x00, 0x4C, 0xFF, 0xEC, 0x00, 0x4D, 0xFF, 0xEC, 0x00, 0x25, 0x00, 0x01,
0x00, 0x05, 0x00, 0x02, 0x00, 0x05, 0x00, 0x03, 0x00, 0x05, 0x00, 0x04, 0x00, 0x05, 0x00, 0x05,
0x00, 0x05, 0x00, 0x06, 0x00, 0x05, 0x00, 0x08, 0x00, 0x05, 0x00, 0x09, 0x00, 0x05, 0x00, 0x0A,
0x00, 0x05, 0x00, 0x0B, 0x00, 0x05, 0x00, 0x0C, 0x00, 0x05, 0x00, 0x0E, 0x00, 0x05, 0x00, 0x0F,
0x00, 0x05, 0x00, 0x10, 0x00, 0x05, 0x00, 0x11, 0x00, 0x05, 0x00, 0x13, 0x00, 0x05, 0x00, 0x14,
0x00, 0x05, 0x00, 0x15, 0x00, 0x05, 0x00, 0x16, 0x00, 0x05, 0x00, 0x17, 0x00, 0x05, 0x00, 0x18,
0x00, 0x05, 0x00, 0x19, 0x00, 0x05, 0x00, 0xA0, 0xFF, 0xD8, 0x00, 0xA1, 0xFF, 0xD8, 0x00, 0xA2,
0xFF, 0xD8, 0x00, 0xA3, 0xFF, 0xD8, 0x00, 0xA4, 0xFF, 0xD8, 0x00, 0xE9, 0xFF, 0xEC, 0x01, 0x3A,
0xFF, 0xEC, 0x01, 0x53, 0xFF, 0xE2, 0x01, 0x54, 0xFF, 0xE2, 0x01, 0x55, 0xFF, 0xE2, 0x01, 0x56,
0xFF, 0xE2, 0x01, 0x57, 0xFF, 0xE2, 0x01, 0x58, 0xFF, 0xE2, 0x01, 0x67, 0xFF, 0xEC, 0x01, 0x68,
0xFF, 0xEC, 0x00, 0x1E, 0x00, 0x01, 0x00, 0x0A, 0x00, 0x02, 0x00, 0x0A, 0x00, 0x03, 0x00, 0x0A,
0x00, 0x04, 0x00, 0x0A, 0x00, 0x05, 0x00, 0x0A, 0x00, 0x06, 0x00, 0x0A, 0x00, 0x08, 0x00, 0x0A,
0x00, 0x09, 0x00, 0x0A, 0x00, 0x0A, 0x00, 0x0A, 0x00, 0x0B, 0x00, 0x0A, 0x00, 0x0C, 0x00, 0x0A,
0x00, 0x0E, 0x00, 0x0A, 0x00, 0x0F, 0x00, 0x0A, 0x00, 0x10, 0x00, 0x0A, 0x00, 0x11, 0x00, 0x0A,
0x00, 0x13, 0x00, 0x0A, 0x00, 0x14, 0x00, 0x0A, 0x00, 0x15, 0x00, 0x0A, 0x00, 0x16, 0x00, 0x0A,
0x00, 0x17, 0x00, 0x0A, 0x00, 0x18, 0x00, 0x0A, 0x00, 0x19, 0x00, 0x0A, 0x00, 0xA6, 0xFF, 0xBA,
0x00, 0xA7, 0xFF, 0xBA, 0x00, 0xA8, 0xFF, 0xBA, 0x00, 0xA9, 0xFF, 0xBA, 0x00, 0xAA, 0xFF, 0xBA,
0x00, 0xAB, 0xFF, 0xBA, 0x00, 0xAC, 0xFF, 0xBA, 0x00, 0xAD, 0xFF, 0xBA, 0x00, 0x09, 0x00, 0xE9,
0xFF, 0xF6, 0x01, 0x3A, 0xFF, 0xF6, 0x01, 0x3B, 0xFF, 0xF6, 0x01, 0x3C, 0xFF, 0xF6, 0x01, 0x3D,
0xFF, 0xF6, 0x01, 0x3E, 0xFF, 0xF6, 0x01, 0x3F, 0xFF, 0xF6, 0x01, 0x67, 0xFF, 0xF6, 0x01, 0x68,
0xFF, 0xF6, 0x00, 0x67, 0x00, 0x01, 0x00, 0x14, 0x00, 0x02, 0x00, 0x14, 0x00, 0x03, 0x00, 0x14,
0x00, 0x04, 0x00, 0x14, 0x00, 0x05, 0x00, 0x14, 0x00, 0x06, 0x00, 0x14, 0x00, 0x08, 0x00, 0x14,
0x00, 0x09, 0x00, 0x14, 0x00, 0x0A, 0x00, 0x14, 0x00, 0x0B, 0x00, 0x14, 0x00, 0x0C, 0x00, 0x14,
0x00, 0x0E, 0x00, 0x14, 0x00, 0x0F, 0x00, 0x14, 0x00, 0x10, 0x00, 0x14, 0x00, 0x11, 0x00, 0x14,
0x00, 0x13, 0x00, 0x14, 0x00, 0x14, 0x00, 0x14, 0x00, 0x15, 0x00, 0x14, 0x00, 0x16, 0x00, 0x14,
0x00, 0x17, 0x00, 0x14, 0x00, 0x18, 0x00, 0x14, 0x00, 0x19, 0x00, 0x14, 0x00, 0x41, 0x00, 0x0A,
0x00, 0x43, 0x00, 0x0A, 0x00, 0x44, 0x00, 0x0A, 0x00, 0x45, 0x00, 0x0A, 0x00, 0x46, 0x00, 0x0A,
0x00, 0x47, 0x00, 0x0A, 0x00, 0x48, 0x00, 0x0A, 0x00, 0x49, 0x00, 0x0A, 0x00, 0x4B, 0x00, 0x0A,
0x00, 0x4C, 0x00, 0x0A, 0x00, 0x4D, 0x00, 0x0A, 0x00, 0x9F, 0xFF, 0xCE, 0x00, 0xA5, 0x00, 0x0A,
0x00, 0xAE, 0x00, 0x14, 0x00, 0xAF, 0x00, 0x14, 0x00, 0xB0, 0x00, 0x14, 0x00, 0xB1, 0x00, 0x14,
0x00, 0xCC, 0x00, 0x05, 0x00, 0xCD, 0x00, 0x05, 0x00, 0xCE, 0x00, 0x05, 0x00, 0xCF, 0x00, 0x05,
0x00, 0xD0, 0x00, 0x05, 0x00, 0xD1, 0x00, 0x05, 0x00, 0xD6, 0x00, 0x05, 0x00, 0xD7, 0x00, 0x05,
0x00, 0xD8, 0x00, 0x05, 0x00, 0xD9, 0x00, 0x05, 0x00, 0xDA, 0x00, 0x05, 0x00, 0xDB, 0x00, 0x05,
0x00, 0xDC, 0x00, 0x05, 0x00, 0xDD, 0x00, 0x05, 0x00, 0xDF, 0x00, 0x05, 0x00, 0xE0, 0x00, 0x05,
0x00, 0xE1, 0x00, 0x05, 0x00, 0xE2, 0x00, 0x05, 0x00, 0xE3, 0x00, 0x05, 0x00, 0xE5, 0x00, 0x05,
0x00, 0xE6, 0x00, 0x05, 0x00, 0xE7, 0x00, 0x05, 0x00, 0xE8, 0x00, 0x05, 0x01, 0x14, 0x00, 0x05,
0x01, 0x15, 0x00, 0x05, 0x01, 0x16, 0x00, 0x05, 0x01, 0x17, 0x00, 0x05, 0x01, 0x18, 0x00, 0x05,
0x01, 0x19, 0x00, 0x05, 0x01, 0x1A, 0x00, 0x05, 0x01, 0x1C, 0x00, 0x05, 0x01, 0x1D, 0x00, 0x05,
0x01, 0x1E, 0x00, 0x05, 0x01, 0x1F, 0x00, 0x05, 0x01, 0x21, 0x00, 0x05, 0x01, 0x22, 0x00, 0x05,
0x01, 0x23, 0x00, 0x05, 0x01, 0x24, 0x00, 0x05, 0x01, 0x26, 0x00, 0x05, 0x01, 0x27, 0x00, 0x05,
0x01, 0x28, 0x00, 0x05, 0x01, 0x29, 0x00, 0x05, 0x01, 0x2A, 0x00, 0x05, 0x01, 0x2B, 0x00, 0x05,
0x01, 0x2C, 0x00, 0x05, 0x01, 0x3B, 0xFF, 0xF6, 0x01, 0x3C, 0xFF, 0xF6, 0x01, 0x3D, 0xFF, 0xF6,
0x01, 0x3E, 0xFF, 0xF6, 0x01, 0x3F, 0xFF, 0xF6, 0x01, 0x53, 0xFF, 0xEC, 0x01, 0x54, 0xFF, 0xEC,
0x01, 0x55, 0xFF, 0xEC, 0x01, 0x56, 0xFF, 0xEC, 0x01, 0x57, 0xFF, 0xEC, 0x01, 0x58, 0xFF, 0xEC,
0x01, 0x5A, 0xFF, 0xEC, 0x01, 0x5B, 0xFF, 0xEC, 0x01, 0x5C, 0xFF, 0xEC, 0x01, 0x5D, 0xFF, 0xEC,
0x01, 0x5E, 0xFF, 0xEC, 0x01, 0x5F, 0xFF, 0xEC, 0x01, 0x60, 0xFF, 0xEC, 0x01, 0x61, 0xFF, 0xEC,
0x00, 0x10, 0x00, 0xA0, 0xFF, 0xD8, 0x00, 0xA1, 0xFF, 0xD8, 0x00, 0xA2, 0xFF, 0xD8, 0x00, 0xA3,
0xFF, 0xD8, 0x00, 0xA4, 0xFF, 0xD8, 0x00, 0xA5, 0x00, 0x0A, 0x01, 0x3B, 0xFF, 0xEC, 0x01, 0x3C,
0xFF, 0xEC, 0x01, 0x3D, 0xFF, 0xEC, 0x01, 0x3E, 0xFF, 0xEC, 0x01, 0x3F, 0xFF, 0xEC, 0x01, 0x54,
0xFF, 0xE2, 0x01, 0x55, 0xFF, 0xE2, 0x01, 0x56, 0xFF, 0xE2, 0x01, 0x57, 0xFF, 0xE2, 0x01, 0x58,
0xFF, 0xE2, 0x00, 0x19, 0x00, 0x87, 0xFF, 0xC4, 0x00, 0x88, 0xFF, 0xC4, 0x00, 0x89, 0xFF, 0xC4,
0x00, 0x8A, 0xFF, 0xC4, 0x00, 0x8B, 0xFF, 0xC4, 0x00, 0xA0, 0xFF, 0xD8, 0x00, 0xA1, 0xFF, 0xD8,
0x00, 0xA2, 0xFF, 0xD8, 0x00, 0xA3, 0xFF, 0xD8, 0x00, 0xA4, 0xFF, 0xD8, 0x00, 0xE9, 0xFF, 0xF6,
0x01, 0x3A, 0xFF, 0xF6, 0x01, 0x3B, 0xFF, 0xF6, 0x01, 0x3C, 0xFF, 0xF6, 0x01, 0x3D, 0xFF, 0xF6,
0x01, 0x3E, 0xFF, 0xF6, 0x01, 0x3F, 0xFF, 0xF6, 0x01, 0x53, 0xFF, 0xEC, 0x01, 0x54, 0xFF, 0xEC,
0x01, 0x55, 0xFF, 0xEC, 0x01, 0x56, 0xFF, 0xEC, 0x01, 0x57, 0xFF, 0xEC, 0x01, 0x58, 0xFF, 0xEC,
0x01, 0x67, 0xFF, 0xF6, 0x01, 0x68, 0xFF, 0xF6, 0x00, 0x02, 0x01, 0xE2, 0x00, 0x0A, 0x01, 0xE8,
0xFF, 0xF6, 0x00, 0x07, 0x00, 0x9F, 0xFF, 0xF6, 0x01, 0xDF, 0xFF, 0xE2, 0x01, 0xE1, 0xFF, 0xEC,
0x01, 0xE2, 0xFF, 0xEC, 0x01, 0xE9, 0x00, 0x14, 0x01, 0xEC, 0x00, 0x14, 0x01, 0xED, 0x00, 0x1E,
0x00, 0x08, 0x00, 0x9F, 0xFF, 0xF6, 0x01, 0xE9, 0x00, 0x0A, 0x02, 0x0B, 0xFF, 0xDD, 0x02, 0x0C,
0xFF, 0xDD, 0x02, 0x0D, 0xFF, 0xDD, 0x02, 0x0E, 0xFF, 0xDD, 0x02, 0x0F, 0x00, 0x14, 0x02, 0x2B,
0x00, 0x14, 0x00, 0x05, 0x00, 0x9F, 0xFF, 0xF6, 0x01, 0xDF, 0xFF, 0xEC, 0x01, 0xE8, 0xFF, 0xE7,
0x01, 0xE9, 0x00, 0x14, 0x02, 0x27, 0xFF, 0xEC, 0x00, 0x0A, 0x00, 0x9F, 0xFF, 0xF6, 0x01, 0xDF,
0xFF, 0xEC, 0x01, 0xE2, 0xFF, 0xEC, 0x01, 0xE3, 0xFF, 0xD8, 0x01, 0xE4, 0xFF, 0xEC, 0x01, 0xE5,
0xFF, 0xD8, 0x01, 0xE8, 0xFF, 0xEC, 0x01, 0xE9, 0x00, 0x14, 0x01, 0xEC, 0x00, 0x14, 0x02, 0x2B,
0x00, 0x1E, 0x00, 0x05, 0x01, 0xE9, 0x00, 0x28, 0x01, 0xEF, 0x00, 0x28, 0x01, 0xF2, 0x00, 0x28,
0x02, 0x01, 0x00, 0x14, 0x02, 0x03, 0x00, 0x1E, 0x00, 0x01, 0x02, 0x2B, 0x00, 0x0F, 0x00, 0x05,
0x01, 0xEA, 0x00, 0x00, 0x01, 0xF1, 0x00, 0x14, 0x02, 0x01, 0x00, 0x00, 0x02, 0x11, 0x00, 0x00,
0x02, 0x2B, 0x00, 0x0F, 0x00, 0x1C, 0x00, 0x4E, 0x00, 0x0A, 0x00, 0x4F, 0x00, 0x0A, 0x00, 0x50,
0x00, 0x0A, 0x00, 0x87, 0xFF, 0xEC, 0x00, 0x88, 0xFF, 0xEC, 0x00, 0x89, 0xFF, 0xEC, 0x00, 0x8A,
0xFF, 0xEC, 0x00, 0x8B, 0xFF, 0xEC, 0x01, 0x53, 0xFF, 0xFB, 0x01, 0x5A, 0xFF, 0xFB, 0x01, 0x5B,
0xFF, 0xFB, 0x01, 0x5C, 0xFF, 0xFB, 0x01, 0x5D, 0xFF, 0xFB, 0x01, 0x5E, 0xFF, 0xFB, 0x01, 0x5F,
0xFF, 0xFB, 0x01, 0x60, 0xFF, 0xFB, 0x01, 0x61, 0xFF, 0xFB, 0x01, 0xE3, 0x00, 0x1E, 0x01, 0xE4,
0x00, 0x14, 0x01, 0xE9, 0xFF, 0xEC, 0x01, 0xEA, 0xFF, 0xEC, 0x01, 0xEB, 0xFF, 0xEC, 0x01, 0xEC,
0xFF, 0xEC, 0x01, 0xEE, 0xFF, 0xEC, 0x01, 0xEF, 0xFF, 0xEC, 0x01, 0xF1, 0xFF, 0xEC, 0x01, 0xF2,
0xFF, 0xEC, 0x02, 0x0F, 0xFF, 0xCE, 0x00, 0x04, 0x01, 0xDF, 0x00, 0x05, 0x01, 0xE5, 0x00, 0x05,
0x01, 0xEA, 0xFF, 0xEC, 0x01, 0xEB, 0xFF, 0xF6, 0x00, 0x03, 0x01, 0xE9, 0x00, 0x28, 0x01, 0xEA,
0x00, 0x14, 0x01, 0xF2, 0x00, 0x14, 0x00, 0x02, 0x01, 0xE2, 0x00, 0x05, 0x02, 0x0F, 0xFF, 0xC4,
0x00, 0x01, 0x01, 0xF0, 0xFF, 0xF6, 0x00, 0x04, 0x01, 0xE2, 0x00, 0x0A, 0x01, 0xE4, 0x00, 0x0A,
0x01, 0xF1, 0xFF, 0xF6, 0x02, 0x2B, 0x00, 0x05, 0x00, 0x01, 0x02, 0x11, 0x00, 0x00, 0x00, 0x09,
0x01, 0xE9, 0x00, 0x00, 0x01, 0xEB, 0x00, 0x00, 0x01, 0xEC, 0x00, 0x00, 0x01, 0xED, 0x00, 0x00,
0x01, 0xEE, 0x00, 0x00, 0x01, 0xEF, 0x00, 0x00, 0x01, 0xF0, 0xFF, 0xF6, 0x01, 0xF1, 0x00, 0x00,
0x02, 0x11, 0x00, 0x00, 0x00, 0x0B, 0x00, 0x87, 0x00, 0x28, 0x00, 0x88, 0x00, 0x28, 0x00, 0x89,
0x00, 0x28, 0x00, 0x8A, 0x00, 0x28, 0x00, 0x8B, 0x00, 0x28, 0x00, 0x9F, 0x00, 0x28, 0x01, 0xE9,
0x00, 0x14, 0x01, 0xEB, 0x00, 0x14, 0x01, 0xEC, 0x00, 0x14, 0x01, 0xEE, 0x00, 0x14, 0x01, 0xEF,
0x00, 0x14, 0x00, 0x05, 0x01, 0xE9, 0x00, 0x14, 0x01, 0xEB, 0x00, 0x14, 0x01, 0xEC, 0x00, 0x14,
0x01, 0xEE, 0x00, 0x14, 0x01, 0xEF, 0x00, 0x14, 0x00, 0x06, 0x00, 0x9F, 0x00, 0x00, 0x01, 0xE9,
0x00, 0x14, 0x01, 0xEB, 0x00, 0x14, 0x01, 0xEC, 0x00, 0x14, 0x01, 0xEE, 0x00, 0x14, 0x01, 0xEF,
0x00, 0x14, 0x00, 0x06, 0x01, 0xE6, 0xFF, 0xF6, 0x01, 0xEA, 0x00, 0x0A, 0x01, 0xEB, 0x00, 0x0A,
0x01, 0xEE, 0x00, 0x14, 0x01, 0xEF, 0x00, 0x14, 0x01, 0xF2, 0x00, 0x14, 0x00, 0x07, 0x01, 0x53,
0x00, 0x0A, 0x01, 0xE0, 0xFF, 0xEC, 0x01, 0xE4, 0xFF, 0xEC, 0x01, 0xE5, 0xFF, 0xE2, 0x01, 0xEF,
0x00, 0x1E, 0x02, 0x11, 0x00, 0x19, 0x02, 0x2C, 0x00, 0x28, 0x00, 0x01, 0x01, 0xE2, 0x00, 0x05,
0x00, 0x01, 0x01, 0xE2, 0x00, 0x0A, 0x00, 0x02, 0x01, 0xE0, 0x00, 0x05, 0x01, 0xE2, 0x00, 0x05,
0x00, 0x05, 0x00, 0xFF, 0x00, 0x14, 0x01, 0x01, 0x00, 0x14, 0x01, 0x02, 0x00, 0x14, 0x01, 0xDF,
0x00, 0x0A, 0x02, 0x0F, 0x00, 0x0A, 0x00, 0x03, 0x01, 0xDF, 0x00, 0x0A, 0x02, 0x0F, 0x00, 0x0A,
0x02, 0x11, 0x00, 0x00, 0x00, 0x04, 0x01, 0xDF, 0x00, 0x05, 0x02, 0x11, 0x00, 0x0A, 0x02, 0x27,
0xFF, 0xF6, 0x02, 0x2C, 0x00, 0x14, 0x00, 0x09, 0x01, 0x02, 0x00, 0x23, 0x01, 0xE2, 0xFF, 0xB0,
0x01, 0xE3, 0xFF, 0x9C, 0x01, 0xE4, 0xFF, 0xB0, 0x01, 0xE5, 0xFF, 0xB0, 0x01, 0xE6, 0xFF, 0xC4,
0x01, 0xED, 0xFF, 0xF6, 0x02, 0x11, 0x00, 0x14, 0x02, 0x2C, 0x00, 0x1E, 0x00, 0x0A, 0x00, 0xFF,
0x00, 0x00, 0x01, 0x01, 0x00, 0x00, 0x01, 0x02, 0x00, 0x14, 0x01, 0x62, 0x00, 0x0A, 0x01, 0x63,
0x00, 0x0A, 0x01, 0x64, 0x00, 0x0A, 0x01, 0x65, 0x00, 0x0A, 0x01, 0xE1, 0x00, 0x0A, 0x01, 0xEF,
0xFF, 0xEC, 0x01, 0xF1, 0xFF, 0xF6, 0x00, 0x08, 0x00, 0xF5, 0x00, 0x28, 0x00, 0xF6, 0x00, 0x28,
0x00, 0xFE, 0x00, 0x28, 0x01, 0x02, 0x00, 0x28, 0x01, 0xDF, 0xFF, 0xD8, 0x01, 0xE5, 0xFF, 0xD8,
0x02, 0x11, 0x00, 0x0A, 0x02, 0x2C, 0x00, 0x1E, 0x00, 0x21, 0x00, 0xF2, 0x00, 0x00, 0x00, 0xF4,
0x00, 0x00, 0x00, 0xF5, 0x00, 0x28, 0x00, 0xF6, 0x00, 0x28, 0x00, 0xF8, 0x00, 0x00, 0x00, 0xF9,
0x00, 0x0A, 0x00, 0xFB, 0x00, 0x00, 0x00, 0xFC, 0x00, 0x28, 0x00, 0xFD, 0x00, 0x00, 0x00, 0xFE,
0x00, 0x28, 0x01, 0x53, 0xFF, 0xF6, 0x01, 0x54, 0xFF, 0xF6, 0x01, 0x55, 0xFF, 0xF6, 0x01, 0x56,
0xFF, 0xF6, 0x01, 0x57, 0xFF, 0xF6, 0x01, 0x58, 0xFF, 0xF6, 0x01, 0x59, 0xFF, 0xF6, 0x01, 0xE0,
0xFF, 0xCE, 0x01, 0xF0, 0x00, 0x14, 0x01, 0xF1, 0x00, 0x0A, 0x01, 0xF2, 0x00, 0x0A, 0x01, 0xFC,
0xFF, 0xC4, 0x01, 0xFD, 0xFF, 0xC4, 0x02, 0x00, 0xFF, 0xC4, 0x02, 0x0B, 0xFF, 0xE7, 0x02, 0x0C,
0xFF, 0xE7, 0x02, 0x0D, 0xFF, 0xE7, 0x02, 0x0E, 0xFF, 0xE7, 0x02, 0x11, 0x00, 0x14, 0x02, 0x16,
0xFF, 0xC4, 0x02, 0x17, 0xFF, 0xC4, 0x02, 0x26, 0xFF, 0xE2, 0x02, 0x2B, 0x00, 0x0A, 0x00, 0x04,
0x00, 0x9F, 0x00, 0x0F, 0x01, 0xEB, 0x00, 0x0A, 0x01, 0xEC, 0x00, 0x0A, 0x01, 0xF0, 0x00, 0x14,
0x00, 0x0B, 0x00, 0xF5, 0x00, 0x28, 0x00, 0xF6, 0x00, 0x28, 0x00, 0xFC, 0x00, 0x28, 0x00, 0xFE,
0x00, 0x28, 0x01, 0x02, 0x00, 0x28, 0x01, 0x2D, 0xFF, 0xD3, 0x01, 0xDF, 0xFF, 0xC4, 0x01, 0xE3,
0xFF, 0xBA, 0x01, 0xE6, 0xFF, 0xCE, 0x02, 0x11, 0x00, 0x14, 0x02, 0x2C, 0x00, 0x14, 0x00, 0x05,
0x01, 0xE9, 0xFF, 0xEC, 0x01, 0xEF, 0xFF, 0xEC, 0x02, 0x18, 0xFF, 0xEC, 0x02, 0x1A, 0xFF, 0xEC,
0x02, 0x2C, 0xFF, 0xF6, 0x00, 0x01, 0x01, 0xEF, 0xFF, 0xF6, 0x00, 0x04, 0x01, 0xE0, 0xFF, 0xF6,
0x01, 0xEC, 0xFF, 0xF6, 0x01, 0xEE, 0xFF, 0xFB, 0x01, 0xF2, 0xFF, 0xFB, 0x00, 0x05, 0x02, 0x0B,
0x00, 0x1E, 0x02, 0x0C, 0x00, 0x1E, 0x02, 0x0D, 0x00, 0x1E, 0x02, 0x0E, 0x00, 0x1E, 0x02, 0x2C,
0xFF, 0xF6, 0x00, 0x13, 0x01, 0x05, 0xFF, 0xF6, 0x01, 0x0C, 0xFF, 0xF6, 0x01, 0x0D, 0xFF, 0xF6,
0x01, 0x0E, 0xFF, 0xF6, 0x01, 0x10, 0xFF, 0xF6, 0x01, 0x11, 0xFF, 0xF6, 0x01, 0x12, 0xFF, 0xF6,
0x01, 0x13, 0xFF, 0xF6, 0x01, 0x30, 0xFF, 0xF6, 0x01, 0x31, 0xFF, 0xF6, 0x01, 0x32, 0xFF, 0xF6,
0x01, 0x33, 0xFF, 0xF6, 0x01, 0xEB, 0x00, 0x0A, 0x01, 0xEC, 0x00, 0x0A, 0x01, 0xFC, 0xFF, 0x9C,
0x01, 0xFD, 0xFF, 0x9C, 0x02, 0x00, 0xFF, 0x9C, 0x02, 0x16, 0xFF, 0x9C, 0x02, 0x17, 0xFF, 0x9C,
0x00, 0x01, 0x01, 0xE3, 0xFF, 0xF6, 0x00, 0x09, 0x01, 0xDF, 0x00, 0x0A, 0x01, 0xE3, 0x00, 0x14,
0x01, 0xE5, 0x00, 0x0A, 0x01, 0xE9, 0xFF, 0xBA, 0x01, 0xEA, 0xFF, 0xBA, 0x01, 0xED, 0xFF, 0xBA,
0x01, 0xEF, 0xFF, 0xBA, 0x01, 0xF1, 0xFF, 0xBA, 0x02, 0x2C, 0xFF, 0xA6, 0x00, 0x04, 0x01, 0x2D,
0xFF, 0xF6, 0x01, 0xE9, 0xFF, 0xE2, 0x01, 0xF1, 0xFF, 0xE2, 0x02, 0x11, 0x00, 0x0A, 0x00, 0x01,
0x00, 0xA5, 0xFF, 0xF1, 0x00, 0x09, 0x00, 0xF5, 0x00, 0x14, 0x00, 0xF6, 0x00, 0x14, 0x00, 0xF7,
0x00, 0x14, 0x00, 0xFC, 0x00, 0x14, 0x00, 0xFE, 0x00, 0x14, 0x01, 0x02, 0x00, 0x14, 0x01, 0xE1,
0x00, 0x05, 0x01, 0xE6, 0xFF, 0xEC, 0x02, 0x11, 0x00, 0x14, 0x00, 0x09, 0x00, 0xF5, 0x00, 0x14,
0x00, 0xF6, 0x00, 0x14, 0x00, 0xF7, 0x00, 0x14, 0x00, 0xFC, 0x00, 0x14, 0x00, 0xFE, 0x00, 0x14,
0x01, 0x02, 0x00, 0x14, 0x01, 0xE1, 0x00, 0x05, 0x01, 0xE6, 0xFF, 0xEC, 0x02, 0x11, 0x00, 0x00,
0x00, 0x02, 0x01, 0xEC, 0xFF, 0xF6, 0x02, 0x2C, 0xFF, 0xE2, 0x00, 0x13, 0x00, 0xF2, 0x00, 0x00,
0x00, 0xF4, 0x00, 0x00, 0x00, 0xF5, 0x00, 0x1E, 0x00, 0xF6, 0x00, 0x1E, 0x00, 0xF7, 0x00, 0x1E,
0x00, 0xF8, 0x00, 0x00, 0x00, 0xF9, 0x00, 0x00, 0x00, 0xFB, 0x00, 0x00, 0x00, 0xFC, 0x00, 0x1E,
0x00, 0xFD, 0x00, 0x00, 0x00, 0xFE, 0x00, 0x1E, 0x00, 0xFF, 0xFF, 0xF6, 0x01, 0x01, 0xFF, 0xF6,
0x01, 0x02, 0x00, 0x1E, 0x01, 0xE6, 0xFF, 0xEC, 0x02, 0x07, 0x00, 0x05, 0x02, 0x11, 0x00, 0x0F,
0x02, 0x20, 0x00, 0x05, 0x02, 0x21, 0x00, 0x05, 0x00, 0x04, 0x01, 0xE3, 0xFF, 0xF6, 0x01, 0xEA,
0xFF, 0xFB, 0x01, 0xF2, 0xFF, 0xF6, 0x02, 0x2C, 0xFF, 0xE7, 0x00, 0x02, 0x01, 0xF1, 0xFF, 0xFB,
0x02, 0x26, 0xFF, 0xF6, 0x00, 0x04, 0x01, 0xE1, 0xFF, 0xF6, 0x01, 0xE2, 0xFF, 0xFB, 0x01, 0xE8,
0xFF, 0xFB, 0x02, 0x2C, 0xFF, 0xE7, 0x00, 0x04, 0x01, 0xE3, 0x00, 0x05, 0x01, 0xE5, 0x00, 0x05,
0x02, 0x26, 0xFF, 0xF6, 0x02, 0x2B, 0x00, 0x05, 0x00, 0x03, 0x01, 0xF1, 0xFF, 0xFB, 0x02, 0x11,
0x00, 0x00, 0x02, 0x26, 0xFF, 0xF6, 0x00, 0x05, 0x01, 0xE3, 0x00, 0x0A, 0x01, 0xE4, 0x00, 0x0A,
0x01, 0xE5, 0x00, 0x05, 0x01, 0xF0, 0xFF, 0xBA, 0x02, 0x11, 0x00, 0x28, 0x00, 0x05, 0x01, 0xE3,
0x00, 0x0A, 0x01, 0xE4, 0x00, 0x0A, 0x01, 0xE5, 0x00, 0x05, 0x01, 0xF0, 0xFF, 0xBA, 0x02, 0x11,
0x00, 0x00, 0x00, 0x00, 0x00, 0x02, 0x00, 0x20, 0x00, 0x00, 0x01, 0xB8, 0x03, 0x0C, 0x00, 0x03,
0x00, 0x07, 0x00, 0x00, 0x73, 0x11, 0x21, 0x11, 0x25, 0x21, 0x11, 0x21, 0x20, 0x01, 0x98, 0xFE,
0xB1, 0x01, 0x06, 0xFE, 0xFA, 0x03, 0x0C, 0xFC, 0xF4, 0x49, 0x02, 0x7A, 0x00, 0x02, 0x00, 0x16,
0x00, 0x00, 0x02, 0x7A, 0x02, 0xBA, 0x00, 0x07, 0x00, 0x0B, 0x00, 0x00, 0x73, 0x13, 0x33, 0x13,
0x23, 0x27, 0x21, 0x07, 0x13, 0x33, 0x03, 0x23, 0x16, 0xEF, 0x86, 0xEF, 0x70, 0x3F, 0xFE, 0xF6,
0x3F, 0x59, 0xD6, 0x69, 0x05, 0x02, 0xBA, 0xFD, 0x46, 0xC1, 0xC1, 0x01, 0x1D, 0x01, 0x3B, 0x00,
0xFF, 0xFF, 0x00, 0x16, 0x00, 0x00, 0x02, 0x7A, 0x03, 0xBE, 0x06, 0x26, 0x00, 0x01, 0x00, 0x00,
0x00, 0x06, 0x02, 0xD7, 0x1C, 0x00, 0xFF, 0xFF, 0x00, 0x16, 0x00, 0x00, 0x02, 0x7A, 0x03, 0x9E,
0x06, 0x26, 0x00, 0x01, 0x00, 0x00, 0x00, 0x06, 0x02, 0xDB, 0x1C, 0x00, 0xFF, 0xFF, 0x00, 0x16,
0x00, 0x00, 0x02, 0x7A, 0x04, 0x3B, 0x06, 0x26, 0x00, 0x01, 0x00, 0x00, 0x00, 0x07, 0x02, 0xE4,
0x01, 0x48, 0x00, 0x00, 0xFF, 0xFF, 0x00, 0x16, 0xFF, 0x4B, 0x02, 0x7A, 0x03, 0x9E, 0x06, 0x26,
0x00, 0x01, 0x00, 0x00, 0x00, 0x26, 0x02, 0xDB, 0x1C, 0x00, 0x00, 0x07, 0x02, 0xC2, 0x01, 0x48,
0x00, 0x00, 0xFF, 0xFF, 0x00, 0x16, 0x00, 0x00, 0x02, 0x7A, 0x04, 0x3B, 0x06, 0x26, 0x00, 0x01,
0x00, 0x00, 0x00, 0x07, 0x02, 0xE5, 0x01, 0x48, 0x00, 0x00, 0xFF, 0xFF, 0x00, 0x16, 0x00, 0x00,
0x02, 0x7A, 0x04, 0x2F, 0x06, 0x26, 0x00, 0x01, 0x00, 0x00, 0x00, 0x07, 0x02, 0xE6, 0x01, 0x48,
0x00, 0x00, 0xFF, 0xFF, 0x00, 0x16, 0x00, 0x00, 0x02, 0x7A, 0x04, 0x2A, 0x06, 0x26, 0x00, 0x01,
0x00, 0x00, 0x00, 0x07, 0x02, 0xE7, 0x01, 0x48, 0x00, 0x00, 0xFF, 0xFF, 0x00, 0x16, 0x00, 0x00,
0x02, 0x7A, 0x03, 0xAE, 0x06, 0x26, 0x00, 0x01, 0x00, 0x00, 0x00, 0x06, 0x02, 0xD9, 0x1C, 0x00,
0xFF, 0xFF, 0x00, 0x16, 0x00, 0x00, 0x02, 0x7A, 0x04, 0x3B, 0x06, 0x26, 0x00, 0x01, 0x00, 0x00,
0x00, 0x07, 0x02, 0xE8, 0x01, 0x48, 0x00, 0x00, 0xFF, 0xFF, 0x00, 0x16, 0xFF, 0x4B, 0x02, 0x7A,
0x03, 0xAE, 0x04, 0x27, 0x02, 0xC2, 0x01, 0x48, 0x00, 0x00, 0x02, 0x26, 0x00, 0x01, 0x00, 0x00,
0x00, 0x06, 0x02, 0xD9, 0x1C, 0x00, 0xFF, 0xFF, 0x00, 0x16, 0x00, 0x00, 0x02, 0x7A, 0x04, 0x3B,
0x06, 0x26, 0x00, 0x01, 0x00, 0x00, 0x00, 0x07, 0x02, 0xE9, 0x01, 0x48, 0x00, 0x00, 0xFF, 0xFF,
0x00, 0x16, 0x00, 0x00, 0x02, 0x7A, 0x04, 0x2F, 0x06, 0x26, 0x00, 0x01, 0x00, 0x00, 0x00, 0x07,
0x02, 0xEA, 0x01, 0x48, 0x00, 0x00, 0xFF, 0xFF, 0x00, 0x16, 0x00, 0x00, 0x02, 0x7A, 0x04, 0x2E,
0x06, 0x26, 0x00, 0x01, 0x00, 0x00, 0x00, 0x07, 0x02, 0xEB, 0x01, 0x48, 0x00, 0x00, 0xFF, 0xFF,
0x00, 0x16, 0x00, 0x00, 0x02, 0x7A, 0x03, 0x84, 0x06, 0x26, 0x00, 0x01, 0x00, 0x00, 0x00, 0x06,
0x02, 0xD4, 0x1C, 0x00, 0xFF, 0xFF, 0x00, 0x16, 0xFF, 0x4B, 0x02, 0x7A, 0x02, 0xBA, 0x06, 0x26,
0x00, 0x01, 0x00, 0x00, 0x00, 0x07, 0x02, 0xC2, 0x01, 0x48, 0x00, 0x00, 0xFF, 0xFF, 0x00, 0x16,
0x00, 0x00, 0x02, 0x7A, 0x03, 0xBE, 0x06, 0x26, 0x00, 0x01, 0x00, 0x00, 0x00, 0x06, 0x02, 0xD6,
0x1C, 0x00, 0xFF, 0xFF, 0x00, 0x16, 0x00, 0x00, 0x02, 0x7A, 0x03, 0xB0, 0x06, 0x26, 0x00, 0x01,
0x00, 0x00, 0x00, 0x07, 0x02, 0xBE, 0x01, 0x48, 0x00, 0xA6, 0xFF, 0xFF, 0x00, 0x16, 0x00, 0x00,
0x02, 0x7A, 0x03, 0x6F, 0x06, 0x26, 0x00, 0x01, 0x00, 0x00, 0x00, 0x06, 0x02, 0xDE, 0x1C, 0x00,
0x00, 0x02, 0x00, 0x16, 0xFF, 0x2F, 0x02, 0x92, 0x02, 0xBA, 0x00, 0x1D, 0x00, 0x21, 0x00, 0x00,
0x45, 0x22, 0x26, 0x26, 0x35, 0x34, 0x36, 0x37, 0x27, 0x23, 0x27, 0x21, 0x07, 0x23, 0x13, 0x33,
0x13, 0x0E, 0x02, 0x15, 0x14, 0x16, 0x33, 0x32, 0x36, 0x37, 0x17, 0x06, 0x06, 0x01, 0x33, 0x03,
0x23, 0x02, 0x2F, 0x1C, 0x30, 0x1D, 0x3E, 0x2D, 0x01, 0x26, 0x3F, 0xFE, 0xF6, 0x3F, 0x6C, 0xEF,
0x86, 0xEF, 0x2D, 0x2C, 0x0F, 0x14, 0x0E, 0x0F, 0x1A, 0x09, 0x2C, 0x0A, 0x32, 0xFE, 0x85, 0xD6,
0x69, 0x05, 0xD1, 0x10, 0x23, 0x1C, 0x28, 0x3A, 0x1C, 0x04, 0xC1, 0xC1, 0x02, 0xBA, 0xFD, 0x46,
0x24, 0x2B, 0x1B, 0x0B, 0x11, 0x0E, 0x0E, 0x0B, 0x2B, 0x12, 0x19, 0x01, 0xEE, 0x01, 0x3B, 0x00,
0xFF, 0xFF, 0x00, 0x16, 0x00, 0x00, 0x02, 0x7A, 0x03, 0xDA, 0x06, 0x26, 0x00, 0x01, 0x00, 0x00,
0x00, 0x06, 0x02, 0xDC, 0x1C, 0x00, 0xFF, 0xFF, 0x00, 0x16, 0x00, 0x00, 0x02, 0x7A, 0x04, 0x69,
0x06, 0x26, 0x00, 0x01, 0x00, 0x00, 0x00, 0x06, 0x02, 0xEC, 0x1C, 0x00, 0xFF, 0xFF, 0x00, 0x16,
0x00, 0x00, 0x02, 0x7A, 0x03, 0x86, 0x06, 0x26, 0x00, 0x01, 0x00, 0x00, 0x00, 0x06, 0x02, 0xDD,
0x1C, 0x00, 0x00, 0x02, 0x00, 0x02, 0x00, 0x00, 0x03, 0x62, 0x02, 0xBA, 0x00, 0x0F, 0x00, 0x13,
0x00, 0x00, 0x73, 0x01, 0x21, 0x15, 0x21, 0x15, 0x21, 0x15, 0x21, 0x15, 0x21, 0x15, 0x21, 0x35,
0x23, 0x07, 0x13, 0x33, 0x11, 0x23, 0x02, 0x01, 0x60, 0x02, 0x00, 0xFE, 0xB0, 0x01, 0x34, 0xFE,
0xCC, 0x01, 0x50, 0xFE, 0x46, 0xDC, 0x5E, 0x8A, 0xB0, 0x10, 0x02, 0xBA, 0x5E, 0xCC, 0x5E, 0xD4,
0x5E, 0xC0, 0xC0, 0x01, 0x1C, 0x01, 0x40, 0x00, 0xFF, 0xFF, 0x00, 0x02, 0x00, 0x00, 0x03, 0x62,
0x03, 0xBE, 0x06, 0x26, 0x00, 0x18, 0x00, 0x00, 0x00, 0x07, 0x02, 0xD7, 0x00, 0xFF, 0x00, 0x00,
0x00, 0x03, 0x00, 0x58, 0x00, 0x00, 0x02, 0x5A, 0x02, 0xBA, 0x00, 0x13, 0x00, 0x1F, 0x00, 0x2B,
0x00, 0x00, 0x73, 0x11, 0x21, 0x32, 0x16, 0x15, 0x14, 0x06, 0x06, 0x07, 0x15, 0x1E, 0x03, 0x15,
0x14, 0x06, 0x06, 0x23, 0x27, 0x33, 0x32, 0x36, 0x36, 0x35, 0x35, 0x34, 0x26, 0x26, 0x23, 0x23,
0x35, 0x33, 0x32, 0x36, 0x36, 0x35, 0x35, 0x34, 0x26, 0x26, 0x23, 0x23, 0x58, 0x01, 0x30, 0x56,
0x63, 0x24, 0x37, 0x1B, 0x15, 0x31, 0x2D, 0x1C, 0x2F, 0x51, 0x34, 0xE4, 0xC5, 0x1E, 0x2D, 0x18,
0x18, 0x2D, 0x1E, 0xC5, 0xB3, 0x1D, 0x29, 0x16, 0x16, 0x29, 0x1D, 0xB3, 0x02, 0xBA, 0x62, 0x52,
0x34, 0x3F, 0x1E, 0x03, 0x06, 0x01, 0x13, 0x26, 0x3D, 0x2C, 0x38, 0x5C, 0x35, 0x5C, 0x16, 0x29,
0x1E, 0x22, 0x1E, 0x29, 0x16, 0x59, 0x15, 0x26, 0x1B, 0x21, 0x1B, 0x27, 0x14, 0x00, 0x00, 0x01,
0x00, 0x37, 0xFF, 0xF4, 0x02, 0x55, 0x02, 0xC6, 0x00, 0x1C, 0x00, 0x00, 0x45, 0x22, 0x26, 0x26,
0x35, 0x34, 0x36, 0x36, 0x33, 0x32, 0x16, 0x17, 0x07, 0x26, 0x26, 0x23, 0x22, 0x06, 0x15, 0x15,
0x14, 0x16, 0x33, 0x32, 0x36, 0x37, 0x17, 0x06, 0x06, 0x01, 0x5A, 0x5A, 0x83, 0x46, 0x46, 0x83,
0x5A, 0x5A, 0x7A, 0x23, 0x59, 0x13, 0x4D, 0x3E, 0x53, 0x5E, 0x5E, 0x53, 0x3F, 0x52, 0x14, 0x56,
0x23, 0x7E, 0x0C, 0x51, 0x9E, 0x76, 0x75, 0xA3, 0x55, 0x50, 0x4D, 0x32, 0x33, 0x3D, 0x74, 0x63,
0x6B, 0x63, 0x6F, 0x42, 0x35, 0x34, 0x4B, 0x57, 0xFF, 0xFF, 0x00, 0x37, 0xFF, 0xF4, 0x02, 0x55,
0x03, 0xBE, 0x06, 0x26, 0x00, 0x1B, 0x00, 0x00, 0x00, 0x06, 0x02, 0xD7, 0x2D, 0x00, 0xFF, 0xFF,
0x00, 0x37, 0xFF, 0xF4, 0x02, 0x55, 0x03, 0xB6, 0x06, 0x26, 0x00, 0x1B, 0x00, 0x00, 0x00, 0x06,
0x02, 0xDA, 0x2D, 0x00, 0x00, 0x01, 0x00, 0x37, 0xFF, 0x2F, 0x02, 0x55, 0x02, 0xC6, 0x00, 0x36,
0x00, 0x00, 0x45, 0x22, 0x26, 0x27, 0x37, 0x16, 0x16, 0x33, 0x32, 0x36, 0x35, 0x34, 0x26, 0x27,
0x27, 0x37, 0x26, 0x26, 0x35, 0x34, 0x36, 0x36, 0x33, 0x32, 0x16, 0x17, 0x07, 0x26, 0x26, 0x23,
0x22, 0x06, 0x15, 0x15, 0x14, 0x16, 0x33, 0x32, 0x36, 0x37, 0x17, 0x06, 0x06, 0x07, 0x07, 0x17,
0x36, 0x36, 0x33, 0x32, 0x16, 0x15, 0x14, 0x06, 0x06, 0x01, 0x5D, 0x2C, 0x33, 0x0C, 0x29, 0x09,
0x1F, 0x16, 0x13, 0x19, 0x1A, 0x2C, 0x1A, 0x0E, 0x76, 0x86, 0x46, 0x83, 0x5A, 0x5A, 0x7A, 0x23,
0x59, 0x13, 0x4D, 0x3E, 0x53, 0x5E, 0x5E, 0x53, 0x3F, 0x52, 0x14, 0x56, 0x22, 0x76, 0x53, 0x0A,
0x04, 0x0A, 0x16, 0x0A, 0x1D, 0x28, 0x21, 0x35, 0xD1, 0x1C, 0x0E, 0x2E, 0x0B, 0x11, 0x0E, 0x0F,
0x0D, 0x16, 0x06, 0x03, 0x42, 0x0C, 0xB4, 0xA3, 0x75, 0xA3, 0x55, 0x50, 0x4D, 0x32, 0x33, 0x3D,
0x74, 0x63, 0x6B, 0x63, 0x6F, 0x42, 0x35, 0x34, 0x49, 0x55, 0x03, 0x30, 0x03, 0x03, 0x03, 0x21,
0x22, 0x1E, 0x26, 0x12, 0xFF, 0xFF, 0x00, 0x37, 0xFF, 0xF4, 0x02, 0x55, 0x03, 0xAE, 0x06, 0x26,
0x00, 0x1B, 0x00, 0x00, 0x00, 0x06, 0x02, 0xD9, 0x2D, 0x00, 0xFF, 0xFF, 0x00, 0x37, 0xFF, 0xF4,
0x02, 0x55, 0x03, 0x8B, 0x06, 0x26, 0x00, 0x1B, 0x00, 0x00, 0x00, 0x06, 0x02, 0xD5, 0x2D, 0x00,
0x00, 0x02, 0x00, 0x58, 0x00, 0x00, 0x02, 0x70, 0x02, 0xBA, 0x00, 0x0A, 0x00, 0x16, 0x00, 0x00,
0x73, 0x11, 0x33, 0x32, 0x16, 0x16, 0x15, 0x14, 0x06, 0x06, 0x23, 0x27, 0x33, 0x32, 0x36, 0x36,
0x35, 0x35, 0x34, 0x26, 0x26, 0x23, 0x23, 0x58, 0xF3, 0x59, 0x84, 0x48, 0x48, 0x84, 0x59, 0x89,
0x89, 0x36, 0x51, 0x2D, 0x2D, 0x51, 0x36, 0x89, 0x02, 0xBA, 0x4D, 0x9B, 0x75, 0x75, 0x9B, 0x4D,
0x5E, 0x2E, 0x59, 0x40, 0x70, 0x41, 0x58, 0x2E, 0xFF, 0xFF, 0x00, 0x0E, 0x00, 0x00, 0x02, 0x74,
0x02, 0xBA, 0x06, 0x06, 0x00, 0x24, 0x00, 0x00, 0xFF, 0xFF, 0x00, 0x58, 0x00, 0x00, 0x02, 0x70,
0x03, 0xB6, 0x06, 0x26, 0x00, 0x21, 0x00, 0x00, 0x00, 0x06, 0x02, 0xDA, 0x0C, 0x00, 0x00, 0x02,
0x00, 0x0E, 0x00, 0x00, 0x02, 0x74, 0x02, 0xBA, 0x00, 0x0E, 0x00, 0x1E, 0x00, 0x00, 0x73, 0x11,
0x23, 0x35, 0x33, 0x11, 0x33, 0x32, 0x16, 0x16, 0x15, 0x14, 0x06, 0x06, 0x23, 0x27, 0x33, 0x32,
0x36, 0x36, 0x35, 0x35, 0x34, 0x26, 0x26, 0x23, 0x23, 0x15, 0x33, 0x15, 0x23, 0x5B, 0x4D, 0x4D,
0xF4, 0x59, 0x84, 0x48, 0x48, 0x84, 0x59, 0x89, 0x89, 0x36, 0x50, 0x2D, 0x2D, 0x50, 0x36, 0x89,
0x83, 0x83, 0x01, 0x44, 0x50, 0x01, 0x26, 0x4D, 0x9B, 0x75, 0x75, 0x9B, 0x4D, 0x5E, 0x2E, 0x59,
0x40, 0x70, 0x41, 0x58, 0x2E, 0xC8, 0x50, 0x00, 0x00, 0x01, 0x00, 0x58, 0x00, 0x00, 0x02, 0x12,
0x02, 0xBA, 0x00, 0x0B, 0x00, 0x00, 0x73, 0x11, 0x21, 0x15, 0x21, 0x15, 0x21, 0x15, 0x21, 0x15,
0x21, 0x15, 0x58, 0x01, 0xBA, 0xFE, 0xB0, 0x01, 0x33, 0xFE, 0xCD, 0x01, 0x50, 0x02, 0xBA, 0x5E,
0xCC, 0x5E, 0xD4, 0x5E, 0xFF, 0xFF, 0x00, 0x58, 0x00, 0x00, 0x02, 0x12, 0x03, 0xBE, 0x06, 0x26,
0x00, 0x25, 0x00, 0x00, 0x00, 0x06, 0x02, 0xD7, 0x08, 0x00, 0xFF, 0xFF, 0x00, 0x58, 0x00, 0x00,
0x02, 0x12, 0x03, 0x9E, 0x06, 0x26, 0x00, 0x25, 0x00, 0x00, 0x00, 0x06, 0x02, 0xDB, 0x08, 0x00,
0xFF, 0xFF, 0x00, 0x58, 0x00, 0x00, 0x02, 0x12, 0x03, 0xB6, 0x06, 0x26, 0x00, 0x25, 0x00, 0x00,
0x00, 0x06, 0x02, 0xDA, 0x08, 0x00, 0xFF, 0xFF, 0x00, 0x58, 0x00, 0x00, 0x02, 0x12, 0x03, 0xAE,
0x06, 0x26, 0x00, 0x25, 0x00, 0x00, 0x00, 0x06, 0x02, 0xD9, 0x08, 0x00, 0xFF, 0xFF, 0x00, 0x58,
0x00, 0x00, 0x02, 0x48, 0x04, 0x3B, 0x06, 0x26, 0x00, 0x25, 0x00, 0x00, 0x00, 0x07, 0x02, 0xE8,
0x01, 0x34, 0x00, 0x00, 0xFF, 0xFF, 0x00, 0x58, 0xFF, 0x4B, 0x02, 0x12, 0x03, 0xAE, 0x06, 0x26,
0x00, 0x25, 0x00, 0x00, 0x00, 0x26, 0x02, 0xD9, 0x08, 0x00, 0x00, 0x07, 0x02, 0xC2, 0x01, 0x34,
0x00, 0x00, 0xFF, 0xFF, 0x00, 0x20, 0x00, 0x00, 0x02, 0x12, 0x04, 0x3B, 0x06, 0x26, 0x00, 0x25,
0x00, 0x00, 0x00, 0x07, 0x02, 0xE9, 0x01, 0x34, 0x00, 0x00, 0xFF, 0xFF, 0x00, 0x58, 0x00, 0x00,
0x02, 0x27, 0x04, 0x2F, 0x06, 0x26, 0x00, 0x25, 0x00, 0x00, 0x00, 0x07, 0x02, 0xEA, 0x01, 0x34,
0x00, 0x00, 0xFF, 0xFF, 0x00, 0x58, 0x00, 0x00, 0x02, 0x12, 0x04, 0x2E, 0x06, 0x26, 0x00, 0x25,
0x00, 0x00, 0x00, 0x07, 0x02, 0xEB, 0x01, 0x34, 0x00, 0x00, 0xFF, 0xFF, 0x00, 0x58, 0x00, 0x00,
0x02, 0x12, 0x03, 0x84, 0x06, 0x26, 0x00, 0x25, 0x00, 0x00, 0x00, 0x06, 0x02, 0xD4, 0x08, 0x00,
0xFF, 0xFF, 0x00, 0x58, 0x00, 0x00, 0x02, 0x12, 0x03, 0x8B, 0x06, 0x26, 0x00, 0x25, 0x00, 0x00,
0x00, 0x06, 0x02, 0xD5, 0x08, 0x00, 0xFF, 0xFF, 0x00, 0x58, 0xFF, 0x4B, 0x02, 0x12, 0x02, 0xBA,
0x06, 0x26, 0x00, 0x25, 0x00, 0x00, 0x00, 0x07, 0x02, 0xC2, 0x01, 0x34, 0x00, 0x00, 0xFF, 0xFF,
0x00, 0x58, 0x00, 0x00, 0x02, 0x12, 0x03, 0xBE, 0x06, 0x26, 0x00, 0x25, 0x00, 0x00, 0x00, 0x06,
0x02, 0xD6, 0x08, 0x00, 0xFF, 0xFF, 0x00, 0x58, 0x00, 0x00, 0x02, 0x12, 0x03, 0xB0, 0x06, 0x26,
0x00, 0x25, 0x00, 0x00, 0x00, 0x07, 0x02, 0xBE, 0x01, 0x34, 0x00, 0xA6, 0xFF, 0xFF, 0x00, 0x58,
0x00, 0x00, 0x02, 0x12, 0x03, 0x6F, 0x06, 0x26, 0x00, 0x25, 0x00, 0x00, 0x00, 0x06, 0x02, 0xDE,
0x08, 0x00, 0x00, 0x01, 0x00, 0x58, 0xFF, 0x2F, 0x02, 0x2B, 0x02, 0xBA, 0x00, 0x21, 0x00, 0x00,
0x45, 0x22, 0x26, 0x26, 0x35, 0x34, 0x36, 0x37, 0x27, 0x21, 0x11, 0x21, 0x15, 0x21, 0x15, 0x21,
0x15, 0x21, 0x15, 0x21, 0x15, 0x0E, 0x02, 0x15, 0x14, 0x16, 0x33, 0x32, 0x36, 0x37, 0x17, 0x06,
0x06, 0x01, 0xC8, 0x1D, 0x2F, 0x1D, 0x3D, 0x2E, 0x01, 0xFE, 0x8F, 0x01, 0xBA, 0xFE, 0xB0, 0x01,
0x33, 0xFE, 0xCD, 0x01, 0x50, 0x2C, 0x2C, 0x0F, 0x14, 0x0D, 0x10, 0x19, 0x0A, 0x2C, 0x0A, 0x32,
0xD1, 0x10, 0x23, 0x1C, 0x28, 0x3A, 0x1B, 0x05, 0x02, 0xBA, 0x5E, 0xCC, 0x5E, 0xD4, 0x5E, 0x24,
0x2B, 0x1B, 0x0B, 0x11, 0x0E, 0x0E, 0x0B, 0x2B, 0x12, 0x19, 0xFF, 0xFF, 0x00, 0x58, 0x00, 0x00,
0x02, 0x12, 0x03, 0x86, 0x06, 0x26, 0x00, 0x25, 0x00, 0x00, 0x00, 0x06, 0x02, 0xDD, 0x08, 0x00,
0x00, 0x02, 0x00, 0x37, 0xFF, 0xF4, 0x02, 0x8F, 0x02, 0xC6, 0x00, 0x19, 0x00, 0x24, 0x00, 0x00,
0x45, 0x22, 0x26, 0x26, 0x35, 0x35, 0x21, 0x35, 0x34, 0x26, 0x23, 0x22, 0x06, 0x07, 0x27, 0x3E,
0x02, 0x33, 0x32, 0x16, 0x16, 0x15, 0x14, 0x06, 0x06, 0x27, 0x32, 0x36, 0x36, 0x37, 0x35, 0x21,
0x17, 0x1E, 0x02, 0x01, 0x62, 0x5C, 0x86, 0x49, 0x01, 0xE7, 0x64, 0x54, 0x43, 0x5D, 0x16, 0x5C,
0x13, 0x4D, 0x6D, 0x46, 0x5D, 0x85, 0x46, 0x4A, 0x86, 0x5D, 0x35, 0x53, 0x32, 0x01, 0xFE, 0x8A,
0x01, 0x01, 0x32, 0x53, 0x0C, 0x51, 0xA1, 0x77, 0x1F, 0x15, 0x65, 0x71, 0x45, 0x3B, 0x27, 0x34,
0x53, 0x31, 0x55, 0xA1, 0x73, 0x73, 0xA1, 0x55, 0x5F, 0x32, 0x5C, 0x3D, 0x07, 0x07, 0x3D, 0x5C,
0x32, 0x00, 0x00, 0x01, 0x00, 0x58, 0x00, 0x00, 0x02, 0x07, 0x02, 0xBA, 0x00, 0x09, 0x00, 0x00,
0x73, 0x11, 0x21, 0x15, 0x21, 0x15, 0x21, 0x15, 0x21, 0x11, 0x58, 0x01, 0xAF, 0xFE, 0xBB, 0x01,
0x23, 0xFE, 0xDD, 0x02, 0xBA, 0x5E, 0xCC, 0x5E, 0xFE, 0xCE, 0x00, 0x01, 0x00, 0x37, 0xFF, 0xF4,
0x02, 0x77, 0x02, 0xC6, 0x00, 0x26, 0x00, 0x00, 0x45, 0x22, 0x26, 0x26, 0x35, 0x34, 0x36, 0x36,
0x33, 0x32, 0x16, 0x17, 0x07, 0x26, 0x26, 0x23, 0x22, 0x06, 0x06, 0x15, 0x15, 0x14, 0x16, 0x16,
0x33, 0x32, 0x36, 0x36, 0x35, 0x35, 0x23, 0x35, 0x33, 0x11, 0x23, 0x35, 0x23, 0x06, 0x06, 0x01,
0x58, 0x53, 0x83, 0x4B, 0x4C, 0x89, 0x5B, 0x5D, 0x82, 0x24, 0x58, 0x15, 0x56, 0x40, 0x39, 0x56,
0x2F, 0x2F, 0x58, 0x3C, 0x2D, 0x4A, 0x2D, 0x92, 0xF9, 0x5E, 0x04, 0x0B, 0x62, 0x0C, 0x53, 0xA0,
0x75, 0x75, 0xA1, 0x54, 0x54, 0x48, 0x34, 0x33, 0x3E, 0x32, 0x5E, 0x41, 0x71, 0x41, 0x5E, 0x33,
0x1F, 0x3C, 0x2E, 0x39, 0x5C, 0xFE, 0x8F, 0x69, 0x32, 0x43, 0xFF, 0xFF, 0x00, 0x37, 0xFF, 0xF4,
0x02, 0x77, 0x03, 0x9E, 0x06, 0x26, 0x00, 0x39, 0x00, 0x00, 0x00, 0x06, 0x02, 0xDB, 0x38, 0x00,
0xFF, 0xFF, 0x00, 0x37, 0xFF, 0xF4, 0x02, 0x77, 0x03, 0xAE, 0x06, 0x26, 0x00, 0x39, 0x00, 0x00,
0x00, 0x06, 0x02, 0xD9, 0x38, 0x00, 0xFF, 0xFF, 0x00, 0x37, 0xFF, 0x01, 0x02, 0x77, 0x02, 0xC6,
0x06, 0x26, 0x00, 0x39, 0x00, 0x00, 0x00, 0x07, 0x02, 0xC3, 0x01, 0x5D, 0x00, 0x00, 0xFF, 0xFF,
0x00, 0x37, 0xFF, 0xF4, 0x02, 0x77, 0x03, 0x8B, 0x06, 0x26, 0x00, 0x39, 0x00, 0x00, 0x00, 0x06,
0x02, 0xD5, 0x38, 0x00, 0x00, 0x01, 0x00, 0x58, 0x00, 0x00, 0x02, 0x71, 0x02, 0xBA, 0x00, 0x0B,
0x00, 0x00, 0x73, 0x11, 0x33, 0x11, 0x21, 0x11, 0x33, 0x11, 0x23, 0x11, 0x21, 0x11, 0x58, 0x6A,
0x01, 0x44, 0x6B, 0x6B, 0xFE, 0xBC, 0x02, 0xBA, 0xFE, 0xD6, 0x01, 0x2A, 0xFD, 0x46, 0x01, 0x32,
0xFE, 0xCE, 0x00, 0x02, 0x00, 0x15, 0x00, 0x00, 0x02, 0xBB, 0x02, 0xBA, 0x00, 0x13, 0x00, 0x17,
0x00, 0x00, 0x73, 0x11, 0x23, 0x35, 0x33, 0x35, 0x33, 0x15, 0x21, 0x35, 0x33, 0x15, 0x33, 0x15,
0x23, 0x11, 0x23, 0x11, 0x21, 0x11, 0x11, 0x21, 0x35, 0x21, 0x5B, 0x46, 0x46, 0x6B, 0x01, 0x44,
0x6B, 0x46, 0x46, 0x6B, 0xFE, 0xBC, 0x01, 0x44, 0xFE, 0xBC, 0x02, 0x02, 0x51, 0x67, 0x67, 0x67,
0x67, 0x51, 0xFD, 0xFE, 0x01, 0x32, 0xFE, 0xCE, 0x01, 0x90, 0x72, 0x00, 0xFF, 0xFF, 0x00, 0x58,
0x00, 0x00, 0x02, 0x71, 0x03, 0xAE, 0x06, 0x26, 0x00, 0x3E, 0x00, 0x00, 0x00, 0x06, 0x02, 0xD9,
0x39, 0x00, 0x00, 0x01, 0x00, 0x39, 0x00, 0x00, 0x01, 0x62, 0x02, 0xBA, 0x00, 0x0B, 0x00, 0x00,
0x73, 0x35, 0x33, 0x11, 0x23, 0x35, 0x21, 0x15, 0x23, 0x11, 0x33, 0x15, 0x39, 0x5F, 0x5F, 0x01,
0x29, 0x5F, 0x5F, 0x57, 0x02, 0x0C, 0x57, 0x57, 0xFD, 0xF4, 0x57, 0x00, 0x00, 0x02, 0x00, 0x53,
0xFF, 0xF4, 0x02, 0x36, 0x02, 0xBA, 0x00, 0x12, 0x00, 0x16, 0x00, 0x00, 0x45, 0x22, 0x26, 0x27,
0x37, 0x16, 0x16, 0x33, 0x32, 0x36, 0x35, 0x11, 0x23, 0x35, 0x33, 0x11, 0x14, 0x06, 0x06, 0x01,
0x11, 0x33, 0x11, 0x01, 0x43, 0x67, 0x74, 0x0F, 0x62, 0x0A, 0x43, 0x3D, 0x3C, 0x4A, 0x83, 0xEE,
0x3B, 0x6D, 0xFE, 0xC5, 0x6B, 0x0C, 0x64, 0x4C, 0x16, 0x2E, 0x39, 0x3E, 0x43, 0x01, 0x8B, 0x5B,
0xFE, 0x22, 0x47, 0x69, 0x38, 0x01, 0x34, 0x01, 0x92, 0xFE, 0x6E, 0x00, 0xFF, 0xFF, 0x00, 0x39,
0x00, 0x00, 0x01, 0x62, 0x03, 0xBE, 0x06, 0x26, 0x00, 0x41, 0x00, 0x00, 0x00, 0x06, 0x02, 0xD7,
0xA1, 0x00, 0xFF, 0xFF, 0x00, 0x29, 0x00, 0x00, 0x01, 0x72, 0x03, 0x9E, 0x06, 0x26, 0x00, 0x41,
0x00, 0x00, 0x00, 0x06, 0x02, 0xDB, 0xA1, 0x00, 0xFF, 0xFF, 0x00, 0x21, 0x00, 0x00, 0x01, 0x79,
0x03, 0xAE, 0x06, 0x26, 0x00, 0x41, 0x00, 0x00, 0x00, 0x06, 0x02, 0xD9, 0xA1, 0x00, 0xFF, 0xFF,
0x00, 0x2F, 0x00, 0x00, 0x01, 0x6C, 0x03, 0x84, 0x06, 0x26, 0x00, 0x41, 0x00, 0x00, 0x00, 0x06,
0x02, 0xD4, 0xA1, 0x00, 0xFF, 0xFF, 0x00, 0x39, 0x00, 0x00, 0x01, 0x62, 0x03, 0x8B, 0x06, 0x26,
0x00, 0x41, 0x00, 0x00, 0x00, 0x06, 0x02, 0xD5, 0xA1, 0x00, 0xFF, 0xFF, 0x00, 0x39, 0xFF, 0x4B,
0x01, 0x62, 0x02, 0xBA, 0x06, 0x26, 0x00, 0x41, 0x00, 0x00, 0x00, 0x07, 0x02, 0xC2, 0x00, 0xCD,
0x00, 0x00, 0xFF, 0xFF, 0x00, 0x39, 0x00, 0x00, 0x01, 0x62, 0x03, 0xBE, 0x06, 0x26, 0x00, 0x41,
0x00, 0x00, 0x00, 0x06, 0x02, 0xD6, 0xA1, 0x00, 0xFF, 0xFF, 0x00, 0x39, 0x00, 0x00, 0x01, 0x62,
0x03, 0xB0, 0x06, 0x26, 0x00, 0x41, 0x00, 0x00, 0x00, 0x07, 0x02, 0xBE, 0x00, 0xCD, 0x00, 0xA6,
0xFF, 0xFF, 0x00, 0x39, 0x00, 0x00, 0x01, 0x62, 0x03, 0x6F, 0x06, 0x26, 0x00, 0x41, 0x00, 0x00,
0x00, 0x06, 0x02, 0xDE, 0xA1, 0x00, 0x00, 0x01, 0x00, 0x39, 0xFF, 0x2F, 0x01, 0x7B, 0x02, 0xBA,
0x00, 0x21, 0x00, 0x00, 0x45, 0x22, 0x26, 0x26, 0x35, 0x34, 0x36, 0x37, 0x27, 0x23, 0x35, 0x33,
0x11, 0x23, 0x35, 0x21, 0x15, 0x23, 0x11, 0x33, 0x15, 0x0E, 0x02, 0x15, 0x14, 0x16, 0x33, 0x32,
0x36, 0x37, 0x17, 0x06, 0x06, 0x01, 0x18, 0x1D, 0x2F, 0x1D, 0x39, 0x32, 0x01, 0xE0, 0x5F, 0x5F,
0x01, 0x29, 0x5F, 0x5F, 0x2C, 0x2C, 0x0F, 0x14, 0x0D, 0x10, 0x19, 0x0A, 0x2C, 0x0A, 0x32, 0xD1,
0x10, 0x23, 0x1C, 0x28, 0x38, 0x1D, 0x05, 0x57, 0x02, 0x0C, 0x57, 0x57, 0xFD, 0xF4, 0x57, 0x24,
0x2B, 0x1B, 0x0B, 0x11, 0x0E, 0x0E, 0x0B, 0x2B, 0x12, 0x19, 0xFF, 0xFF, 0x00, 0x1E, 0x00, 0x00,
0x01, 0x7D, 0x03, 0x86, 0x06, 0x26, 0x00, 0x41, 0x00, 0x00, 0x00, 0x06, 0x02, 0xDD, 0xA1, 0x00,
0x00, 0x01, 0x00, 0x1B, 0xFF, 0xF4, 0x01, 0xBB, 0x02, 0xBA, 0x00, 0x12, 0x00, 0x00, 0x57, 0x22,
0x26, 0x27, 0x37, 0x16, 0x16, 0x33, 0x32, 0x36, 0x35, 0x11, 0x23, 0x35, 0x21, 0x11, 0x14, 0x06,
0x06, 0xE9, 0x58, 0x68, 0x0E, 0x62, 0x09, 0x35, 0x2F, 0x2F, 0x38, 0xE7, 0x01, 0x51, 0x34, 0x5E,
0x0C, 0x5F, 0x4D, 0x15, 0x2D, 0x35, 0x3A, 0x3B, 0x01, 0x98, 0x5A, 0xFE, 0x02, 0x3D, 0x5A, 0x31,
0xFF, 0xFF, 0x00, 0x1B, 0xFF, 0xF4, 0x01, 0xBB, 0x03, 0xBE, 0x06, 0x26, 0x00, 0x4E, 0x00, 0x00,
0x00, 0x06, 0x02, 0xD7, 0xE9, 0x00, 0xFF, 0xFF, 0x00, 0x1B, 0xFF, 0xF4, 0x01, 0xC1, 0x03, 0xAE,
0x06, 0x26, 0x00, 0x4E, 0x00, 0x00, 0x00, 0x06, 0x02, 0xD9, 0xE9, 0x00, 0x00, 0x01, 0x00, 0x58,
0x00, 0x00, 0x02, 0x7C, 0x02, 0xBA, 0x00, 0x0D, 0x00, 0x00, 0x73, 0x11, 0x33, 0x11, 0x33, 0x37,
0x37, 0x33, 0x03, 0x01, 0x23, 0x03, 0x07, 0x15, 0x58, 0x6A, 0x04, 0x64, 0xC1, 0x7E, 0xFC, 0x01,
0x0F, 0x81, 0xD8, 0x61, 0x02, 0xBA, 0xFE, 0x9A, 0x7E, 0xE8, 0xFE, 0xD9, 0xFE, 0x6D, 0x01, 0x4A,
0x6E, 0xDC, 0xFF, 0xFF, 0x00, 0x58, 0xFF, 0x01, 0x02, 0x7C, 0x02, 0xBA, 0x06, 0x26, 0x00, 0x51,
0x00, 0x00, 0x00, 0x07, 0x02, 0xC3, 0x01, 0x5A, 0x00, 0x00, 0x00, 0x01, 0x00, 0x58, 0x00, 0x00,
0x01, 0xE1, 0x02, 0xBA, 0x00, 0x05, 0x00, 0x00, 0x73, 0x11, 0x33, 0x11, 0x21, 0x15, 0x58, 0x6A,
0x01, 0x1F, 0x02, 0xBA, 0xFD, 0xA4, 0x5E, 0x00, 0xFF, 0xFF, 0x00, 0x58, 0x00, 0x00, 0x01, 0xE1,
0x03, 0xBE, 0x06, 0x26, 0x00, 0x53, 0x00, 0x00, 0x00, 0x07, 0x02, 0xD7, 0xFF, 0x62, 0x00, 0x00,
0xFF, 0xFF, 0x00, 0x58, 0x00, 0x00, 0x01, 0xE1, 0x02, 0xE5, 0x06, 0x26, 0x00, 0x53, 0x00, 0x00,
0x00, 0x06, 0x02, 0xE0, 0x19, 0x01, 0xFF, 0xFF, 0x00, 0x58, 0xFF, 0x01, 0x01, 0xE1, 0x02, 0xBA,
0x06, 0x26, 0x00, 0x53, 0x00, 0x00, 0x00, 0x07, 0x02, 0xC3, 0x01, 0x26, 0x00, 0x00, 0xFF, 0xFF,
0x00, 0x58, 0x00, 0x00, 0x01, 0xE1, 0x02, 0xBA, 0x06, 0x26, 0x00, 0x53, 0x00, 0x00, 0x00, 0x07,
0x02, 0xC7, 0x00, 0x5F, 0xFE, 0xCE, 0x00, 0x01, 0xFF, 0xF9, 0x00, 0x00, 0x01, 0xE5, 0x02, 0xBA,
0x00, 0x0D, 0x00, 0x00, 0x73, 0x11, 0x07, 0x35, 0x37, 0x11, 0x33, 0x11, 0x37, 0x15, 0x07, 0x15,
0x21, 0x15, 0x5B, 0x62, 0x62, 0x6B, 0xAD, 0xAD, 0x01, 0x1F, 0x01, 0x06, 0x21, 0x53, 0x21, 0x01,
0x61, 0xFE, 0xC1, 0x3A, 0x55, 0x38, 0xC9, 0x5F, 0x00, 0x01, 0x00, 0x58, 0x00, 0x00, 0x02, 0xD7,
0x02, 0xBA, 0x00, 0x10, 0x00, 0x00, 0x73, 0x11, 0x33, 0x13, 0x33, 0x13, 0x33, 0x11, 0x23, 0x11,
0x23, 0x07, 0x03, 0x03, 0x27, 0x23, 0x11, 0x58, 0x80, 0xBE, 0x04, 0xBF, 0x7E, 0x67, 0x04, 0x38,
0x9D, 0x9C, 0x39, 0x04, 0x02, 0xBA, 0xFE, 0x98, 0x01, 0x68, 0xFD, 0x46, 0x02, 0x21, 0x70, 0xFE,
0xE3, 0x01, 0x1C, 0x73, 0xFD, 0xDD, 0x00, 0x01, 0x00, 0x58, 0x00, 0x00, 0x02, 0x71, 0x02, 0xBA,
0x00, 0x0D, 0x00, 0x00, 0x73, 0x11, 0x33, 0x13, 0x17, 0x33, 0x11, 0x33, 0x11, 0x23, 0x03, 0x27,
0x23, 0x11, 0x58, 0x78, 0xE9, 0x4F, 0x03, 0x66, 0x78, 0xEA, 0x4E, 0x03, 0x02, 0xBA, 0xFE, 0x76,
0x96, 0x02, 0x20, 0xFD, 0x46, 0x01, 0x8A, 0x96, 0xFD, 0xE0, 0xFF, 0xFF, 0x00, 0x58, 0x00, 0x00,
0x02, 0x71, 0x03, 0xBE, 0x06, 0x26, 0x00, 0x5A, 0x00, 0x00, 0x00, 0x06, 0x02, 0xD7, 0x38, 0x00,
0xFF, 0xFF, 0x00, 0x58, 0x00, 0x00, 0x02, 0x71, 0x03, 0xB6, 0x06, 0x26, 0x00, 0x5A, 0x00, 0x00,
0x00, 0x06, 0x02, 0xDA, 0x38, 0x00, 0xFF, 0xFF, 0x00, 0x58, 0xFF, 0x01, 0x02, 0x71, 0x02, 0xBA,
0x06, 0x26, 0x00, 0x5A, 0x00, 0x00, 0x00, 0x07, 0x02, 0xC3, 0x01, 0x64, 0x00, 0x00, 0xFF, 0xFF,
0x00, 0x58, 0x00, 0x00, 0x02, 0x71, 0x03, 0x86, 0x06, 0x26, 0x00, 0x5A, 0x00, 0x00, 0x00, 0x06,
0x02, 0xDD, 0x38, 0x00, 0x00, 0x01, 0x00, 0x58, 0xFF, 0x38, 0x02, 0x71, 0x02, 0xBA, 0x00, 0x14,
0x00, 0x00, 0x45, 0x35, 0x33, 0x35, 0x23, 0x03, 0x27, 0x23, 0x11, 0x23, 0x11, 0x33, 0x13, 0x17,
0x33, 0x11, 0x33, 0x11, 0x14, 0x06, 0x23, 0x01, 0xB5, 0x56, 0x12, 0xEA, 0x4E, 0x03, 0x66, 0x78,
0xE9, 0x4F, 0x03, 0x66, 0x3D, 0x40, 0xC8, 0x58, 0x70, 0x01, 0x8A, 0x96, 0xFD, 0xE0, 0x02, 0xBA,
0xFE, 0x76, 0x96, 0x02, 0x20, 0xFD, 0x01, 0x3C, 0x47, 0x00, 0x00, 0x02, 0x00, 0x37, 0xFF, 0xF4,
0x02, 0x8F, 0x02, 0xC6, 0x00, 0x0F, 0x00, 0x21, 0x00, 0x00, 0x45, 0x22, 0x26, 0x26, 0x35, 0x34,
0x36, 0x36, 0x33, 0x32, 0x16, 0x16, 0x15, 0x14, 0x06, 0x06, 0x27, 0x32, 0x36, 0x36, 0x35, 0x35,
0x34, 0x26, 0x26, 0x23, 0x22, 0x06, 0x06, 0x15, 0x15, 0x14, 0x16, 0x16, 0x01, 0x63, 0x5B, 0x87,
0x4A, 0x4A, 0x87, 0x5B, 0x5B, 0x87, 0x4A, 0x4A, 0x87, 0x5B, 0x38, 0x53, 0x2F, 0x2F, 0x53, 0x38,
0x37, 0x54, 0x2F, 0x2F, 0x54, 0x0C, 0x53, 0xA1, 0x75, 0x76, 0xA0, 0x53, 0x53, 0xA0, 0x76, 0x75,
0xA1, 0x53, 0x5F, 0x34, 0x5E, 0x40, 0x70, 0x41, 0x5E, 0x33, 0x33, 0x5E, 0x41, 0x70, 0x40, 0x5E,
0x34, 0x00, 0xFF, 0xFF, 0x00, 0x37, 0xFF, 0xF4, 0x02, 0x8F, 0x03, 0xBE, 0x06, 0x26, 0x00, 0x60,
0x00, 0x00, 0x00, 0x06, 0x02, 0xD7, 0x37, 0x00, 0xFF, 0xFF, 0x00, 0x37, 0xFF, 0xF4, 0x02, 0x8F,
0x03, 0x9E, 0x06, 0x26, 0x00, 0x60, 0x00, 0x00, 0x00, 0x06, 0x02, 0xDB, 0x37, 0x00, 0xFF, 0xFF,
0x00, 0x37, 0xFF, 0xF4, 0x02, 0x8F, 0x03, 0xAE, 0x06, 0x26, 0x00, 0x60, 0x00, 0x00, 0x00, 0x06,
0x02, 0xD9, 0x37, 0x00, 0xFF, 0xFF, 0x00, 0x37, 0xFF, 0xF4, 0x02, 0x8F, 0x04, 0x3B, 0x06, 0x26,
0x00, 0x60, 0x00, 0x00, 0x00, 0x07, 0x02, 0xE8, 0x01, 0x63, 0x00, 0x00, 0xFF, 0xFF, 0x00, 0x37,
0xFF, 0x4B, 0x02, 0x8F, 0x03, 0xAE, 0x06, 0x26, 0x00, 0x60, 0x00, 0x00, 0x00, 0x26, 0x02, 0xD9,
0x37, 0x00, 0x00, 0x07, 0x02, 0xC2, 0x01, 0x63, 0x00, 0x00, 0xFF, 0xFF, 0x00, 0x37, 0xFF, 0xF4,
0x02, 0x8F, 0x04, 0x3B, 0x06, 0x26, 0x00, 0x60, 0x00, 0x00, 0x00, 0x07, 0x02, 0xE9, 0x01, 0x63,
0x00, 0x00, 0xFF, 0xFF, 0x00, 0x37, 0xFF, 0xF4, 0x02, 0x8F, 0x04, 0x2F, 0x06, 0x26, 0x00, 0x60,
0x00, 0x00, 0x00, 0x07, 0x02, 0xEA, 0x01, 0x63, 0x00, 0x00, 0xFF, 0xFF, 0x00, 0x37, 0xFF, 0xF4,
0x02, 0x8F, 0x04, 0x2E, 0x06, 0x26, 0x00, 0x60, 0x00, 0x00, 0x00, 0x07, 0x02, 0xEB, 0x01, 0x63,
0x00, 0x00, 0xFF, 0xFF, 0x00, 0x37, 0xFF, 0xF4, 0x02, 0x8F, 0x03, 0x84, 0x06, 0x26, 0x00, 0x60,
0x00, 0x00, 0x00, 0x06, 0x02, 0xD4, 0x37, 0x00, 0xFF, 0xFF, 0x00, 0x37, 0xFF, 0x4B, 0x02, 0x8F,
0x02, 0xC6, 0x06, 0x26, 0x00, 0x60, 0x00, 0x00, 0x00, 0x07, 0x02, 0xC2, 0x01, 0x63, 0x00, 0x00,
0xFF, 0xFF, 0x00, 0x37, 0xFF, 0xF4, 0x02, 0x8F, 0x03, 0xBE, 0x06, 0x26, 0x00, 0x60, 0x00, 0x00,
0x00, 0x06, 0x02, 0xD6, 0x37, 0x00, 0xFF, 0xFF, 0x00, 0x37, 0xFF, 0xF4, 0x02, 0x8F, 0x03, 0xB0,
0x06, 0x26, 0x00, 0x60, 0x00, 0x00, 0x00, 0x07, 0x02, 0xBE, 0x01, 0x63, 0x00, 0xA6, 0x00, 0x02,
0x00, 0x37, 0xFF, 0xF4, 0x02, 0x9A, 0x03, 0x28, 0x00, 0x19, 0x00, 0x2B, 0x00, 0x00, 0x45, 0x22,
0x26, 0x26, 0x35, 0x34, 0x36, 0x36, 0x33, 0x32, 0x16, 0x17, 0x33, 0x35, 0x33, 0x15, 0x14, 0x06,
0x23, 0x23, 0x16, 0x16, 0x15, 0x14, 0x06, 0x06, 0x27, 0x32, 0x36, 0x36, 0x35, 0x35, 0x34, 0x26,
0x26, 0x23, 0x22, 0x06, 0x06, 0x15, 0x15, 0x14, 0x16, 0x16, 0x01, 0x63, 0x5B, 0x87, 0x4A, 0x4A,
0x87, 0x5B, 0x18, 0x2E, 0x15, 0x83, 0x59, 0x1D, 0x2C, 0x25, 0x33, 0x30, 0x4A, 0x87, 0x5B, 0x38,
0x53, 0x2F, 0x2F, 0x53, 0x38, 0x37, 0x54, 0x2F, 0x2F, 0x54, 0x0C, 0x53, 0xA1, 0x75, 0x76, 0xA0,
0x53, 0x06, 0x06, 0x6E, 0x62, 0x22, 0x2A, 0x31, 0x90, 0x5C, 0x75, 0xA1, 0x53, 0x5F, 0x34, 0x5E,
0x40, 0x70, 0x41, 0x5E, 0x33, 0x33, 0x5E, 0x41, 0x70, 0x40, 0x5E, 0x34, 0xFF, 0xFF, 0x00, 0x37,
0xFF, 0xF4, 0x02, 0x9A, 0x03, 0xBE, 0x06, 0x26, 0x00, 0x6D, 0x00, 0x00, 0x00, 0x06, 0x02, 0xD7,
0x37, 0x00, 0xFF, 0xFF, 0x00, 0x37, 0xFF, 0x4B, 0x02, 0x9A, 0x03, 0x28, 0x06, 0x26, 0x00, 0x6D,
0x00, 0x00, 0x00, 0x07, 0x02, 0xC2, 0x01, 0x63, 0x00, 0x00, 0xFF, 0xFF, 0x00, 0x37, 0xFF, 0xF4,
0x02, 0x9A, 0x03, 0xBE, 0x06, 0x26, 0x00, 0x6D, 0x00, 0x00, 0x00, 0x06, 0x02, 0xD6, 0x37, 0x00,
0xFF, 0xFF, 0x00, 0x37, 0xFF, 0xF4, 0x02, 0x9A, 0x03, 0xB0, 0x06, 0x26, 0x00, 0x6D, 0x00, 0x00,
0x00, 0x07, 0x02, 0xBE, 0x01, 0x63, 0x00, 0xA6, 0xFF, 0xFF, 0x00, 0x37, 0xFF, 0xF4, 0x02, 0x9A,
0x03, 0x84, 0x06, 0x26, 0x00, 0x6D, 0x00, 0x00, 0x00, 0x06, 0x02, 0xDF, 0x37, 0x00, 0xFF, 0xFF,
0x00, 0x37, 0xFF, 0xF4, 0x02, 0x8F, 0x03, 0xBC, 0x06, 0x26, 0x00, 0x60, 0x00, 0x00, 0x00, 0x06,
0x02, 0xD8, 0x37, 0x00, 0xFF, 0xFF, 0x00, 0x37, 0xFF, 0xF4, 0x02, 0x8F, 0x03, 0x6F, 0x06, 0x26,
0x00, 0x60, 0x00, 0x00, 0x00, 0x06, 0x02, 0xDE, 0x37, 0x00, 0x00, 0x03, 0x00, 0x37, 0xFF, 0xCF,
0x02, 0x8F, 0x02, 0xEB, 0x00, 0x17, 0x00, 0x22, 0x00, 0x2D, 0x00, 0x00, 0x57, 0x27, 0x37, 0x26,
0x26, 0x35, 0x34, 0x36, 0x36, 0x33, 0x32, 0x17, 0x37, 0x17, 0x07, 0x16, 0x16, 0x15, 0x14, 0x06,
0x06, 0x23, 0x22, 0x27, 0x37, 0x32, 0x36, 0x36, 0x35, 0x35, 0x34, 0x26, 0x27, 0x01, 0x16, 0x27,
0x01, 0x26, 0x23, 0x22, 0x06, 0x06, 0x15, 0x15, 0x14, 0x16, 0x84, 0x45, 0x42, 0x24, 0x26, 0x4A,
0x87, 0x5B, 0x60, 0x45, 0x3A, 0x45, 0x42, 0x24, 0x26, 0x4A, 0x87, 0x5B, 0x60, 0x45, 0xA5, 0x39,
0x54, 0x2F, 0x0D, 0x0C, 0xFE, 0xEC, 0x2E, 0x60, 0x01, 0x14, 0x2E, 0x43, 0x38, 0x55, 0x2F, 0x0D,
0x31, 0x2D, 0x5E, 0x2E, 0x82, 0x53, 0x76, 0xA0, 0x53, 0x2F, 0x54, 0x2D, 0x5E, 0x2E, 0x81, 0x54,
0x75, 0xA1, 0x53, 0x2F, 0x2C, 0x35, 0x5F, 0x41, 0x72, 0x21, 0x3A, 0x18, 0xFE, 0x6A, 0x24, 0x62,
0x01, 0x96, 0x24, 0x34, 0x60, 0x41, 0x72, 0x21, 0x3A, 0x00, 0xFF, 0xFF, 0x00, 0x37, 0xFF, 0xCF,
0x02, 0x8F, 0x03, 0xBE, 0x06, 0x26, 0x00, 0x75, 0x00, 0x00, 0x00, 0x06, 0x02, 0xD7, 0x37, 0x00,
0xFF, 0xFF, 0x00, 0x37, 0xFF, 0xF4, 0x02, 0x8F, 0x03, 0x86, 0x06, 0x26, 0x00, 0x60, 0x00, 0x00,
0x00, 0x06, 0x02, 0xDD, 0x37, 0x00, 0x00, 0x02, 0x00, 0x37, 0xFF, 0xF4, 0x03, 0xA0, 0x02, 0xC6,
0x00, 0x18, 0x00, 0x26, 0x00, 0x00, 0x45, 0x22, 0x26, 0x26, 0x35, 0x34, 0x36, 0x36, 0x33, 0x32,
0x16, 0x17, 0x21, 0x15, 0x21, 0x15, 0x21, 0x15, 0x21, 0x15, 0x21, 0x15, 0x21, 0x06, 0x06, 0x27,
0x32, 0x36, 0x37, 0x11, 0x26, 0x26, 0x23, 0x22, 0x06, 0x15, 0x15, 0x14, 0x16, 0x01, 0x6C, 0x5F,
0x8B, 0x4B, 0x4B, 0x8B, 0x5F, 0x1E, 0x44, 0x1C, 0x01, 0xB6, 0xFE, 0xB0, 0x01, 0x34, 0xFE, 0xCC,
0x01, 0x50, 0xFE, 0x47, 0x1A, 0x43, 0x18, 0x1D, 0x3C, 0x1A, 0x1A, 0x3C, 0x1D, 0x64, 0x65, 0x65,
0x0C, 0x53, 0xA1, 0x75, 0x76, 0xA0, 0x53, 0x07, 0x05, 0x5E, 0xCC, 0x5E, 0xD4, 0x5E, 0x05, 0x07,
0x5F, 0x08, 0x07, 0x01, 0xF6, 0x07, 0x08, 0x71, 0x61, 0x70, 0x60, 0x72, 0x00, 0x02, 0x00, 0x58,
0x00, 0x00, 0x02, 0x48, 0x02, 0xBA, 0x00, 0x0C, 0x00, 0x18, 0x00, 0x00, 0x73, 0x11, 0x21, 0x32,
0x16, 0x16, 0x15, 0x14, 0x06, 0x06, 0x23, 0x23, 0x11, 0x11, 0x33, 0x32, 0x36, 0x36, 0x35, 0x35,
0x34, 0x26, 0x26, 0x23, 0x23, 0x58, 0x01, 0x27, 0x40, 0x59, 0x30, 0x30, 0x59, 0x40, 0xBD, 0xB7,
0x1E, 0x2A, 0x16, 0x16, 0x2A, 0x1E, 0xB7, 0x02, 0xBA, 0x33, 0x5D, 0x40, 0x3E, 0x5E, 0x33, 0xFE,
0xE5, 0x01, 0x78, 0x15, 0x28, 0x1D, 0x31, 0x1D, 0x28, 0x15, 0x00, 0x02, 0x00, 0x58, 0x00, 0x00,
0x02, 0x48, 0x02, 0xBA, 0x00, 0x0E, 0x00, 0x1A, 0x00, 0x00, 0x73, 0x11, 0x33, 0x15, 0x33, 0x32,
0x16, 0x16, 0x15, 0x14, 0x06, 0x06, 0x23, 0x23, 0x15, 0x35, 0x33, 0x32, 0x36, 0x36, 0x35, 0x35,
0x34, 0x26, 0x26, 0x23, 0x23, 0x58, 0x6A, 0xBD, 0x40, 0x59, 0x30, 0x30, 0x59, 0x40, 0xBD, 0xB7,
0x1E, 0x2A, 0x16, 0x16, 0x2A, 0x1E, 0xB7, 0x02, 0xBA, 0x88, 0x34, 0x5D, 0x3F, 0x3E, 0x5E, 0x33,
0x93, 0xF1, 0x15, 0x28, 0x1C, 0x30, 0x1D, 0x28, 0x15, 0x00, 0x00, 0x02, 0x00, 0x37, 0xFF, 0x55,
0x02, 0x8F, 0x02, 0xC6, 0x00, 0x15, 0x00, 0x27, 0x00, 0x00, 0x45, 0x22, 0x26, 0x35, 0x35, 0x26,
0x26, 0x35, 0x34, 0x36, 0x36, 0x33, 0x32, 0x16, 0x16, 0x15, 0x14, 0x06, 0x07, 0x15, 0x33, 0x15,
0x27, 0x32, 0x36, 0x36, 0x35, 0x35, 0x34, 0x26, 0x26, 0x23, 0x22, 0x06, 0x06, 0x15, 0x15, 0x14,
0x16, 0x16, 0x01, 0xA3, 0x36, 0x35, 0x76, 0x8B, 0x4A, 0x87, 0x5B, 0x5B, 0x87, 0x4A, 0x83, 0x70,
0x6B, 0xA4, 0x38, 0x53, 0x2F, 0x2F, 0x53, 0x38, 0x37, 0x54, 0x2F, 0x2F, 0x54, 0xAB, 0x39, 0x2F,
0x39, 0x0E, 0xB8, 0xA1, 0x76, 0xA0, 0x53, 0x53, 0xA0, 0x76, 0x9D, 0xB5, 0x12, 0x4C, 0x58, 0xFE,
0x34, 0x5E, 0x40, 0x70, 0x41, 0x5E, 0x33, 0x33, 0x5E, 0x41, 0x70, 0x40, 0x5E, 0x34, 0x00, 0x02,
0x00, 0x58, 0x00, 0x00, 0x02, 0x58, 0x02, 0xBA, 0x00, 0x0E, 0x00, 0x1A, 0x00, 0x00, 0x73, 0x11,
0x21, 0x32, 0x16, 0x16, 0x15, 0x14, 0x06, 0x07, 0x13, 0x23, 0x03, 0x23, 0x11, 0x11, 0x33, 0x32,
0x36, 0x36, 0x35, 0x35, 0x34, 0x26, 0x26, 0x23, 0x23, 0x58, 0x01, 0x27, 0x3F, 0x59, 0x31, 0x45,
0x43, 0x98, 0x77, 0x8E, 0x91, 0xB7, 0x1E, 0x2A, 0x16, 0x16, 0x2A, 0x1E, 0xB7, 0x02, 0xBA, 0x31,
0x5C, 0x41, 0x4A, 0x67, 0x12, 0xFE, 0xD7, 0x01, 0x1D, 0xFE, 0xE3, 0x01, 0x78, 0x15, 0x28, 0x1D,
0x31, 0x1D, 0x28, 0x15, 0xFF, 0xFF, 0x00, 0x58, 0x00, 0x00, 0x02, 0x58, 0x03, 0xBE, 0x06, 0x26,
0x00, 0x7C, 0x00, 0x00, 0x00, 0x06, 0x02, 0xD7, 0x0D, 0x00, 0xFF, 0xFF, 0x00, 0x58, 0x00, 0x00,
0x02, 0x58, 0x03, 0xB6, 0x06, 0x26, 0x00, 0x7C, 0x00, 0x00, 0x00, 0x06, 0x02, 0xDA, 0x0E, 0x00,
0xFF, 0xFF, 0x00, 0x58, 0xFF, 0x01, 0x02, 0x58, 0x02, 0xBA, 0x06, 0x26, 0x00, 0x7C, 0x00, 0x00,
0x00, 0x07, 0x02, 0xC3, 0x01, 0x4E, 0x00, 0x00, 0x00, 0x01, 0x00, 0x29, 0xFF, 0xF4, 0x02, 0x20,
0x02, 0xC6, 0x00, 0x2D, 0x00, 0x00, 0x45, 0x22, 0x26, 0x27, 0x37, 0x16, 0x16, 0x33, 0x32, 0x36,
0x35, 0x34, 0x26, 0x26, 0x27, 0x27, 0x2E, 0x02, 0x35, 0x34, 0x36, 0x36, 0x33, 0x32, 0x16, 0x17,
0x07, 0x26, 0x26, 0x23, 0x22, 0x06, 0x15, 0x14, 0x16, 0x16, 0x17, 0x17, 0x1E, 0x02, 0x15, 0x14,
0x06, 0x06, 0x01, 0x26, 0x57, 0x7B, 0x2B, 0x4A, 0x25, 0x59, 0x3A, 0x45, 0x46, 0x15, 0x32, 0x2A,
0x3D, 0x42, 0x5A, 0x2E, 0x3B, 0x6D, 0x49, 0x4F, 0x73, 0x29, 0x4C, 0x1B, 0x4F, 0x3B, 0x3D, 0x44,
0x19, 0x33, 0x27, 0x3D, 0x45, 0x59, 0x2A, 0x3B, 0x70, 0x0C, 0x41, 0x36, 0x44, 0x2E, 0x2F, 0x3F,
0x35, 0x1C, 0x29, 0x1C, 0x08, 0x0C, 0x0D, 0x32, 0x4F, 0x37, 0x3E, 0x59, 0x2F, 0x38, 0x35, 0x40,
0x24, 0x2B, 0x33, 0x30, 0x1E, 0x27, 0x19, 0x08, 0x0C, 0x0E, 0x34, 0x4F, 0x36, 0x41, 0x61, 0x36,
0xFF, 0xFF, 0x00, 0x29, 0xFF, 0xF4, 0x02, 0x20, 0x03, 0xBE, 0x06, 0x26, 0x00, 0x80, 0x00, 0x00,
0x00, 0x06, 0x02, 0xD7, 0xFC, 0x00, 0xFF, 0xFF, 0x00, 0x29, 0xFF, 0xF4, 0x02, 0x20, 0x03, 0xB6,
0x06, 0x26, 0x00, 0x80, 0x00, 0x00, 0x00, 0x06, 0x02, 0xDA, 0xFC, 0x00, 0x00, 0x01, 0x00, 0x29,
0xFF, 0x2F, 0x02, 0x20, 0x02, 0xC6, 0x00, 0x47, 0x00, 0x00, 0x45, 0x22, 0x26, 0x27, 0x37, 0x16,
0x16, 0x33, 0x32, 0x36, 0x35, 0x34, 0x26, 0x27, 0x27, 0x37, 0x26, 0x26, 0x27, 0x37, 0x16, 0x16,
0x33, 0x32, 0x36, 0x35, 0x34, 0x26, 0x26, 0x27, 0x27, 0x2E, 0x02, 0x35, 0x34, 0x36, 0x36, 0x33,
0x32, 0x16, 0x17, 0x07, 0x26, 0x26, 0x23, 0x22, 0x06, 0x15, 0x14, 0x16, 0x16, 0x17, 0x17, 0x1E,
0x02, 0x15, 0x14, 0x06, 0x07, 0x07, 0x17, 0x36, 0x36, 0x33, 0x32, 0x16, 0x15, 0x14, 0x06, 0x06,
0x01, 0x32, 0x2C, 0x34, 0x0C, 0x29, 0x09, 0x1F, 0x17, 0x13, 0x19, 0x1B, 0x2C, 0x19, 0x0D, 0x4B,
0x6C, 0x27, 0x4A, 0x25, 0x59, 0x3A, 0x45, 0x46, 0x15, 0x32, 0x2A, 0x3D, 0x42, 0x5A, 0x2E, 0x3B,
0x6D, 0x49, 0x4F, 0x73, 0x29, 0x4C, 0x1B, 0x4F, 0x3B, 0x3D, 0x44, 0x19, 0x33, 0x27, 0x3D, 0x45,
0x59, 0x2A, 0x76, 0x6C, 0x09, 0x03, 0x0B, 0x15, 0x0A, 0x1D, 0x29, 0x22, 0x35, 0xD1, 0x1C, 0x0E,
0x2E, 0x0B, 0x11, 0x0E, 0x0F, 0x0D, 0x16, 0x06, 0x03, 0x41, 0x05, 0x3F, 0x32, 0x44, 0x2E, 0x2F,
0x3F, 0x35, 0x1C, 0x29, 0x1C, 0x08, 0x0C, 0x0D, 0x32, 0x4F, 0x37, 0x3E, 0x59, 0x2F, 0x38, 0x35,
0x40, 0x24, 0x2B, 0x33, 0x30, 0x1E, 0x27, 0x19, 0x08, 0x0C, 0x0E, 0x34, 0x4F, 0x36, 0x5C, 0x75,
0x06, 0x30, 0x03, 0x03, 0x03, 0x21, 0x22, 0x1E, 0x26, 0x12, 0xFF, 0xFF, 0x00, 0x29, 0xFF, 0xF4,
0x02, 0x20, 0x03, 0xAE, 0x06, 0x26, 0x00, 0x80, 0x00, 0x00, 0x00, 0x06, 0x02, 0xD9, 0xFC, 0x00,
0xFF, 0xFF, 0x00, 0x29, 0xFF, 0x01, 0x02, 0x20, 0x02, 0xC6, 0x06, 0x26, 0x00, 0x80, 0x00, 0x00,
0x00, 0x07, 0x02, 0xC3, 0x01, 0x27, 0x00, 0x00, 0x00, 0x01, 0x00, 0x58, 0xFF, 0xF4, 0x02, 0x9A,
0x02, 0xBA, 0x00, 0x21, 0x00, 0x00, 0x45, 0x22, 0x26, 0x27, 0x37, 0x16, 0x16, 0x33, 0x32, 0x36,
0x35, 0x35, 0x34, 0x26, 0x23, 0x23, 0x35, 0x37, 0x21, 0x11, 0x23, 0x11, 0x21, 0x15, 0x07, 0x15,
0x1E, 0x03, 0x15, 0x14, 0x06, 0x06, 0x01, 0xBB, 0x43, 0x62, 0x22, 0x46, 0x19, 0x3F, 0x29, 0x35,
0x3B, 0x3C, 0x3B, 0x5F, 0xA7, 0xFE, 0xC6, 0x6A, 0x02, 0x0F, 0xA2, 0x2D, 0x4D, 0x3A, 0x21, 0x37,
0x64, 0x0C, 0x2C, 0x2C, 0x41, 0x1E, 0x22, 0x3C, 0x30, 0x20, 0x30, 0x39, 0x5A, 0xC2, 0xFD, 0xA2,
0x02, 0xBA, 0x65, 0xBD, 0x04, 0x01, 0x1B, 0x32, 0x4B, 0x30, 0x41, 0x61, 0x35, 0x00, 0x00, 0x01,
0x00, 0x18, 0x00, 0x00, 0x02, 0x28, 0x02, 0xBA, 0x00, 0x07, 0x00, 0x00, 0x73, 0x11, 0x23, 0x35,
0x21, 0x15, 0x23, 0x11, 0xEB, 0xD3, 0x02, 0x10, 0xD3, 0x02, 0x5C, 0x5E, 0x5E, 0xFD, 0xA4, 0x00,
0x00, 0x01, 0x00, 0x1D, 0x00, 0x00, 0x02, 0x2D, 0x02, 0xBA, 0x00, 0x0F, 0x00, 0x00, 0x73, 0x11,
0x23, 0x35, 0x33, 0x35, 0x23, 0x35, 0x21, 0x15, 0x23, 0x15, 0x33, 0x15, 0x23, 0x11, 0xF0, 0x9D,
0x9D, 0xD3, 0x02, 0x10, 0xD3, 0x9C, 0x9C, 0x01, 0x3D, 0x50, 0xCF, 0x5E, 0x5E, 0xCF, 0x50, 0xFE,
0xC3, 0x00, 0xFF, 0xFF, 0x00, 0x18, 0x00, 0x00, 0x02, 0x28, 0x03, 0xB6, 0x06, 0x26, 0x00, 0x87,
0x00, 0x00, 0x00, 0x06, 0x02, 0xDA, 0xF4, 0x00, 0xFF, 0xFF, 0x00, 0x18, 0xFF, 0x01, 0x02, 0x28,
0x02, 0xBA, 0x06, 0x26, 0x00, 0x87, 0x00, 0x00, 0x00, 0x07, 0x02, 0xC3, 0x01, 0x20, 0x00, 0x00,
0xFF, 0xFF, 0x00, 0x18, 0xFF, 0x01, 0x02, 0x28, 0x02, 0xBA, 0x06, 0x26, 0x00, 0x87, 0x00, 0x00,
0x00, 0x07, 0x02, 0xC3, 0x01, 0x20, 0x00, 0x00, 0x00, 0x01, 0x00, 0x53, 0xFF, 0xF4, 0x02, 0x58,
0x02, 0xBA, 0x00, 0x15, 0x00, 0x00, 0x45, 0x22, 0x26, 0x26, 0x35, 0x11, 0x33, 0x11, 0x14, 0x16,
0x16, 0x33, 0x32, 0x36, 0x36, 0x35, 0x11, 0x33, 0x11, 0x14, 0x06, 0x06, 0x01, 0x54, 0x60, 0x70,
0x31, 0x69, 0x1E, 0x43, 0x39, 0x38, 0x43, 0x1E, 0x69, 0x32, 0x73, 0x0C, 0x40, 0x84, 0x66, 0x01,
0x9C, 0xFE, 0x51, 0x3C, 0x52, 0x2A, 0x2A, 0x52, 0x3C, 0x01, 0xAF, 0xFE, 0x64, 0x66, 0x84, 0x40,
0xFF, 0xFF, 0x00, 0x53, 0xFF, 0xF4, 0x02, 0x58, 0x03, 0xBE, 0x06, 0x26, 0x00, 0x8C, 0x00, 0x00,
0x00, 0x06, 0x02, 0xD7, 0x28, 0x00, 0xFF, 0xFF, 0x00, 0x53, 0xFF, 0xF4, 0x02, 0x58, 0x03, 0x9E,
0x06, 0x26, 0x00, 0x8C, 0x00, 0x00, 0x00, 0x06, 0x02, 0xDB, 0x28, 0x00, 0xFF, 0xFF, 0x00, 0x53,
0xFF, 0xF4, 0x02, 0x58, 0x03, 0xAE, 0x06, 0x26, 0x00, 0x8C, 0x00, 0x00, 0x00, 0x06, 0x02, 0xD9,
0x28, 0x00, 0xFF, 0xFF, 0x00, 0x53, 0xFF, 0xF4, 0x02, 0x58, 0x03, 0x84, 0x06, 0x26, 0x00, 0x8C,
0x00, 0x00, 0x00, 0x06, 0x02, 0xD4, 0x28, 0x00, 0xFF, 0xFF, 0x00, 0x53, 0xFF, 0x4B, 0x02, 0x58,
0x02, 0xBA, 0x06, 0x26, 0x00, 0x8C, 0x00, 0x00, 0x00, 0x07, 0x02, 0xC2, 0x01, 0x54, 0x00, 0x00,
0xFF, 0xFF, 0x00, 0x53, 0xFF, 0xF4, 0x02, 0x58, 0x03, 0xBE, 0x06, 0x26, 0x00, 0x8C, 0x00, 0x00,
0x00, 0x06, 0x02, 0xD6, 0x28, 0x00, 0xFF, 0xFF, 0x00, 0x53, 0xFF, 0xF4, 0x02, 0x58, 0x03, 0xB0,
0x06, 0x26, 0x00, 0x8C, 0x00, 0x00, 0x00, 0x07, 0x02, 0xBE, 0x01, 0x54, 0x00, 0xA6, 0x00, 0x01,
0x00, 0x53, 0xFF, 0xF4, 0x02, 0x9E, 0x03, 0x28, 0x00, 0x1C, 0x00, 0x00, 0x45, 0x22, 0x26, 0x26,
0x35, 0x11, 0x33, 0x11, 0x14, 0x16, 0x16, 0x33, 0x32, 0x36, 0x36, 0x35, 0x11, 0x33, 0x35, 0x33,
0x15, 0x14, 0x06, 0x07, 0x07, 0x11, 0x14, 0x06, 0x06, 0x01, 0x54, 0x60, 0x70, 0x31, 0x69, 0x1E,
0x43, 0x39, 0x38, 0x43, 0x1E, 0x56, 0x59, 0x17, 0x23, 0x0C, 0x32, 0x73, 0x0C, 0x40, 0x84, 0x66,
0x01, 0x9C, 0xFE, 0x51, 0x3C, 0x52, 0x2A, 0x2A, 0x52, 0x3C, 0x01, 0xAF, 0x6E, 0x63, 0x1E, 0x28,
0x03, 0x01, 0xFE, 0xA3, 0x66, 0x84, 0x40, 0x00, 0xFF, 0xFF, 0x00, 0x53, 0xFF, 0xF4, 0x02, 0x9E,
0x03, 0xBE, 0x06, 0x26, 0x00, 0x94, 0x00, 0x00, 0x00, 0x06, 0x02, 0xD7, 0x28, 0x00, 0xFF, 0xFF,
0x00, 0x53, 0xFF, 0x4B, 0x02, 0x9E, 0x03, 0x28, 0x06, 0x26, 0x00, 0x94, 0x00, 0x00, 0x00, 0x07,
0x02, 0xC2, 0x01, 0x54, 0x00, 0x00, 0xFF, 0xFF, 0x00, 0x53, 0xFF, 0xF4, 0x02, 0x9E, 0x03, 0xBE,
0x06, 0x26, 0x00, 0x94, 0x00, 0x00, 0x00, 0x06, 0x02, 0xD6, 0x28, 0x00, 0xFF, 0xFF, 0x00, 0x53,
0xFF, 0xF4, 0x02, 0x9E, 0x03, 0xB0, 0x06, 0x26, 0x00, 0x94, 0x00, 0x00, 0x00, 0x07, 0x02, 0xBE,
0x01, 0x54, 0x00, 0xA6, 0xFF, 0xFF, 0x00, 0x53, 0xFF, 0xF4, 0x02, 0x9E, 0x03, 0x84, 0x06, 0x26,
0x00, 0x94, 0x00, 0x00, 0x00, 0x06, 0x02, 0xDF, 0x22, 0x00, 0xFF, 0xFF, 0x00, 0x53, 0xFF, 0xF4,
0x02, 0x58, 0x03, 0xBC, 0x06, 0x26, 0x00, 0x8C, 0x00, 0x00, 0x00, 0x06, 0x02, 0xD8, 0x28, 0x00,
0xFF, 0xFF, 0x00, 0x53, 0xFF, 0xF4, 0x02, 0x58, 0x03, 0x6F, 0x06, 0x26, 0x00, 0x8C, 0x00, 0x00,
0x00, 0x06, 0x02, 0xDE, 0x28, 0x00, 0x00, 0x01, 0x00, 0x53, 0xFF, 0x2F, 0x02, 0x58, 0x02, 0xBA,
0x00, 0x2D, 0x00, 0x00, 0x45, 0x22, 0x26, 0x35, 0x34, 0x36, 0x37, 0x27, 0x06, 0x06, 0x23, 0x22,
0x26, 0x26, 0x35, 0x11, 0x33, 0x11, 0x14, 0x16, 0x16, 0x33, 0x32, 0x36, 0x36, 0x35, 0x11, 0x33,
0x11, 0x14, 0x06, 0x06, 0x07, 0x0E, 0x02, 0x15, 0x14, 0x16, 0x33, 0x32, 0x36, 0x37, 0x17, 0x06,
0x06, 0x01, 0xA4, 0x29, 0x3F, 0x42, 0x33, 0x03, 0x14, 0x2E, 0x18, 0x60, 0x70, 0x31, 0x69, 0x1E,
0x43, 0x39, 0x38, 0x43, 0x1E, 0x69, 0x14, 0x32, 0x2F, 0x1D, 0x29, 0x15, 0x13, 0x0E, 0x0F, 0x1A,
0x09, 0x2C, 0x0A, 0x32, 0xD1, 0x26, 0x28, 0x29, 0x38, 0x1D, 0x06, 0x08, 0x05, 0x40, 0x84, 0x66,
0x01, 0x9C, 0xFE, 0x51, 0x3C, 0x52, 0x2A, 0x2A, 0x52, 0x3C, 0x01, 0xAF, 0xFE, 0x64, 0x43, 0x66,
0x55, 0x2A, 0x1B, 0x24, 0x1C, 0x10, 0x11, 0x0E, 0x0E, 0x0B, 0x2B, 0x12, 0x19, 0x00, 0xFF, 0xFF,
0x00, 0x53, 0xFF, 0xF4, 0x02, 0x58, 0x03, 0xDA, 0x06, 0x26, 0x00, 0x8C, 0x00, 0x00, 0x00, 0x06,
0x02, 0xDC, 0x28, 0x00, 0xFF, 0xFF, 0x00, 0x53, 0xFF, 0xF4, 0x02, 0x58, 0x03, 0x86, 0x06, 0x26,
0x00, 0x8C, 0x00, 0x00, 0x00, 0x06, 0x02, 0xDD, 0x28, 0x00, 0x00, 0x01, 0x00, 0x12, 0x00, 0x00,
0x02, 0x5D, 0x02, 0xBA, 0x00, 0x09, 0x00, 0x00, 0x73, 0x03, 0x33, 0x13, 0x17, 0x33, 0x37, 0x13,
0x33, 0x03, 0xF8, 0xE6, 0x6F, 0x70, 0x45, 0x05, 0x46, 0x70, 0x6C, 0xE9, 0x02, 0xBA, 0xFE, 0xA6,
0xF8, 0xF8, 0x01, 0x5A, 0xFD, 0x46, 0x00, 0x01, 0x00, 0x17, 0x00, 0x00, 0x03, 0x7F, 0x02, 0xBA,
0x00, 0x15, 0x00, 0x00, 0x73, 0x03, 0x33, 0x13, 0x17, 0x33, 0x37, 0x13, 0x33, 0x13, 0x17, 0x33,
0x37, 0x13, 0x33, 0x03, 0x23, 0x03, 0x27, 0x23, 0x07, 0x03, 0xBD, 0xA6, 0x6D, 0x48, 0x33, 0x03,
0x3A, 0x54, 0x77, 0x53, 0x3A, 0x03, 0x34, 0x4B, 0x69, 0xAD, 0x78, 0x5A, 0x36, 0x02, 0x38, 0x5B,
0x02, 0xBA, 0xFE, 0xB0, 0xEE, 0xEE, 0x01, 0x50, 0xFE, 0xB0, 0xEE, 0xEE, 0x01, 0x50, 0xFD, 0x46,
0x01, 0x66, 0xDE, 0xDE, 0xFE, 0x9A, 0xFF, 0xFF, 0x00, 0x17, 0x00, 0x00, 0x03, 0x7F, 0x03, 0xBE,
0x06, 0x26, 0x00, 0xA0, 0x00, 0x00, 0x00, 0x07, 0x02, 0xD7, 0x00, 0x9F, 0x00, 0x00, 0xFF, 0xFF,
0x00, 0x17, 0x00, 0x00, 0x03, 0x7F, 0x03, 0xAE, 0x06, 0x26, 0x00, 0xA0, 0x00, 0x00, 0x00, 0x07,
0x02, 0xD9, 0x00, 0xA0, 0x00, 0x00, 0xFF, 0xFF, 0x00, 0x17, 0x00, 0x00, 0x03, 0x7F, 0x03, 0x84,
0x06, 0x26, 0x00, 0xA0, 0x00, 0x00, 0x00, 0x07, 0x02, 0xD4, 0x00, 0xA0, 0x00, 0x00, 0xFF, 0xFF,
0x00, 0x17, 0x00, 0x00, 0x03, 0x7F, 0x03, 0xBE, 0x06, 0x26, 0x00, 0xA0, 0x00, 0x00, 0x00, 0x07,
0x02, 0xD6, 0x00, 0xA0, 0x00, 0x00, 0x00, 0x01, 0x00, 0x15, 0x00, 0x00, 0x02, 0x64, 0x02, 0xBA,
0x00, 0x0D, 0x00, 0x00, 0x73, 0x13, 0x03, 0x33, 0x13, 0x33, 0x13, 0x33, 0x03, 0x13, 0x23, 0x03,
0x23, 0x03, 0x15, 0xE3, 0xDB, 0x7E, 0xA2, 0x03, 0xA5, 0x77, 0xDD, 0xE5, 0x7E, 0xAD, 0x02, 0xAB,
0x01, 0x65, 0x01, 0x55, 0xFE, 0xF8, 0x01, 0x08, 0xFE, 0xAC, 0xFE, 0x9A, 0x01, 0x19, 0xFE, 0xE7,
0x00, 0x01, 0x00, 0x0C, 0x00, 0x00, 0x02, 0x58, 0x02, 0xBA, 0x00, 0x09, 0x00, 0x00, 0x73, 0x11,
0x03, 0x33, 0x13, 0x33, 0x13, 0x33, 0x03, 0x11, 0xFB, 0xEF, 0x78, 0xAE, 0x03, 0xAC, 0x77, 0xF2,
0x01, 0x13, 0x01, 0xA7, 0xFE, 0xC3, 0x01, 0x3D, 0xFE, 0x5B, 0xFE, 0xEB, 0xFF, 0xFF, 0x00, 0x0C,
0x00, 0x00, 0x02, 0x58, 0x03, 0xBE, 0x06, 0x26, 0x00, 0xA6, 0x00, 0x00, 0x00, 0x06, 0x02, 0xD7,
0x06, 0x00, 0xFF, 0xFF, 0x00, 0x0C, 0x00, 0x00, 0x02, 0x58, 0x03, 0xAE, 0x06, 0x26, 0x00, 0xA6,
0x00, 0x00, 0x00, 0x06, 0x02, 0xD9, 0x06, 0x00, 0xFF, 0xFF, 0x00, 0x0C, 0x00, 0x00, 0x02, 0x58,
0x03, 0x84, 0x06, 0x26, 0x00, 0xA6, 0x00, 0x00, 0x00, 0x06, 0x02, 0xD4, 0x06, 0x00, 0xFF, 0xFF,
0x00, 0x0C, 0xFF, 0x4B, 0x02, 0x58, 0x02, 0xBA, 0x06, 0x26, 0x00, 0xA6, 0x00, 0x00, 0x00, 0x07,
0x02, 0xC2, 0x01, 0x32, 0x00, 0x00, 0xFF, 0xFF, 0x00, 0x0C, 0x00, 0x00, 0x02, 0x58, 0x03, 0xBE,
0x06, 0x26, 0x00, 0xA6, 0x00, 0x00, 0x00, 0x06, 0x02, 0xD6, 0x06, 0x00, 0xFF, 0xFF, 0x00, 0x0C,
0x00, 0x00, 0x02, 0x58, 0x03, 0xB0, 0x06, 0x26, 0x00, 0xA6, 0x00, 0x00, 0x00, 0x07, 0x02, 0xBE,
0x01, 0x32, 0x00, 0xA6, 0xFF, 0xFF, 0x00, 0x0C, 0x00, 0x00, 0x02, 0x58, 0x03, 0x86, 0x06, 0x26,
0x00, 0xA6, 0x00, 0x00, 0x00, 0x06, 0x02, 0xDD, 0x06, 0x00, 0x00, 0x01, 0x00, 0x25, 0x00, 0x00,
0x02, 0x28, 0x02, 0xBA, 0x00, 0x09, 0x00, 0x00, 0x73, 0x35, 0x01, 0x21, 0x35, 0x21, 0x15, 0x01,
0x21, 0x15, 0x25, 0x01, 0x7F, 0xFE, 0x95, 0x01, 0xE3, 0xFE, 0x80, 0x01, 0x8C, 0x60, 0x01, 0xFC,
0x5E, 0x60, 0xFE, 0x04, 0x5E, 0x00, 0xFF, 0xFF, 0x00, 0x25, 0x00, 0x00, 0x02, 0x28, 0x03, 0xBE,
0x06, 0x26, 0x00, 0xAE, 0x00, 0x00, 0x00, 0x06, 0x02, 0xD7, 0xFF, 0x00, 0xFF, 0xFF, 0x00, 0x25,
0x00, 0x00, 0x02, 0x28, 0x03, 0xB6, 0x06, 0x26, 0x00, 0xAE, 0x00, 0x00, 0x00, 0x06, 0x02, 0xDA,
0xFF, 0x00, 0xFF, 0xFF, 0x00, 0x25, 0x00, 0x00, 0x02, 0x28, 0x03, 0x8B, 0x06, 0x26, 0x00, 0xAE,
0x00, 0x00, 0x00, 0x06, 0x02, 0xD5, 0xFF, 0x00, 0x00, 0x02, 0x00, 0x29, 0xFF, 0xF4, 0x02, 0x04,
0x02, 0x13, 0x00, 0x21, 0x00, 0x2E, 0x00, 0x00, 0x57, 0x22, 0x26, 0x35, 0x34, 0x36, 0x36, 0x33,
0x33, 0x35, 0x34, 0x26, 0x23, 0x22, 0x06, 0x07, 0x27, 0x36, 0x36, 0x33, 0x32, 0x16, 0x15, 0x11,
0x33, 0x15, 0x23, 0x22, 0x26, 0x27, 0x27, 0x23, 0x06, 0x06, 0x27, 0x32, 0x36, 0x36, 0x35, 0x35,
0x23, 0x22, 0x06, 0x15, 0x15, 0x14, 0x16, 0xD2, 0x51, 0x58, 0x32, 0x62, 0x49, 0x60, 0x35, 0x39,
0x2E, 0x3C, 0x13, 0x3E, 0x19, 0x5E, 0x4A, 0x63, 0x6C, 0x37, 0x39, 0x29, 0x2C, 0x06, 0x02, 0x05,
0x0F, 0x50, 0x1D, 0x23, 0x36, 0x20, 0x5F, 0x3B, 0x3A, 0x32, 0x0C, 0x54, 0x47, 0x33, 0x45, 0x23,
0x2D, 0x32, 0x35, 0x28, 0x20, 0x38, 0x2B, 0x3A, 0x5E, 0x56, 0xFE, 0xF6, 0x55, 0x2C, 0x22, 0x09,
0x31, 0x32, 0x50, 0x15, 0x27, 0x19, 0x4D, 0x24, 0x23, 0x13, 0x23, 0x25, 0xFF, 0xFF, 0x00, 0x29,
0xFF, 0xF4, 0x02, 0x04, 0x03, 0x17, 0x06, 0x26, 0x00, 0xB2, 0x00, 0x00, 0x00, 0x06, 0x02, 0xC9,
0xD5, 0x00, 0xFF, 0xFF, 0x00, 0x29, 0xFF, 0xF4, 0x02, 0x04, 0x02, 0xF7, 0x06, 0x26, 0x00, 0xB2,
0x00, 0x00, 0x00, 0x06, 0x02, 0xCD, 0xD5, 0x00, 0xFF, 0xFF, 0x00, 0x29, 0xFF, 0xF4, 0x02, 0x04,
0x03, 0x95, 0x06, 0x26, 0x00, 0xB2, 0x00, 0x00, 0x00, 0x07, 0x02, 0xE4, 0x01, 0x01, 0xFF, 0x5A,
0xFF, 0xFF, 0x00, 0x29, 0xFF, 0x4B, 0x02, 0x04, 0x02, 0xF7, 0x06, 0x26, 0x00, 0xB2, 0x00, 0x00,
0x00, 0x26, 0x02, 0xCD, 0xD5, 0x00, 0x00, 0x07, 0x02, 0xC2, 0x00, 0xFD, 0x00, 0x00, 0xFF, 0xFF,
0x00, 0x29, 0xFF, 0xF4, 0x02, 0x04, 0x03, 0x95, 0x06, 0x26, 0x00, 0xB2, 0x00, 0x00, 0x00, 0x07,
0x02, 0xE5, 0x01, 0x01, 0xFF, 0x5A, 0xFF, 0xFF, 0x00, 0x29, 0xFF, 0xF4, 0x02, 0x04, 0x03, 0x88,
0x06, 0x26, 0x00, 0xB2, 0x00, 0x00, 0x00, 0x07, 0x02, 0xE6, 0x01, 0x01, 0xFF, 0x59, 0xFF, 0xFF,
0x00, 0x29, 0xFF, 0xF4, 0x02, 0x04, 0x03, 0x84, 0x06, 0x26, 0x00, 0xB2, 0x00, 0x00, 0x00, 0x07,
0x02, 0xE7, 0x01, 0x01, 0xFF, 0x59, 0xFF, 0xFF, 0x00, 0x29, 0xFF, 0xF4, 0x02, 0x04, 0x03, 0x07,
0x06, 0x26, 0x00, 0xB2, 0x00, 0x00, 0x00, 0x06, 0x02, 0xCB, 0xD5, 0x00, 0xFF, 0xFF, 0x00, 0x29,
0xFF, 0xF4, 0x02, 0x15, 0x03, 0x95, 0x06, 0x26, 0x00, 0xB2, 0x00, 0x00, 0x00, 0x07, 0x02, 0xE8,
0x01, 0x01, 0xFF, 0x5A, 0xFF, 0xFF, 0x00, 0x29, 0xFF, 0x4B, 0x02, 0x04, 0x03, 0x07, 0x06, 0x26,
0x00, 0xB2, 0x00, 0x00, 0x00, 0x26, 0x02, 0xCB, 0xD5, 0x00, 0x00, 0x07, 0x02, 0xC2, 0x00, 0xFD,
0x00, 0x00, 0xFF, 0xFF, 0xFF, 0xEE, 0xFF, 0xF4, 0x02, 0x04, 0x03, 0x95, 0x06, 0x26, 0x00, 0xB2,
0x00, 0x00, 0x00, 0x07, 0x02, 0xE9, 0x01, 0x01, 0xFF, 0x5A, 0xFF, 0xFF, 0x00, 0x29, 0xFF, 0xF4,
0x02, 0x04, 0x03, 0x8A, 0x06, 0x26, 0x00, 0xB2, 0x00, 0x00, 0x00, 0x07, 0x02, 0xEA, 0x01, 0x01,
0xFF, 0x5B, 0xFF, 0xFF, 0x00, 0x29, 0xFF, 0xF4, 0x02, 0x04, 0x03, 0x89, 0x06, 0x26, 0x00, 0xB2,
0x00, 0x00, 0x00, 0x07, 0x02, 0xEB, 0x01, 0x01, 0xFF, 0x5B, 0xFF, 0xFF, 0x00, 0x29, 0xFF, 0xF4,
0x02, 0x04, 0x02, 0xDB, 0x06, 0x26, 0x00, 0xB2, 0x00, 0x00, 0x00, 0x06, 0x02, 0xC6, 0xD5, 0x00,
0xFF, 0xFF, 0x00, 0x29, 0xFF, 0x4B, 0x02, 0x04, 0x02, 0x13, 0x06, 0x26, 0x00, 0xB2, 0x00, 0x00,
0x00, 0x07, 0x02, 0xC2, 0x00, 0xFD, 0x00, 0x00, 0xFF, 0xFF, 0x00, 0x29, 0xFF, 0xF4, 0x02, 0x04,
0x03, 0x17, 0x06, 0x26, 0x00, 0xB2, 0x00, 0x00, 0x00, 0x06, 0x02, 0xC8, 0xD5, 0x00, 0xFF, 0xFF,
0x00, 0x29, 0xFF, 0xF4, 0x02, 0x04, 0x03, 0x12, 0x06, 0x26, 0x00, 0xB2, 0x00, 0x00, 0x00, 0x07,
0x02, 0xBE, 0x01, 0x01, 0x00, 0x08, 0xFF, 0xFF, 0x00, 0x29, 0xFF, 0xF4, 0x02, 0x04, 0x02, 0xC8,
0x06, 0x26, 0x00, 0xB2, 0x00, 0x00, 0x00, 0x06, 0x02, 0xD0, 0xD5, 0x00, 0x00, 0x02, 0x00, 0x29,
0xFF, 0x2F, 0x02, 0x1D, 0x02, 0x13, 0x00, 0x37, 0x00, 0x44, 0x00, 0x00, 0x45, 0x22, 0x26, 0x26,
0x35, 0x34, 0x36, 0x37, 0x27, 0x27, 0x26, 0x26, 0x27, 0x27, 0x23, 0x06, 0x06, 0x23, 0x22, 0x26,
0x35, 0x34, 0x36, 0x36, 0x33, 0x33, 0x35, 0x34, 0x26, 0x23, 0x22, 0x06, 0x07, 0x27, 0x36, 0x36,
0x33, 0x32, 0x16, 0x15, 0x11, 0x33, 0x15, 0x0E, 0x02, 0x15, 0x14, 0x16, 0x33, 0x32, 0x36, 0x37,
0x17, 0x06, 0x06, 0x03, 0x32, 0x36, 0x36, 0x35, 0x35, 0x23, 0x22, 0x06, 0x15, 0x15, 0x14, 0x16,
0x01, 0xBA, 0x1D, 0x2F, 0x1D, 0x3E, 0x2E, 0x02, 0x06, 0x1F, 0x21, 0x06, 0x01, 0x05, 0x0F, 0x50,
0x38, 0x51, 0x58, 0x32, 0x62, 0x49, 0x60, 0x35, 0x39, 0x2E, 0x3C, 0x13, 0x3E, 0x19, 0x5E, 0x4A,
0x63, 0x6C, 0x37, 0x2C, 0x2C, 0x0F, 0x14, 0x0D, 0x10, 0x19, 0x0A, 0x2C, 0x0A, 0x32, 0xF4, 0x23,
0x36, 0x20, 0x5F, 0x3B, 0x3A, 0x32, 0xD1, 0x10, 0x23, 0x1C, 0x28, 0x3B, 0x1C, 0x04, 0x01, 0x06,
0x2A, 0x1E, 0x07, 0x31, 0x32, 0x54, 0x47, 0x33, 0x45, 0x23, 0x2D, 0x32, 0x35, 0x28, 0x20, 0x38,
0x2B, 0x3A, 0x5E, 0x56, 0xFE, 0xF6, 0x55, 0x24, 0x2B, 0x1B, 0x0B, 0x11, 0x0E, 0x0E, 0x0B, 0x2B,
0x12, 0x19, 0x01, 0x15, 0x15, 0x27, 0x19, 0x4D, 0x24, 0x23, 0x13, 0x23, 0x25, 0x00, 0xFF, 0xFF,
0x00, 0x29, 0xFF, 0xF4, 0x02, 0x04, 0x03, 0x33, 0x06, 0x26, 0x00, 0xB2, 0x00, 0x00, 0x00, 0x06,
0x02, 0xCE, 0xD5, 0x00, 0xFF, 0xFF, 0x00, 0x29, 0xFF, 0xF4, 0x02, 0x04, 0x03, 0xC3, 0x06, 0x26,
0x00, 0xB2, 0x00, 0x00, 0x00, 0x07, 0x02, 0xEC, 0xFF, 0xD5, 0xFF, 0x5A, 0xFF, 0xFF, 0x00, 0x29,
0xFF, 0xF4, 0x02, 0x04, 0x02, 0xDF, 0x06, 0x26, 0x00, 0xB2, 0x00, 0x00, 0x00, 0x06, 0x02, 0xCF,
0xD5, 0x00, 0x00, 0x03, 0x00, 0x29, 0xFF, 0xF4, 0x03, 0x35, 0x02, 0x13, 0x00, 0x35, 0x00, 0x42,
0x00, 0x4D, 0x00, 0x00, 0x57, 0x22, 0x26, 0x35, 0x34, 0x36, 0x36, 0x33, 0x33, 0x35, 0x34, 0x26,
0x23, 0x22, 0x06, 0x07, 0x27, 0x36, 0x36, 0x33, 0x32, 0x16, 0x16, 0x17, 0x33, 0x3E, 0x02, 0x33,
0x32, 0x16, 0x16, 0x15, 0x15, 0x21, 0x15, 0x14, 0x16, 0x33, 0x32, 0x36, 0x37, 0x17, 0x06, 0x06,
0x23, 0x22, 0x26, 0x26, 0x27, 0x23, 0x0E, 0x02, 0x27, 0x32, 0x36, 0x36, 0x35, 0x35, 0x23, 0x06,
0x06, 0x15, 0x15, 0x14, 0x16, 0x25, 0x33, 0x35, 0x34, 0x26, 0x26, 0x23, 0x22, 0x06, 0x06, 0x15,
0xD1, 0x4E, 0x5A, 0x34, 0x63, 0x46, 0x60, 0x35, 0x37, 0x30, 0x3B, 0x14, 0x3E, 0x18, 0x60, 0x4A,
0x32, 0x3F, 0x23, 0x09, 0x06, 0x09, 0x31, 0x4B, 0x2F, 0x49, 0x63, 0x33, 0xFE, 0x98, 0x4B, 0x43,
0x30, 0x44, 0x15, 0x3F, 0x1C, 0x6B, 0x44, 0x35, 0x52, 0x34, 0x09, 0x06, 0x06, 0x2E, 0x50, 0x1B,
0x21, 0x36, 0x20, 0x5F, 0x3A, 0x3B, 0x31, 0x01, 0x0A, 0xFB, 0x1D, 0x36, 0x25, 0x27, 0x3B, 0x21,
0x0C, 0x56, 0x45, 0x34, 0x47, 0x25, 0x28, 0x32, 0x35, 0x27, 0x20, 0x37, 0x2B, 0x3A, 0x20, 0x2F,
0x16, 0x17, 0x2F, 0x1F, 0x44, 0x75, 0x48, 0x28, 0x13, 0x3E, 0x4F, 0x2B, 0x24, 0x39, 0x31, 0x3B,
0x23, 0x34, 0x19, 0x18, 0x34, 0x24, 0x50, 0x15, 0x27, 0x19, 0x51, 0x02, 0x25, 0x23, 0x13, 0x23,
0x26, 0xEB, 0x0A, 0x29, 0x3E, 0x22, 0x24, 0x3F, 0x29, 0x00, 0xFF, 0xFF, 0x00, 0x29, 0xFF, 0xF4,
0x03, 0x35, 0x03, 0x1A, 0x06, 0x26, 0x00, 0xC9, 0x00, 0x00, 0x00, 0x06, 0x02, 0xC9, 0x78, 0x03,
0x00, 0x02, 0x00, 0x50, 0xFF, 0xF4, 0x02, 0x1E, 0x02, 0xE4, 0x00, 0x14, 0x00, 0x24, 0x00, 0x00,
0x45, 0x22, 0x26, 0x27, 0x23, 0x15, 0x23, 0x11, 0x33, 0x11, 0x33, 0x36, 0x36, 0x33, 0x32, 0x16,
0x16, 0x15, 0x14, 0x06, 0x06, 0x27, 0x32, 0x36, 0x35, 0x35, 0x34, 0x26, 0x23, 0x22, 0x06, 0x06,
0x15, 0x15, 0x14, 0x16, 0x16, 0x01, 0x4E, 0x34, 0x4C, 0x13, 0x05, 0x66, 0x66, 0x05, 0x11, 0x4E,
0x34, 0x42, 0x5C, 0x32, 0x32, 0x5C, 0x61, 0x3C, 0x46, 0x46, 0x3C, 0x21, 0x37, 0x21, 0x21, 0x37,
0x0C, 0x33, 0x2E, 0x55, 0x02, 0xE4, 0xFE, 0xCE, 0x2F, 0x32, 0x41, 0x79, 0x55, 0x55, 0x7A, 0x41,
0x58, 0x4D, 0x3E, 0x59, 0x3F, 0x4C, 0x17, 0x29, 0x1C, 0xB3, 0x1E, 0x2B, 0x17, 0x00, 0x00, 0x01,
0x00, 0x2B, 0xFF, 0xF4, 0x01, 0xE1, 0x02, 0x13, 0x00, 0x1A, 0x00, 0x00, 0x45, 0x22, 0x26, 0x35,
0x34, 0x36, 0x33, 0x32, 0x16, 0x17, 0x07, 0x26, 0x26, 0x23, 0x22, 0x06, 0x15, 0x15, 0x14, 0x16,
0x33, 0x32, 0x36, 0x37, 0x17, 0x06, 0x06, 0x01, 0x16, 0x70, 0x7B, 0x7B, 0x70, 0x4E, 0x63, 0x16,
0x55, 0x0B, 0x3A, 0x2D, 0x3E, 0x40, 0x40, 0x3E, 0x30, 0x3D, 0x11, 0x4D, 0x19, 0x67, 0x0C, 0x93,
0x7D, 0x7C, 0x93, 0x45, 0x39, 0x28, 0x24, 0x2C, 0x4E, 0x3E, 0x5B, 0x3D, 0x4F, 0x2F, 0x27, 0x2A,
0x3E, 0x44, 0xFF, 0xFF, 0x00, 0x2B, 0xFF, 0xF4, 0x01, 0xE1, 0x03, 0x17, 0x06, 0x26, 0x00, 0xCC,
0x00, 0x00, 0x00, 0x06, 0x02, 0xC9, 0xE7, 0x00, 0xFF, 0xFF, 0x00, 0x2B, 0xFF, 0xF4, 0x01, 0xE1,
0x03, 0x0F, 0x06, 0x26, 0x00, 0xCC, 0x00, 0x00, 0x00, 0x06, 0x02, 0xCC, 0xE7, 0x00, 0x00, 0x01,
0x00, 0x2B, 0xFF, 0x2F, 0x01, 0xE1, 0x02, 0x13, 0x00, 0x35, 0x00, 0x00, 0x45, 0x22, 0x26, 0x27,
0x37, 0x16, 0x16, 0x33, 0x32, 0x36, 0x35, 0x34, 0x26, 0x27, 0x27, 0x37, 0x26, 0x26, 0x35, 0x34,
0x36, 0x33, 0x32, 0x16, 0x17, 0x07, 0x26, 0x26, 0x23, 0x22, 0x06, 0x15, 0x15, 0x14, 0x16, 0x33,
0x32, 0x36, 0x37, 0x17, 0x06, 0x06, 0x07, 0x07, 0x17, 0x36, 0x36, 0x33, 0x32, 0x16, 0x15, 0x14,
0x06, 0x06, 0x01, 0x1C, 0x2C, 0x34, 0x0C, 0x29, 0x09, 0x1F, 0x17, 0x13, 0x19, 0x1B, 0x2C, 0x19,
0x0D, 0x5F, 0x67, 0x7B, 0x70, 0x4E, 0x63, 0x16, 0x55, 0x0B, 0x3A, 0x2D, 0x3E, 0x40, 0x40, 0x3E,
0x30, 0x3D, 0x11, 0x4D, 0x17, 0x5E, 0x44, 0x09, 0x03, 0x0B, 0x15, 0x0A, 0x1D, 0x29, 0x22, 0x35,
0xD1, 0x1C, 0x0E, 0x2E, 0x0B, 0x11, 0x0E, 0x0F, 0x0D, 0x16, 0x06, 0x03, 0x42, 0x0D, 0x8F, 0x72,
0x7C, 0x93, 0x45, 0x39, 0x28, 0x24, 0x2C, 0x4E, 0x3E, 0x5B, 0x3D, 0x4F, 0x2F, 0x27, 0x2A, 0x3B,
0x42, 0x04, 0x30, 0x03, 0x03, 0x03, 0x21, 0x22, 0x1E, 0x26, 0x12, 0x00, 0xFF, 0xFF, 0x00, 0x2B,
0xFF, 0xF4, 0x01, 0xE1, 0x03, 0x07, 0x06, 0x26, 0x00, 0xCC, 0x00, 0x00, 0x00, 0x06, 0x02, 0xCB,
0xE7, 0x00, 0xFF, 0xFF, 0x00, 0x2B, 0xFF, 0xF4, 0x01, 0xE1, 0x02, 0xDC, 0x06, 0x26, 0x00, 0xCC,
0x00, 0x00, 0x00, 0x06, 0x02, 0xC7, 0xE7, 0x00, 0x00, 0x02, 0x00, 0x30, 0xFF, 0xF4, 0x01, 0xFE,
0x02, 0xE4, 0x00, 0x14, 0x00, 0x24, 0x00, 0x00, 0x57, 0x22, 0x26, 0x26, 0x35, 0x34, 0x36, 0x36,
0x33, 0x32, 0x16, 0x17, 0x33, 0x11, 0x33, 0x11, 0x23, 0x35, 0x23, 0x06, 0x06, 0x27, 0x32, 0x36,
0x36, 0x35, 0x35, 0x34, 0x26, 0x26, 0x23, 0x22, 0x06, 0x15, 0x15, 0x14, 0x16, 0xFF, 0x41, 0x5D,
0x31, 0x31, 0x5D, 0x41, 0x34, 0x4F, 0x11, 0x04, 0x67, 0x67, 0x04, 0x13, 0x4D, 0x15, 0x22, 0x37,
0x20, 0x20, 0x37, 0x22, 0x3B, 0x47, 0x47, 0x0C, 0x41, 0x7A, 0x55, 0x55, 0x79, 0x41, 0x32, 0x2F,
0x01, 0x32, 0xFD, 0x1C, 0x55, 0x2E, 0x33, 0x58, 0x17, 0x2B, 0x1E, 0xB3, 0x1C, 0x29, 0x17, 0x4C,
0x3F, 0x59, 0x3E, 0x4D, 0x00, 0x02, 0x00, 0x2D, 0xFF, 0xF4, 0x02, 0x0A, 0x02, 0xF1, 0x00, 0x23,
0x00, 0x35, 0x00, 0x00, 0x45, 0x22, 0x26, 0x26, 0x35, 0x34, 0x36, 0x36, 0x33, 0x32, 0x16, 0x17,
0x37, 0x26, 0x26, 0x27, 0x07, 0x27, 0x37, 0x26, 0x26, 0x27, 0x33, 0x16, 0x16, 0x17, 0x37, 0x17,
0x07, 0x1E, 0x02, 0x15, 0x14, 0x06, 0x06, 0x27, 0x32, 0x36, 0x36, 0x35, 0x35, 0x34, 0x26, 0x26,
0x23, 0x22, 0x06, 0x06, 0x15, 0x15, 0x14, 0x16, 0x16, 0x01, 0x1C, 0x49, 0x6C, 0x3A, 0x36, 0x62,
0x43, 0x33, 0x45, 0x12, 0x05, 0x0B, 0x42, 0x2D, 0x53, 0x25, 0x49, 0x21, 0x47, 0x24, 0x9D, 0x0E,
0x1F, 0x0F, 0x55, 0x26, 0x4C, 0x2C, 0x49, 0x2B, 0x3D, 0x6B, 0x47, 0x28, 0x3A, 0x20, 0x20, 0x3A,
0x28, 0x27, 0x3A, 0x21, 0x21, 0x3A, 0x0C, 0x41, 0x75, 0x4E, 0x4C, 0x72, 0x41, 0x35, 0x2D, 0x02,
0x36, 0x63, 0x2C, 0x37, 0x2F, 0x31, 0x1B, 0x30, 0x14, 0x09, 0x16, 0x0D, 0x39, 0x2F, 0x34, 0x2C,
0x72, 0x8C, 0x53, 0x5F, 0x7F, 0x3F, 0x53, 0x22, 0x41, 0x2C, 0x3E, 0x2D, 0x40, 0x22, 0x22, 0x40,
0x2D, 0x3E, 0x2C, 0x41, 0x22, 0x00, 0xFF, 0xFF, 0x00, 0x30, 0xFF, 0xF4, 0x02, 0xB4, 0x02, 0xE4,
0x04, 0x27, 0x02, 0xE0, 0x01, 0x42, 0x00, 0x00, 0x00, 0x06, 0x00, 0xD2, 0x00, 0x00, 0x00, 0x02,
0x00, 0x30, 0xFF, 0xF4, 0x02, 0x3D, 0x02, 0xE4, 0x00, 0x1C, 0x00, 0x2C, 0x00, 0x00, 0x57, 0x22,
0x26, 0x26, 0x35, 0x34, 0x36, 0x36, 0x33, 0x32, 0x16, 0x17, 0x33, 0x35, 0x23, 0x35, 0x33, 0x35,
0x33, 0x15, 0x33, 0x15, 0x23, 0x11, 0x23, 0x35, 0x23, 0x06, 0x06, 0x27, 0x32, 0x36, 0x36, 0x35,
0x35, 0x34, 0x26, 0x26, 0x23, 0x22, 0x06, 0x15, 0x15, 0x14, 0x16, 0xFF, 0x41, 0x5D, 0x31, 0x31,
0x5D, 0x41, 0x34, 0x4F, 0x11, 0x04, 0x93, 0x93, 0x67, 0x3F, 0x3F, 0x67, 0x04, 0x13, 0x4D, 0x15,
0x22, 0x37, 0x20, 0x20, 0x37, 0x22, 0x3B, 0x47, 0x47, 0x0C, 0x41, 0x7A, 0x55, 0x55, 0x79, 0x41,
0x32, 0x2F, 0xA8, 0x4B, 0x3F, 0x3F, 0x4B, 0xFD, 0xA6, 0x55, 0x2E, 0x33, 0x58, 0x17, 0x2B, 0x1E,
0xB3, 0x1C, 0x29, 0x17, 0x4C, 0x3F, 0x59, 0x3E, 0x4D, 0x00, 0x00, 0x02, 0x00, 0x2B, 0xFF, 0xF4,
0x01, 0xFE, 0x02, 0x13, 0x00, 0x18, 0x00, 0x23, 0x00, 0x00, 0x45, 0x22, 0x26, 0x26, 0x35, 0x34,
0x36, 0x36, 0x33, 0x32, 0x16, 0x16, 0x15, 0x15, 0x21, 0x15, 0x14, 0x16, 0x33, 0x32, 0x36, 0x37,
0x17, 0x06, 0x06, 0x03, 0x33, 0x35, 0x34, 0x26, 0x26, 0x23, 0x22, 0x06, 0x06, 0x15, 0x01, 0x1A,
0x49, 0x6B, 0x3B, 0x3A, 0x6A, 0x49, 0x4B, 0x66, 0x35, 0xFE, 0x98, 0x49, 0x44, 0x30, 0x44, 0x16,
0x3E, 0x1C, 0x6C, 0xCD, 0xFC, 0x1D, 0x37, 0x25, 0x27, 0x3B, 0x21, 0x0C, 0x43, 0x7A, 0x53, 0x52,
0x7A, 0x43, 0x44, 0x75, 0x48, 0x28, 0x13, 0x3E, 0x50, 0x2C, 0x25, 0x3A, 0x30, 0x3C, 0x01, 0x3B,
0x0A, 0x29, 0x3E, 0x22, 0x24, 0x3F, 0x29, 0x00, 0xFF, 0xFF, 0x00, 0x2B, 0xFF, 0xF4, 0x01, 0xFE,
0x03, 0x17, 0x06, 0x26, 0x00, 0xD6, 0x00, 0x00, 0x00, 0x06, 0x02, 0xC9, 0xEE, 0x00, 0xFF, 0xFF,
0x00, 0x2B, 0xFF, 0xF4, 0x01, 0xFE, 0x02, 0xF7, 0x06, 0x26, 0x00, 0xD6, 0x00, 0x00, 0x00, 0x06,
0x02, 0xCD, 0xEE, 0x00, 0xFF, 0xFF, 0x00, 0x2B, 0xFF, 0xF4, 0x01, 0xFE, 0x03, 0x0F, 0x06, 0x26,
0x00, 0xD6, 0x00, 0x00, 0x00, 0x06, 0x02, 0xCC, 0xEE, 0x00, 0xFF, 0xFF, 0x00, 0x2B, 0xFF, 0xF4,
0x01, 0xFE, 0x03, 0x07, 0x06, 0x26, 0x00, 0xD6, 0x00, 0x00, 0x00, 0x06, 0x02, 0xCB, 0xEE, 0x00,
0xFF, 0xFF, 0x00, 0x2B, 0xFF, 0xF4, 0x02, 0x2D, 0x03, 0x96, 0x06, 0x26, 0x00, 0xD6, 0x00, 0x00,
0x00, 0x07, 0x02, 0xE8, 0x01, 0x1A, 0xFF, 0x5B, 0xFF, 0xFF, 0x00, 0x2B, 0xFF, 0x4B, 0x01, 0xFE,
0x03, 0x07, 0x06, 0x26, 0x00, 0xD6, 0x00, 0x00, 0x00, 0x26, 0x02, 0xCB, 0xEE, 0x00, 0x00, 0x07,
0x02, 0xC2, 0x01, 0x1E, 0x00, 0x00, 0xFF, 0xFF, 0x00, 0x06, 0xFF, 0xF4, 0x01, 0xFE, 0x03, 0x95,
0x06, 0x26, 0x00, 0xD6, 0x00, 0x00, 0x00, 0x07, 0x02, 0xE9, 0x01, 0x1A, 0xFF, 0x5A, 0xFF, 0xFF,
0x00, 0x2B, 0xFF, 0xF4, 0x02, 0x0C, 0x03, 0x89, 0x06, 0x26, 0x00, 0xD6, 0x00, 0x00, 0x00, 0x07,
0x02, 0xEA, 0x01, 0x1A, 0xFF, 0x5A, 0xFF, 0xFF, 0x00, 0x2B, 0xFF, 0xF4, 0x01, 0xFE, 0x03, 0x88,
0x06, 0x26, 0x00, 0xD6, 0x00, 0x00, 0x00, 0x07, 0x02, 0xEB, 0x01, 0x1A, 0xFF, 0x5A, 0xFF, 0xFF,
0x00, 0x2B, 0xFF, 0xF4, 0x01, 0xFE, 0x02, 0xDB, 0x06, 0x26, 0x00, 0xD6, 0x00, 0x00, 0x00, 0x06,
0x02, 0xC6, 0xEE, 0x00, 0xFF, 0xFF, 0x00, 0x2B, 0xFF, 0xF4, 0x01, 0xFE, 0x02, 0xDD, 0x06, 0x26,
0x00, 0xD6, 0x00, 0x00, 0x00, 0x06, 0x02, 0xC7, 0xEE, 0x00, 0xFF, 0xFF, 0x00, 0x2B, 0xFF, 0x4B,
0x01, 0xFE, 0x02, 0x13, 0x06, 0x26, 0x00, 0xD6, 0x00, 0x00, 0x00, 0x07, 0x02, 0xC2, 0x01, 0x1E,
0x00, 0x00, 0xFF, 0xFF, 0x00, 0x2B, 0xFF, 0xF4, 0x01, 0xFE, 0x03, 0x17, 0x06, 0x26, 0x00, 0xD6,
0x00, 0x00, 0x00, 0x06, 0x02, 0xC8, 0xEE, 0x00, 0xFF, 0xFF, 0x00, 0x2B, 0xFF, 0xF4, 0x01, 0xFE,
0x03, 0x12, 0x06, 0x26, 0x00, 0xD6, 0x00, 0x00, 0x00, 0x07, 0x02, 0xBE, 0x01, 0x1A, 0x00, 0x08,
0xFF, 0xFF, 0x00, 0x2B, 0xFF, 0xF4, 0x01, 0xFE, 0x02, 0xC8, 0x06, 0x26, 0x00, 0xD6, 0x00, 0x00,
0x00, 0x06, 0x02, 0xD0, 0xEE, 0x00, 0x00, 0x02, 0x00, 0x2B, 0xFF, 0x2F, 0x01, 0xFE, 0x02, 0x13,
0x00, 0x33, 0x00, 0x3E, 0x00, 0x00, 0x45, 0x22, 0x26, 0x26, 0x35, 0x34, 0x36, 0x36, 0x37, 0x27,
0x06, 0x06, 0x23, 0x22, 0x26, 0x26, 0x35, 0x34, 0x36, 0x36, 0x33, 0x32, 0x16, 0x16, 0x15, 0x15,
0x21, 0x15, 0x14, 0x16, 0x33, 0x32, 0x36, 0x37, 0x17, 0x06, 0x06, 0x07, 0x0E, 0x03, 0x15, 0x14,
0x16, 0x33, 0x32, 0x36, 0x37, 0x17, 0x06, 0x06, 0x03, 0x33, 0x35, 0x34, 0x26, 0x26, 0x23, 0x22,
0x06, 0x06, 0x15, 0x01, 0x5D, 0x1C, 0x2F, 0x1C, 0x1E, 0x31, 0x1B, 0x03, 0x0D, 0x21, 0x17, 0x49,
0x6A, 0x3A, 0x3A, 0x6A, 0x49, 0x4B, 0x66, 0x35, 0xFE, 0x98, 0x49, 0x45, 0x2F, 0x45, 0x15, 0x3F,
0x09, 0x1B, 0x17, 0x11, 0x26, 0x23, 0x15, 0x13, 0x0E, 0x0F, 0x1A, 0x09, 0x2B, 0x0A, 0x32, 0xEE,
0xFC, 0x1D, 0x37, 0x25, 0x27, 0x3B, 0x21, 0xD1, 0x10, 0x23, 0x1D, 0x1D, 0x2D, 0x24, 0x0F, 0x05,
0x06, 0x07, 0x43, 0x7A, 0x53, 0x52, 0x7A, 0x43, 0x44, 0x75, 0x48, 0x28, 0x13, 0x3E, 0x50, 0x2C,
0x25, 0x3A, 0x0F, 0x1D, 0x14, 0x12, 0x25, 0x25, 0x26, 0x13, 0x11, 0x0E, 0x0E, 0x0B, 0x2B, 0x12,
0x19, 0x02, 0x00, 0x0A, 0x29, 0x3E, 0x22, 0x24, 0x3F, 0x29, 0xFF, 0xFF, 0x00, 0x2B, 0xFF, 0xF4,
0x01, 0xFE, 0x02, 0xDF, 0x06, 0x26, 0x00, 0xD6, 0x00, 0x00, 0x00, 0x06, 0x02, 0xCF, 0xEE, 0x00,
0x00, 0x02, 0x00, 0x2B, 0xFF, 0xF4, 0x01, 0xFE, 0x02, 0x13, 0x00, 0x18, 0x00, 0x23, 0x00, 0x00,
0x45, 0x22, 0x26, 0x26, 0x35, 0x35, 0x21, 0x35, 0x34, 0x26, 0x23, 0x22, 0x06, 0x07, 0x27, 0x36,
0x36, 0x33, 0x32, 0x16, 0x16, 0x15, 0x14, 0x06, 0x06, 0x27, 0x32, 0x36, 0x36, 0x35, 0x35, 0x23,
0x15, 0x14, 0x16, 0x16, 0x01, 0x11, 0x4B, 0x66, 0x35, 0x01, 0x68, 0x48, 0x43, 0x31, 0x44, 0x14,
0x3E, 0x1C, 0x6C, 0x48, 0x49, 0x6A, 0x3A, 0x3A, 0x6A, 0x4A, 0x28, 0x3A, 0x21, 0xFB, 0x1D, 0x36,
0x0C, 0x44, 0x75, 0x48, 0x28, 0x13, 0x3E, 0x50, 0x2D, 0x24, 0x3A, 0x31, 0x3B, 0x43, 0x7A, 0x53,
0x52, 0x7A, 0x43, 0x51, 0x24, 0x3F, 0x29, 0x07, 0x0A, 0x29, 0x3E, 0x22, 0x00, 0x01, 0x00, 0x1A,
0x00, 0x00, 0x01, 0x3F, 0x02, 0xE4, 0x00, 0x10, 0x00, 0x00, 0x73, 0x11, 0x23, 0x35, 0x33, 0x35,
0x34, 0x36, 0x33, 0x33, 0x15, 0x23, 0x15, 0x33, 0x15, 0x23, 0x11, 0x6B, 0x51, 0x51, 0x40, 0x40,
0x54, 0x6D, 0x6D, 0x6D, 0x01, 0xB2, 0x55, 0x5A, 0x3D, 0x46, 0x55, 0x88, 0x55, 0xFE, 0x4E, 0x00,
0x00, 0x03, 0x00, 0x24, 0xFF, 0x2C, 0x02, 0x14, 0x02, 0x57, 0x00, 0x37, 0x00, 0x45, 0x00, 0x53,
0x00, 0x00, 0x45, 0x22, 0x26, 0x35, 0x34, 0x36, 0x37, 0x35, 0x26, 0x26, 0x35, 0x34, 0x36, 0x37,
0x35, 0x26, 0x26, 0x35, 0x34, 0x36, 0x36, 0x33, 0x32, 0x16, 0x17, 0x35, 0x34, 0x36, 0x33, 0x33,
0x15, 0x23, 0x15, 0x16, 0x16, 0x15, 0x14, 0x06, 0x06, 0x23, 0x22, 0x26, 0x27, 0x06, 0x06, 0x15,
0x14, 0x16, 0x33, 0x33, 0x32, 0x16, 0x15, 0x14, 0x06, 0x06, 0x27, 0x33, 0x32, 0x36, 0x35, 0x34,
0x26, 0x23, 0x23, 0x06, 0x06, 0x15, 0x14, 0x16, 0x13, 0x32, 0x36, 0x35, 0x35, 0x34, 0x26, 0x23,
0x22, 0x06, 0x15, 0x15, 0x14, 0x16, 0x01, 0x0E, 0x7E, 0x6C, 0x2F, 0x28, 0x1B, 0x1D, 0x36, 0x26,
0x2E, 0x32, 0x31, 0x5C, 0x40, 0x1B, 0x2F, 0x15, 0x20, 0x22, 0x4F, 0x68, 0x22, 0x23, 0x30, 0x5C,
0x41, 0x11, 0x21, 0x0E, 0x14, 0x21, 0x27, 0x23, 0x7C, 0x60, 0x57, 0x37, 0x74, 0x7E, 0x46, 0x40,
0x42, 0x2B, 0x37, 0xAF, 0x14, 0x12, 0x33, 0x5D, 0x31, 0x36, 0x36, 0x31, 0x30, 0x37, 0x37, 0xD4,
0x42, 0x3B, 0x2B, 0x31, 0x08, 0x0B, 0x0A, 0x28, 0x1D, 0x28, 0x2A, 0x09, 0x04, 0x16, 0x50, 0x35,
0x35, 0x50, 0x2D, 0x08, 0x09, 0x0D, 0x22, 0x26, 0x53, 0x18, 0x17, 0x48, 0x2C, 0x34, 0x50, 0x2C,
0x04, 0x03, 0x07, 0x19, 0x15, 0x16, 0x11, 0x4C, 0x43, 0x35, 0x48, 0x24, 0x4C, 0x25, 0x26, 0x1C,
0x21, 0x0B, 0x20, 0x14, 0x20, 0x29, 0x01, 0x84, 0x2D, 0x2D, 0x17, 0x2E, 0x2D, 0x2D, 0x2E, 0x17,
0x2D, 0x2D, 0xFF, 0xFF, 0x00, 0x24, 0xFF, 0x2C, 0x02, 0x14, 0x02, 0xF7, 0x06, 0x26, 0x01, 0x66,
0x00, 0x00, 0x00, 0x06, 0x02, 0xCD, 0xDF, 0x00, 0xFF, 0xFF, 0x00, 0x24, 0xFF, 0x2C, 0x02, 0x14,
0x03, 0x07, 0x06, 0x26, 0x01, 0x66, 0x00, 0x00, 0x00, 0x06, 0x02, 0xCB, 0xE1, 0x00, 0xFF, 0xFF,
0x00, 0x24, 0xFF, 0x2C, 0x02, 0x14, 0x03, 0x12, 0x06, 0x26, 0x01, 0x66, 0x00, 0x00, 0x00, 0x06,
0x02, 0xE1, 0xE1, 0x00, 0xFF, 0xFF, 0x00, 0x24, 0xFF, 0x2C, 0x02, 0x14, 0x02, 0xDD, 0x06, 0x26,
0x01, 0x66, 0x00, 0x00, 0x00, 0x06, 0x02, 0xC7, 0xE1, 0x00, 0x00, 0x01, 0x00, 0x50, 0x00, 0x00,
0x01, 0xF7, 0x02, 0xE4, 0x00, 0x15, 0x00, 0x00, 0x73, 0x11, 0x33, 0x11, 0x33, 0x36, 0x36, 0x33,
0x32, 0x16, 0x15, 0x11, 0x23, 0x11, 0x34, 0x26, 0x23, 0x22, 0x06, 0x06, 0x15, 0x11, 0x50, 0x66,
0x05, 0x11, 0x46, 0x3B, 0x50, 0x5A, 0x67, 0x32, 0x34, 0x1D, 0x35, 0x22, 0x02, 0xE4, 0xFE, 0xCD,
0x2B, 0x37, 0x69, 0x60, 0xFE, 0xB6, 0x01, 0x3D, 0x3F, 0x3F, 0x14, 0x28, 0x1F, 0xFE, 0xA0, 0x00,
0x00, 0x01, 0x00, 0x10, 0x00, 0x00, 0x01, 0xF7, 0x02, 0xE4, 0x00, 0x1D, 0x00, 0x00, 0x73, 0x11,
0x23, 0x35, 0x33, 0x35, 0x33, 0x15, 0x33, 0x15, 0x23, 0x15, 0x33, 0x36, 0x36, 0x33, 0x32, 0x16,
0x15, 0x11, 0x23, 0x11, 0x34, 0x26, 0x23, 0x22, 0x06, 0x06, 0x15, 0x11, 0x50, 0x40, 0x40, 0x66,
0x93, 0x93, 0x05, 0x11, 0x46, 0x3B, 0x50, 0x5A, 0x67, 0x32, 0x34, 0x1D, 0x35, 0x22, 0x02, 0x5A,
0x4B, 0x3F, 0x3F, 0x4B, 0xA9, 0x2B, 0x37, 0x69, 0x60, 0xFE, 0xB6, 0x01, 0x3D, 0x3F, 0x3F, 0x14,
0x28, 0x1F, 0xFE, 0xA0, 0xFF, 0xFF, 0xFF, 0xD8, 0x00, 0x00, 0x01, 0xF7, 0x03, 0xA5, 0x06, 0x26,
0x00, 0xEF, 0x00, 0x00, 0x00, 0x07, 0x02, 0xCB, 0xFF, 0x58, 0x00, 0x9E, 0x00, 0x02, 0x00, 0x46,
0x00, 0x00, 0x00, 0xC0, 0x02, 0xE7, 0x00, 0x03, 0x00, 0x11, 0x00, 0x00, 0x73, 0x11, 0x33, 0x11,
0x03, 0x22, 0x26, 0x35, 0x35, 0x34, 0x36, 0x33, 0x32, 0x16, 0x15, 0x15, 0x14, 0x06, 0x50, 0x66,
0x33, 0x20, 0x1D, 0x1D, 0x20, 0x20, 0x1D, 0x1D, 0x02, 0x07, 0xFD, 0xF9, 0x02, 0x6A, 0x1F, 0x18,
0x10, 0x18, 0x1E, 0x1E, 0x18, 0x10, 0x18, 0x1F, 0x00, 0x01, 0x00, 0x50, 0x00, 0x00, 0x00, 0xB6,
0x02, 0x07, 0x00, 0x03, 0x00, 0x00, 0x73, 0x11, 0x33, 0x11, 0x50, 0x66, 0x02, 0x07, 0xFD, 0xF9,
0xFF, 0xFF, 0x00, 0x4D, 0x00, 0x00, 0x01, 0x00, 0x03, 0x17, 0x06, 0x26, 0x00, 0xF3, 0x00, 0x00,
0x00, 0x07, 0x02, 0xC9, 0xFF, 0x57, 0x00, 0x00, 0xFF, 0xFF, 0xFF, 0xDE, 0x00, 0x00, 0x01, 0x28,
0x02, 0xF7, 0x06, 0x26, 0x00, 0xF3, 0x00, 0x00, 0x00, 0x07, 0x02, 0xCD, 0xFF, 0x57, 0x00, 0x00,
0xFF, 0xFF, 0xFF, 0xD7, 0x00, 0x00, 0x01, 0x2F, 0x03, 0x07, 0x06, 0x26, 0x00, 0xF3, 0x00, 0x00,
0x00, 0x07, 0x02, 0xCB, 0xFF, 0x57, 0x00, 0x00, 0xFF, 0xFF, 0xFF, 0xE5, 0x00, 0x00, 0x01, 0x21,
0x02, 0xDB, 0x06, 0x26, 0x00, 0xF3, 0x00, 0x00, 0x00, 0x07, 0x02, 0xC6, 0xFF, 0x57, 0x00, 0x00,
0xFF, 0xFF, 0x00, 0x46, 0xFF, 0x4B, 0x00, 0xC0, 0x02, 0xE7, 0x06, 0x26, 0x00, 0xF2, 0x00, 0x00,
0x00, 0x07, 0x02, 0xC2, 0x00, 0x83, 0x00, 0x00, 0xFF, 0xFF, 0x00, 0x06, 0x00, 0x00, 0x00, 0xB9,
0x03, 0x17, 0x06, 0x26, 0x00, 0xF3, 0x00, 0x00, 0x00, 0x07, 0x02, 0xC8, 0xFF, 0x57, 0x00, 0x00,
0xFF, 0xFF, 0x00, 0x23, 0x00, 0x00, 0x00, 0xEB, 0x03, 0x12, 0x06, 0x26, 0x00, 0xF3, 0x00, 0x00,
0x00, 0x07, 0x02, 0xBE, 0x00, 0x83, 0x00, 0x08, 0xFF, 0xFF, 0x00, 0x46, 0xFF, 0x38, 0x01, 0xC2,
0x02, 0xE7, 0x04, 0x26, 0x00, 0xF2, 0x00, 0x00, 0x00, 0x07, 0x00, 0xFF, 0x01, 0x01, 0x00, 0x00,
0xFF, 0xFF, 0xFF, 0xF3, 0x00, 0x00, 0x01, 0x13, 0x02, 0xC8, 0x06, 0x26, 0x00, 0xF3, 0x00, 0x00,
0x00, 0x07, 0x02, 0xD0, 0xFF, 0x57, 0x00, 0x00, 0x00, 0x02, 0x00, 0x03, 0xFF, 0x2F, 0x00, 0xCF,
0x02, 0xE7, 0x00, 0x19, 0x00, 0x27, 0x00, 0x00, 0x57, 0x22, 0x26, 0x26, 0x35, 0x34, 0x36, 0x37,
0x27, 0x23, 0x11, 0x33, 0x11, 0x0E, 0x02, 0x15, 0x14, 0x16, 0x33, 0x32, 0x36, 0x37, 0x17, 0x06,
0x06, 0x03, 0x22, 0x26, 0x35, 0x35, 0x34, 0x36, 0x33, 0x32, 0x16, 0x15, 0x15, 0x14, 0x06, 0x6C,
0x1D, 0x2F, 0x1D, 0x3F, 0x2D, 0x02, 0x1D, 0x66, 0x2D, 0x2B, 0x0F, 0x14, 0x0D, 0x10, 0x19, 0x0A,
0x2C, 0x0A, 0x32, 0x10, 0x20, 0x1D, 0x1D, 0x20, 0x20, 0x1D, 0x1D, 0xD1, 0x10, 0x23, 0x1C, 0x28,
0x3A, 0x1C, 0x04, 0x02, 0x07, 0xFD, 0xF9, 0x24, 0x2B, 0x1B, 0x0B, 0x11, 0x0E, 0x0E, 0x0B, 0x2B,
0x12, 0x19, 0x03, 0x3B, 0x1F, 0x18, 0x10, 0x18, 0x1E, 0x1E, 0x18, 0x10, 0x18, 0x1F, 0xFF, 0xFF,
0xFF, 0xD4, 0x00, 0x00, 0x01, 0x32, 0x02, 0xDF, 0x06, 0x26, 0x00, 0xF3, 0x00, 0x00, 0x00, 0x07,
0x02, 0xCF, 0xFF, 0x57, 0x00, 0x00, 0x00, 0x02, 0xFF, 0xFE, 0xFF, 0x38, 0x00, 0xC0, 0x02, 0xE7,
0x00, 0x08, 0x00, 0x16, 0x00, 0x00, 0x47, 0x35, 0x33, 0x11, 0x33, 0x11, 0x14, 0x06, 0x23, 0x13,
0x22, 0x26, 0x35, 0x35, 0x34, 0x36, 0x33, 0x32, 0x16, 0x15, 0x15, 0x14, 0x06, 0x02, 0x52, 0x66,
0x3B, 0x41, 0x49, 0x20, 0x1D, 0x1D, 0x20, 0x20, 0x1D, 0x1D, 0xC8, 0x55, 0x02, 0x7A, 0xFD, 0xB1,
0x3B, 0x45, 0x03, 0x32, 0x1F, 0x18, 0x10, 0x18, 0x1E, 0x1E, 0x18, 0x10, 0x18, 0x1F, 0x00, 0x01,
0xFF, 0xFE, 0xFF, 0x38, 0x00, 0xB6, 0x02, 0x07, 0x00, 0x08, 0x00, 0x00, 0x47, 0x35, 0x33, 0x11,
0x33, 0x11, 0x14, 0x06, 0x23, 0x02, 0x52, 0x66, 0x3B, 0x41, 0xC8, 0x55, 0x02, 0x7A, 0xFD, 0xB1,
0x3B, 0x45, 0xFF, 0xFF, 0xFF, 0xFE, 0xFF, 0x38, 0x01, 0x00, 0x03, 0x17, 0x06, 0x26, 0x01, 0x00,
0x00, 0x00, 0x00, 0x07, 0x02, 0xC9, 0xFF, 0x57, 0x00, 0x00, 0xFF, 0xFF, 0xFF, 0xD7, 0xFF, 0x38,
0x01, 0x2F, 0x03, 0x07, 0x06, 0x26, 0x01, 0x00, 0x00, 0x00, 0x00, 0x07, 0x02, 0xCB, 0xFF, 0x57,
0x00, 0x00, 0x00, 0x01, 0x00, 0x50, 0x00, 0x00, 0x02, 0x14, 0x02, 0xE4, 0x00, 0x0D, 0x00, 0x00,
0x73, 0x11, 0x33, 0x11, 0x33, 0x37, 0x37, 0x33, 0x07, 0x13, 0x23, 0x27, 0x07, 0x15, 0x50, 0x66,
0x05, 0x4A, 0x85, 0x77, 0xBA, 0xCD, 0x7B, 0x99, 0x4A, 0x02, 0xE4, 0xFE, 0x36, 0x5B, 0x92, 0xCB,
0xFE, 0xC4, 0xF9, 0x4D, 0xAC, 0x00, 0xFF, 0xFF, 0x00, 0x50, 0xFF, 0x01, 0x02, 0x14, 0x02, 0xE4,
0x06, 0x26, 0x01, 0x03, 0x00, 0x00, 0x00, 0x07, 0x02, 0xC3, 0x01, 0x2F, 0x00, 0x00, 0x00, 0x01,
0x00, 0x50, 0x00, 0x00, 0x02, 0x14, 0x02, 0x07, 0x00, 0x0D, 0x00, 0x00, 0x73, 0x11, 0x33, 0x15,
0x33, 0x37, 0x37, 0x33, 0x07, 0x13, 0x23, 0x27, 0x07, 0x15, 0x50, 0x66, 0x05, 0x4C, 0x88, 0x79,
0xC0, 0xCC, 0x7A, 0x9B, 0x49, 0x02, 0x07, 0xEC, 0x5A, 0x92, 0xCB, 0xFE, 0xC4, 0xF8, 0x4C, 0xAC,
0x00, 0x01, 0x00, 0x50, 0x00, 0x00, 0x00, 0xFF, 0x02, 0xE4, 0x00, 0x08, 0x00, 0x00, 0x73, 0x22,
0x26, 0x35, 0x11, 0x33, 0x11, 0x33, 0x15, 0xB9, 0x34, 0x35, 0x66, 0x49, 0x38, 0x2F, 0x02, 0x7D,
0xFD, 0x71, 0x55, 0x00, 0xFF, 0xFF, 0x00, 0x50, 0x00, 0x00, 0x01, 0x03, 0x03, 0xDF, 0x06, 0x26,
0x01, 0x06, 0x00, 0x00, 0x00, 0x07, 0x02, 0xC9, 0xFF, 0x5A, 0x00, 0xC8, 0xFF, 0xFF, 0x00, 0x50,
0x00, 0x00, 0x01, 0x6C, 0x02, 0xE4, 0x04, 0x26, 0x02, 0xE0, 0xFA, 0x00, 0x00, 0x06, 0x01, 0x06,
0x00, 0x00, 0xFF, 0xFF, 0x00, 0x50, 0xFF, 0x01, 0x00, 0xFF, 0x02, 0xE4, 0x06, 0x26, 0x01, 0x06,
0x00, 0x00, 0x00, 0x07, 0x02, 0xC3, 0x00, 0xA8, 0x00, 0x00, 0x00, 0x02, 0x00, 0x50, 0x00, 0x00,
0x01, 0x83, 0x02, 0xE4, 0x00, 0x08, 0x00, 0x16, 0x00, 0x00, 0x73, 0x22, 0x26, 0x35, 0x11, 0x33,
0x11, 0x33, 0x15, 0x13, 0x22, 0x26, 0x35, 0x35, 0x34, 0x36, 0x33, 0x32, 0x16, 0x15, 0x15, 0x14,
0x06, 0xB9, 0x34, 0x35, 0x66, 0x49, 0x45, 0x21, 0x1F, 0x1F, 0x21, 0x22, 0x1D, 0x1D, 0x38, 0x2F,
0x02, 0x7D, 0xFD, 0x71, 0x55, 0x01, 0x04, 0x1E, 0x18, 0x11, 0x17, 0x1F, 0x1F, 0x17, 0x11, 0x18,
0x1E, 0x00, 0x00, 0x01, 0x00, 0x0B, 0x00, 0x00, 0x01, 0x22, 0x02, 0xE4, 0x00, 0x10, 0x00, 0x00,
0x73, 0x22, 0x26, 0x35, 0x35, 0x07, 0x35, 0x37, 0x11, 0x33, 0x11, 0x37, 0x15, 0x07, 0x11, 0x33,
0x15, 0xBD, 0x34, 0x35, 0x49, 0x49, 0x66, 0x68, 0x68, 0x49, 0x38, 0x2F, 0xD4, 0x18, 0x52, 0x18,
0x01, 0x57, 0xFE, 0xCB, 0x22, 0x52, 0x22, 0xFE, 0xF8, 0x55, 0x00, 0x01, 0x00, 0x50, 0x00, 0x00,
0x03, 0x26, 0x02, 0x13, 0x00, 0x26, 0x00, 0x00, 0x73, 0x11, 0x33, 0x15, 0x33, 0x36, 0x36, 0x33,
0x32, 0x16, 0x17, 0x33, 0x36, 0x36, 0x33, 0x32, 0x16, 0x15, 0x11, 0x23, 0x11, 0x34, 0x26, 0x23,
0x22, 0x06, 0x06, 0x15, 0x11, 0x23, 0x11, 0x34, 0x26, 0x23, 0x22, 0x06, 0x06, 0x15, 0x11, 0x50,
0x66, 0x05, 0x10, 0x40, 0x3C, 0x34, 0x52, 0x14, 0x02, 0x0E, 0x50, 0x40, 0x4E, 0x57, 0x67, 0x30,
0x33, 0x1C, 0x33, 0x1F, 0x67, 0x30, 0x32, 0x1B, 0x34, 0x20, 0x02, 0x07, 0x56, 0x29, 0x39, 0x33,
0x36, 0x2A, 0x3F, 0x69, 0x60, 0xFE, 0xB6, 0x01, 0x3D, 0x3E, 0x40, 0x14, 0x28, 0x1F, 0xFE, 0xA0,
0x01, 0x3D, 0x3F, 0x3F, 0x14, 0x28, 0x1F, 0xFE, 0xA0, 0x00, 0x00, 0x01, 0x00, 0x50, 0x00, 0x00,
0x01, 0xF7, 0x02, 0x13, 0x00, 0x15, 0x00, 0x00, 0x73, 0x11, 0x33, 0x15, 0x33, 0x36, 0x36, 0x33,
0x32, 0x16, 0x15, 0x11, 0x23, 0x11, 0x34, 0x26, 0x23, 0x22, 0x06, 0x06, 0x15, 0x11, 0x50, 0x66,
0x05, 0x11, 0x46, 0x3B, 0x50, 0x5A, 0x67, 0x32, 0x34, 0x1D, 0x35, 0x22, 0x02, 0x07, 0x56, 0x2B,
0x37, 0x69, 0x60, 0xFE, 0xB6, 0x01, 0x3D, 0x3F, 0x3F, 0x14, 0x28, 0x1F, 0xFE, 0xA0, 0xFF, 0xFF,
0x00, 0x50, 0x00, 0x00, 0x01, 0xF7, 0x03, 0x16, 0x06, 0x26, 0x01, 0x0D, 0x00, 0x00, 0x00, 0x06,
0x02, 0xC9, 0xF7, 0xFF, 0x00, 0x02, 0x00, 0x2A, 0x00, 0x00, 0x02, 0xFA, 0x02, 0xEE, 0x00, 0x15,
0x00, 0x27, 0x00, 0x00, 0x61, 0x11, 0x33, 0x15, 0x33, 0x36, 0x36, 0x33, 0x32, 0x16, 0x15, 0x11,
0x23, 0x11, 0x34, 0x26, 0x23, 0x22, 0x06, 0x06, 0x15, 0x11, 0x01, 0x36, 0x36, 0x37, 0x26, 0x26,
0x35, 0x35, 0x34, 0x36, 0x33, 0x32, 0x16, 0x15, 0x15, 0x14, 0x06, 0x07, 0x01, 0x53, 0x67, 0x04,
0x12, 0x45, 0x3B, 0x50, 0x5A, 0x66, 0x32, 0x35, 0x1D, 0x35, 0x21, 0xFE, 0x70, 0x1F, 0x28, 0x0A,
0x18, 0x17, 0x22, 0x23, 0x25, 0x21, 0x35, 0x2C, 0x02, 0x07, 0x56, 0x2B, 0x37, 0x69, 0x60, 0xFE,
0xB6, 0x01, 0x3D, 0x3F, 0x3F, 0x14, 0x28, 0x1F, 0xFE, 0xA0, 0x01, 0xE3, 0x20, 0x3B, 0x23, 0x06,
0x20, 0x16, 0x12, 0x1B, 0x24, 0x24, 0x1B, 0x11, 0x2E, 0x68, 0x25, 0x00, 0xFF, 0xFF, 0x00, 0x50,
0x00, 0x00, 0x01, 0xF7, 0x03, 0x0E, 0x06, 0x26, 0x01, 0x0D, 0x00, 0x00, 0x00, 0x06, 0x02, 0xCC,
0xF7, 0xFF, 0xFF, 0xFF, 0x00, 0x50, 0xFF, 0x01, 0x01, 0xF7, 0x02, 0x13, 0x06, 0x26, 0x01, 0x0D,
0x00, 0x00, 0x00, 0x07, 0x02, 0xC3, 0x01, 0x23, 0x00, 0x00, 0xFF, 0xFF, 0x00, 0x50, 0x00, 0x00,
0x01, 0xF7, 0x02, 0xDE, 0x06, 0x26, 0x01, 0x0D, 0x00, 0x00, 0x00, 0x06, 0x02, 0xCF, 0xF7, 0xFF,
0x00, 0x01, 0x00, 0x50, 0xFF, 0x38, 0x01, 0xF7, 0x02, 0x13, 0x00, 0x1A, 0x00, 0x00, 0x45, 0x35,
0x33, 0x11, 0x34, 0x26, 0x23, 0x22, 0x06, 0x06, 0x15, 0x11, 0x23, 0x11, 0x33, 0x15, 0x33, 0x36,
0x36, 0x33, 0x32, 0x16, 0x15, 0x11, 0x14, 0x06, 0x23, 0x01, 0x3E, 0x52, 0x32, 0x34, 0x1D, 0x35,
0x22, 0x66, 0x66, 0x05, 0x11, 0x46, 0x3B, 0x50, 0x5A, 0x3B, 0x40, 0xC8, 0x55, 0x01, 0xB0, 0x3F,
0x3F, 0x13, 0x29, 0x1F, 0xFE, 0xA0, 0x02, 0x07, 0x56, 0x2B, 0x37, 0x69, 0x60, 0xFE, 0x6D, 0x3B,
0x44, 0x00, 0x00, 0x02, 0x00, 0x2B, 0xFF, 0xF4, 0x02, 0x06, 0x02, 0x13, 0x00, 0x0F, 0x00, 0x1D,
0x00, 0x00, 0x45, 0x22, 0x26, 0x26, 0x35, 0x34, 0x36, 0x36, 0x33, 0x32, 0x16, 0x16, 0x15, 0x14,
0x06, 0x06, 0x27, 0x32, 0x36, 0x35, 0x35, 0x34, 0x26, 0x23, 0x22, 0x06, 0x15, 0x15, 0x14, 0x16,
0x01, 0x19, 0x48, 0x6B, 0x3B, 0x3B, 0x6B, 0x48, 0x47, 0x6B, 0x3B, 0x3B, 0x6B, 0x47, 0x3A, 0x46,
0x46, 0x3A, 0x39, 0x48, 0x48, 0x0C, 0x43, 0x7A, 0x53, 0x53, 0x79, 0x43, 0x43, 0x79, 0x53, 0x53,
0x7A, 0x43, 0x56, 0x48, 0x47, 0x55, 0x47, 0x48, 0x48, 0x47, 0x55, 0x47, 0x48, 0x00, 0xFF, 0xFF,
0x00, 0x2B, 0xFF, 0xF4, 0x02, 0x06, 0x03, 0x16, 0x06, 0x26, 0x01, 0x14, 0x00, 0x00, 0x00, 0x06,
0x02, 0xC9, 0xED, 0xFE, 0xFF, 0xFF, 0x00, 0x2B, 0xFF, 0xF4, 0x02, 0x06, 0x02, 0xF5, 0x06, 0x26,
0x01, 0x14, 0x00, 0x00, 0x00, 0x06, 0x02, 0xCD, 0xED, 0xFE, 0xFF, 0xFF, 0x00, 0x2B, 0xFF, 0xF4,
0x02, 0x06, 0x03, 0x05, 0x06, 0x26, 0x01, 0x14, 0x00, 0x00, 0x00, 0x06, 0x02, 0xCB, 0xED, 0xFE,
0xFF, 0xFF, 0x00, 0x2B, 0xFF, 0xF4, 0x02, 0x2C, 0x03, 0x9B, 0x06, 0x26, 0x01, 0x14, 0x00, 0x00,
0x00, 0x07, 0x02, 0xE8, 0x01, 0x19, 0xFF, 0x60, 0xFF, 0xFF, 0x00, 0x2B, 0xFF, 0x4B, 0x02, 0x06,
0x03, 0x05, 0x06, 0x26, 0x01, 0x14, 0x00, 0x00, 0x00, 0x26, 0x02, 0xCB, 0xED, 0xFE, 0x00, 0x07,
0x02, 0xC2, 0x01, 0x19, 0x00, 0x00, 0xFF, 0xFF, 0x00, 0x05, 0xFF, 0xF4, 0x02, 0x06, 0x03, 0x8D,
0x06, 0x26, 0x01, 0x14, 0x00, 0x00, 0x00, 0x07, 0x02, 0xE9, 0x01, 0x19, 0xFF, 0x52, 0xFF, 0xFF,
0x00, 0x2B, 0xFF, 0xF4, 0x02, 0x0B, 0x03, 0x81, 0x06, 0x26, 0x01, 0x14, 0x00, 0x00, 0x00, 0x07,
0x02, 0xEA, 0x01, 0x19, 0xFF, 0x52, 0xFF, 0xFF, 0x00, 0x2B, 0xFF, 0xF4, 0x02, 0x06, 0x03, 0x80,
0x06, 0x26, 0x01, 0x14, 0x00, 0x00, 0x00, 0x07, 0x02, 0xEB, 0x01, 0x19, 0xFF, 0x52, 0xFF, 0xFF,
0x00, 0x2B, 0xFF, 0xF4, 0x02, 0x06, 0x02, 0xD9, 0x06, 0x26, 0x01, 0x14, 0x00, 0x00, 0x00, 0x06,
0x02, 0xC6, 0xED, 0xFE, 0xFF, 0xFF, 0x00, 0x2B, 0xFF, 0x4B, 0x02, 0x06, 0x02, 0x13, 0x06, 0x26,
0x01, 0x14, 0x00, 0x00, 0x00, 0x07, 0x02, 0xC2, 0x01, 0x19, 0x00, 0x00, 0xFF, 0xFF, 0x00, 0x2B,
0xFF, 0xF4, 0x02, 0x06, 0x03, 0x16, 0x06, 0x26, 0x01, 0x14, 0x00, 0x00, 0x00, 0x06, 0x02, 0xC8,
0xED, 0xFE, 0xFF, 0xFF, 0x00, 0x2B, 0xFF, 0xF4, 0x02, 0x06, 0x03, 0x10, 0x06, 0x26, 0x01, 0x14,
0x00, 0x00, 0x00, 0x07, 0x02, 0xBE, 0x01, 0x19, 0x00, 0x07, 0x00, 0x02, 0x00, 0x2B, 0xFF, 0xF4,
0x02, 0x12, 0x02, 0x75, 0x00, 0x19, 0x00, 0x27, 0x00, 0x00, 0x45, 0x22, 0x26, 0x26, 0x35, 0x34,
0x36, 0x36, 0x33, 0x32, 0x16, 0x17, 0x33, 0x35, 0x33, 0x15, 0x14, 0x06, 0x07, 0x23, 0x16, 0x16,
0x15, 0x14, 0x06, 0x06, 0x27, 0x32, 0x36, 0x35, 0x35, 0x34, 0x26, 0x23, 0x22, 0x06, 0x15, 0x15,
0x14, 0x16, 0x01, 0x19, 0x48, 0x6B, 0x3B, 0x3B, 0x6B, 0x48, 0x15, 0x28, 0x12, 0x51, 0x59, 0x1B,
0x23, 0x10, 0x25, 0x1D, 0x3B, 0x6B, 0x47, 0x3A, 0x46, 0x46, 0x3A, 0x39, 0x48, 0x48, 0x0C, 0x44,
0x7A, 0x53, 0x53, 0x79, 0x42, 0x06, 0x06, 0x6E, 0x61, 0x21, 0x27, 0x02, 0x2B, 0x61, 0x39, 0x53,
0x7A, 0x44, 0x56, 0x48, 0x47, 0x55, 0x47, 0x48, 0x48, 0x47, 0x55, 0x47, 0x48, 0x00, 0xFF, 0xFF,
0x00, 0x2B, 0xFF, 0xF4, 0x02, 0x12, 0x03, 0x16, 0x06, 0x26, 0x01, 0x21, 0x00, 0x00, 0x00, 0x06,
0x02, 0xC9, 0xED, 0xFF, 0xFF, 0xFF, 0x00, 0x2B, 0xFF, 0x4B, 0x02, 0x12, 0x02, 0x75, 0x06, 0x26,
0x01, 0x21, 0x00, 0x00, 0x00, 0x07, 0x02, 0xC2, 0x01, 0x19, 0x00, 0x00, 0xFF, 0xFF, 0x00, 0x2B,
0xFF, 0xF4, 0x02, 0x12, 0x03, 0x16, 0x06, 0x26, 0x01, 0x21, 0x00, 0x00, 0x00, 0x06, 0x02, 0xC8,
0xED, 0xFF, 0xFF, 0xFF, 0x00, 0x2B, 0xFF, 0xF4, 0x02, 0x12, 0x03, 0x11, 0x06, 0x26, 0x01, 0x21,
0x00, 0x00, 0x00, 0x07, 0x02, 0xBE, 0x01, 0x19, 0x00, 0x07, 0xFF, 0xFF, 0x00, 0x2B, 0xFF, 0xF4,
0x02, 0x12, 0x02, 0xDC, 0x06, 0x26, 0x01, 0x21, 0x00, 0x00, 0x00, 0x06, 0x02, 0xD3, 0xED, 0xFF,
0xFF, 0xFF, 0x00, 0x2B, 0xFF, 0xF4, 0x02, 0x06, 0x03, 0x14, 0x06, 0x26, 0x01, 0x14, 0x00, 0x00,
0x00, 0x06, 0x02, 0xCA, 0xED, 0xFE, 0xFF, 0xFF, 0x00, 0x2B, 0xFF, 0xF4, 0x02, 0x06, 0x02, 0xC7,
0x06, 0x26, 0x01, 0x14, 0x00, 0x00, 0x00, 0x06, 0x02, 0xD0, 0xED, 0xFE, 0x00, 0x03, 0x00, 0x1C,
0xFF, 0xD5, 0x02, 0x1D, 0x02, 0x32, 0x00, 0x19, 0x00, 0x24, 0x00, 0x2F, 0x00, 0x00, 0x57, 0x27,
0x37, 0x26, 0x26, 0x35, 0x34, 0x36, 0x36, 0x33, 0x32, 0x16, 0x17, 0x37, 0x17, 0x07, 0x16, 0x16,
0x15, 0x14, 0x06, 0x06, 0x23, 0x22, 0x26, 0x27, 0x37, 0x32, 0x36, 0x35, 0x35, 0x34, 0x26, 0x27,
0x07, 0x16, 0x16, 0x27, 0x37, 0x26, 0x26, 0x23, 0x22, 0x06, 0x15, 0x15, 0x14, 0x16, 0x55, 0x39,
0x43, 0x17, 0x19, 0x3B, 0x6B, 0x48, 0x28, 0x46, 0x1C, 0x3E, 0x38, 0x43, 0x17, 0x19, 0x3B, 0x6B,
0x47, 0x29, 0x46, 0x1C, 0x8B, 0x3A, 0x48, 0x05, 0x05, 0xCF, 0x11, 0x2C, 0x5F, 0xCF, 0x11, 0x2C,
0x19, 0x3A, 0x49, 0x06, 0x2B, 0x2A, 0x54, 0x23, 0x58, 0x36, 0x53, 0x79, 0x43, 0x17, 0x15, 0x4B,
0x2A, 0x55, 0x22, 0x59, 0x35, 0x52, 0x7A, 0x43, 0x16, 0x15, 0x28, 0x4B, 0x49, 0x3E, 0x15, 0x25,
0x10, 0xFE, 0x0E, 0x10, 0x5D, 0xFE, 0x0F, 0x0F, 0x4B, 0x49, 0x3A, 0x16, 0x27, 0x00, 0xFF, 0xFF,
0x00, 0x1C, 0xFF, 0xD5, 0x02, 0x1D, 0x03, 0x17, 0x06, 0x26, 0x01, 0x29, 0x00, 0x00, 0x00, 0x06,
0x02, 0xC9, 0xF1, 0x00, 0xFF, 0xFF, 0x00, 0x2B, 0xFF, 0xF4, 0x02, 0x06, 0x02, 0xDE, 0x06, 0x26,
0x01, 0x14, 0x00, 0x00, 0x00, 0x06, 0x02, 0xCF, 0xED, 0xFE, 0x00, 0x03, 0x00, 0x2B, 0xFF, 0xF4,
0x03, 0x6E, 0x02, 0x13, 0x00, 0x26, 0x00, 0x34, 0x00, 0x3F, 0x00, 0x00, 0x45, 0x22, 0x26, 0x26,
0x35, 0x34, 0x36, 0x36, 0x33, 0x32, 0x16, 0x17, 0x33, 0x36, 0x36, 0x33, 0x32, 0x16, 0x16, 0x15,
0x15, 0x21, 0x15, 0x14, 0x16, 0x33, 0x32, 0x36, 0x37, 0x17, 0x06, 0x06, 0x23, 0x22, 0x26, 0x27,
0x23, 0x06, 0x06, 0x27, 0x32, 0x36, 0x35, 0x35, 0x34, 0x26, 0x23, 0x22, 0x06, 0x15, 0x15, 0x14,
0x16, 0x25, 0x33, 0x35, 0x34, 0x26, 0x26, 0x23, 0x22, 0x06, 0x06, 0x15, 0x01, 0x19, 0x48, 0x6B,
0x3B, 0x3B, 0x6B, 0x48, 0x3E, 0x5E, 0x18, 0x06, 0x16, 0x5E, 0x42, 0x47, 0x67, 0x37, 0xFE, 0x98,
0x49, 0x45, 0x31, 0x43, 0x16, 0x3E, 0x1C, 0x6A, 0x47, 0x49, 0x5F, 0x14, 0x06, 0x15, 0x5F, 0x40,
0x3A, 0x46, 0x46, 0x3A, 0x39, 0x48, 0x48, 0x01, 0x26, 0xFB, 0x1D, 0x36, 0x26, 0x26, 0x3B, 0x21,
0x0C, 0x44, 0x7A, 0x53, 0x53, 0x79, 0x42, 0x33, 0x32, 0x2F, 0x36, 0x41, 0x74, 0x4C, 0x28, 0x13,
0x3E, 0x50, 0x2C, 0x25, 0x3A, 0x30, 0x3C, 0x3C, 0x29, 0x2C, 0x39, 0x56, 0x48, 0x47, 0x55, 0x47,
0x48, 0x48, 0x47, 0x55, 0x47, 0x48, 0xE5, 0x0A, 0x29, 0x3E, 0x22, 0x24, 0x3F, 0x29, 0x00, 0x02,
0x00, 0x50, 0xFF, 0x38, 0x02, 0x1E, 0x02, 0x13, 0x00, 0x14, 0x00, 0x24, 0x00, 0x00, 0x57, 0x11,
0x33, 0x15, 0x33, 0x36, 0x36, 0x33, 0x32, 0x16, 0x16, 0x15, 0x14, 0x06, 0x06, 0x23, 0x22, 0x26,
0x27, 0x23, 0x11, 0x13, 0x32, 0x36, 0x35, 0x35, 0x34, 0x26, 0x23, 0x22, 0x06, 0x06, 0x15, 0x15,
0x14, 0x16, 0x16, 0x50, 0x66, 0x05, 0x11, 0x4E, 0x34, 0x42, 0x5C, 0x32, 0x32, 0x5C, 0x42, 0x34,
0x4C, 0x13, 0x05, 0x79, 0x3C, 0x46, 0x46, 0x3C, 0x21, 0x37, 0x21, 0x21, 0x37, 0xC8, 0x02, 0xCF,
0x55, 0x2F, 0x32, 0x41, 0x79, 0x55, 0x55, 0x7A, 0x41, 0x33, 0x2E, 0xFE, 0xE3, 0x01, 0x14, 0x4D,
0x3E, 0x59, 0x3F, 0x4C, 0x17, 0x29, 0x1C, 0xB3, 0x1E, 0x2B, 0x17, 0x00, 0x00, 0x02, 0x00, 0x50,
0xFF, 0x38, 0x02, 0x1E, 0x02, 0xE4, 0x00, 0x14, 0x00, 0x24, 0x00, 0x00, 0x57, 0x11, 0x33, 0x11,
0x33, 0x36, 0x36, 0x33, 0x32, 0x16, 0x16, 0x15, 0x14, 0x06, 0x06, 0x23, 0x22, 0x26, 0x27, 0x23,
0x11, 0x13, 0x32, 0x36, 0x35, 0x35, 0x34, 0x26, 0x23, 0x22, 0x06, 0x06, 0x15, 0x15, 0x14, 0x16,
0x16, 0x50, 0x66, 0x05, 0x11, 0x4E, 0x34, 0x42, 0x5C, 0x32, 0x32, 0x5C, 0x42, 0x34, 0x4C, 0x13,
0x05, 0x79, 0x3C, 0x46, 0x46, 0x3C, 0x21, 0x37, 0x21, 0x21, 0x37, 0xC8, 0x03, 0xAC, 0xFE, 0xCE,
0x2F, 0x32, 0x41, 0x79, 0x55, 0x55, 0x7A, 0x41, 0x33, 0x2E, 0xFE, 0xE3, 0x01, 0x14, 0x4D, 0x3E,
0x59, 0x3F, 0x4C, 0x17, 0x29, 0x1C, 0xB3, 0x1E, 0x2B, 0x17, 0x00, 0x02, 0x00, 0x30, 0xFF, 0x38,
0x01, 0xFE, 0x02, 0x13, 0x00, 0x14, 0x00, 0x24, 0x00, 0x00, 0x45, 0x11, 0x23, 0x06, 0x06, 0x23,
0x22, 0x26, 0x26, 0x35, 0x34, 0x36, 0x36, 0x33, 0x32, 0x16, 0x17, 0x33, 0x35, 0x33, 0x11, 0x03,
0x32, 0x36, 0x36, 0x35, 0x35, 0x34, 0x26, 0x26, 0x23, 0x22, 0x06, 0x15, 0x15, 0x14, 0x16, 0x01,
0x97, 0x04, 0x13, 0x4D, 0x34, 0x41, 0x5D, 0x31, 0x31, 0x5D, 0x41, 0x34, 0x4F, 0x11, 0x04, 0x67,
0xE0, 0x22, 0x37, 0x20, 0x20, 0x37, 0x22, 0x3B, 0x47, 0x47, 0xC8, 0x01, 0x1D, 0x2E, 0x33, 0x41,
0x7A, 0x55, 0x55, 0x79, 0x41, 0x32, 0x2F, 0x55, 0xFD, 0x31, 0x01, 0x14, 0x17, 0x2B, 0x1E, 0xB3,
0x1C, 0x29, 0x17, 0x4C, 0x3F, 0x59, 0x3E, 0x4D, 0x00, 0x01, 0x00, 0x50, 0x00, 0x00, 0x01, 0x69,
0x02, 0x07, 0x00, 0x10, 0x00, 0x00, 0x73, 0x11, 0x33, 0x15, 0x33, 0x3E, 0x02, 0x33, 0x33, 0x15,
0x23, 0x22, 0x06, 0x06, 0x15, 0x11, 0x50, 0x66, 0x05, 0x08, 0x24, 0x3B, 0x29, 0x1E, 0x2C, 0x2B,
0x3C, 0x20, 0x02, 0x07, 0x65, 0x1A, 0x2E, 0x1D, 0x63, 0x15, 0x24, 0x1B, 0xFE, 0xB0, 0xFF, 0xFF,
0x00, 0x50, 0x00, 0x00, 0x01, 0x69, 0x03, 0x17, 0x06, 0x26, 0x01, 0x30, 0x00, 0x00, 0x00, 0x06,
0x02, 0xC9, 0xB1, 0x00, 0xFF, 0xFF, 0x00, 0x31, 0x00, 0x00, 0x01, 0x89, 0x03, 0x0F, 0x06, 0x26,
0x01, 0x30, 0x00, 0x00, 0x00, 0x06, 0x02, 0xCC, 0xB1, 0x00, 0xFF, 0xFF, 0x00, 0x3C, 0xFF, 0x01,
0x01, 0x69, 0x02, 0x07, 0x06, 0x26, 0x01, 0x30, 0x00, 0x00, 0x00, 0x07, 0x02, 0xC3, 0x00, 0x84,
0x00, 0x00, 0x00, 0x01, 0x00, 0x21, 0xFF, 0xF4, 0x01, 0xBD, 0x02, 0x13, 0x00, 0x2A, 0x00, 0x00,
0x57, 0x22, 0x26, 0x27, 0x37, 0x16, 0x16, 0x33, 0x32, 0x36, 0x35, 0x34, 0x26, 0x27, 0x27, 0x2E,
0x02, 0x35, 0x34, 0x36, 0x33, 0x32, 0x16, 0x16, 0x17, 0x07, 0x26, 0x26, 0x23, 0x22, 0x06, 0x15,
0x14, 0x16, 0x17, 0x17, 0x16, 0x16, 0x15, 0x14, 0x06, 0x06, 0xF2, 0x48, 0x64, 0x25, 0x43, 0x1D,
0x48, 0x2F, 0x31, 0x31, 0x22, 0x2C, 0x2E, 0x33, 0x4D, 0x2A, 0x6B, 0x54, 0x2E, 0x45, 0x36, 0x16,
0x3F, 0x14, 0x41, 0x2C, 0x2D, 0x2E, 0x2A, 0x2A, 0x2F, 0x56, 0x4D, 0x32, 0x5B, 0x0C, 0x35, 0x2E,
0x3C, 0x23, 0x28, 0x26, 0x22, 0x1B, 0x24, 0x06, 0x06, 0x08, 0x23, 0x3F, 0x30, 0x4C, 0x52, 0x14,
0x25, 0x1A, 0x3D, 0x19, 0x23, 0x24, 0x20, 0x1F, 0x1F, 0x07, 0x07, 0x0C, 0x4B, 0x3E, 0x32, 0x4B,
0x29, 0x00, 0xFF, 0xFF, 0x00, 0x21, 0xFF, 0xF4, 0x01, 0xBD, 0x03, 0x17, 0x06, 0x26, 0x01, 0x34,
0x00, 0x00, 0x00, 0x06, 0x02, 0xC9, 0xC6, 0x00, 0xFF, 0xFF, 0x00, 0x21, 0xFF, 0xF4, 0x01, 0xBD,
0x03, 0x0F, 0x06, 0x26, 0x01, 0x34, 0x00, 0x00, 0x00, 0x06, 0x02, 0xCC, 0xC6, 0x00, 0x00, 0x01,
0x00, 0x21, 0xFF, 0x2F, 0x01, 0xBD, 0x02, 0x13, 0x00, 0x44, 0x00, 0x00, 0x57, 0x22, 0x26, 0x27,
0x37, 0x16, 0x16, 0x33, 0x32, 0x36, 0x35, 0x34, 0x26, 0x27, 0x27, 0x37, 0x26, 0x26, 0x27, 0x37,
0x16, 0x16, 0x33, 0x32, 0x36, 0x35, 0x34, 0x26, 0x27, 0x27, 0x2E, 0x02, 0x35, 0x34, 0x36, 0x33,
0x32, 0x16, 0x16, 0x17, 0x07, 0x26, 0x26, 0x23, 0x22, 0x06, 0x15, 0x14, 0x16, 0x17, 0x17, 0x16,
0x16, 0x15, 0x14, 0x06, 0x07, 0x07, 0x17, 0x36, 0x36, 0x33, 0x32, 0x16, 0x15, 0x14, 0x06, 0x06,
0xFF, 0x2C, 0x33, 0x0C, 0x29, 0x09, 0x1F, 0x16, 0x13, 0x19, 0x1A, 0x2C, 0x1A, 0x0D, 0x3C, 0x57,
0x20, 0x43, 0x1D, 0x48, 0x2F, 0x31, 0x31, 0x22, 0x2C, 0x2E, 0x33, 0x4D, 0x2A, 0x6B, 0x54, 0x2E,
0x45, 0x36, 0x16, 0x3F, 0x14, 0x41, 0x2C, 0x2D, 0x2E, 0x2A, 0x2A, 0x2F, 0x56, 0x4D, 0x5F, 0x52,
0x0A, 0x04, 0x0A, 0x16, 0x0A, 0x1D, 0x28, 0x21, 0x35, 0xD1, 0x1C, 0x0E, 0x2E, 0x0B, 0x11, 0x0E,
0x0F, 0x0D, 0x16, 0x06, 0x03, 0x41, 0x05, 0x34, 0x29, 0x3C, 0x23, 0x28, 0x26, 0x22, 0x1B, 0x24,
0x06, 0x06, 0x08, 0x23, 0x3F, 0x30, 0x4C, 0x52, 0x14, 0x25, 0x1A, 0x3D, 0x19, 0x23, 0x24, 0x20,
0x1F, 0x1F, 0x07, 0x07, 0x0C, 0x4B, 0x3E, 0x46, 0x59, 0x06, 0x30, 0x03, 0x03, 0x03, 0x21, 0x22,
0x1E, 0x26, 0x12, 0x00, 0xFF, 0xFF, 0x00, 0x21, 0xFF, 0xF4, 0x01, 0xBD, 0x03, 0x07, 0x06, 0x26,
0x01, 0x34, 0x00, 0x00, 0x00, 0x06, 0x02, 0xCB, 0xC6, 0x00, 0xFF, 0xFF, 0x00, 0x21, 0xFF, 0x01,
0x01, 0xBD, 0x02, 0x13, 0x06, 0x26, 0x01, 0x34, 0x00, 0x00, 0x00, 0x07, 0x02, 0xC3, 0x00, 0xF3,
0x00, 0x00, 0x00, 0x01, 0x00, 0x1A, 0xFF, 0xF4, 0x02, 0x77, 0x02, 0xF0, 0x00, 0x3A, 0x00, 0x00,
0x45, 0x22, 0x26, 0x27, 0x37, 0x16, 0x16, 0x33, 0x32, 0x36, 0x35, 0x34, 0x26, 0x27, 0x27, 0x2E,
0x02, 0x35, 0x34, 0x36, 0x37, 0x35, 0x34, 0x26, 0x23, 0x22, 0x06, 0x15, 0x11, 0x23, 0x11, 0x23,
0x35, 0x33, 0x35, 0x34, 0x36, 0x36, 0x33, 0x32, 0x16, 0x16, 0x15, 0x15, 0x23, 0x22, 0x06, 0x06,
0x15, 0x14, 0x16, 0x17, 0x17, 0x16, 0x16, 0x15, 0x14, 0x06, 0x01, 0xBE, 0x3D, 0x59, 0x1E, 0x40,
0x19, 0x3A, 0x24, 0x28, 0x2D, 0x1D, 0x27, 0x1F, 0x27, 0x3D, 0x23, 0x59, 0x4D, 0x3F, 0x42, 0x41,
0x3E, 0x67, 0x51, 0x51, 0x38, 0x66, 0x47, 0x47, 0x65, 0x37, 0x32, 0x26, 0x34, 0x1A, 0x26, 0x23,
0x1E, 0x44, 0x3F, 0x65, 0x0C, 0x29, 0x28, 0x3D, 0x1F, 0x1D, 0x27, 0x24, 0x1D, 0x25, 0x09, 0x08,
0x0B, 0x21, 0x3A, 0x2D, 0x42, 0x4E, 0x05, 0x04, 0x49, 0x45, 0x45, 0x49, 0xFD, 0xF0, 0x01, 0xB2,
0x55, 0x05, 0x46, 0x66, 0x38, 0x37, 0x67, 0x46, 0x49, 0x0D, 0x1E, 0x1A, 0x20, 0x1F, 0x09, 0x08,
0x11, 0x45, 0x3B, 0x4E, 0x5B, 0x00, 0x00, 0x01, 0x00, 0x1B, 0x00, 0x00, 0x01, 0x41, 0x02, 0x96,
0x00, 0x13, 0x00, 0x00, 0x73, 0x22, 0x26, 0x35, 0x11, 0x23, 0x35, 0x33, 0x32, 0x36, 0x35, 0x35,
0x33, 0x15, 0x33, 0x15, 0x23, 0x11, 0x33, 0x15, 0xD9, 0x35, 0x38, 0x51, 0x2C, 0x1C, 0x14, 0x5C,
0x6E, 0x6E, 0x66, 0x3A, 0x32, 0x01, 0x46, 0x55, 0x18, 0x1A, 0x5D, 0x8F, 0x55, 0xFE, 0xA3, 0x55,
0x00, 0x01, 0x00, 0x1E, 0x00, 0x00, 0x01, 0x44, 0x02, 0x96, 0x00, 0x1B, 0x00, 0x00, 0x73, 0x22,
0x26, 0x35, 0x35, 0x23, 0x35, 0x33, 0x35, 0x23, 0x35, 0x33, 0x32, 0x36, 0x35, 0x35, 0x33, 0x15,
0x33, 0x15, 0x23, 0x15, 0x33, 0x15, 0x23, 0x15, 0x33, 0x15, 0xDC, 0x34, 0x38, 0x40, 0x40, 0x52,
0x2D, 0x1B, 0x14, 0x5C, 0x6E, 0x6E, 0x59, 0x59, 0x66, 0x39, 0x32, 0x84, 0x4B, 0x78, 0x55, 0x18,
0x1A, 0x5D, 0x8F, 0x55, 0x78, 0x4B, 0x9A, 0x55, 0x00, 0x02, 0x00, 0x1B, 0x00, 0x00, 0x01, 0x92,
0x02, 0xFC, 0x00, 0x13, 0x00, 0x17, 0x00, 0x00, 0x73, 0x22, 0x26, 0x35, 0x11, 0x23, 0x35, 0x33,
0x32, 0x36, 0x35, 0x35, 0x33, 0x15, 0x33, 0x15, 0x23, 0x11, 0x33, 0x15, 0x03, 0x37, 0x33, 0x07,
0xD9, 0x35, 0x38, 0x51, 0x2C, 0x1C, 0x14, 0x5C, 0x6E, 0x6E, 0x66, 0x23, 0x0A, 0x72, 0x38, 0x3A,
0x32, 0x01, 0x46, 0x55, 0x18, 0x1A, 0x5D, 0x8F, 0x55, 0xFE, 0xA3, 0x55, 0x02, 0x39, 0xC3, 0xC3,
0xFF, 0xFF, 0x00, 0x1B, 0xFF, 0x01, 0x01, 0x41, 0x02, 0x96, 0x06, 0x26, 0x01, 0x3B, 0x00, 0x00,
0x00, 0x07, 0x02, 0xC3, 0x00, 0xDA, 0x00, 0x00, 0xFF, 0xFF, 0x00, 0x1B, 0xFF, 0x01, 0x01, 0x41,
0x02, 0x96, 0x06, 0x26, 0x01, 0x3B, 0x00, 0x00, 0x00, 0x07, 0x02, 0xC3, 0x00, 0xDA, 0x00, 0x00,
0x00, 0x01, 0x00, 0x49, 0xFF, 0xF4, 0x01, 0xF0, 0x02, 0x07, 0x00, 0x15, 0x00, 0x00, 0x57, 0x22,
0x26, 0x35, 0x11, 0x33, 0x11, 0x14, 0x16, 0x33, 0x32, 0x36, 0x36, 0x35, 0x11, 0x33, 0x11, 0x23,
0x35, 0x23, 0x06, 0x06, 0xF4, 0x50, 0x5B, 0x67, 0x33, 0x34, 0x1D, 0x35, 0x21, 0x66, 0x66, 0x05,
0x0E, 0x42, 0x0C, 0x69, 0x5F, 0x01, 0x4B, 0xFE, 0xC3, 0x3E, 0x40, 0x14, 0x28, 0x1F, 0x01, 0x60,
0xFD, 0xF9, 0x55, 0x26, 0x3B, 0x00, 0xFF, 0xFF, 0x00, 0x49, 0xFF, 0xF4, 0x01, 0xF0, 0x03, 0x17,
0x06, 0x26, 0x01, 0x40, 0x00, 0x00, 0x00, 0x06, 0x02, 0xC9, 0xF1, 0x00, 0xFF, 0xFF, 0x00, 0x49,
0xFF, 0xF4, 0x01, 0xF0, 0x02, 0xF7, 0x06, 0x26, 0x01, 0x40, 0x00, 0x00, 0x00, 0x06, 0x02, 0xCD,
0xF1, 0x00, 0xFF, 0xFF, 0x00, 0x49, 0xFF, 0xF4, 0x01, 0xF0, 0x03, 0x07, 0x06, 0x26, 0x01, 0x40,
0x00, 0x00, 0x00, 0x06, 0x02, 0xCB, 0xF1, 0x00, 0xFF, 0xFF, 0x00, 0x49, 0xFF, 0xF4, 0x01, 0xF0,
0x02, 0xDB, 0x06, 0x26, 0x01, 0x40, 0x00, 0x00, 0x00, 0x06, 0x02, 0xC6, 0xF1, 0x00, 0xFF, 0xFF,
0x00, 0x49, 0xFF, 0x4B, 0x01, 0xF0, 0x02, 0x07, 0x06, 0x26, 0x01, 0x40, 0x00, 0x00, 0x00, 0x07,
0x02, 0xC2, 0x01, 0x1B, 0x00, 0x00, 0xFF, 0xFF, 0x00, 0x49, 0xFF, 0xF4, 0x01, 0xF0, 0x03, 0x17,
0x06, 0x26, 0x01, 0x40, 0x00, 0x00, 0x00, 0x06, 0x02, 0xC8, 0xF1, 0x00, 0xFF, 0xFF, 0x00, 0x49,
0xFF, 0xF4, 0x01, 0xF0, 0x03, 0x12, 0x06, 0x26, 0x01, 0x40, 0x00, 0x00, 0x00, 0x07, 0x02, 0xBE,
0x01, 0x1D, 0x00, 0x08, 0x00, 0x01, 0x00, 0x4A, 0xFF, 0xF4, 0x02, 0x3E, 0x02, 0x75, 0x00, 0x1C,
0x00, 0x00, 0x57, 0x22, 0x26, 0x35, 0x11, 0x33, 0x11, 0x14, 0x16, 0x33, 0x32, 0x36, 0x36, 0x35,
0x11, 0x33, 0x35, 0x33, 0x15, 0x14, 0x06, 0x07, 0x23, 0x11, 0x23, 0x35, 0x23, 0x06, 0x06, 0xF5,
0x4F, 0x5C, 0x67, 0x34, 0x34, 0x1D, 0x34, 0x21, 0x5A, 0x59, 0x19, 0x25, 0x0F, 0x66, 0x04, 0x0F,
0x42, 0x0C, 0x69, 0x5F, 0x01, 0x4B, 0xFE, 0xC3, 0x3E, 0x40, 0x14, 0x28, 0x1F, 0x01, 0x60, 0x6E,
0x63, 0x1F, 0x29, 0x03, 0xFE, 0x39, 0x55, 0x26, 0x3B, 0x00, 0xFF, 0xFF, 0x00, 0x4A, 0xFF, 0xF4,
0x02, 0x3E, 0x03, 0x17, 0x06, 0x26, 0x01, 0x48, 0x00, 0x00, 0x00, 0x06, 0x02, 0xC9, 0xF2, 0x00,
0xFF, 0xFF, 0x00, 0x4A, 0xFF, 0x4B, 0x02, 0x3E, 0x02, 0x75, 0x06, 0x26, 0x01, 0x48, 0x00, 0x00,
0x00, 0x07, 0x02, 0xC2, 0x01, 0x1B, 0x00, 0x00, 0xFF, 0xFF, 0x00, 0x4A, 0xFF, 0xF4, 0x02, 0x3E,
0x03, 0x17, 0x06, 0x26, 0x01, 0x48, 0x00, 0x00, 0x00, 0x06, 0x02, 0xC8, 0xF2, 0x00, 0xFF, 0xFF,
0x00, 0x4A, 0xFF, 0xF4, 0x02, 0x3E, 0x03, 0x12, 0x06, 0x26, 0x01, 0x48, 0x00, 0x00, 0x00, 0x07,
0x02, 0xBE, 0x01, 0x1E, 0x00, 0x08, 0xFF, 0xFF, 0x00, 0x4A, 0xFF, 0xF4, 0x02, 0x3E, 0x02, 0xDD,
0x06, 0x26, 0x01, 0x48, 0x00, 0x00, 0x00, 0x06, 0x02, 0xD3, 0xF2, 0x00, 0xFF, 0xFF, 0x00, 0x49,
0xFF, 0xF4, 0x01, 0xF1, 0x03, 0x15, 0x06, 0x26, 0x01, 0x40, 0x00, 0x00, 0x00, 0x06, 0x02, 0xCA,
0xF1, 0x00, 0xFF, 0xFF, 0x00, 0x49, 0xFF, 0xF4, 0x01, 0xF0, 0x02, 0xC8, 0x06, 0x26, 0x01, 0x40,
0x00, 0x00, 0x00, 0x06, 0x02, 0xD0, 0xF1, 0x00, 0x00, 0x01, 0x00, 0x4A, 0xFF, 0x2F, 0x02, 0x0A,
0x02, 0x07, 0x00, 0x2B, 0x00, 0x00, 0x45, 0x22, 0x26, 0x26, 0x35, 0x34, 0x36, 0x37, 0x27, 0x23,
0x35, 0x23, 0x06, 0x06, 0x23, 0x22, 0x26, 0x35, 0x11, 0x33, 0x11, 0x14, 0x16, 0x33, 0x32, 0x36,
0x36, 0x35, 0x11, 0x33, 0x11, 0x0E, 0x02, 0x15, 0x14, 0x16, 0x33, 0x32, 0x36, 0x37, 0x17, 0x06,
0x06, 0x01, 0xA7, 0x1C, 0x30, 0x1D, 0x3E, 0x2D, 0x01, 0x1D, 0x04, 0x0F, 0x42, 0x41, 0x4F, 0x5C,
0x67, 0x34, 0x34, 0x1D, 0x34, 0x21, 0x66, 0x2C, 0x2C, 0x0F, 0x14, 0x0E, 0x0F, 0x1A, 0x09, 0x2C,
0x0A, 0x32, 0xD1, 0x10, 0x23, 0x1C, 0x28, 0x3B, 0x1C, 0x03, 0x55, 0x26, 0x3B, 0x69, 0x5F, 0x01,
0x4B, 0xFE, 0xC3, 0x3E, 0x40, 0x14, 0x28, 0x1F, 0x01, 0x60, 0xFD, 0xF9, 0x24, 0x2B, 0x1B, 0x0B,
0x11, 0x0E, 0x0E, 0x0B, 0x2B, 0x12, 0x19, 0x00, 0xFF, 0xFF, 0x00, 0x49, 0xFF, 0xF4, 0x01, 0xF0,
0x03, 0x33, 0x06, 0x26, 0x01, 0x40, 0x00, 0x00, 0x00, 0x06, 0x02, 0xCE, 0xF1, 0x00, 0xFF, 0xFF,
0x00, 0x49, 0xFF, 0xF4, 0x01, 0xF0, 0x02, 0xDF, 0x06, 0x26, 0x01, 0x40, 0x00, 0x00, 0x00, 0x06,
0x02, 0xCF, 0xF1, 0x00, 0x00, 0x01, 0x00, 0x0F, 0x00, 0x00, 0x01, 0xEC, 0x02, 0x07, 0x00, 0x09,
0x00, 0x00, 0x73, 0x03, 0x33, 0x17, 0x17, 0x33, 0x37, 0x37, 0x33, 0x03, 0xC1, 0xB2, 0x66, 0x52,
0x35, 0x06, 0x36, 0x52, 0x62, 0xB2, 0x02, 0x07, 0xF1, 0xB5, 0xB5, 0xF1, 0xFD, 0xF9, 0x00, 0x01,
0x00, 0x1B, 0x00, 0x00, 0x02, 0xFD, 0x02, 0x07, 0x00, 0x15, 0x00, 0x00, 0x73, 0x03, 0x33, 0x17,
0x17, 0x33, 0x37, 0x37, 0x33, 0x17, 0x17, 0x33, 0x37, 0x37, 0x33, 0x03, 0x23, 0x27, 0x27, 0x23,
0x07, 0x07, 0xA8, 0x8D, 0x64, 0x35, 0x31, 0x03, 0x38, 0x3F, 0x5C, 0x41, 0x39, 0x03, 0x2F, 0x37,
0x5F, 0x8B, 0x76, 0x45, 0x2B, 0x02, 0x29, 0x46, 0x02, 0x07, 0xDB, 0xCC, 0xCC, 0xDB, 0xDB, 0xCC,
0xCC, 0xDB, 0xFD, 0xF9, 0xEF, 0x96, 0x96, 0xEF, 0xFF, 0xFF, 0x00, 0x1B, 0x00, 0x00, 0x02, 0xFD,
0x03, 0x17, 0x06, 0x26, 0x01, 0x54, 0x00, 0x00, 0x00, 0x06, 0x02, 0xC9, 0x60, 0x00, 0xFF, 0xFF,
0x00, 0x1B, 0x00, 0x00, 0x02, 0xFD, 0x03, 0x07, 0x06, 0x26, 0x01, 0x54, 0x00, 0x00, 0x00, 0x06,
0x02, 0xCB, 0x60, 0x00, 0xFF, 0xFF, 0x00, 0x1B, 0x00, 0x00, 0x02, 0xFD, 0x02, 0xDB, 0x06, 0x26,
0x01, 0x54, 0x00, 0x00, 0x00, 0x06, 0x02, 0xC6, 0x60, 0x00, 0xFF, 0xFF, 0x00, 0x1B, 0x00, 0x00,
0x02, 0xFD, 0x03, 0x17, 0x06, 0x26, 0x01, 0x54, 0x00, 0x00, 0x00, 0x06, 0x02, 0xC8, 0x60, 0x00,
0x00, 0x01, 0x00, 0x14, 0x00, 0x00, 0x01, 0xF9, 0x02, 0x07, 0x00, 0x0D, 0x00, 0x00, 0x73, 0x13,
0x03, 0x33, 0x17, 0x33, 0x37, 0x33, 0x07, 0x13, 0x23, 0x27, 0x23, 0x07, 0x14, 0xB9, 0xB3, 0x77,
0x78, 0x03, 0x7A, 0x70, 0xB4, 0xB7, 0x77, 0x7B, 0x03, 0x81, 0x01, 0x06, 0x01, 0x01, 0xB7, 0xB7,
0xFE, 0xFE, 0xF7, 0xC0, 0xC0, 0x00, 0x00, 0x01, 0x00, 0x0D, 0xFF, 0x38, 0x01, 0xF1, 0x02, 0x07,
0x00, 0x10, 0x00, 0x00, 0x57, 0x35, 0x33, 0x37, 0x03, 0x33, 0x13, 0x17, 0x33, 0x37, 0x13, 0x33,
0x03, 0x0E, 0x02, 0x23, 0x54, 0x57, 0x20, 0xBE, 0x67, 0x6C, 0x1D, 0x05, 0x20, 0x6D, 0x62, 0xDD,
0x0C, 0x1F, 0x32, 0x29, 0xC8, 0x55, 0x5D, 0x02, 0x1D, 0xFE, 0xC4, 0x6A, 0x6A, 0x01, 0x3C, 0xFD,
0x8E, 0x22, 0x29, 0x12, 0xFF, 0xFF, 0x00, 0x0D, 0xFF, 0x38, 0x01, 0xF1, 0x03, 0x17, 0x06, 0x26,
0x01, 0x5A, 0x00, 0x00, 0x00, 0x06, 0x02, 0xC9, 0xD5, 0x00, 0xFF, 0xFF, 0x00, 0x0D, 0xFF, 0x38,
0x01, 0xF1, 0x03, 0x07, 0x06, 0x26, 0x01, 0x5A, 0x00, 0x00, 0x00, 0x06, 0x02, 0xCB, 0xD5, 0x00,
0xFF, 0xFF, 0x00, 0x0D, 0xFF, 0x38, 0x01, 0xF1, 0x02, 0xDB, 0x06, 0x26, 0x01, 0x5A, 0x00, 0x00,
0x00, 0x06, 0x02, 0xC6, 0xD5, 0x00, 0xFF, 0xFF, 0x00, 0x0D, 0xFF, 0x38, 0x01, 0xF1, 0x02, 0x07,
0x06, 0x26, 0x01, 0x5A, 0x00, 0x00, 0x00, 0x07, 0x02, 0xC2, 0x01, 0x95, 0x00, 0x00, 0xFF, 0xFF,
0x00, 0x0D, 0xFF, 0x38, 0x01, 0xF1, 0x03, 0x17, 0x06, 0x26, 0x01, 0x5A, 0x00, 0x00, 0x00, 0x06,
0x02, 0xC8, 0xD5, 0x00, 0xFF, 0xFF, 0x00, 0x0D, 0xFF, 0x38, 0x01, 0xF1, 0x03, 0x12, 0x06, 0x26,
0x01, 0x5A, 0x00, 0x00, 0x00, 0x07, 0x02, 0xBE, 0x01, 0x01, 0x00, 0x08, 0xFF, 0xFF, 0x00, 0x0D,
0xFF, 0x38, 0x01, 0xF1, 0x02, 0xDF, 0x06, 0x26, 0x01, 0x5A, 0x00, 0x00, 0x00, 0x06, 0x02, 0xCF,
0xD5, 0x00, 0x00, 0x01, 0x00, 0x23, 0x00, 0x00, 0x01, 0xBF, 0x02, 0x07, 0x00, 0x09, 0x00, 0x00,
0x73, 0x35, 0x01, 0x21, 0x35, 0x21, 0x15, 0x01, 0x21, 0x15, 0x23, 0x01, 0x1A, 0xFE, 0xEF, 0x01,
0x8B, 0xFE, 0xE2, 0x01, 0x26, 0x54, 0x01, 0x5E, 0x55, 0x4F, 0xFE, 0x9D, 0x55, 0x00, 0xFF, 0xFF,
0x00, 0x23, 0x00, 0x00, 0x01, 0xBF, 0x03, 0x17, 0x06, 0x26, 0x01, 0x62, 0x00, 0x00, 0x00, 0x06,
0x02, 0xC9, 0xC5, 0x00, 0xFF, 0xFF, 0x00, 0x23, 0x00, 0x00, 0x01, 0xBF, 0x03, 0x0F, 0x06, 0x26,
0x01, 0x62, 0x00, 0x00, 0x00, 0x06, 0x02, 0xCC, 0xC5, 0x00, 0xFF, 0xFF, 0x00, 0x23, 0x00, 0x00,
0x01, 0xBF, 0x02, 0xDD, 0x06, 0x26, 0x01, 0x62, 0x00, 0x00, 0x00, 0x06, 0x02, 0xC7, 0xC5, 0x00,
0x00, 0x03, 0x00, 0x24, 0xFF, 0x2C, 0x02, 0x14, 0x02, 0x13, 0x00, 0x32, 0x00, 0x40, 0x00, 0x4E,
0x00, 0x00, 0x45, 0x22, 0x26, 0x35, 0x34, 0x36, 0x37, 0x35, 0x26, 0x26, 0x35, 0x34, 0x36, 0x37,
0x35, 0x26, 0x26, 0x35, 0x34, 0x36, 0x36, 0x33, 0x32, 0x16, 0x17, 0x33, 0x15, 0x23, 0x16, 0x16,
0x15, 0x14, 0x06, 0x06, 0x23, 0x22, 0x26, 0x27, 0x06, 0x06, 0x15, 0x14, 0x16, 0x33, 0x33, 0x32,
0x16, 0x15, 0x14, 0x06, 0x06, 0x27, 0x33, 0x32, 0x36, 0x35, 0x34, 0x26, 0x23, 0x23, 0x06, 0x06,
0x15, 0x14, 0x16, 0x13, 0x32, 0x36, 0x35, 0x35, 0x34, 0x26, 0x23, 0x22, 0x06, 0x15, 0x15, 0x14,
0x16, 0x01, 0x0E, 0x7E, 0x6C, 0x2F, 0x28, 0x1B, 0x1D, 0x36, 0x26, 0x2E, 0x32, 0x31, 0x5C, 0x40,
0x16, 0x2C, 0x13, 0xA5, 0x4B, 0x0E, 0x10, 0x30, 0x5C, 0x41, 0x11, 0x21, 0x0E, 0x14, 0x21, 0x27,
0x23, 0x7C, 0x60, 0x57, 0x37, 0x74, 0x7E, 0x46, 0x40, 0x42, 0x2B, 0x37, 0xAF, 0x14, 0x12, 0x33,
0x5D, 0x31, 0x36, 0x36, 0x31, 0x30, 0x37, 0x37, 0xD4, 0x42, 0x3B, 0x2B, 0x31, 0x08, 0x0B, 0x0A,
0x28, 0x1D, 0x28, 0x2A, 0x09, 0x04, 0x16, 0x50, 0x35, 0x35, 0x50, 0x2D, 0x06, 0x06, 0x4C, 0x11,
0x2D, 0x1C, 0x34, 0x50, 0x2C, 0x04, 0x03, 0x07, 0x19, 0x15, 0x16, 0x11, 0x4C, 0x43, 0x35, 0x48,
0x24, 0x4C, 0x25, 0x26, 0x1C, 0x21, 0x0B, 0x20, 0x14, 0x20, 0x29, 0x01, 0x84, 0x2D, 0x2D, 0x17,
0x2E, 0x2D, 0x2D, 0x2E, 0x17, 0x2D, 0x2D, 0x00, 0x00, 0x02, 0x00, 0x1A, 0x00, 0x00, 0x02, 0x0C,
0x02, 0xE7, 0x00, 0x12, 0x00, 0x20, 0x00, 0x00, 0x73, 0x11, 0x23, 0x35, 0x33, 0x35, 0x34, 0x36,
0x33, 0x33, 0x15, 0x23, 0x15, 0x21, 0x11, 0x23, 0x11, 0x23, 0x11, 0x13, 0x22, 0x26, 0x35, 0x35,
0x34, 0x36, 0x33, 0x32, 0x16, 0x15, 0x15, 0x14, 0x06, 0x6B, 0x51, 0x51, 0x40, 0x40, 0x54, 0x6D,
0x01, 0x30, 0x67, 0xC9, 0xFD, 0x20, 0x1E, 0x1E, 0x20, 0x20, 0x1D, 0x1D, 0x01, 0xB2, 0x55, 0x5A,
0x3D, 0x46, 0x55, 0x88, 0xFD, 0xF9, 0x01, 0xB2, 0xFE, 0x4E, 0x02, 0x6A, 0x1F, 0x18, 0x10, 0x18,
0x1E, 0x1E, 0x18, 0x10, 0x18, 0x1F, 0x00, 0x02, 0x00, 0x1A, 0x00, 0x00, 0x02, 0x4F, 0x02, 0xE4,
0x00, 0x10, 0x00, 0x19, 0x00, 0x00, 0x73, 0x11, 0x23, 0x35, 0x33, 0x35, 0x34, 0x36, 0x33, 0x33,
0x15, 0x23, 0x15, 0x33, 0x15, 0x23, 0x11, 0x21, 0x22, 0x26, 0x35, 0x11, 0x33, 0x11, 0x33, 0x15,
0x6B, 0x51, 0x51, 0x40, 0x40, 0x54, 0x6D, 0x6D, 0x6D, 0x01, 0x38, 0x35, 0x35, 0x67, 0x48, 0x01,
0xB2, 0x55, 0x5A, 0x3D, 0x46, 0x55, 0x88, 0x55, 0xFE, 0x4E, 0x38, 0x2F, 0x02, 0x7D, 0xFD, 0x71,
0x55, 0x00, 0x00, 0x02, 0x00, 0x2A, 0x01, 0x51, 0x01, 0x77, 0x02, 0xC0, 0x00, 0x20, 0x00, 0x2C,
0x00, 0x00, 0x53, 0x22, 0x26, 0x35, 0x34, 0x36, 0x33, 0x33, 0x35, 0x34, 0x26, 0x23, 0x22, 0x06,
0x07, 0x27, 0x36, 0x36, 0x33, 0x32, 0x16, 0x15, 0x15, 0x33, 0x15, 0x23, 0x22, 0x26, 0x27, 0x35,
0x23, 0x06, 0x06, 0x27, 0x32, 0x36, 0x35, 0x35, 0x23, 0x22, 0x06, 0x15, 0x15, 0x14, 0x16, 0x99,
0x34, 0x3B, 0x4F, 0x4A, 0x42, 0x23, 0x24, 0x22, 0x2C, 0x0C, 0x2F, 0x10, 0x46, 0x39, 0x41, 0x4C,
0x26, 0x2B, 0x1A, 0x24, 0x03, 0x04, 0x0B, 0x37, 0x16, 0x22, 0x34, 0x43, 0x24, 0x28, 0x1E, 0x01,
0x51, 0x38, 0x2E, 0x36, 0x34, 0x19, 0x26, 0x24, 0x1C, 0x16, 0x28, 0x1C, 0x2A, 0x43, 0x3F, 0xA8,
0x3F, 0x19, 0x1C, 0x04, 0x1B, 0x24, 0x39, 0x20, 0x1C, 0x2A, 0x17, 0x17, 0x0B, 0x17, 0x16, 0x00,
0x00, 0x02, 0x00, 0x2A, 0x01, 0x51, 0x01, 0x70, 0x02, 0xC0, 0x00, 0x0B, 0x00, 0x19, 0x00, 0x00,
0x53, 0x22, 0x26, 0x35, 0x34, 0x36, 0x33, 0x32, 0x16, 0x15, 0x14, 0x06, 0x27, 0x32, 0x36, 0x35,
0x35, 0x34, 0x26, 0x23, 0x22, 0x06, 0x15, 0x15, 0x14, 0x16, 0xCD, 0x4D, 0x56, 0x56, 0x4D, 0x4D,
0x56, 0x56, 0x4D, 0x29, 0x29, 0x29, 0x29, 0x28, 0x2A, 0x2A, 0x01, 0x51, 0x62, 0x56, 0x55, 0x62,
0x62, 0x55, 0x56, 0x62, 0x3D, 0x32, 0x2A, 0x3D, 0x2A, 0x32, 0x32, 0x2A, 0x3D, 0x2A, 0x32, 0x00,
0x00, 0x01, 0x00, 0x41, 0x00, 0x00, 0x02, 0x1B, 0x02, 0x48, 0x00, 0x1F, 0x00, 0x00, 0x73, 0x35,
0x34, 0x36, 0x36, 0x37, 0x35, 0x23, 0x35, 0x34, 0x36, 0x36, 0x33, 0x32, 0x16, 0x15, 0x11, 0x23,
0x11, 0x34, 0x26, 0x23, 0x22, 0x06, 0x15, 0x27, 0x33, 0x15, 0x06, 0x06, 0x15, 0x15, 0x54, 0x20,
0x33, 0x1B, 0x81, 0x3B, 0x6B, 0x47, 0x77, 0x76, 0x68, 0x47, 0x40, 0x40, 0x47, 0x23, 0xA0, 0x34,
0x32, 0xA5, 0x2F, 0x3D, 0x23, 0x06, 0x04, 0x30, 0x45, 0x62, 0x33, 0x7A, 0x69, 0xFE, 0x9B, 0x01,
0x66, 0x42, 0x47, 0x40, 0x43, 0x1A, 0x4B, 0x02, 0x3E, 0x44, 0xB7, 0x00, 0x00, 0x01, 0x00, 0x3D,
0xFF, 0xF4, 0x01, 0xEB, 0x02, 0x3C, 0x00, 0x25, 0x00, 0x00, 0x45, 0x22, 0x26, 0x26, 0x35, 0x34,
0x3E, 0x03, 0x35, 0x35, 0x23, 0x35, 0x33, 0x32, 0x16, 0x15, 0x15, 0x14, 0x0E, 0x03, 0x15, 0x14,
0x16, 0x16, 0x33, 0x32, 0x36, 0x36, 0x35, 0x11, 0x33, 0x11, 0x14, 0x06, 0x01, 0x18, 0x47, 0x5E,
0x30, 0x14, 0x1C, 0x1D, 0x13, 0x66, 0x55, 0x41, 0x34, 0x12, 0x1B, 0x1B, 0x12, 0x19, 0x30, 0x22,
0x22, 0x2F, 0x19, 0x69, 0x6A, 0x0C, 0x32, 0x5C, 0x3D, 0x32, 0x40, 0x2A, 0x21, 0x28, 0x1D, 0x26,
0x55, 0x35, 0x30, 0x09, 0x26, 0x34, 0x28, 0x29, 0x36, 0x28, 0x29, 0x35, 0x19, 0x1C, 0x36, 0x29,
0x01, 0x73, 0xFE, 0x8E, 0x69, 0x6D, 0x00, 0x01, 0x00, 0x28, 0xFF, 0xF4, 0x01, 0xF6, 0x02, 0x3C,
0x00, 0x2E, 0x00, 0x00, 0x45, 0x22, 0x26, 0x26, 0x35, 0x34, 0x3E, 0x03, 0x35, 0x35, 0x23, 0x06,
0x06, 0x23, 0x22, 0x26, 0x35, 0x35, 0x33, 0x15, 0x32, 0x36, 0x36, 0x35, 0x35, 0x33, 0x15, 0x14,
0x0E, 0x03, 0x15, 0x14, 0x16, 0x33, 0x32, 0x36, 0x36, 0x35, 0x11, 0x33, 0x11, 0x14, 0x06, 0x01,
0x24, 0x46, 0x5F, 0x2F, 0x19, 0x25, 0x25, 0x19, 0x04, 0x08, 0x2B, 0x23, 0x23, 0x27, 0x56, 0x15,
0x22, 0x14, 0x5E, 0x16, 0x21, 0x21, 0x16, 0x38, 0x33, 0x22, 0x2F, 0x19, 0x68, 0x69, 0x0C, 0x32,
0x5C, 0x3D, 0x32, 0x41, 0x2B, 0x23, 0x29, 0x1F, 0x33, 0x27, 0x30, 0x2C, 0x29, 0x43, 0x51, 0x13,
0x1F, 0x11, 0x0E, 0x6F, 0x29, 0x37, 0x28, 0x27, 0x32, 0x27, 0x3F, 0x38, 0x1C, 0x36, 0x29, 0x01,
0x73, 0xFE, 0x8E, 0x69, 0x6D, 0x00, 0x00, 0x01, 0x00, 0x4D, 0x00, 0x00, 0x02, 0x24, 0x02, 0x48,
0x00, 0x1D, 0x00, 0x00, 0x73, 0x11, 0x34, 0x36, 0x33, 0x32, 0x16, 0x15, 0x11, 0x23, 0x11, 0x34,
0x26, 0x23, 0x22, 0x06, 0x15, 0x15, 0x33, 0x36, 0x36, 0x33, 0x33, 0x15, 0x23, 0x22, 0x06, 0x06,
0x15, 0x15, 0x4D, 0x77, 0x74, 0x74, 0x78, 0x69, 0x44, 0x3F, 0x3D, 0x46, 0x05, 0x0C, 0x3D, 0x35,
0x2A, 0x3F, 0x1E, 0x32, 0x1E, 0x01, 0x65, 0x69, 0x7A, 0x7A, 0x69, 0xFE, 0x9B, 0x01, 0x65, 0x43,
0x46, 0x46, 0x43, 0x7B, 0x29, 0x38, 0x60, 0x12, 0x2A, 0x25, 0x8A, 0x00, 0x00, 0x01, 0x00, 0x4F,
0x00, 0x00, 0x02, 0x2D, 0x02, 0x48, 0x00, 0x25, 0x00, 0x00, 0x73, 0x11, 0x34, 0x36, 0x33, 0x17,
0x33, 0x37, 0x32, 0x16, 0x15, 0x11, 0x23, 0x11, 0x34, 0x26, 0x26, 0x27, 0x07, 0x23, 0x27, 0x0E,
0x02, 0x15, 0x15, 0x33, 0x36, 0x36, 0x33, 0x33, 0x15, 0x23, 0x22, 0x06, 0x06, 0x15, 0x15, 0x4F,
0x5B, 0x51, 0x42, 0x03, 0x42, 0x51, 0x5A, 0x69, 0x0A, 0x17, 0x16, 0x4E, 0x02, 0x4E, 0x16, 0x17,
0x0A, 0x04, 0x0D, 0x3C, 0x36, 0x29, 0x3E, 0x1E, 0x32, 0x1E, 0x01, 0x96, 0x55, 0x5D, 0x46, 0x46,
0x5D, 0x55, 0xFE, 0x6A, 0x01, 0x76, 0x2B, 0x31, 0x18, 0x03, 0x4D, 0x4D, 0x03, 0x18, 0x31, 0x2B,
0x8F, 0x2A, 0x38, 0x61, 0x12, 0x29, 0x25, 0x88, 0x00, 0x01, 0x00, 0x2A, 0xFF, 0xF4, 0x02, 0x23,
0x02, 0x3C, 0x00, 0x32, 0x00, 0x00, 0x45, 0x22, 0x26, 0x27, 0x23, 0x15, 0x23, 0x35, 0x34, 0x3E,
0x03, 0x35, 0x35, 0x23, 0x06, 0x06, 0x23, 0x22, 0x26, 0x35, 0x35, 0x33, 0x15, 0x32, 0x36, 0x36,
0x35, 0x35, 0x33, 0x15, 0x14, 0x0E, 0x03, 0x15, 0x15, 0x14, 0x16, 0x16, 0x33, 0x32, 0x36, 0x35,
0x11, 0x33, 0x11, 0x14, 0x06, 0x01, 0x6F, 0x46, 0x4D, 0x10, 0x05, 0x67, 0x17, 0x22, 0x22, 0x17,
0x05, 0x07, 0x2E, 0x23, 0x24, 0x27, 0x57, 0x15, 0x23, 0x15, 0x5F, 0x14, 0x1E, 0x1E, 0x14, 0x27,
0x3E, 0x20, 0x3A, 0x33, 0x68, 0x5B, 0x0C, 0x40, 0x28, 0x5C, 0xC3, 0x31, 0x40, 0x2B, 0x22, 0x29,
0x1E, 0x33, 0x27, 0x30, 0x2C, 0x29, 0x43, 0x51, 0x13, 0x1F, 0x11, 0x0E, 0x72, 0x2B, 0x37, 0x27,
0x25, 0x2F, 0x26, 0x0F, 0x23, 0x2E, 0x17, 0x47, 0x46, 0x01, 0x5F, 0xFE, 0x8D, 0x65, 0x70, 0x00,
0x00, 0x01, 0x00, 0x19, 0x00, 0x00, 0x01, 0xE5, 0x02, 0x3C, 0x00, 0x13, 0x00, 0x00, 0x73, 0x03,
0x33, 0x13, 0x33, 0x32, 0x36, 0x35, 0x35, 0x23, 0x35, 0x33, 0x32, 0x16, 0x15, 0x15, 0x14, 0x06,
0x06, 0x23, 0xC7, 0xAE, 0x69, 0x8E, 0x0D, 0x32, 0x2E, 0x63, 0x56, 0x3A, 0x3B, 0x2D, 0x5B, 0x44,
0x02, 0x3C, 0xFE, 0x1B, 0x43, 0x50, 0xF9, 0x59, 0x4A, 0x45, 0xA4, 0x60, 0x75, 0x34, 0x00, 0x01,
0x00, 0x27, 0x00, 0x00, 0x01, 0xF6, 0x02, 0x48, 0x00, 0x20, 0x00, 0x00, 0x73, 0x27, 0x23, 0x35,
0x33, 0x32, 0x16, 0x17, 0x17, 0x27, 0x33, 0x32, 0x36, 0x36, 0x35, 0x35, 0x34, 0x26, 0x23, 0x22,
0x06, 0x07, 0x27, 0x36, 0x36, 0x33, 0x32, 0x16, 0x15, 0x14, 0x06, 0x06, 0x23, 0xCC, 0x40, 0x46,
0x4D, 0x26, 0x26, 0x0D, 0x32, 0x3B, 0x3C, 0x1F, 0x30, 0x1C, 0x48, 0x45, 0x35, 0x48, 0x16, 0x43,
0x21, 0x6A, 0x4B, 0x81, 0x78, 0x33, 0x63, 0x49, 0xF7, 0x58, 0x25, 0x33, 0xC4, 0x24, 0x22, 0x46,
0x35, 0x65, 0x47, 0x4E, 0x2A, 0x22, 0x3E, 0x32, 0x36, 0x93, 0x8F, 0x64, 0x83, 0x3F, 0x00, 0x01,
0x00, 0x33, 0xFF, 0xF4, 0x02, 0x42, 0x02, 0x48, 0x00, 0x2B, 0x00, 0x00, 0x45, 0x22, 0x26, 0x35,
0x35, 0x23, 0x35, 0x33, 0x32, 0x16, 0x15, 0x15, 0x14, 0x16, 0x33, 0x32, 0x36, 0x36, 0x35, 0x35,
0x34, 0x26, 0x26, 0x23, 0x22, 0x06, 0x07, 0x27, 0x36, 0x36, 0x33, 0x32, 0x16, 0x15, 0x11, 0x33,
0x15, 0x23, 0x22, 0x26, 0x27, 0x23, 0x06, 0x06, 0x01, 0x01, 0x46, 0x49, 0x3C, 0x50, 0x2B, 0x22,
0x26, 0x23, 0x1E, 0x3D, 0x29, 0x20, 0x3E, 0x2F, 0x39, 0x4B, 0x19, 0x43, 0x22, 0x6E, 0x59, 0x71,
0x7C, 0x39, 0x3B, 0x2B, 0x30, 0x04, 0x06, 0x15, 0x4D, 0x0C, 0x52, 0x4D, 0x5B, 0x56, 0x29, 0x2C,
0x4E, 0x2B, 0x26, 0x19, 0x36, 0x2C, 0x9B, 0x2E, 0x3B, 0x1D, 0x2B, 0x25, 0x3F, 0x35, 0x38, 0x70,
0x68, 0xFE, 0xE5, 0x55, 0x34, 0x2F, 0x33, 0x3C, 0x00, 0x01, 0x00, 0x39, 0xFF, 0xF4, 0x01, 0xEB,
0x02, 0x3C, 0x00, 0x38, 0x00, 0x00, 0x45, 0x22, 0x26, 0x26, 0x35, 0x34, 0x3E, 0x03, 0x35, 0x35,
0x23, 0x35, 0x33, 0x32, 0x16, 0x15, 0x15, 0x14, 0x0E, 0x03, 0x15, 0x14, 0x16, 0x16, 0x33, 0x32,
0x36, 0x36, 0x35, 0x35, 0x34, 0x26, 0x23, 0x23, 0x35, 0x33, 0x32, 0x36, 0x35, 0x35, 0x33, 0x15,
0x14, 0x06, 0x06, 0x07, 0x15, 0x16, 0x16, 0x15, 0x15, 0x14, 0x06, 0x01, 0x17, 0x46, 0x5E, 0x30,
0x12, 0x1B, 0x1B, 0x12, 0x64, 0x53, 0x40, 0x33, 0x11, 0x19, 0x18, 0x11, 0x19, 0x30, 0x23, 0x22,
0x30, 0x19, 0x28, 0x2D, 0x10, 0x09, 0x2C, 0x2D, 0x6A, 0x1A, 0x2E, 0x1C, 0x34, 0x31, 0x6A, 0x0C,
0x32, 0x5B, 0x3D, 0x33, 0x40, 0x2A, 0x21, 0x28, 0x1D, 0x26, 0x55, 0x35, 0x30, 0x09, 0x26, 0x34,
0x28, 0x29, 0x35, 0x27, 0x2A, 0x36, 0x19, 0x1B, 0x37, 0x29, 0x2A, 0x34, 0x2E, 0x4F, 0x35, 0x32,
0x31, 0x11, 0x26, 0x37, 0x22, 0x0A, 0x04, 0x0D, 0x56, 0x43, 0x35, 0x64, 0x6B, 0x00, 0x00, 0x01,
0x00, 0x1F, 0xFF, 0xF4, 0x01, 0xFE, 0x02, 0x3C, 0x00, 0x41, 0x00, 0x00, 0x45, 0x22, 0x26, 0x26,
0x35, 0x34, 0x3E, 0x03, 0x35, 0x35, 0x23, 0x06, 0x06, 0x23, 0x22, 0x26, 0x35, 0x35, 0x33, 0x15,
0x32, 0x36, 0x36, 0x35, 0x35, 0x33, 0x15, 0x14, 0x0E, 0x03, 0x15, 0x14, 0x16, 0x33, 0x32, 0x36,
0x36, 0x35, 0x35, 0x34, 0x26, 0x23, 0x23, 0x35, 0x33, 0x32, 0x36, 0x35, 0x35, 0x33, 0x15, 0x14,
0x06, 0x06, 0x07, 0x15, 0x16, 0x16, 0x15, 0x15, 0x14, 0x06, 0x01, 0x27, 0x46, 0x5E, 0x2F, 0x17,
0x21, 0x21, 0x17, 0x05, 0x07, 0x2B, 0x23, 0x24, 0x27, 0x57, 0x14, 0x22, 0x14, 0x5E, 0x13, 0x1E,
0x1D, 0x14, 0x38, 0x34, 0x22, 0x30, 0x19, 0x25, 0x26, 0x0C, 0x04, 0x25, 0x2C, 0x6D, 0x1B, 0x2D,
0x1D, 0x31, 0x30, 0x69, 0x0C, 0x32, 0x5B, 0x3D, 0x33, 0x41, 0x2B, 0x23, 0x29, 0x1F, 0x33, 0x27,
0x30, 0x2C, 0x29, 0x43, 0x51, 0x13, 0x1F, 0x11, 0x0E, 0x6F, 0x29, 0x36, 0x29, 0x26, 0x32, 0x26,
0x40, 0x39, 0x1B, 0x37, 0x29, 0x2A, 0x34, 0x2E, 0x4F, 0x35, 0x32, 0x31, 0x11, 0x26, 0x37, 0x22,
0x0A, 0x04, 0x0F, 0x53, 0x44, 0x35, 0x64, 0x6B, 0x00, 0x01, 0x00, 0x3D, 0xFF, 0xF4, 0x03, 0x54,
0x02, 0x48, 0x00, 0x37, 0x00, 0x00, 0x45, 0x22, 0x26, 0x26, 0x27, 0x23, 0x15, 0x23, 0x11, 0x34,
0x26, 0x23, 0x22, 0x06, 0x15, 0x27, 0x33, 0x15, 0x06, 0x06, 0x15, 0x15, 0x33, 0x15, 0x23, 0x22,
0x26, 0x35, 0x35, 0x34, 0x36, 0x36, 0x37, 0x35, 0x23, 0x35, 0x34, 0x36, 0x33, 0x32, 0x16, 0x15,
0x15, 0x14, 0x16, 0x16, 0x33, 0x32, 0x36, 0x35, 0x11, 0x33, 0x11, 0x14, 0x06, 0x06, 0x02, 0xAA,
0x2B, 0x3B, 0x25, 0x0B, 0x05, 0x65, 0x46, 0x3E, 0x42, 0x44, 0x21, 0x9F, 0x3A, 0x34, 0x60, 0x48,
0x3F, 0x40, 0x1D, 0x33, 0x1F, 0x7B, 0x7B, 0x6E, 0x73, 0x78, 0x23, 0x36, 0x1D, 0x30, 0x34, 0x69,
0x2B, 0x4C, 0x0C, 0x1D, 0x30, 0x1B, 0x5C, 0x01, 0x66, 0x42, 0x47, 0x42, 0x41, 0x1A, 0x4B, 0x02,
0x3E, 0x44, 0x60, 0x57, 0x45, 0x42, 0x1C, 0x2E, 0x3E, 0x24, 0x07, 0x04, 0x30, 0x69, 0x71, 0x7A,
0x69, 0xB4, 0x21, 0x2B, 0x15, 0x3A, 0x4B, 0x01, 0x67, 0xFE, 0x89, 0x48, 0x5D, 0x2C, 0x00, 0x01,
0x00, 0x3D, 0xFF, 0x40, 0x03, 0x53, 0x02, 0x48, 0x00, 0x45, 0x00, 0x00, 0x45, 0x22, 0x26, 0x27,
0x37, 0x16, 0x16, 0x33, 0x32, 0x36, 0x36, 0x35, 0x35, 0x23, 0x0E, 0x02, 0x23, 0x22, 0x26, 0x26,
0x35, 0x35, 0x34, 0x26, 0x23, 0x22, 0x06, 0x15, 0x27, 0x33, 0x15, 0x06, 0x06, 0x15, 0x15, 0x33,
0x15, 0x23, 0x22, 0x26, 0x35, 0x35, 0x34, 0x36, 0x36, 0x37, 0x35, 0x23, 0x35, 0x34, 0x36, 0x33,
0x32, 0x16, 0x15, 0x15, 0x14, 0x16, 0x33, 0x32, 0x36, 0x36, 0x35, 0x11, 0x33, 0x11, 0x14, 0x06,
0x06, 0x02, 0x7A, 0x4D, 0x6A, 0x20, 0x44, 0x16, 0x47, 0x2F, 0x27, 0x36, 0x1B, 0x04, 0x0B, 0x26,
0x3A, 0x2B, 0x32, 0x4C, 0x2A, 0x45, 0x3E, 0x42, 0x44, 0x21, 0x9F, 0x3A, 0x34, 0x60, 0x48, 0x3F,
0x40, 0x1D, 0x33, 0x1F, 0x7B, 0x7C, 0x6F, 0x6F, 0x78, 0x35, 0x30, 0x1D, 0x36, 0x23, 0x69, 0x34,
0x61, 0xC0, 0x36, 0x32, 0x3E, 0x21, 0x2A, 0x1B, 0x38, 0x2B, 0x51, 0x1A, 0x2E, 0x1D, 0x2B, 0x59,
0x46, 0x97, 0x42, 0x47, 0x42, 0x41, 0x1A, 0x4B, 0x02, 0x3E, 0x44, 0x60, 0x57, 0x45, 0x42, 0x1C,
0x2E, 0x3E, 0x24, 0x07, 0x04, 0x30, 0x69, 0x71, 0x79, 0x6A, 0x82, 0x4B, 0x3A, 0x15, 0x2B, 0x21,
0x01, 0x7D, 0xFD, 0xD3, 0x42, 0x5C, 0x31, 0x00, 0x00, 0x01, 0x00, 0x3D, 0xFF, 0xF4, 0x03, 0x52,
0x02, 0x48, 0x00, 0x35, 0x00, 0x00, 0x45, 0x22, 0x26, 0x26, 0x35, 0x35, 0x34, 0x26, 0x23, 0x22,
0x06, 0x15, 0x27, 0x33, 0x15, 0x06, 0x06, 0x15, 0x15, 0x33, 0x15, 0x23, 0x22, 0x26, 0x35, 0x35,
0x34, 0x36, 0x36, 0x37, 0x35, 0x23, 0x35, 0x34, 0x36, 0x33, 0x32, 0x16, 0x15, 0x15, 0x14, 0x16,
0x16, 0x33, 0x32, 0x36, 0x36, 0x35, 0x11, 0x33, 0x11, 0x14, 0x06, 0x06, 0x02, 0x7D, 0x47, 0x5E,
0x2F, 0x46, 0x3E, 0x41, 0x44, 0x21, 0x9F, 0x3A, 0x34, 0x60, 0x48, 0x3F, 0x40, 0x1D, 0x33, 0x1F,
0x7B, 0x7C, 0x6C, 0x73, 0x77, 0x1A, 0x30, 0x24, 0x23, 0x30, 0x19, 0x69, 0x2F, 0x5E, 0x0C, 0x32,
0x62, 0x48, 0x96, 0x42, 0x47, 0x42, 0x41, 0x1A, 0x4B, 0x02, 0x3E, 0x44, 0x60, 0x57, 0x45, 0x42,
0x1C, 0x2E, 0x3E, 0x24, 0x07, 0x04, 0x30, 0x69, 0x71, 0x7A, 0x69, 0x95, 0x2A, 0x39, 0x1D, 0x1D,
0x39, 0x2A, 0x01, 0x6C, 0xFE, 0x94, 0x48, 0x62, 0x32, 0x00, 0x00, 0x01, 0x00, 0x29, 0xFF, 0x28,
0x02, 0x27, 0x02, 0x48, 0x00, 0x32, 0x00, 0x00, 0x57, 0x27, 0x36, 0x36, 0x33, 0x32, 0x16, 0x17,
0x33, 0x11, 0x34, 0x26, 0x23, 0x22, 0x06, 0x15, 0x27, 0x33, 0x15, 0x0E, 0x02, 0x15, 0x15, 0x14,
0x06, 0x06, 0x23, 0x23, 0x35, 0x33, 0x35, 0x34, 0x36, 0x36, 0x37, 0x35, 0x23, 0x35, 0x34, 0x36,
0x33, 0x32, 0x16, 0x15, 0x11, 0x23, 0x26, 0x23, 0x22, 0x06, 0xA0, 0x45, 0x1D, 0x63, 0x36, 0x39,
0x53, 0x1C, 0x05, 0x4A, 0x43, 0x47, 0x43, 0x22, 0xA6, 0x21, 0x26, 0x0F, 0x16, 0x31, 0x2B, 0x3A,
0x48, 0x1B, 0x2E, 0x1B, 0x92, 0x7F, 0x71, 0x7C, 0x78, 0x6B, 0x3C, 0x56, 0x2E, 0x46, 0xD8, 0x3D,
0x31, 0x39, 0x33, 0x2C, 0x01, 0xF6, 0x42, 0x47, 0x40, 0x43, 0x1A, 0x48, 0x01, 0x1F, 0x37, 0x27,
0x45, 0x2F, 0x35, 0x17, 0x55, 0x56, 0x2C, 0x3C, 0x23, 0x06, 0x04, 0x2E, 0x69, 0x71, 0x7A, 0x69,
0xFD, 0xCC, 0x46, 0x2B, 0x00, 0x01, 0x00, 0x29, 0xFF, 0x49, 0x02, 0x27, 0x02, 0x48, 0x00, 0x32,
0x00, 0x00, 0x57, 0x27, 0x36, 0x36, 0x33, 0x32, 0x16, 0x17, 0x33, 0x11, 0x34, 0x26, 0x23, 0x22,
0x06, 0x15, 0x27, 0x33, 0x15, 0x0E, 0x02, 0x15, 0x15, 0x14, 0x06, 0x06, 0x23, 0x23, 0x35, 0x33,
0x35, 0x34, 0x36, 0x36, 0x37, 0x35, 0x23, 0x35, 0x34, 0x36, 0x33, 0x32, 0x16, 0x15, 0x11, 0x23,
0x26, 0x23, 0x22, 0x06, 0xA0, 0x45, 0x1D, 0x63, 0x36, 0x39, 0x53, 0x1C, 0x05, 0x4A, 0x43, 0x47,
0x43, 0x22, 0xA6, 0x21, 0x26, 0x0F, 0x16, 0x31, 0x2B, 0x3A, 0x48, 0x1B, 0x2E, 0x1B, 0x92, 0x7F,
0x71, 0x7C, 0x78, 0x6B, 0x3C, 0x56, 0x2E, 0x46, 0xB7, 0x3D, 0x32, 0x38, 0x33, 0x2C, 0x01, 0xD5,
0x42, 0x47, 0x40, 0x43, 0x1A, 0x48, 0x01, 0x1F, 0x37, 0x27, 0x45, 0x2F, 0x35, 0x17, 0x55, 0x56,
0x2C, 0x3C, 0x23, 0x06, 0x04, 0x2E, 0x69, 0x71, 0x7A, 0x69, 0xFD, 0xEE, 0x45, 0x2A, 0x00, 0x01,
0x00, 0x29, 0xFF, 0x2C, 0x02, 0x27, 0x02, 0x48, 0x00, 0x3C, 0x00, 0x00, 0x57, 0x22, 0x26, 0x27,
0x37, 0x16, 0x16, 0x33, 0x32, 0x36, 0x37, 0x33, 0x17, 0x36, 0x36, 0x35, 0x11, 0x34, 0x26, 0x23,
0x22, 0x06, 0x15, 0x27, 0x33, 0x15, 0x0E, 0x02, 0x15, 0x15, 0x14, 0x06, 0x06, 0x23, 0x23, 0x35,
0x33, 0x35, 0x34, 0x36, 0x36, 0x37, 0x35, 0x23, 0x35, 0x34, 0x36, 0x33, 0x32, 0x16, 0x15, 0x11,
0x14, 0x06, 0x06, 0x23, 0x27, 0x23, 0x06, 0x06, 0xC4, 0x2A, 0x41, 0x13, 0x47, 0x0E, 0x24, 0x19,
0x1A, 0x29, 0x13, 0x03, 0x56, 0x1D, 0x1A, 0x4A, 0x43, 0x47, 0x43, 0x22, 0xA6, 0x21, 0x26, 0x0F,
0x16, 0x31, 0x2B, 0x3A, 0x48, 0x1B, 0x2E, 0x1B, 0x92, 0x7F, 0x71, 0x7C, 0x78, 0x29, 0x4D, 0x36,
0x4D, 0x03, 0x0E, 0x34, 0xD4, 0x2E, 0x2B, 0x38, 0x1D, 0x1C, 0x20, 0x26, 0x41, 0x04, 0x23, 0x27,
0x01, 0x8F, 0x42, 0x47, 0x40, 0x43, 0x1A, 0x48, 0x01, 0x1F, 0x37, 0x27, 0x45, 0x2F, 0x35, 0x17,
0x55, 0x56, 0x2C, 0x3C, 0x23, 0x06, 0x04, 0x2E, 0x69, 0x71, 0x7A, 0x69, 0xFE, 0x7B, 0x40, 0x4D,
0x22, 0x40, 0x22, 0x23, 0x00, 0x01, 0x00, 0x29, 0xFF, 0x4E, 0x02, 0x27, 0x02, 0x48, 0x00, 0x3C,
0x00, 0x00, 0x57, 0x22, 0x26, 0x27, 0x37, 0x16, 0x16, 0x33, 0x32, 0x36, 0x37, 0x33, 0x17, 0x36,
0x36, 0x35, 0x11, 0x34, 0x26, 0x23, 0x22, 0x06, 0x15, 0x27, 0x33, 0x15, 0x0E, 0x02, 0x15, 0x15,
0x14, 0x06, 0x06, 0x23, 0x23, 0x35, 0x33, 0x35, 0x34, 0x36, 0x36, 0x37, 0x35, 0x23, 0x35, 0x34,
0x36, 0x33, 0x32, 0x16, 0x15, 0x11, 0x14, 0x06, 0x06, 0x23, 0x27, 0x23, 0x06, 0x06, 0xC4, 0x2A,
0x41, 0x13, 0x47, 0x0E, 0x24, 0x19, 0x1A, 0x29, 0x13, 0x03, 0x56, 0x1D, 0x1A, 0x4A, 0x43, 0x47,
0x43, 0x22, 0xA6, 0x21, 0x26, 0x0F, 0x16, 0x31, 0x2B, 0x3A, 0x48, 0x1B, 0x2E, 0x1B, 0x92, 0x7F,
0x71, 0x7C, 0x78, 0x29, 0x4D, 0x36, 0x4D, 0x03, 0x0E, 0x34, 0xB2, 0x2E, 0x2A, 0x38, 0x1D, 0x1C,
0x21, 0x26, 0x41, 0x04, 0x22, 0x27, 0x01, 0x6E, 0x42, 0x47, 0x40, 0x43, 0x1A, 0x48, 0x01, 0x1F,
0x37, 0x27, 0x45, 0x2F, 0x35, 0x17, 0x55, 0x56, 0x2C, 0x3C, 0x23, 0x06, 0x04, 0x2E, 0x69, 0x71,
0x7A, 0x69, 0xFE, 0x9C, 0x3F, 0x4E, 0x21, 0x3F, 0x22, 0x22, 0x00, 0x03, 0x00, 0x26, 0xFF, 0x29,
0x02, 0x1F, 0x02, 0x5C, 0x00, 0x23, 0x00, 0x3C, 0x00, 0x45, 0x00, 0x00, 0x73, 0x27, 0x23, 0x35,
0x33, 0x32, 0x16, 0x17, 0x17, 0x27, 0x33, 0x32, 0x36, 0x36, 0x35, 0x35, 0x34, 0x26, 0x23, 0x22,
0x06, 0x07, 0x27, 0x36, 0x36, 0x33, 0x32, 0x16, 0x17, 0x16, 0x16, 0x15, 0x14, 0x06, 0x06, 0x23,
0x17, 0x22, 0x26, 0x27, 0x23, 0x07, 0x06, 0x06, 0x23, 0x23, 0x35, 0x33, 0x37, 0x33, 0x16, 0x16,
0x33, 0x32, 0x36, 0x35, 0x35, 0x33, 0x15, 0x14, 0x06, 0x13, 0x27, 0x35, 0x34, 0x36, 0x33, 0x33,
0x15, 0x23, 0xCA, 0x3F, 0x47, 0x4E, 0x26, 0x26, 0x0C, 0x32, 0x3B, 0x3C, 0x20, 0x30, 0x1C, 0x4B,
0x44, 0x31, 0x49, 0x17, 0x43, 0x21, 0x68, 0x4B, 0x33, 0x50, 0x1B, 0x30, 0x2C, 0x33, 0x63, 0x48,
0x72, 0x2F, 0x41, 0x07, 0x03, 0x05, 0x09, 0x34, 0x31, 0x56, 0x6C, 0x16, 0x59, 0x04, 0x23, 0x1D,
0x15, 0x19, 0x5D, 0x3A, 0x04, 0x31, 0x20, 0x20, 0x57, 0x66, 0xF7, 0x58, 0x25, 0x33, 0xC4, 0x24,
0x22, 0x46, 0x35, 0x60, 0x4A, 0x4E, 0x27, 0x25, 0x3E, 0x33, 0x35, 0x19, 0x1A, 0x1E, 0x7A, 0x57,
0x61, 0x83, 0x40, 0xD7, 0x3C, 0x36, 0x15, 0x2D, 0x26, 0x56, 0x45, 0x2B, 0x2A, 0x1C, 0x1A, 0x1F,
0x35, 0x38, 0x38, 0x02, 0xBF, 0x11, 0x28, 0x1E, 0x1D, 0x53, 0x00, 0x02, 0x00, 0x26, 0x00, 0x00,
0x02, 0x1F, 0x02, 0x5C, 0x00, 0x23, 0x00, 0x2C, 0x00, 0x00, 0x73, 0x27, 0x23, 0x35, 0x33, 0x32,
0x16, 0x17, 0x17, 0x27, 0x33, 0x32, 0x36, 0x36, 0x35, 0x35, 0x34, 0x26, 0x23, 0x22, 0x06, 0x07,
0x27, 0x36, 0x36, 0x33, 0x32, 0x16, 0x17, 0x16, 0x16, 0x15, 0x14, 0x06, 0x06, 0x23, 0x13, 0x27,
0x35, 0x34, 0x36, 0x33, 0x33, 0x15, 0x23, 0xCA, 0x3F, 0x47, 0x4E, 0x26, 0x26, 0x0C, 0x32, 0x3B,
0x3C, 0x20, 0x30, 0x1C, 0x4B, 0x44, 0x31, 0x49, 0x17, 0x43, 0x21, 0x68, 0x4B, 0x33, 0x50, 0x1B,
0x30, 0x2C, 0x33, 0x63, 0x48, 0xA3, 0x31, 0x20, 0x20, 0x57, 0x66, 0xF7, 0x58, 0x25, 0x33, 0xC4,
0x24, 0x22, 0x46, 0x35, 0x60, 0x4A, 0x4E, 0x27, 0x25, 0x3E, 0x33, 0x35, 0x19, 0x1A, 0x1E, 0x7A,
0x57, 0x61, 0x83, 0x40, 0x01, 0xE8, 0x11, 0x28, 0x1E, 0x1D, 0x53, 0x00, 0x00, 0x01, 0x00, 0x21,
0x00, 0x00, 0x02, 0x28, 0x02, 0x48, 0x00, 0x31, 0x00, 0x00, 0x73, 0x35, 0x34, 0x36, 0x36, 0x37,
0x3E, 0x02, 0x35, 0x35, 0x23, 0x06, 0x06, 0x23, 0x22, 0x26, 0x35, 0x35, 0x33, 0x15, 0x32, 0x36,
0x36, 0x35, 0x35, 0x33, 0x15, 0x33, 0x36, 0x36, 0x33, 0x32, 0x16, 0x15, 0x11, 0x23, 0x11, 0x34,
0x26, 0x23, 0x22, 0x06, 0x06, 0x07, 0x0E, 0x02, 0x15, 0x15, 0x60, 0x07, 0x14, 0x14, 0x13, 0x18,
0x0C, 0x05, 0x07, 0x2B, 0x23, 0x24, 0x27, 0x57, 0x14, 0x22, 0x14, 0x5F, 0x04, 0x19, 0x44, 0x31,
0x36, 0x3F, 0x69, 0x1B, 0x1A, 0x13, 0x24, 0x29, 0x1C, 0x1B, 0x1E, 0x0C, 0xCD, 0x1E, 0x2A, 0x2A,
0x1D, 0x1D, 0x2A, 0x25, 0x14, 0x1F, 0x27, 0x30, 0x2C, 0x29, 0x43, 0x51, 0x13, 0x1F, 0x11, 0x0E,
0x6A, 0x39, 0x3D, 0x4D, 0x53, 0xFE, 0x58, 0x01, 0xA6, 0x23, 0x23, 0x15, 0x32, 0x2B, 0x2A, 0x3A,
0x2F, 0x1A, 0xCD, 0x00, 0x00, 0x01, 0x00, 0x34, 0xFF, 0xF4, 0x03, 0x46, 0x02, 0x48, 0x00, 0x35,
0x00, 0x00, 0x45, 0x22, 0x26, 0x26, 0x27, 0x23, 0x15, 0x23, 0x11, 0x34, 0x26, 0x26, 0x27, 0x07,
0x23, 0x27, 0x22, 0x06, 0x15, 0x15, 0x14, 0x16, 0x33, 0x33, 0x15, 0x23, 0x22, 0x26, 0x26, 0x35,
0x34, 0x36, 0x33, 0x17, 0x33, 0x37, 0x32, 0x16, 0x16, 0x15, 0x15, 0x14, 0x16, 0x16, 0x33, 0x32,
0x36, 0x35, 0x11, 0x33, 0x11, 0x14, 0x06, 0x06, 0x02, 0x9B, 0x2A, 0x3B, 0x25, 0x0B, 0x05, 0x66,
0x08, 0x15, 0x13, 0x43, 0x02, 0x44, 0x23, 0x22, 0x32, 0x43, 0x1E, 0x2A, 0x4D, 0x5D, 0x28, 0x5B,
0x59, 0x3E, 0x03, 0x3C, 0x2C, 0x47, 0x2A, 0x24, 0x36, 0x1C, 0x30, 0x35, 0x69, 0x2B, 0x4D, 0x0C,
0x1D, 0x30, 0x1B, 0x5C, 0x01, 0x77, 0x2A, 0x2F, 0x15, 0x02, 0x4A, 0x4A, 0x49, 0x43, 0x6A, 0x4F,
0x49, 0x59, 0x3E, 0x84, 0x68, 0x92, 0x8C, 0x4A, 0x4A, 0x22, 0x4A, 0x3C, 0xEF, 0x21, 0x2B, 0x15,
0x3A, 0x4B, 0x01, 0x67, 0xFE, 0x89, 0x48, 0x5D, 0x2C, 0x00, 0x00, 0x01, 0x00, 0x3D, 0xFF, 0xF4,
0x03, 0x53, 0x02, 0x48, 0x00, 0x37, 0x00, 0x00, 0x45, 0x22, 0x26, 0x26, 0x35, 0x35, 0x34, 0x26,
0x23, 0x22, 0x06, 0x15, 0x27, 0x33, 0x15, 0x06, 0x06, 0x15, 0x15, 0x33, 0x15, 0x23, 0x22, 0x26,
0x35, 0x35, 0x34, 0x36, 0x36, 0x37, 0x35, 0x23, 0x35, 0x34, 0x36, 0x33, 0x32, 0x16, 0x15, 0x15,
0x14, 0x16, 0x33, 0x32, 0x36, 0x36, 0x35, 0x11, 0x33, 0x11, 0x23, 0x35, 0x23, 0x0E, 0x02, 0x02,
0x51, 0x32, 0x4C, 0x2A, 0x46, 0x3E, 0x41, 0x44, 0x21, 0x9F, 0x3A, 0x34, 0x60, 0x48, 0x3F, 0x40,
0x1D, 0x33, 0x1F, 0x7B, 0x7B, 0x6D, 0x74, 0x76, 0x35, 0x30, 0x1D, 0x36, 0x23, 0x69, 0x68, 0x04,
0x0B, 0x26, 0x3A, 0x0C, 0x2C, 0x5D, 0x48, 0xA1, 0x42, 0x47, 0x42, 0x41, 0x1A, 0x4B, 0x02, 0x3E,
0x44, 0x60, 0x57, 0x45, 0x42, 0x1C, 0x2E, 0x3E, 0x24, 0x07, 0x04, 0x30, 0x69, 0x71, 0x7A, 0x69,
0x90, 0x4B, 0x3A, 0x15, 0x2B, 0x21, 0x01, 0x8B, 0xFD, 0xC4, 0x5C, 0x1B, 0x30, 0x1D, 0x00, 0x01,
0x00, 0x33, 0x00, 0x00, 0x02, 0x0B, 0x02, 0x48, 0x00, 0x1A, 0x00, 0x00, 0x61, 0x22, 0x26, 0x26,
0x35, 0x34, 0x36, 0x33, 0x32, 0x16, 0x15, 0x11, 0x23, 0x11, 0x34, 0x26, 0x23, 0x22, 0x06, 0x15,
0x15, 0x14, 0x16, 0x16, 0x33, 0x33, 0x15, 0x01, 0x0F, 0x4B, 0x62, 0x2F, 0x7B, 0x7A, 0x70, 0x73,
0x69, 0x3F, 0x3E, 0x3F, 0x46, 0x1B, 0x37, 0x28, 0x23, 0x37, 0x7C, 0x65, 0x96, 0x9A, 0x77, 0x6C,
0xFE, 0x9B, 0x01, 0x60, 0x44, 0x48, 0x50, 0x4C, 0x64, 0x34, 0x3F, 0x1D, 0x5C, 0x00, 0x00, 0x01,
0x00, 0x34, 0x00, 0x00, 0x02, 0x16, 0x02, 0x48, 0x00, 0x21, 0x00, 0x00, 0x61, 0x22, 0x26, 0x26,
0x35, 0x34, 0x36, 0x33, 0x17, 0x33, 0x37, 0x32, 0x16, 0x16, 0x15, 0x11, 0x23, 0x11, 0x34, 0x26,
0x26, 0x27, 0x07, 0x23, 0x27, 0x22, 0x06, 0x15, 0x15, 0x14, 0x16, 0x33, 0x33, 0x15, 0x01, 0x0D,
0x4D, 0x60, 0x2C, 0x62, 0x5B, 0x3F, 0x03, 0x3F, 0x2E, 0x4A, 0x2C, 0x68, 0x0A, 0x17, 0x16, 0x45,
0x02, 0x45, 0x24, 0x28, 0x38, 0x42, 0x2F, 0x3C, 0x82, 0x68, 0x93, 0x8F, 0x4C, 0x4C, 0x22, 0x4A,
0x3C, 0xFE, 0x60, 0x01, 0x77, 0x2A, 0x2F, 0x15, 0x02, 0x4C, 0x4C, 0x50, 0x42, 0x6B, 0x4F, 0x41,
0x5A, 0x00, 0x00, 0x01, 0x00, 0x3F, 0x00, 0x00, 0x02, 0x1A, 0x02, 0x48, 0x00, 0x23, 0x00, 0x00,
0x73, 0x22, 0x26, 0x35, 0x35, 0x34, 0x36, 0x36, 0x37, 0x35, 0x23, 0x35, 0x34, 0x36, 0x33, 0x32,
0x16, 0x15, 0x11, 0x23, 0x11, 0x34, 0x26, 0x23, 0x22, 0x06, 0x15, 0x27, 0x33, 0x15, 0x06, 0x06,
0x15, 0x15, 0x33, 0x15, 0xC9, 0x3F, 0x40, 0x1D, 0x33, 0x1F, 0x7A, 0x7D, 0x6F, 0x78, 0x77, 0x69,
0x47, 0x41, 0x43, 0x45, 0x21, 0x9F, 0x39, 0x34, 0x5F, 0x45, 0x42, 0x1C, 0x2E, 0x3E, 0x24, 0x07,
0x04, 0x30, 0x69, 0x71, 0x7A, 0x69, 0xFE, 0x9B, 0x01, 0x66, 0x42, 0x47, 0x42, 0x41, 0x1A, 0x4B,
0x02, 0x3E, 0x44, 0x60, 0x57, 0x00, 0x00, 0x01, 0x00, 0x54, 0x00, 0x00, 0x02, 0x1C, 0x02, 0x48,
0x00, 0x16, 0x00, 0x00, 0x73, 0x11, 0x33, 0x15, 0x33, 0x3E, 0x02, 0x33, 0x32, 0x16, 0x15, 0x11,
0x23, 0x11, 0x34, 0x26, 0x23, 0x22, 0x06, 0x06, 0x15, 0x11, 0x54, 0x67, 0x05, 0x0C, 0x27, 0x40,
0x2F, 0x56, 0x64, 0x69, 0x39, 0x3A, 0x21, 0x3C, 0x26, 0x02, 0x3C, 0x5F, 0x1C, 0x31, 0x1E, 0x72,
0x68, 0xFE, 0x92, 0x01, 0x5E, 0x46, 0x47, 0x16, 0x2D, 0x23, 0xFE, 0x7B, 0x00, 0x01, 0x00, 0x3F,
0xFF, 0xF4, 0x01, 0xF2, 0x02, 0x48, 0x00, 0x2B, 0x00, 0x00, 0x45, 0x22, 0x26, 0x27, 0x35, 0x33,
0x15, 0x16, 0x16, 0x33, 0x32, 0x36, 0x35, 0x34, 0x26, 0x27, 0x27, 0x26, 0x26, 0x35, 0x35, 0x34,
0x36, 0x33, 0x32, 0x16, 0x16, 0x17, 0x07, 0x2E, 0x02, 0x23, 0x22, 0x06, 0x15, 0x15, 0x17, 0x1E,
0x02, 0x15, 0x14, 0x06, 0x01, 0x1C, 0x3F, 0x64, 0x29, 0x62, 0x19, 0x31, 0x21, 0x37, 0x3C, 0x2F,
0x34, 0x74, 0x3C, 0x3E, 0x71, 0x66, 0x35, 0x4F, 0x3D, 0x17, 0x48, 0x0F, 0x28, 0x37, 0x25, 0x38,
0x38, 0x92, 0x44, 0x52, 0x27, 0x71, 0x0C, 0x20, 0x1E, 0xC6, 0x90, 0x0D, 0x0E, 0x31, 0x3B, 0x31,
0x28, 0x07, 0x0F, 0x08, 0x36, 0x30, 0x0A, 0x4D, 0x5B, 0x16, 0x2A, 0x1D, 0x40, 0x13, 0x1F, 0x11,
0x29, 0x29, 0x1A, 0x13, 0x09, 0x29, 0x48, 0x39, 0x66, 0x62, 0x00, 0x01, 0x00, 0x4F, 0xFF, 0xF4,
0x02, 0x14, 0x02, 0x3C, 0x00, 0x16, 0x00, 0x00, 0x45, 0x22, 0x26, 0x35, 0x11, 0x33, 0x11, 0x14,
0x16, 0x33, 0x32, 0x36, 0x36, 0x35, 0x11, 0x33, 0x11, 0x23, 0x35, 0x23, 0x0E, 0x02, 0x01, 0x09,
0x57, 0x63, 0x68, 0x3A, 0x3A, 0x20, 0x3B, 0x25, 0x69, 0x67, 0x05, 0x0B, 0x27, 0x3F, 0x0C, 0x72,
0x68, 0x01, 0x6E, 0xFE, 0xA1, 0x46, 0x47, 0x16, 0x2E, 0x22, 0x01, 0x86, 0xFD, 0xC4, 0x5F, 0x1C,
0x31, 0x1E, 0x00, 0x01, 0x00, 0x4F, 0xFF, 0xF4, 0x02, 0x13, 0x02, 0x3C, 0x00, 0x15, 0x00, 0x00,
0x45, 0x22, 0x26, 0x26, 0x35, 0x11, 0x33, 0x11, 0x14, 0x16, 0x16, 0x33, 0x32, 0x36, 0x36, 0x35,
0x11, 0x33, 0x11, 0x14, 0x06, 0x06, 0x01, 0x31, 0x4D, 0x65, 0x30, 0x68, 0x1B, 0x36, 0x29, 0x29,
0x36, 0x1A, 0x69, 0x31, 0x64, 0x0C, 0x35, 0x68, 0x4C, 0x01, 0x5F, 0xFE, 0x9F, 0x2E, 0x3F, 0x20,
0x20, 0x3F, 0x2E, 0x01, 0x61, 0xFE, 0xA1, 0x4C, 0x68, 0x35, 0x00, 0x01, 0x00, 0x4F, 0xFF, 0xF4,
0x02, 0x13, 0x03, 0x0C, 0x00, 0x15, 0x00, 0x00, 0x45, 0x22, 0x26, 0x26, 0x35, 0x11, 0x33, 0x11,
0x14, 0x16, 0x16, 0x33, 0x32, 0x36, 0x36, 0x35, 0x11, 0x33, 0x11, 0x14, 0x06, 0x06, 0x01, 0x31,
0x4D, 0x65, 0x30, 0x68, 0x1B, 0x36, 0x29, 0x29, 0x36, 0x1A, 0x69, 0x31, 0x64, 0x0C, 0x35, 0x68,
0x4C, 0x01, 0x5F, 0xFE, 0x9F, 0x2E, 0x3F, 0x20, 0x20, 0x3F, 0x2E, 0x02, 0x31, 0xFD, 0xD1, 0x4C,
0x68, 0x35, 0x00, 0x01, 0x00, 0x4F, 0x00, 0x00, 0x02, 0x29, 0x02, 0x3C, 0x00, 0x12, 0x00, 0x00,
0x73, 0x11, 0x34, 0x36, 0x33, 0x33, 0x15, 0x23, 0x11, 0x37, 0x33, 0x17, 0x11, 0x33, 0x11, 0x23,
0x27, 0x23, 0x07, 0x4F, 0x35, 0x43, 0x50, 0x60, 0x84, 0x02, 0x84, 0x68, 0x6C, 0x80, 0x02, 0x80,
0x01, 0xAB, 0x4B, 0x46, 0x57, 0xFE, 0x90, 0xC5, 0xC5, 0x01, 0xC7, 0xFD, 0xC4, 0xBE, 0xBE, 0x00,
0x00, 0x01, 0x00, 0x4F, 0x00, 0x00, 0x02, 0x29, 0x03, 0x0C, 0x00, 0x12, 0x00, 0x00, 0x73, 0x11,
0x34, 0x36, 0x33, 0x33, 0x15, 0x23, 0x11, 0x37, 0x33, 0x17, 0x11, 0x33, 0x11, 0x23, 0x27, 0x23,
0x07, 0x4F, 0x35, 0x43, 0x50, 0x5F, 0x83, 0x02, 0x83, 0x69, 0x6E, 0x7E, 0x02, 0x7E, 0x01, 0xA9,
0x4B, 0x46, 0x57, 0xFE, 0x94, 0xBF, 0xBF, 0x02, 0x95, 0xFC, 0xF4, 0xBD, 0xBD, 0x00, 0x00, 0x01,
0x00, 0x37, 0x00, 0x00, 0x02, 0xA1, 0x02, 0x3C, 0x00, 0x0F, 0x00, 0x00, 0x73, 0x03, 0x33, 0x13,
0x33, 0x13, 0x33, 0x13, 0x33, 0x13, 0x33, 0x03, 0x23, 0x03, 0x23, 0x03, 0x86, 0x4F, 0x65, 0x30,
0x03, 0x6B, 0x64, 0x6C, 0x02, 0x30, 0x65, 0x4E, 0x80, 0x66, 0x02, 0x66, 0x02, 0x3C, 0xFE, 0x2D,
0x01, 0xD3, 0xFE, 0x2D, 0x01, 0xD3, 0xFD, 0xC4, 0x01, 0xBB, 0xFE, 0x45, 0x00, 0x01, 0x00, 0x30,
0x00, 0x00, 0x02, 0x9C, 0x03, 0x0C, 0x00, 0x0F, 0x00, 0x00, 0x73, 0x03, 0x33, 0x13, 0x33, 0x13,
0x33, 0x13, 0x33, 0x13, 0x33, 0x03, 0x23, 0x03, 0x23, 0x03, 0x81, 0x51, 0x66, 0x32, 0x02, 0x66,
0x64, 0x64, 0x02, 0x3D, 0x65, 0x5B, 0x80, 0x5E, 0x02, 0x60, 0x02, 0x3C, 0xFE, 0x2D, 0x01, 0xD3,
0xFE, 0x2D, 0x02, 0xA3, 0xFC, 0xF4, 0x01, 0xBB, 0xFE, 0x45, 0x00, 0x01, 0x00, 0x29, 0x00, 0x00,
0x02, 0x27, 0x02, 0x48, 0x00, 0x24, 0x00, 0x00, 0x73, 0x35, 0x33, 0x35, 0x34, 0x36, 0x36, 0x37,
0x35, 0x23, 0x35, 0x34, 0x36, 0x33, 0x32, 0x16, 0x15, 0x11, 0x23, 0x11, 0x34, 0x26, 0x23, 0x22,
0x06, 0x15, 0x27, 0x33, 0x15, 0x06, 0x06, 0x15, 0x15, 0x14, 0x06, 0x06, 0x23, 0x29, 0x48, 0x1B,
0x2E, 0x1B, 0x92, 0x7F, 0x71, 0x7C, 0x78, 0x69, 0x4A, 0x43, 0x47, 0x43, 0x22, 0xA6, 0x31, 0x25,
0x16, 0x31, 0x2B, 0x55, 0x56, 0x2C, 0x3C, 0x23, 0x06, 0x04, 0x2E, 0x69, 0x71, 0x7A, 0x69, 0xFE,
0x9B, 0x01, 0x66, 0x42, 0x47, 0x40, 0x43, 0x1A, 0x48, 0x02, 0x42, 0x3A, 0x45, 0x2F, 0x35, 0x17,
0x00, 0x01, 0x00, 0x54, 0xFF, 0xF4, 0x02, 0x1B, 0x02, 0x3C, 0x00, 0x16, 0x00, 0x00, 0x45, 0x22,
0x26, 0x26, 0x27, 0x23, 0x15, 0x23, 0x11, 0x33, 0x11, 0x14, 0x16, 0x16, 0x33, 0x32, 0x36, 0x35,
0x11, 0x33, 0x11, 0x14, 0x06, 0x01, 0x60, 0x30, 0x3F, 0x26, 0x0B, 0x05, 0x67, 0x69, 0x25, 0x3C,
0x20, 0x3B, 0x39, 0x69, 0x63, 0x0C, 0x1E, 0x2F, 0x1B, 0x5C, 0x02, 0x3C, 0xFE, 0x7B, 0x23, 0x2E,
0x16, 0x47, 0x46, 0x01, 0x5F, 0xFE, 0x8D, 0x65, 0x70, 0x00, 0x00, 0x01, 0x00, 0x3F, 0xFF, 0xF4,
0x02, 0x03, 0x02, 0x3C, 0x00, 0x2D, 0x00, 0x00, 0x45, 0x22, 0x26, 0x26, 0x35, 0x35, 0x34, 0x36,
0x36, 0x33, 0x33, 0x35, 0x2E, 0x02, 0x35, 0x35, 0x34, 0x36, 0x33, 0x33, 0x15, 0x23, 0x15, 0x14,
0x16, 0x16, 0x33, 0x33, 0x15, 0x23, 0x15, 0x14, 0x16, 0x16, 0x33, 0x32, 0x36, 0x36, 0x35, 0x11,
0x33, 0x11, 0x14, 0x06, 0x06, 0x01, 0x21, 0x49, 0x65, 0x34, 0x19, 0x32, 0x23, 0x09, 0x1D, 0x32,
0x1F, 0x38, 0x37, 0x61, 0x6D, 0x14, 0x2C, 0x22, 0x17, 0x7D, 0x1C, 0x36, 0x28, 0x29, 0x36, 0x1A,
0x69, 0x31, 0x63, 0x0C, 0x30, 0x5B, 0x40, 0x18, 0x2A, 0x3E, 0x22, 0x04, 0x06, 0x1C, 0x2E, 0x21,
0x04, 0x2D, 0x35, 0x55, 0x11, 0x1E, 0x34, 0x1F, 0x56, 0x45, 0x27, 0x38, 0x1D, 0x20, 0x3F, 0x2E,
0x01, 0x61, 0xFE, 0xA1, 0x4C, 0x68, 0x35, 0x00, 0x00, 0x01, 0x00, 0x29, 0xFF, 0xF4, 0x01, 0xD6,
0x02, 0x48, 0x00, 0x29, 0x00, 0x00, 0x45, 0x22, 0x26, 0x27, 0x37, 0x16, 0x16, 0x33, 0x32, 0x36,
0x35, 0x34, 0x26, 0x27, 0x27, 0x2E, 0x02, 0x35, 0x34, 0x36, 0x36, 0x33, 0x32, 0x16, 0x17, 0x07,
0x26, 0x26, 0x23, 0x22, 0x06, 0x15, 0x14, 0x16, 0x17, 0x17, 0x16, 0x16, 0x15, 0x14, 0x06, 0x01,
0x09, 0x4E, 0x6B, 0x27, 0x47, 0x21, 0x4B, 0x32, 0x2D, 0x38, 0x27, 0x33, 0x27, 0x34, 0x50, 0x2B,
0x36, 0x5A, 0x36, 0x43, 0x62, 0x23, 0x48, 0x16, 0x43, 0x2B, 0x2C, 0x34, 0x33, 0x2B, 0x2B, 0x59,
0x4F, 0x70, 0x0C, 0x3E, 0x32, 0x40, 0x2B, 0x2C, 0x2C, 0x26, 0x1D, 0x31, 0x07, 0x05, 0x08, 0x25,
0x42, 0x33, 0x3B, 0x4C, 0x26, 0x31, 0x2C, 0x40, 0x1C, 0x27, 0x2A, 0x23, 0x24, 0x27, 0x06, 0x05,
0x0C, 0x54, 0x44, 0x55, 0x5E, 0x00, 0x00, 0x01, 0x00, 0x3F, 0xFF, 0x31, 0x02, 0x1A, 0x02, 0x48,
0x00, 0x23, 0x00, 0x00, 0x45, 0x11, 0x34, 0x26, 0x23, 0x22, 0x06, 0x15, 0x27, 0x33, 0x15, 0x06,
0x06, 0x15, 0x15, 0x33, 0x15, 0x23, 0x22, 0x26, 0x35, 0x35, 0x34, 0x36, 0x36, 0x37, 0x35, 0x23,
0x35, 0x34, 0x36, 0x33, 0x32, 0x16, 0x15, 0x11, 0x01, 0xB1, 0x47, 0x41, 0x43, 0x45, 0x21, 0x9F,
0x39, 0x34, 0x5F, 0x48, 0x3F, 0x40, 0x1D, 0x33, 0x1F, 0x7A, 0x7D, 0x6F, 0x78, 0x77, 0xCF, 0x02,
0x35, 0x42, 0x47, 0x42, 0x41, 0x1A, 0x4B, 0x02, 0x3E, 0x44, 0x60, 0x57, 0x45, 0x42, 0x1C, 0x2E,
0x3E, 0x24, 0x07, 0x04, 0x30, 0x69, 0x71, 0x7A, 0x69, 0xFD, 0xCC, 0x00, 0x00, 0x01, 0x00, 0x3F,
0xFF, 0x53, 0x02, 0x1A, 0x02, 0x48, 0x00, 0x23, 0x00, 0x00, 0x45, 0x11, 0x34, 0x26, 0x23, 0x22,
0x06, 0x15, 0x27, 0x33, 0x15, 0x06, 0x06, 0x15, 0x15, 0x33, 0x15, 0x23, 0x22, 0x26, 0x35, 0x35,
0x34, 0x36, 0x36, 0x37, 0x35, 0x23, 0x35, 0x34, 0x36, 0x33, 0x32, 0x16, 0x15, 0x11, 0x01, 0xB1,
0x47, 0x41, 0x43, 0x45, 0x21, 0x9F, 0x39, 0x34, 0x5F, 0x48, 0x3F, 0x40, 0x1D, 0x33, 0x1F, 0x7A,
0x7D, 0x6F, 0x78, 0x77, 0xAD, 0x02, 0x13, 0x42, 0x47, 0x42, 0x41, 0x1A, 0x4B, 0x02, 0x3E, 0x44,
0x60, 0x57, 0x45, 0x42, 0x1C, 0x2E, 0x3E, 0x24, 0x07, 0x04, 0x30, 0x69, 0x71, 0x7A, 0x69, 0xFD,
0xEE, 0x00, 0x00, 0x01, 0x00, 0x3D, 0xFF, 0x31, 0x03, 0x9B, 0x02, 0x48, 0x00, 0x34, 0x00, 0x00,
0x45, 0x11, 0x34, 0x26, 0x23, 0x22, 0x06, 0x15, 0x27, 0x33, 0x15, 0x06, 0x06, 0x15, 0x15, 0x33,
0x15, 0x23, 0x22, 0x26, 0x35, 0x35, 0x34, 0x36, 0x36, 0x37, 0x35, 0x23, 0x35, 0x34, 0x36, 0x33,
0x32, 0x16, 0x17, 0x33, 0x36, 0x36, 0x33, 0x32, 0x16, 0x15, 0x11, 0x23, 0x11, 0x34, 0x26, 0x23,
0x22, 0x06, 0x06, 0x15, 0x11, 0x01, 0xB0, 0x47, 0x41, 0x43, 0x45, 0x21, 0x9F, 0x3A, 0x34, 0x60,
0x48, 0x3F, 0x40, 0x1D, 0x33, 0x1F, 0x7B, 0x7E, 0x6F, 0x57, 0x6F, 0x17, 0x06, 0x11, 0x63, 0x4B,
0x62, 0x6D, 0x69, 0x47, 0x45, 0x29, 0x3F, 0x25, 0xCF, 0x02, 0x35, 0x42, 0x47, 0x42, 0x41, 0x1A,
0x4B, 0x02, 0x3E, 0x44, 0x60, 0x57, 0x45, 0x42, 0x1C, 0x2E, 0x3E, 0x24, 0x07, 0x04, 0x30, 0x69,
0x71, 0x42, 0x3B, 0x34, 0x49, 0x76, 0x68, 0xFD, 0xC7, 0x02, 0x29, 0x48, 0x4C, 0x1D, 0x3A, 0x2C,
0xFD, 0xC6, 0x00, 0x02, 0x00, 0x2F, 0x00, 0x00, 0x01, 0xF4, 0x02, 0x48, 0x00, 0x0F, 0x00, 0x23,
0x00, 0x00, 0x61, 0x11, 0x34, 0x26, 0x23, 0x22, 0x06, 0x07, 0x27, 0x36, 0x36, 0x33, 0x32, 0x16,
0x15, 0x11, 0x21, 0x22, 0x26, 0x35, 0x34, 0x36, 0x36, 0x33, 0x33, 0x15, 0x23, 0x22, 0x06, 0x15,
0x15, 0x14, 0x16, 0x33, 0x33, 0x15, 0x01, 0x8C, 0x3E, 0x41, 0x35, 0x47, 0x16, 0x43, 0x1F, 0x6E,
0x4E, 0x70, 0x71, 0xFE, 0xF7, 0x58, 0x64, 0x31, 0x63, 0x49, 0x98, 0x9E, 0x36, 0x37, 0x31, 0x2D,
0x33, 0x01, 0x6F, 0x41, 0x3E, 0x31, 0x22, 0x3D, 0x32, 0x3E, 0x6C, 0x66, 0xFE, 0x8A, 0x55, 0x52,
0x38, 0x4B, 0x27, 0x53, 0x25, 0x22, 0x15, 0x25, 0x24, 0x59, 0x00, 0x01, 0x00, 0x29, 0xFF, 0x31,
0x02, 0x27, 0x02, 0x48, 0x00, 0x25, 0x00, 0x00, 0x45, 0x11, 0x34, 0x26, 0x23, 0x22, 0x06, 0x15,
0x27, 0x33, 0x15, 0x0E, 0x02, 0x15, 0x15, 0x14, 0x06, 0x06, 0x23, 0x23, 0x35, 0x33, 0x35, 0x34,
0x36, 0x36, 0x37, 0x35, 0x23, 0x35, 0x34, 0x36, 0x33, 0x32, 0x16, 0x15, 0x11, 0x01, 0xBE, 0x4A,
0x43, 0x47, 0x43, 0x22, 0xA6, 0x21, 0x26, 0x0F, 0x16, 0x31, 0x2B, 0x3A, 0x48, 0x1B, 0x2E, 0x1B,
0x92, 0x7F, 0x71, 0x7C, 0x78, 0xCF, 0x02, 0x35, 0x42, 0x47, 0x40, 0x43, 0x1A, 0x48, 0x01, 0x1F,
0x37, 0x27, 0x45, 0x2F, 0x35, 0x17, 0x55, 0x56, 0x2C, 0x3C, 0x23, 0x06, 0x04, 0x2E, 0x69, 0x71,
0x7A, 0x69, 0xFD, 0xCC, 0x00, 0x01, 0x00, 0x29, 0xFF, 0x53, 0x02, 0x27, 0x02, 0x48, 0x00, 0x25,
0x00, 0x00, 0x45, 0x11, 0x34, 0x26, 0x23, 0x22, 0x06, 0x15, 0x27, 0x33, 0x15, 0x0E, 0x02, 0x15,
0x15, 0x14, 0x06, 0x06, 0x23, 0x23, 0x35, 0x33, 0x35, 0x34, 0x36, 0x36, 0x37, 0x35, 0x23, 0x35,
0x34, 0x36, 0x33, 0x32, 0x16, 0x15, 0x11, 0x01, 0xBE, 0x4A, 0x43, 0x47, 0x43, 0x22, 0xA6, 0x21,
0x26, 0x0F, 0x16, 0x31, 0x2B, 0x3A, 0x48, 0x1B, 0x2E, 0x1B, 0x92, 0x7F, 0x71, 0x7C, 0x78, 0xAD,
0x02, 0x13, 0x42, 0x47, 0x40, 0x43, 0x1A, 0x48, 0x01, 0x1F, 0x37, 0x27, 0x45, 0x2F, 0x35, 0x17,
0x55, 0x56, 0x2C, 0x3C, 0x23, 0x06, 0x04, 0x2E, 0x69, 0x71, 0x7A, 0x69, 0xFD, 0xEE, 0x00, 0x02,
0x00, 0x29, 0xFF, 0x31, 0x03, 0xA9, 0x02, 0x48, 0x00, 0x25, 0x00, 0x38, 0x00, 0x00, 0x45, 0x11,
0x34, 0x26, 0x23, 0x22, 0x06, 0x15, 0x27, 0x33, 0x15, 0x0E, 0x02, 0x15, 0x15, 0x14, 0x06, 0x06,
0x23, 0x23, 0x35, 0x33, 0x35, 0x34, 0x36, 0x36, 0x37, 0x35, 0x23, 0x35, 0x34, 0x36, 0x33, 0x32,
0x16, 0x15, 0x11, 0x21, 0x11, 0x34, 0x26, 0x23, 0x22, 0x06, 0x06, 0x15, 0x07, 0x27, 0x33, 0x36,
0x36, 0x33, 0x32, 0x16, 0x15, 0x11, 0x01, 0xBE, 0x4A, 0x43, 0x47, 0x43, 0x22, 0xA6, 0x21, 0x26,
0x0F, 0x16, 0x31, 0x2B, 0x3A, 0x48, 0x1B, 0x2E, 0x1B, 0x92, 0x7F, 0x71, 0x7C, 0x78, 0x01, 0x19,
0x47, 0x45, 0x29, 0x3F, 0x25, 0x15, 0x16, 0x1F, 0x11, 0x63, 0x4B, 0x62, 0x6D, 0xCF, 0x02, 0x35,
0x42, 0x47, 0x40, 0x43, 0x1A, 0x48, 0x01, 0x1F, 0x37, 0x27, 0x45, 0x2F, 0x35, 0x17, 0x55, 0x56,
0x2C, 0x3C, 0x23, 0x06, 0x04, 0x2E, 0x69, 0x71, 0x7A, 0x69, 0xFD, 0xCC, 0x02, 0x29, 0x48, 0x4C,
0x1D, 0x3A, 0x2C, 0x11, 0x71, 0x34, 0x49, 0x76, 0x68, 0xFD, 0xC7, 0x00, 0x00, 0x01, 0x00, 0x23,
0xFF, 0xF4, 0x01, 0xDB, 0x02, 0x48, 0x00, 0x1B, 0x00, 0x00, 0x57, 0x22, 0x26, 0x27, 0x37, 0x1E,
0x02, 0x33, 0x32, 0x36, 0x35, 0x35, 0x34, 0x26, 0x23, 0x22, 0x06, 0x07, 0x27, 0x36, 0x36, 0x33,
0x32, 0x16, 0x15, 0x14, 0x06, 0xF5, 0x4D, 0x6C, 0x19, 0x5A, 0x0A, 0x1F, 0x2E, 0x1F, 0x38, 0x43,
0x43, 0x38, 0x2D, 0x39, 0x0E, 0x5B, 0x18, 0x6A, 0x4E, 0x73, 0x74, 0x73, 0x0C, 0x47, 0x3E, 0x29,
0x19, 0x25, 0x15, 0x4F, 0x48, 0x6F, 0x49, 0x4F, 0x2D, 0x25, 0x2A, 0x3B, 0x48, 0x97, 0x93, 0x94,
0x96, 0x00, 0x00, 0x02, 0x00, 0x4D, 0x00, 0x00, 0x02, 0x5C, 0x02, 0x5C, 0x00, 0x20, 0x00, 0x29,
0x00, 0x00, 0x73, 0x11, 0x34, 0x36, 0x33, 0x32, 0x16, 0x17, 0x16, 0x16, 0x15, 0x11, 0x23, 0x11,
0x34, 0x26, 0x23, 0x22, 0x06, 0x15, 0x15, 0x33, 0x36, 0x36, 0x33, 0x33, 0x15, 0x23, 0x22, 0x06,
0x06, 0x15, 0x15, 0x01, 0x27, 0x35, 0x34, 0x36, 0x33, 0x33, 0x15, 0x23, 0x4D, 0x77, 0x73, 0x31,
0x52, 0x1E, 0x25, 0x27, 0x69, 0x44, 0x3F, 0x3D, 0x46, 0x05, 0x0C, 0x3D, 0x35, 0x2A, 0x3F, 0x1E,
0x32, 0x1E, 0x01, 0x41, 0x32, 0x22, 0x1E, 0x58, 0x66, 0x01, 0x63, 0x6A, 0x79, 0x1C, 0x20, 0x16,
0x57, 0x3A, 0xFE, 0x9D, 0x01, 0x62, 0x43, 0x46, 0x46, 0x43, 0x78, 0x29, 0x38, 0x60, 0x12, 0x2A,
0x25, 0x8A, 0x01, 0xE8, 0x17, 0x25, 0x1C, 0x1C, 0x53, 0x00, 0x00, 0x02, 0x00, 0x4F, 0xFF, 0xF4,
0x02, 0x61, 0x02, 0x3C, 0x00, 0x15, 0x00, 0x19, 0x00, 0x00, 0x45, 0x22, 0x26, 0x26, 0x35, 0x11,
0x33, 0x11, 0x14, 0x16, 0x16, 0x33, 0x32, 0x36, 0x36, 0x35, 0x11, 0x33, 0x11, 0x14, 0x06, 0x06,
0x03, 0x35, 0x21, 0x15, 0x01, 0x34, 0x4A, 0x67, 0x34, 0x68, 0x1F, 0x39, 0x26, 0x28, 0x38, 0x1E,
0x67, 0x34, 0x67, 0x4A, 0x01, 0x2C, 0x0C, 0x37, 0x66, 0x46, 0x01, 0x65, 0xFE, 0x9C, 0x2C, 0x3E,
0x1F, 0x1F, 0x3E, 0x2C, 0x01, 0x64, 0xFE, 0x9B, 0x46, 0x66, 0x37, 0x01, 0x28, 0x5A, 0x5A, 0x00,
0x00, 0x03, 0x00, 0x35, 0x00, 0x00, 0x02, 0x36, 0x02, 0x5C, 0x00, 0x12, 0x00, 0x26, 0x00, 0x2F,
0x00, 0x00, 0x61, 0x11, 0x34, 0x26, 0x23, 0x22, 0x06, 0x07, 0x27, 0x36, 0x36, 0x33, 0x32, 0x16,
0x17, 0x16, 0x16, 0x15, 0x11, 0x21, 0x22, 0x26, 0x35, 0x34, 0x36, 0x36, 0x33, 0x33, 0x15, 0x23,
0x22, 0x06, 0x15, 0x15, 0x14, 0x16, 0x33, 0x33, 0x15, 0x13, 0x27, 0x35, 0x34, 0x36, 0x33, 0x33,
0x15, 0x23, 0x01, 0x93, 0x3E, 0x42, 0x35, 0x47, 0x16, 0x42, 0x1F, 0x6D, 0x4C, 0x33, 0x52, 0x18,
0x25, 0x22, 0xFE, 0xF6, 0x57, 0x65, 0x32, 0x64, 0x4B, 0x95, 0x9E, 0x36, 0x38, 0x31, 0x2D, 0x34,
0x9E, 0x31, 0x22, 0x1D, 0x59, 0x67, 0x01, 0x6D, 0x41, 0x3E, 0x31, 0x22, 0x3D, 0x32, 0x3E, 0x1B,
0x1F, 0x16, 0x50, 0x3A, 0xFE, 0x94, 0x55, 0x52, 0x38, 0x4B, 0x27, 0x53, 0x25, 0x22, 0x15, 0x25,
0x24, 0x59, 0x01, 0xE8, 0x17, 0x25, 0x1C, 0x1C, 0x53, 0x00, 0x00, 0x01, 0x00, 0x54, 0x00, 0x00,
0x02, 0x10, 0x02, 0x3C, 0x00, 0x1B, 0x00, 0x00, 0x73, 0x11, 0x33, 0x15, 0x33, 0x32, 0x36, 0x36,
0x35, 0x35, 0x33, 0x15, 0x14, 0x06, 0x06, 0x07, 0x15, 0x16, 0x16, 0x15, 0x15, 0x23, 0x35, 0x34,
0x26, 0x23, 0x23, 0x11, 0x54, 0x69, 0x7E, 0x27, 0x2D, 0x12, 0x6A, 0x1F, 0x33, 0x1D, 0x38, 0x3C,
0x68, 0x2C, 0x30, 0x8F, 0x02, 0x3C, 0xC3, 0x1E, 0x2F, 0x1A, 0x5C, 0x3D, 0x26, 0x36, 0x22, 0x09,
0x04, 0x0D, 0x54, 0x45, 0xCE, 0xBA, 0x36, 0x33, 0xFE, 0xDD, 0x00, 0x01, 0x00, 0x37, 0x00, 0x00,
0x02, 0xD0, 0x03, 0x0C, 0x00, 0x21, 0x00, 0x00, 0x73, 0x03, 0x33, 0x13, 0x33, 0x13, 0x33, 0x13,
0x33, 0x13, 0x36, 0x26, 0x23, 0x23, 0x35, 0x33, 0x32, 0x36, 0x36, 0x37, 0x33, 0x0E, 0x02, 0x07,
0x15, 0x16, 0x16, 0x07, 0x03, 0x23, 0x03, 0x23, 0x03, 0x86, 0x4F, 0x65, 0x30, 0x03, 0x6B, 0x64,
0x6C, 0x02, 0x28, 0x05, 0x1E, 0x23, 0x46, 0x3B, 0x22, 0x31, 0x24, 0x0C, 0x60, 0x0B, 0x20, 0x2D,
0x1F, 0x25, 0x19, 0x08, 0x3C, 0x80, 0x66, 0x02, 0x66, 0x02, 0x3C, 0xFE, 0x2D, 0x01, 0x8E, 0xFE,
0x72, 0x01, 0x75, 0x28, 0x2B, 0x50, 0x18, 0x3D, 0x36, 0x3B, 0x41, 0x1C, 0x04, 0x04, 0x10, 0x4A,
0x3B, 0xFE, 0x29, 0x01, 0x84, 0xFE, 0x7C, 0x00, 0x00, 0x01, 0x00, 0x37, 0x00, 0x00, 0x02, 0xBD,
0x02, 0xA2, 0x00, 0x21, 0x00, 0x00, 0x73, 0x03, 0x33, 0x13, 0x33, 0x13, 0x33, 0x13, 0x33, 0x13,
0x36, 0x26, 0x23, 0x23, 0x35, 0x33, 0x32, 0x36, 0x36, 0x37, 0x33, 0x0E, 0x02, 0x07, 0x15, 0x16,
0x16, 0x07, 0x03, 0x23, 0x03, 0x23, 0x03, 0x86, 0x4F, 0x65, 0x30, 0x03, 0x6B, 0x64, 0x6C, 0x02,
0x21, 0x05, 0x1D, 0x23, 0x41, 0x31, 0x22, 0x2C, 0x1E, 0x0A, 0x65, 0x09, 0x1A, 0x29, 0x1F, 0x25,
0x18, 0x08, 0x34, 0x80, 0x66, 0x02, 0x66, 0x02, 0x3C, 0xFE, 0x2D, 0x01, 0x64, 0xFE, 0x9C, 0x01,
0x32, 0x28, 0x2B, 0x4E, 0x13, 0x2E, 0x25, 0x28, 0x30, 0x18, 0x04, 0x04, 0x10, 0x4A, 0x3B, 0xFE,
0x6B, 0x01, 0x64, 0xFE, 0x9C, 0x00, 0x00, 0x01, 0x00, 0x31, 0xFF, 0xF4, 0x02, 0x0E, 0x02, 0x48,
0x00, 0x21, 0x00, 0x00, 0x45, 0x22, 0x26, 0x35, 0x35, 0x34, 0x36, 0x33, 0x33, 0x15, 0x23, 0x15,
0x14, 0x16, 0x33, 0x32, 0x36, 0x35, 0x35, 0x34, 0x26, 0x23, 0x22, 0x06, 0x07, 0x27, 0x36, 0x36,
0x33, 0x32, 0x16, 0x15, 0x14, 0x06, 0x01, 0x1A, 0x6D, 0x7C, 0x3A, 0x33, 0x5D, 0x64, 0x40, 0x43,
0x42, 0x44, 0x48, 0x42, 0x32, 0x42, 0x14, 0x53, 0x1F, 0x6E, 0x4E, 0x7D, 0x7B, 0x79, 0x0C, 0x77,
0x6B, 0x08, 0x37, 0x36, 0x55, 0x19, 0x4C, 0x46, 0x4B, 0x4A, 0x75, 0x48, 0x51, 0x2B, 0x23, 0x34,
0x39, 0x3B, 0x99, 0x8F, 0x94, 0x98, 0x00, 0x02, 0x00, 0x31, 0xFF, 0xF4, 0x02, 0x2E, 0x02, 0x5C,
0x00, 0x24, 0x00, 0x2D, 0x00, 0x00, 0x45, 0x22, 0x26, 0x35, 0x35, 0x34, 0x36, 0x33, 0x33, 0x15,
0x23, 0x15, 0x14, 0x16, 0x33, 0x32, 0x36, 0x35, 0x35, 0x34, 0x26, 0x23, 0x22, 0x06, 0x07, 0x27,
0x36, 0x36, 0x33, 0x32, 0x16, 0x17, 0x16, 0x16, 0x15, 0x14, 0x06, 0x13, 0x27, 0x35, 0x34, 0x36,
0x33, 0x33, 0x15, 0x23, 0x01, 0x1A, 0x6B, 0x7E, 0x38, 0x35, 0x5D, 0x64, 0x40, 0x43, 0x42, 0x44,
0x48, 0x42, 0x32, 0x42, 0x14, 0x53, 0x1F, 0x6D, 0x4B, 0x36, 0x54, 0x1D, 0x2A, 0x2B, 0x79, 0x3C,
0x31, 0x21, 0x1F, 0x4E, 0x5D, 0x0C, 0x75, 0x68, 0x07, 0x3C, 0x37, 0x55, 0x19, 0x4C, 0x46, 0x4B,
0x4A, 0x75, 0x48, 0x51, 0x2B, 0x23, 0x34, 0x39, 0x3B, 0x20, 0x23, 0x1A, 0x75, 0x56, 0x94, 0x98,
0x01, 0xF4, 0x11, 0x28, 0x1E, 0x1D, 0x53, 0x00, 0x00, 0x02, 0x00, 0x3B, 0x00, 0x31, 0x01, 0x59,
0x02, 0x0D, 0x00, 0x08, 0x00, 0x11, 0x00, 0x00, 0x53, 0x22, 0x26, 0x35, 0x35, 0x33, 0x15, 0x37,
0x15, 0x03, 0x22, 0x26, 0x35, 0x35, 0x33, 0x15, 0x37, 0x15, 0xA4, 0x30, 0x39, 0x65, 0xB9, 0xB5,
0x30, 0x39, 0x65, 0xB9, 0x01, 0x54, 0x36, 0x34, 0x4F, 0x5C, 0x01, 0x5D, 0xFE, 0xDC, 0x36, 0x34,
0x4F, 0x5C, 0x01, 0x5D, 0x00, 0x01, 0x00, 0x08, 0x00, 0x00, 0x01, 0x94, 0x02, 0x48, 0x00, 0x0F,
0x00, 0x00, 0x61, 0x11, 0x34, 0x26, 0x23, 0x22, 0x06, 0x07, 0x27, 0x36, 0x36, 0x33, 0x32, 0x16,
0x15, 0x11, 0x01, 0x2C, 0x30, 0x30, 0x2D, 0x3D, 0x16, 0x44, 0x1D, 0x65, 0x46, 0x5E, 0x66, 0x01,
0x85, 0x35, 0x34, 0x2B, 0x21, 0x3D, 0x32, 0x37, 0x62, 0x5A, 0xFE, 0x74, 0x00, 0x03, 0xFF, 0x10,
0x00, 0x00, 0x01, 0x94, 0x03, 0x59, 0x00, 0x0F, 0x00, 0x1D, 0x00, 0x29, 0x00, 0x00, 0x61, 0x11,
0x34, 0x26, 0x23, 0x22, 0x06, 0x07, 0x27, 0x36, 0x36, 0x33, 0x32, 0x16, 0x15, 0x11, 0x01, 0x22,
0x26, 0x35, 0x35, 0x34, 0x36, 0x33, 0x32, 0x16, 0x15, 0x15, 0x14, 0x06, 0x27, 0x32, 0x36, 0x35,
0x34, 0x26, 0x23, 0x22, 0x06, 0x15, 0x14, 0x16, 0x01, 0x2C, 0x2F, 0x31, 0x2C, 0x3E, 0x16, 0x44,
0x1D, 0x65, 0x46, 0x5E, 0x66, 0xFD, 0xE5, 0x37, 0x32, 0x32, 0x37, 0x37, 0x32, 0x32, 0x37, 0x13,
0x12, 0x12, 0x13, 0x13, 0x13, 0x13, 0x01, 0x85, 0x35, 0x33, 0x2B, 0x20, 0x3D, 0x32, 0x37, 0x62,
0x5A, 0xFE, 0x74, 0x02, 0x8A, 0x34, 0x26, 0x1B, 0x27, 0x33, 0x33, 0x27, 0x1B, 0x26, 0x34, 0x3E,
0x15, 0x15, 0x14, 0x15, 0x15, 0x14, 0x15, 0x15, 0x00, 0x01, 0x00, 0x58, 0x00, 0x00, 0x01, 0x21,
0x02, 0x3C, 0x00, 0x08, 0x00, 0x00, 0x73, 0x22, 0x26, 0x35, 0x11, 0x33, 0x11, 0x33, 0x15, 0xC2,
0x35, 0x35, 0x69, 0x60, 0x39, 0x30, 0x01, 0xD3, 0xFE, 0x1C, 0x58, 0x00, 0x00, 0x02, 0x00, 0x58,
0x00, 0x00, 0x02, 0x36, 0x02, 0x3C, 0x00, 0x08, 0x00, 0x11, 0x00, 0x00, 0x61, 0x22, 0x26, 0x35,
0x11, 0x33, 0x11, 0x33, 0x15, 0x21, 0x22, 0x26, 0x35, 0x11, 0x33, 0x11, 0x33, 0x15, 0x01, 0xD7,
0x35, 0x35, 0x69, 0x60, 0xFE, 0x8C, 0x35, 0x35, 0x69, 0x60, 0x39, 0x30, 0x01, 0xD3, 0xFE, 0x1C,
0x58, 0x39, 0x30, 0x01, 0xD3, 0xFE, 0x1C, 0x58, 0x00, 0x01, 0xFF, 0xF2, 0x00, 0x00, 0x01, 0x6E,
0x03, 0x86, 0x00, 0x12, 0x00, 0x00, 0x73, 0x22, 0x26, 0x35, 0x11, 0x34, 0x26, 0x27, 0x35, 0x21,
0x15, 0x21, 0x15, 0x16, 0x16, 0x15, 0x11, 0x33, 0x15, 0xDD, 0x35, 0x35, 0x45, 0x3C, 0x01, 0x7C,
0xFE, 0xE8, 0x48, 0x3E, 0x63, 0x39, 0x30, 0x01, 0xEC, 0x63, 0x71, 0x05, 0x58, 0x56, 0x05, 0x16,
0x8D, 0x73, 0xFE, 0x43, 0x58, 0x00, 0x00, 0x01, 0xFF, 0xF5, 0x00, 0x00, 0x01, 0x5F, 0x03, 0x9D,
0x00, 0x1D, 0x00, 0x00, 0x73, 0x22, 0x26, 0x35, 0x11, 0x36, 0x36, 0x35, 0x35, 0x34, 0x26, 0x23,
0x22, 0x06, 0x07, 0x27, 0x3E, 0x02, 0x33, 0x32, 0x16, 0x15, 0x14, 0x06, 0x06, 0x07, 0x11, 0x33,
0x15, 0xE0, 0x35, 0x35, 0x3F, 0x42, 0x28, 0x23, 0x24, 0x2F, 0x0C, 0x58, 0x0D, 0x31, 0x4B, 0x32,
0x51, 0x5E, 0x25, 0x3B, 0x21, 0x65, 0x39, 0x30, 0x02, 0x26, 0x02, 0x32, 0x2E, 0x0B, 0x24, 0x27,
0x2D, 0x2D, 0x2E, 0x26, 0x3B, 0x21, 0x58, 0x49, 0x30, 0x43, 0x28, 0x08, 0xFD, 0xFF, 0x58, 0x00,
0x00, 0x01, 0x00, 0x21, 0x00, 0x00, 0x01, 0x6E, 0x03, 0x86, 0x00, 0x14, 0x00, 0x00, 0x73, 0x22,
0x26, 0x35, 0x11, 0x34, 0x36, 0x36, 0x37, 0x35, 0x23, 0x35, 0x21, 0x15, 0x0E, 0x02, 0x15, 0x11,
0x33, 0x15, 0xD9, 0x35, 0x35, 0x22, 0x44, 0x35, 0xE9, 0x01, 0x4D, 0x2F, 0x44, 0x23, 0x64, 0x39,
0x30, 0x01, 0xBA, 0x4E, 0x6A, 0x41, 0x0F, 0x05, 0x56, 0x58, 0x03, 0x3C, 0x63, 0x40, 0xFE, 0x0C,
0x58, 0x00, 0x00, 0x01, 0x00, 0x08, 0xFF, 0x31, 0x01, 0x96, 0x02, 0x48, 0x00, 0x0F, 0x00, 0x00,
0x45, 0x11, 0x34, 0x26, 0x23, 0x22, 0x06, 0x07, 0x27, 0x36, 0x36, 0x33, 0x32, 0x16, 0x15, 0x11,
0x01, 0x2E, 0x31, 0x30, 0x2C, 0x3D, 0x17, 0x45, 0x1D, 0x65, 0x46, 0x60, 0x66, 0xCF, 0x02, 0x52,
0x37, 0x32, 0x2B, 0x20, 0x3E, 0x32, 0x37, 0x64, 0x5B, 0xFD, 0xA8, 0x00, 0x00, 0x01, 0x00, 0x39,
0xFF, 0xF4, 0x01, 0xF4, 0x02, 0x3C, 0x00, 0x20, 0x00, 0x00, 0x45, 0x22, 0x26, 0x35, 0x35, 0x36,
0x36, 0x35, 0x35, 0x23, 0x35, 0x33, 0x32, 0x16, 0x15, 0x15, 0x14, 0x06, 0x07, 0x15, 0x14, 0x16,
0x16, 0x33, 0x32, 0x36, 0x36, 0x35, 0x11, 0x33, 0x11, 0x14, 0x06, 0x01, 0x1E, 0x6B, 0x6B, 0x33,
0x2A, 0x6C, 0x62, 0x38, 0x36, 0x26, 0x32, 0x18, 0x32, 0x23, 0x24, 0x31, 0x18, 0x69, 0x6B, 0x0C,
0x6D, 0x69, 0x79, 0x22, 0x48, 0x2A, 0x10, 0x55, 0x33, 0x2F, 0x04, 0x2E, 0x54, 0x2A, 0x61, 0x29,
0x36, 0x1C, 0x1C, 0x36, 0x29, 0x01, 0x73, 0xFE, 0x8E, 0x69, 0x6D, 0x00, 0x00, 0x01, 0x00, 0x2E,
0xFF, 0xF4, 0x02, 0x08, 0x02, 0x3C, 0x00, 0x2B, 0x00, 0x00, 0x45, 0x22, 0x26, 0x35, 0x35, 0x36,
0x36, 0x35, 0x35, 0x23, 0x06, 0x06, 0x23, 0x22, 0x26, 0x35, 0x35, 0x33, 0x15, 0x32, 0x36, 0x36,
0x35, 0x35, 0x33, 0x15, 0x14, 0x06, 0x06, 0x07, 0x15, 0x14, 0x16, 0x16, 0x33, 0x32, 0x36, 0x36,
0x35, 0x11, 0x33, 0x11, 0x14, 0x06, 0x01, 0x32, 0x6B, 0x6B, 0x39, 0x3D, 0x04, 0x07, 0x2C, 0x22,
0x24, 0x27, 0x57, 0x14, 0x22, 0x14, 0x5F, 0x1B, 0x2F, 0x1F, 0x18, 0x32, 0x23, 0x24, 0x31, 0x18,
0x69, 0x6B, 0x0C, 0x6D, 0x69, 0x72, 0x23, 0x5C, 0x34, 0x0C, 0x27, 0x30, 0x2C, 0x29, 0x43, 0x51,
0x13, 0x1F, 0x11, 0x0E, 0x2F, 0x3C, 0x57, 0x43, 0x1D, 0x51, 0x29, 0x36, 0x1C, 0x1C, 0x36, 0x29,
0x01, 0x73, 0xFE, 0x8E, 0x69, 0x6D, 0x00, 0x01, 0x00, 0x2B, 0xFF, 0xF4, 0x02, 0x1D, 0x02, 0x3C,
0x00, 0x2D, 0x00, 0x00, 0x45, 0x22, 0x26, 0x27, 0x23, 0x15, 0x23, 0x11, 0x36, 0x36, 0x35, 0x35,
0x23, 0x06, 0x06, 0x23, 0x22, 0x26, 0x35, 0x35, 0x33, 0x15, 0x32, 0x36, 0x36, 0x35, 0x35, 0x33,
0x15, 0x14, 0x06, 0x06, 0x07, 0x15, 0x14, 0x16, 0x16, 0x33, 0x32, 0x36, 0x35, 0x11, 0x33, 0x11,
0x14, 0x06, 0x01, 0x68, 0x45, 0x4E, 0x10, 0x04, 0x68, 0x39, 0x3E, 0x05, 0x07, 0x2B, 0x23, 0x24,
0x27, 0x57, 0x14, 0x22, 0x14, 0x5F, 0x1A, 0x2F, 0x20, 0x28, 0x3D, 0x20, 0x3A, 0x33, 0x69, 0x5C,
0x0C, 0x40, 0x28, 0x5C, 0x01, 0x3C, 0x23, 0x5C, 0x34, 0x0C, 0x27, 0x30, 0x2C, 0x29, 0x43, 0x51,
0x13, 0x1F, 0x11, 0x0E, 0x2F, 0x3C, 0x57, 0x43, 0x1D, 0x63, 0x23, 0x2E, 0x16, 0x47, 0x46, 0x01,
0x5F, 0xFE, 0x8D, 0x65, 0x70, 0x00, 0x00, 0x01, 0x00, 0x33, 0xFF, 0xF4, 0x02, 0x09, 0x02, 0x48,
0x00, 0x27, 0x00, 0x00, 0x57, 0x22, 0x26, 0x35, 0x35, 0x23, 0x35, 0x33, 0x32, 0x16, 0x15, 0x15,
0x14, 0x16, 0x33, 0x32, 0x36, 0x36, 0x35, 0x35, 0x34, 0x26, 0x26, 0x23, 0x22, 0x06, 0x07, 0x27,
0x36, 0x36, 0x33, 0x32, 0x16, 0x15, 0x11, 0x23, 0x37, 0x23, 0x06, 0x06, 0xFF, 0x45, 0x48, 0x3C,
0x50, 0x2B, 0x22, 0x26, 0x21, 0x1F, 0x3E, 0x29, 0x20, 0x3E, 0x2F, 0x39, 0x4B, 0x19, 0x43, 0x22,
0x6E, 0x59, 0x71, 0x7C, 0x68, 0x01, 0x05, 0x15, 0x4B, 0x0C, 0x52, 0x4D, 0x5B, 0x56, 0x29, 0x2C,
0x4E, 0x2B, 0x26, 0x19, 0x36, 0x2C, 0x9B, 0x2E, 0x3B, 0x1D, 0x2B, 0x25, 0x3F, 0x35, 0x38, 0x70,
0x68, 0xFE, 0x90, 0x63, 0x33, 0x3C, 0x00, 0x01, 0x00, 0x39, 0xFF, 0xF4, 0x01, 0xF5, 0x02, 0x3C,
0x00, 0x33, 0x00, 0x00, 0x45, 0x22, 0x26, 0x35, 0x35, 0x36, 0x36, 0x35, 0x35, 0x23, 0x35, 0x33,
0x32, 0x16, 0x15, 0x15, 0x14, 0x06, 0x07, 0x15, 0x14, 0x16, 0x16, 0x33, 0x32, 0x36, 0x36, 0x35,
0x35, 0x34, 0x26, 0x23, 0x23, 0x35, 0x33, 0x32, 0x36, 0x35, 0x35, 0x33, 0x15, 0x14, 0x06, 0x06,
0x07, 0x15, 0x16, 0x16, 0x15, 0x15, 0x14, 0x06, 0x01, 0x1E, 0x6B, 0x6B, 0x31, 0x2B, 0x6B, 0x5F,
0x37, 0x37, 0x25, 0x30, 0x19, 0x31, 0x24, 0x23, 0x32, 0x19, 0x28, 0x2D, 0x1A, 0x13, 0x2C, 0x2D,
0x6A, 0x1A, 0x2E, 0x1C, 0x34, 0x31, 0x6C, 0x0C, 0x6D, 0x69, 0x79, 0x22, 0x48, 0x2A, 0x10, 0x55,
0x33, 0x2F, 0x04, 0x2E, 0x54, 0x2A, 0x61, 0x29, 0x37, 0x1B, 0x1B, 0x37, 0x29, 0x2A, 0x34, 0x2E,
0x4F, 0x35, 0x32, 0x31, 0x11, 0x26, 0x37, 0x22, 0x0A, 0x04, 0x0D, 0x56, 0x43, 0x35, 0x64, 0x6B,
0x00, 0x01, 0x00, 0x2E, 0xFF, 0xF4, 0x02, 0x0C, 0x02, 0x3C, 0x00, 0x3E, 0x00, 0x00, 0x45, 0x22,
0x26, 0x35, 0x35, 0x36, 0x36, 0x35, 0x35, 0x23, 0x06, 0x06, 0x23, 0x22, 0x26, 0x35, 0x35, 0x33,
0x15, 0x32, 0x36, 0x36, 0x35, 0x35, 0x33, 0x15, 0x14, 0x06, 0x06, 0x07, 0x15, 0x14, 0x16, 0x16,
0x33, 0x32, 0x36, 0x36, 0x35, 0x35, 0x34, 0x26, 0x23, 0x23, 0x35, 0x33, 0x32, 0x36, 0x35, 0x35,
0x33, 0x15, 0x14, 0x06, 0x06, 0x07, 0x15, 0x16, 0x16, 0x15, 0x15, 0x14, 0x06, 0x01, 0x32, 0x6A,
0x6C, 0x39, 0x3D, 0x04, 0x07, 0x2C, 0x22, 0x24, 0x27, 0x57, 0x14, 0x22, 0x14, 0x5B, 0x19, 0x2E,
0x1E, 0x18, 0x32, 0x23, 0x24, 0x32, 0x19, 0x26, 0x2C, 0x0F, 0x09, 0x2C, 0x2D, 0x6A, 0x1B, 0x2D,
0x1D, 0x31, 0x31, 0x6C, 0x0C, 0x6B, 0x68, 0x75, 0x23, 0x5C, 0x34, 0x0C, 0x27, 0x30, 0x2C, 0x29,
0x43, 0x51, 0x13, 0x1F, 0x11, 0x0E, 0x2F, 0x3C, 0x57, 0x41, 0x1C, 0x54, 0x29, 0x36, 0x1C, 0x1B,
0x37, 0x29, 0x2A, 0x34, 0x2E, 0x4F, 0x35, 0x32, 0x31, 0x11, 0x26, 0x37, 0x22, 0x0A, 0x04, 0x0F,
0x53, 0x44, 0x35, 0x64, 0x6B, 0x00, 0x00, 0x01, 0x00, 0x3D, 0xFF, 0x40, 0x03, 0x53, 0x02, 0x48,
0x00, 0x4B, 0x00, 0x00, 0x45, 0x22, 0x26, 0x35, 0x34, 0x36, 0x37, 0x35, 0x17, 0x06, 0x06, 0x15,
0x14, 0x16, 0x33, 0x33, 0x32, 0x36, 0x35, 0x35, 0x23, 0x0E, 0x02, 0x23, 0x22, 0x26, 0x26, 0x35,
0x35, 0x34, 0x26, 0x23, 0x22, 0x06, 0x15, 0x27, 0x33, 0x15, 0x06, 0x06, 0x15, 0x15, 0x33, 0x15,
0x23, 0x22, 0x26, 0x35, 0x35, 0x34, 0x36, 0x36, 0x37, 0x35, 0x23, 0x35, 0x34, 0x36, 0x33, 0x32,
0x16, 0x15, 0x15, 0x14, 0x16, 0x33, 0x32, 0x36, 0x36, 0x35, 0x11, 0x33, 0x11, 0x14, 0x06, 0x02,
0x64, 0x6B, 0x67, 0x2C, 0x27, 0x29, 0x14, 0x14, 0x31, 0x36, 0x26, 0x3A, 0x3E, 0x04, 0x0B, 0x26,
0x3A, 0x2B, 0x32, 0x4C, 0x2A, 0x46, 0x3D, 0x42, 0x44, 0x21, 0x9F, 0x3A, 0x34, 0x60, 0x48, 0x3F,
0x40, 0x1D, 0x33, 0x1F, 0x7B, 0x7B, 0x6E, 0x72, 0x77, 0x35, 0x30, 0x1D, 0x36, 0x23, 0x69, 0x75,
0xC0, 0x40, 0x3A, 0x28, 0x30, 0x08, 0x0F, 0x14, 0x0D, 0x20, 0x15, 0x1B, 0x29, 0x2B, 0x2A, 0x80,
0x1A, 0x2E, 0x1D, 0x2B, 0x59, 0x46, 0x9D, 0x42, 0x47, 0x42, 0x41, 0x1A, 0x4B, 0x02, 0x3E, 0x44,
0x60, 0x57, 0x45, 0x42, 0x1C, 0x2E, 0x3E, 0x24, 0x07, 0x04, 0x30, 0x69, 0x71, 0x7A, 0x69, 0x88,
0x4B, 0x3A, 0x15, 0x2B, 0x21, 0x01, 0x83, 0xFD, 0xB0, 0x56, 0x56, 0x00, 0x00, 0x01, 0x00, 0x29,
0x00, 0x00, 0x02, 0x1F, 0x02, 0x48, 0x00, 0x2B, 0x00, 0x00, 0x73, 0x11, 0x3E, 0x02, 0x35, 0x35,
0x23, 0x06, 0x06, 0x23, 0x22, 0x26, 0x35, 0x35, 0x33, 0x15, 0x32, 0x36, 0x36, 0x35, 0x35, 0x33,
0x15, 0x33, 0x36, 0x36, 0x33, 0x32, 0x16, 0x15, 0x11, 0x23, 0x11, 0x34, 0x26, 0x23, 0x22, 0x0E,
0x03, 0x07, 0x11, 0x57, 0x25, 0x35, 0x1C, 0x04, 0x08, 0x2B, 0x23, 0x23, 0x27, 0x56, 0x15, 0x22,
0x14, 0x5B, 0x03, 0x12, 0x3C, 0x2F, 0x38, 0x42, 0x68, 0x24, 0x1F, 0x1A, 0x25, 0x1C, 0x1C, 0x24,
0x1A, 0x01, 0x3C, 0x17, 0x39, 0x41, 0x22, 0x0C, 0x27, 0x30, 0x2C, 0x29, 0x43, 0x51, 0x13, 0x1F,
0x11, 0x0E, 0x56, 0x2D, 0x35, 0x50, 0x5A, 0xFE, 0x62, 0x01, 0x8B, 0x33, 0x28, 0x1A, 0x2C, 0x36,
0x37, 0x18, 0xFE, 0xE5, 0x00, 0x01, 0x00, 0x02, 0x00, 0x00, 0x01, 0x5A, 0x03, 0xA3, 0x00, 0x21,
0x00, 0x00, 0x73, 0x22, 0x26, 0x35, 0x11, 0x34, 0x3E, 0x03, 0x35, 0x34, 0x26, 0x23, 0x22, 0x06,
0x07, 0x27, 0x3E, 0x02, 0x33, 0x32, 0x16, 0x15, 0x14, 0x0E, 0x03, 0x15, 0x11, 0x33, 0x15, 0xE0,
0x35, 0x35, 0x19, 0x25, 0x25, 0x19, 0x24, 0x20, 0x24, 0x2A, 0x09, 0x55, 0x0C, 0x2F, 0x49, 0x2F,
0x4C, 0x59, 0x18, 0x25, 0x25, 0x19, 0x64, 0x39, 0x30, 0x01, 0x98, 0x24, 0x39, 0x30, 0x2C, 0x2F,
0x1D, 0x20, 0x25, 0x2D, 0x2A, 0x2C, 0x27, 0x3A, 0x22, 0x50, 0x46, 0x27, 0x3A, 0x2F, 0x2D, 0x31,
0x21, 0xFE, 0x5A, 0x58, 0x00, 0x02, 0x00, 0x3D, 0xFF, 0x40, 0x03, 0x6F, 0x02, 0x48, 0x00, 0x43,
0x00, 0x51, 0x00, 0x00, 0x45, 0x22, 0x26, 0x35, 0x34, 0x36, 0x37, 0x35, 0x26, 0x26, 0x35, 0x35,
0x34, 0x26, 0x23, 0x22, 0x06, 0x15, 0x27, 0x33, 0x15, 0x06, 0x06, 0x15, 0x15, 0x33, 0x15, 0x23,
0x22, 0x26, 0x35, 0x35, 0x34, 0x36, 0x36, 0x37, 0x35, 0x23, 0x35, 0x34, 0x36, 0x33, 0x32, 0x16,
0x15, 0x15, 0x14, 0x16, 0x33, 0x33, 0x32, 0x36, 0x36, 0x35, 0x11, 0x33, 0x11, 0x14, 0x06, 0x06,
0x07, 0x15, 0x16, 0x16, 0x15, 0x14, 0x06, 0x06, 0x27, 0x33, 0x32, 0x36, 0x35, 0x34, 0x26, 0x23,
0x23, 0x06, 0x06, 0x15, 0x14, 0x16, 0x02, 0x71, 0x7C, 0x6B, 0x2E, 0x29, 0x1C, 0x1C, 0x46, 0x3D,
0x42, 0x44, 0x21, 0x9F, 0x3A, 0x34, 0x60, 0x48, 0x3F, 0x40, 0x1D, 0x33, 0x1F, 0x7B, 0x7A, 0x6F,
0x72, 0x77, 0x22, 0x29, 0x20, 0x27, 0x31, 0x18, 0x69, 0x1D, 0x31, 0x1C, 0x46, 0x40, 0x37, 0x70,
0x77, 0x43, 0x3B, 0x3F, 0x2B, 0x37, 0xA6, 0x12, 0x12, 0x33, 0xC0, 0x40, 0x38, 0x2A, 0x31, 0x09,
0x0A, 0x0A, 0x2B, 0x2C, 0xDF, 0x42, 0x47, 0x42, 0x41, 0x1A, 0x4B, 0x02, 0x3E, 0x44, 0x60, 0x57,
0x45, 0x42, 0x1C, 0x2E, 0x3E, 0x24, 0x07, 0x04, 0x30, 0x69, 0x71, 0x79, 0x6A, 0xB5, 0x28, 0x21,
0x1A, 0x36, 0x2A, 0x01, 0x5B, 0xFE, 0xBB, 0x2D, 0x3E, 0x23, 0x05, 0x04, 0x0A, 0x45, 0x38, 0x32,
0x44, 0x23, 0x4E, 0x22, 0x22, 0x1C, 0x21, 0x0B, 0x1F, 0x14, 0x1C, 0x27, 0x00, 0x02, 0x00, 0x20,
0xFF, 0x53, 0x01, 0xEE, 0x02, 0x3C, 0x00, 0x03, 0x00, 0x17, 0x00, 0x00, 0x57, 0x35, 0x21, 0x15,
0x25, 0x03, 0x33, 0x13, 0x33, 0x32, 0x36, 0x35, 0x35, 0x23, 0x35, 0x33, 0x32, 0x16, 0x15, 0x15,
0x14, 0x06, 0x06, 0x23, 0x20, 0x01, 0xC7, 0xFE, 0xE9, 0xAE, 0x69, 0x8E, 0x0C, 0x32, 0x2F, 0x64,
0x57, 0x3A, 0x3B, 0x2E, 0x5A, 0x44, 0xAD, 0x57, 0x57, 0xAD, 0x02, 0x3C, 0xFE, 0x1B, 0x43, 0x50,
0xF9, 0x59, 0x4A, 0x45, 0xA4, 0x60, 0x75, 0x34, 0x00, 0x02, 0x00, 0x3D, 0xFF, 0x53, 0x03, 0x64,
0x02, 0x48, 0x00, 0x03, 0x00, 0x39, 0x00, 0x00, 0x57, 0x35, 0x21, 0x15, 0x27, 0x22, 0x26, 0x26,
0x35, 0x35, 0x34, 0x26, 0x23, 0x22, 0x06, 0x15, 0x27, 0x33, 0x15, 0x06, 0x06, 0x15, 0x15, 0x33,
0x15, 0x23, 0x22, 0x26, 0x35, 0x35, 0x34, 0x36, 0x36, 0x37, 0x35, 0x23, 0x35, 0x34, 0x36, 0x33,
0x32, 0x16, 0x15, 0x15, 0x14, 0x16, 0x16, 0x33, 0x32, 0x36, 0x36, 0x35, 0x11, 0x33, 0x11, 0x14,
0x06, 0x06, 0x40, 0x03, 0x24, 0xE7, 0x47, 0x5E, 0x2F, 0x46, 0x3E, 0x41, 0x44, 0x21, 0x9F, 0x3A,
0x34, 0x60, 0x48, 0x3F, 0x40, 0x1D, 0x33, 0x1F, 0x7B, 0x7C, 0x6C, 0x73, 0x77, 0x1A, 0x30, 0x24,
0x23, 0x30, 0x19, 0x69, 0x2F, 0x5E, 0xAD, 0x57, 0x57, 0xA1, 0x32, 0x62, 0x48, 0x96, 0x42, 0x47,
0x42, 0x41, 0x1A, 0x4B, 0x02, 0x3E, 0x44, 0x60, 0x57, 0x45, 0x42, 0x1C, 0x2E, 0x3E, 0x24, 0x07,
0x04, 0x30, 0x69, 0x71, 0x7A, 0x69, 0x95, 0x2A, 0x39, 0x1D, 0x1D, 0x39, 0x2A, 0x01, 0x6C, 0xFE,
0x94, 0x48, 0x62, 0x32, 0x00, 0x02, 0x00, 0x4F, 0xFF, 0x53, 0x02, 0x14, 0x02, 0x3C, 0x00, 0x03,
0x00, 0x1A, 0x00, 0x00, 0x57, 0x35, 0x21, 0x15, 0x25, 0x22, 0x26, 0x35, 0x11, 0x33, 0x11, 0x14,
0x16, 0x33, 0x32, 0x36, 0x36, 0x35, 0x11, 0x33, 0x11, 0x23, 0x35, 0x23, 0x0E, 0x02, 0x4F, 0x01,
0xC5, 0xFE, 0xF5, 0x57, 0x63, 0x68, 0x3A, 0x3A, 0x20, 0x3B, 0x25, 0x69, 0x67, 0x05, 0x0B, 0x27,
0x3F, 0xAD, 0x57, 0x57, 0xA1, 0x72, 0x68, 0x01, 0x6E, 0xFE, 0xA1, 0x46, 0x47, 0x16, 0x2E, 0x22,
0x01, 0x86, 0xFD, 0xC4, 0x5F, 0x1C, 0x31, 0x1E, 0x00, 0x02, 0x00, 0x54, 0xFF, 0x53, 0x02, 0x1B,
0x02, 0x3C, 0x00, 0x03, 0x00, 0x1A, 0x00, 0x00, 0x57, 0x35, 0x21, 0x15, 0x27, 0x22, 0x26, 0x26,
0x27, 0x23, 0x15, 0x23, 0x11, 0x33, 0x11, 0x14, 0x16, 0x16, 0x33, 0x32, 0x36, 0x35, 0x11, 0x33,
0x11, 0x14, 0x06, 0x55, 0x01, 0xC6, 0xBB, 0x30, 0x3F, 0x26, 0x0B, 0x05, 0x67, 0x69, 0x25, 0x3C,
0x20, 0x3B, 0x39, 0x69, 0x63, 0xAD, 0x57, 0x57, 0xA1, 0x1E, 0x2F, 0x1B, 0x5C, 0x02, 0x3C, 0xFE,
0x7B, 0x23, 0x2E, 0x16, 0x47, 0x46, 0x01, 0x5F, 0xFE, 0x8D, 0x65, 0x70, 0x00, 0x02, 0x00, 0x2B,
0xFF, 0xF4, 0x02, 0x06, 0x02, 0x13, 0x00, 0x0F, 0x00, 0x1D, 0x00, 0x00, 0x45, 0x22, 0x26, 0x26,
0x35, 0x34, 0x36, 0x36, 0x33, 0x32, 0x16, 0x16, 0x15, 0x14, 0x06, 0x06, 0x27, 0x32, 0x36, 0x35,
0x35, 0x34, 0x26, 0x23, 0x22, 0x06, 0x15, 0x15, 0x14, 0x16, 0x01, 0x19, 0x48, 0x6B, 0x3B, 0x3B,
0x6B, 0x48, 0x47, 0x6B, 0x3B, 0x3B, 0x6B, 0x47, 0x3A, 0x46, 0x46, 0x3A, 0x39, 0x48, 0x48, 0x0C,
0x43, 0x7A, 0x53, 0x53, 0x79, 0x43, 0x43, 0x79, 0x53, 0x53, 0x7A, 0x43, 0x56, 0x48, 0x47, 0x55,
0x47, 0x48, 0x48, 0x47, 0x55, 0x47, 0x48, 0x00, 0x00, 0x01, 0x00, 0x26, 0xFF, 0xDE, 0x01, 0xEF,
0x02, 0x13, 0x00, 0x20, 0x00, 0x00, 0x57, 0x3E, 0x02, 0x35, 0x34, 0x26, 0x26, 0x23, 0x22, 0x06,
0x15, 0x15, 0x14, 0x16, 0x33, 0x33, 0x15, 0x23, 0x22, 0x26, 0x35, 0x34, 0x36, 0x36, 0x33, 0x32,
0x16, 0x15, 0x14, 0x06, 0x06, 0x07, 0xB3, 0x4F, 0x5C, 0x28, 0x21, 0x39, 0x26, 0x3B, 0x40, 0x2D,
0x30, 0x1F, 0x25, 0x5B, 0x61, 0x39, 0x66, 0x43, 0x6B, 0x7C, 0x2D, 0x52, 0x38, 0x22, 0x39, 0x6A,
0x6D, 0x3F, 0x37, 0x3E, 0x1B, 0x3E, 0x36, 0x12, 0x2E, 0x33, 0x56, 0x63, 0x5C, 0x41, 0x5F, 0x34,
0x7E, 0x74, 0x3C, 0x77, 0x68, 0x28, 0x00, 0x01, 0x00, 0x4A, 0x00, 0x00, 0x02, 0x86, 0x02, 0x84,
0x00, 0x2E, 0x00, 0x00, 0x61, 0x22, 0x26, 0x35, 0x11, 0x33, 0x11, 0x14, 0x16, 0x16, 0x33, 0x33,
0x32, 0x36, 0x36, 0x35, 0x35, 0x34, 0x26, 0x23, 0x07, 0x23, 0x27, 0x22, 0x06, 0x15, 0x15, 0x33,
0x15, 0x23, 0x22, 0x26, 0x35, 0x35, 0x34, 0x36, 0x33, 0x17, 0x33, 0x37, 0x32, 0x16, 0x15, 0x15,
0x14, 0x06, 0x23, 0x01, 0x1D, 0x6B, 0x68, 0x64, 0x16, 0x30, 0x25, 0x9E, 0x25, 0x30, 0x17, 0x13,
0x16, 0x3A, 0x02, 0x3C, 0x14, 0x11, 0x5A, 0x47, 0x3A, 0x37, 0x45, 0x48, 0x32, 0x02, 0x32, 0x4B,
0x49, 0x6A, 0x6F, 0x6C, 0x72, 0x01, 0xA6, 0xFE, 0x51, 0x2B, 0x39, 0x1B, 0x1B, 0x39, 0x2B, 0xA8,
0x1F, 0x1D, 0x3C, 0x3C, 0x1D, 0x1E, 0x75, 0x53, 0x3A, 0x35, 0x4B, 0x50, 0x4F, 0x3C, 0x3C, 0x52,
0x51, 0x8E, 0x72, 0x6C, 0x00, 0x01, 0x00, 0x46, 0x00, 0x00, 0x02, 0x79, 0x02, 0x13, 0x00, 0x26,
0x00, 0x00, 0x73, 0x22, 0x26, 0x35, 0x35, 0x34, 0x36, 0x33, 0x32, 0x16, 0x17, 0x33, 0x36, 0x36,
0x33, 0x32, 0x16, 0x15, 0x11, 0x23, 0x11, 0x34, 0x26, 0x23, 0x22, 0x06, 0x15, 0x15, 0x23, 0x35,
0x34, 0x26, 0x23, 0x22, 0x06, 0x15, 0x11, 0x33, 0x15, 0xB0, 0x35, 0x35, 0x54, 0x51, 0x3D, 0x4C,
0x10, 0x05, 0x0A, 0x39, 0x32, 0x3C, 0x3F, 0x64, 0x21, 0x23, 0x1E, 0x25, 0x5D, 0x23, 0x21, 0x20,
0x23, 0x4D, 0x39, 0x30, 0xFE, 0x56, 0x56, 0x2E, 0x2D, 0x2B, 0x30, 0x47, 0x47, 0xFE, 0x7B, 0x01,
0x6C, 0x27, 0x29, 0x25, 0x25, 0xF0, 0xEA, 0x2A, 0x26, 0x26, 0x2A, 0xFE, 0xE9, 0x55, 0x00, 0x01,
0x00, 0x2B, 0x00, 0x00, 0x02, 0x11, 0x02, 0x84, 0x00, 0x2A, 0x00, 0x00, 0x61, 0x22, 0x26, 0x26,
0x35, 0x34, 0x36, 0x36, 0x33, 0x33, 0x35, 0x33, 0x15, 0x14, 0x06, 0x23, 0x23, 0x22, 0x06, 0x15,
0x15, 0x14, 0x16, 0x33, 0x33, 0x35, 0x26, 0x26, 0x35, 0x35, 0x34, 0x36, 0x33, 0x33, 0x15, 0x23,
0x15, 0x14, 0x16, 0x16, 0x33, 0x33, 0x15, 0x01, 0x15, 0x49, 0x69, 0x38, 0x38, 0x69, 0x49, 0x9E,
0x5E, 0x38, 0x30, 0x94, 0x39, 0x44, 0x44, 0x39, 0x65, 0x2A, 0x42, 0x38, 0x36, 0x5C, 0x67, 0x13,
0x2D, 0x26, 0x2F, 0x3F, 0x74, 0x51, 0x50, 0x75, 0x3F, 0x7C, 0x68, 0x35, 0x35, 0x43, 0x44, 0x4F,
0x44, 0x42, 0x04, 0x08, 0x38, 0x36, 0x02, 0x32, 0x32, 0x53, 0x13, 0x21, 0x38, 0x21, 0x56, 0x00,
0x00, 0x03, 0x00, 0x2B, 0x00, 0x00, 0x02, 0x11, 0x02, 0x87, 0x00, 0x2B, 0x00, 0x39, 0x00, 0x45,
0x00, 0x00, 0x61, 0x22, 0x26, 0x35, 0x34, 0x36, 0x36, 0x33, 0x17, 0x37, 0x33, 0x35, 0x33, 0x15,
0x14, 0x06, 0x23, 0x23, 0x22, 0x06, 0x15, 0x15, 0x14, 0x16, 0x33, 0x33, 0x35, 0x26, 0x26, 0x35,
0x35, 0x34, 0x36, 0x33, 0x33, 0x15, 0x23, 0x15, 0x14, 0x16, 0x16, 0x33, 0x33, 0x15, 0x03, 0x22,
0x26, 0x35, 0x35, 0x34, 0x36, 0x33, 0x32, 0x16, 0x15, 0x15, 0x14, 0x06, 0x27, 0x32, 0x36, 0x35,
0x34, 0x26, 0x23, 0x22, 0x06, 0x15, 0x14, 0x16, 0x01, 0x15, 0x6D, 0x7D, 0x37, 0x5E, 0x39, 0x2C,
0x3D, 0x58, 0x57, 0x38, 0x30, 0x94, 0x39, 0x44, 0x44, 0x39, 0x65, 0x2A, 0x42, 0x38, 0x36, 0x5C,
0x67, 0x13, 0x2D, 0x26, 0x2F, 0xE0, 0x36, 0x31, 0x31, 0x36, 0x37, 0x31, 0x31, 0x37, 0x13, 0x13,
0x13, 0x13, 0x13, 0x13, 0x13, 0x8C, 0x79, 0x51, 0x73, 0x3E, 0x19, 0x19, 0x7D, 0x65, 0x35, 0x35,
0x43, 0x46, 0x4E, 0x45, 0x43, 0x04, 0x08, 0x38, 0x36, 0x02, 0x32, 0x32, 0x53, 0x13, 0x21, 0x38,
0x21, 0x56, 0x01, 0xBB, 0x33, 0x28, 0x16, 0x28, 0x33, 0x33, 0x28, 0x16, 0x28, 0x33, 0x3D, 0x14,
0x15, 0x15, 0x14, 0x14, 0x15, 0x15, 0x14, 0x00, 0x00, 0x01, 0x00, 0x21, 0xFF, 0xF4, 0x02, 0x04,
0x02, 0x84, 0x00, 0x27, 0x00, 0x00, 0x45, 0x22, 0x26, 0x26, 0x35, 0x34, 0x36, 0x33, 0x33, 0x15,
0x23, 0x15, 0x14, 0x16, 0x33, 0x32, 0x36, 0x35, 0x35, 0x34, 0x26, 0x23, 0x22, 0x06, 0x07, 0x23,
0x03, 0x33, 0x17, 0x33, 0x3E, 0x02, 0x33, 0x32, 0x16, 0x15, 0x14, 0x06, 0x06, 0x01, 0x15, 0x3D,
0x60, 0x38, 0x31, 0x31, 0x56, 0x5A, 0x42, 0x35, 0x3F, 0x43, 0x40, 0x3D, 0x26, 0x38, 0x10, 0x5B,
0x30, 0x5D, 0x26, 0x04, 0x08, 0x26, 0x3A, 0x27, 0x62, 0x6B, 0x39, 0x6B, 0x0C, 0x2C, 0x4E, 0x35,
0x30, 0x2F, 0x52, 0x0A, 0x2B, 0x31, 0x48, 0x47, 0x55, 0x44, 0x4B, 0x1F, 0x1C, 0x01, 0x02, 0xD2,
0x1B, 0x2B, 0x1B, 0x93, 0x7C, 0x53, 0x7A, 0x43, 0x00, 0x01, 0x00, 0x46, 0x00, 0x00, 0x03, 0x0B,
0x02, 0x84, 0x00, 0x31, 0x00, 0x00, 0x73, 0x22, 0x26, 0x35, 0x35, 0x34, 0x36, 0x33, 0x32, 0x16,
0x17, 0x33, 0x36, 0x36, 0x33, 0x32, 0x16, 0x15, 0x11, 0x27, 0x16, 0x36, 0x35, 0x11, 0x33, 0x11,
0x14, 0x06, 0x06, 0x23, 0x23, 0x11, 0x34, 0x26, 0x23, 0x22, 0x06, 0x15, 0x15, 0x23, 0x35, 0x34,
0x26, 0x23, 0x22, 0x06, 0x15, 0x11, 0x33, 0x15, 0xB0, 0x35, 0x35, 0x4E, 0x49, 0x36, 0x46, 0x0F,
0x05, 0x0D, 0x37, 0x29, 0x34, 0x3B, 0x1D, 0x49, 0x35, 0x61, 0x2E, 0x5A, 0x41, 0x5B, 0x1E, 0x1A,
0x17, 0x22, 0x5C, 0x21, 0x18, 0x18, 0x21, 0x4F, 0x39, 0x30, 0xFC, 0x57, 0x57, 0x2F, 0x30, 0x2E,
0x31, 0x4B, 0x49, 0xFE, 0xB7, 0x21, 0x05, 0x31, 0x45, 0x01, 0xBC, 0xFE, 0x46, 0x49, 0x59, 0x28,
0x01, 0x6F, 0x28, 0x25, 0x20, 0x1B, 0xD7, 0xC4, 0x2B, 0x23, 0x22, 0x2B, 0xFE, 0xE6, 0x55, 0x00,
0x00, 0x01, 0x00, 0x2C, 0xFF, 0xF8, 0x02, 0x46, 0x02, 0x84, 0x00, 0x33, 0x00, 0x00, 0x57, 0x22,
0x26, 0x26, 0x35, 0x34, 0x36, 0x36, 0x33, 0x33, 0x35, 0x33, 0x15, 0x14, 0x06, 0x23, 0x23, 0x22,
0x06, 0x15, 0x15, 0x14, 0x16, 0x16, 0x33, 0x33, 0x37, 0x33, 0x14, 0x16, 0x33, 0x32, 0x36, 0x35,
0x35, 0x23, 0x35, 0x33, 0x32, 0x16, 0x15, 0x15, 0x14, 0x06, 0x23, 0x22, 0x26, 0x27, 0x23, 0x07,
0x06, 0x06, 0xD7, 0x35, 0x4D, 0x29, 0x39, 0x6A, 0x4A, 0xAA, 0x5E, 0x38, 0x30, 0xA2, 0x3D, 0x44,
0x17, 0x24, 0x13, 0x03, 0x2D, 0x52, 0x25, 0x27, 0x1D, 0x1C, 0x45, 0x36, 0x33, 0x37, 0x41, 0x39,
0x3A, 0x44, 0x02, 0x04, 0x0C, 0x0C, 0x2D, 0x08, 0x41, 0x74, 0x4D, 0x54, 0x79, 0x41, 0x7C, 0x68,
0x35, 0x35, 0x44, 0x45, 0x5A, 0x2D, 0x3B, 0x1C, 0x97, 0x4B, 0x4D, 0x28, 0x26, 0x3B, 0x53, 0x3E,
0x4A, 0x05, 0x4E, 0x53, 0x4D, 0x3F, 0x32, 0x2F, 0x2B, 0x00, 0x00, 0x02, 0x00, 0x44, 0x00, 0x00,
0x02, 0x8C, 0x02, 0x84, 0x00, 0x16, 0x00, 0x32, 0x00, 0x00, 0x73, 0x22, 0x26, 0x35, 0x11, 0x34,
0x36, 0x33, 0x32, 0x16, 0x17, 0x13, 0x23, 0x03, 0x26, 0x26, 0x23, 0x22, 0x06, 0x15, 0x11, 0x33,
0x15, 0x13, 0x27, 0x26, 0x26, 0x23, 0x22, 0x06, 0x07, 0x27, 0x33, 0x36, 0x36, 0x33, 0x32, 0x16,
0x17, 0x17, 0x27, 0x16, 0x36, 0x35, 0x35, 0x33, 0x15, 0x14, 0x06, 0x06, 0x23, 0xAD, 0x34, 0x35,
0x44, 0x40, 0x31, 0x44, 0x16, 0xA7, 0x5B, 0x96, 0x0B, 0x18, 0x14, 0x16, 0x16, 0x4E, 0xE2, 0x23,
0x0D, 0x18, 0x12, 0x13, 0x16, 0x04, 0x05, 0x05, 0x06, 0x25, 0x20, 0x1C, 0x25, 0x12, 0x33, 0x21,
0x19, 0x19, 0x5B, 0x24, 0x3F, 0x2B, 0x39, 0x30, 0x01, 0x0C, 0x4D, 0x51, 0x35, 0x38, 0xFE, 0x5A,
0x01, 0x80, 0x1D, 0x1D, 0x23, 0x23, 0xFE, 0xE1, 0x55, 0x01, 0x32, 0x51, 0x1E, 0x1A, 0x1C, 0x17,
0x33, 0x29, 0x2F, 0x21, 0x2B, 0x72, 0x30, 0x0B, 0x2B, 0x2C, 0xB3, 0xAE, 0x3B, 0x49, 0x20, 0x00,
0x00, 0x02, 0x00, 0x32, 0xFF, 0xF4, 0x02, 0x26, 0x02, 0xC6, 0x00, 0x0B, 0x00, 0x1D, 0x00, 0x00,
0x45, 0x22, 0x26, 0x35, 0x34, 0x36, 0x33, 0x32, 0x16, 0x15, 0x14, 0x06, 0x27, 0x32, 0x36, 0x36,
0x35, 0x35, 0x34, 0x26, 0x26, 0x23, 0x22, 0x06, 0x06, 0x15, 0x15, 0x14, 0x16, 0x16, 0x01, 0x2C,
0x81, 0x79, 0x79, 0x81, 0x81, 0x79, 0x79, 0x81, 0x32, 0x3B, 0x1C, 0x1C, 0x3B, 0x32, 0x31, 0x3C,
0x1C, 0x1C, 0x3C, 0x0C, 0xBE, 0xAB, 0xAB, 0xBE, 0xBE, 0xAB, 0xAB, 0xBE, 0x5B, 0x35, 0x5F, 0x3E,
0x78, 0x3F, 0x5E, 0x35, 0x35, 0x5E, 0x3F, 0x78, 0x3E, 0x5F, 0x35, 0x00, 0x00, 0x01, 0x00, 0x2E,
0x00, 0x00, 0x02, 0x2E, 0x02, 0xBA, 0x00, 0x0B, 0x00, 0x00, 0x73, 0x35, 0x33, 0x11, 0x23, 0x07,
0x27, 0x37, 0x33, 0x11, 0x33, 0x15, 0x5A, 0xC1, 0x08, 0xA5, 0x40, 0xB3, 0xA4, 0xA9, 0x5A, 0x02,
0x12, 0xAB, 0x3C, 0xBD, 0xFD, 0xA0, 0x5A, 0x00, 0x00, 0x01, 0x00, 0x3C, 0x00, 0x00, 0x02, 0x1B,
0x02, 0xC6, 0x00, 0x1C, 0x00, 0x00, 0x73, 0x35, 0x37, 0x36, 0x36, 0x35, 0x35, 0x34, 0x26, 0x23,
0x22, 0x06, 0x07, 0x27, 0x3E, 0x02, 0x33, 0x32, 0x16, 0x16, 0x15, 0x14, 0x06, 0x06, 0x07, 0x07,
0x21, 0x15, 0x45, 0xE0, 0x34, 0x3B, 0x3E, 0x36, 0x3B, 0x3E, 0x0D, 0x5E, 0x0F, 0x39, 0x5E, 0x45,
0x47, 0x63, 0x34, 0x2B, 0x4A, 0x2F, 0xA9, 0x01, 0x63, 0x67, 0xC9, 0x2F, 0x5C, 0x30, 0x0C, 0x34,
0x3E, 0x41, 0x2F, 0x24, 0x2C, 0x4D, 0x30, 0x35, 0x5C, 0x3C, 0x38, 0x5B, 0x50, 0x28, 0x93, 0x5B,
0x00, 0x01, 0x00, 0x21, 0xFF, 0xF4, 0x02, 0x04, 0x02, 0xC6, 0x00, 0x30, 0x00, 0x00, 0x45, 0x22,
0x26, 0x26, 0x27, 0x37, 0x16, 0x16, 0x33, 0x32, 0x36, 0x35, 0x35, 0x34, 0x26, 0x23, 0x23, 0x35,
0x33, 0x32, 0x36, 0x35, 0x35, 0x34, 0x26, 0x23, 0x22, 0x06, 0x07, 0x27, 0x3E, 0x02, 0x33, 0x32,
0x16, 0x16, 0x15, 0x14, 0x06, 0x07, 0x15, 0x1E, 0x02, 0x15, 0x14, 0x06, 0x06, 0x01, 0x0E, 0x40,
0x59, 0x3D, 0x17, 0x4F, 0x1A, 0x46, 0x3D, 0x43, 0x45, 0x48, 0x44, 0x4C, 0x48, 0x42, 0x41, 0x3F,
0x34, 0x32, 0x46, 0x17, 0x49, 0x15, 0x3A, 0x53, 0x39, 0x40, 0x65, 0x3B, 0x4F, 0x37, 0x27, 0x43,
0x28, 0x3D, 0x6F, 0x0C, 0x24, 0x38, 0x20, 0x3D, 0x2A, 0x34, 0x3E, 0x37, 0x08, 0x37, 0x3B, 0x5B,
0x3A, 0x2C, 0x07, 0x31, 0x34, 0x2D, 0x28, 0x3D, 0x1E, 0x34, 0x21, 0x2B, 0x4F, 0x39, 0x43, 0x51,
0x0D, 0x05, 0x07, 0x2B, 0x48, 0x33, 0x3D, 0x5B, 0x34, 0x00, 0x00, 0x02, 0x00, 0x23, 0x00, 0x00,
0x02, 0x30, 0x02, 0xBA, 0x00, 0x0A, 0x00, 0x0E, 0x00, 0x00, 0x61, 0x35, 0x21, 0x35, 0x01, 0x33,
0x11, 0x33, 0x15, 0x23, 0x15, 0x25, 0x33, 0x11, 0x23, 0x01, 0x6A, 0xFE, 0xB9, 0x01, 0x1E, 0x8E,
0x61, 0x61, 0xFE, 0xB1, 0xEA, 0x06, 0x88, 0x5C, 0x01, 0xD6, 0xFE, 0x23, 0x55, 0x88, 0xDD, 0x01,
0x7E, 0x00, 0x00, 0x01, 0x00, 0x43, 0xFF, 0xF4, 0x02, 0x1D, 0x02, 0xBA, 0x00, 0x24, 0x00, 0x00,
0x45, 0x22, 0x26, 0x26, 0x27, 0x37, 0x16, 0x16, 0x33, 0x32, 0x36, 0x35, 0x35, 0x34, 0x26, 0x23,
0x22, 0x06, 0x07, 0x27, 0x13, 0x21, 0x15, 0x21, 0x07, 0x33, 0x3E, 0x02, 0x33, 0x32, 0x16, 0x16,
0x15, 0x14, 0x06, 0x06, 0x01, 0x27, 0x3D, 0x57, 0x3B, 0x15, 0x4E, 0x1A, 0x40, 0x3C, 0x42, 0x44,
0x45, 0x3F, 0x2E, 0x36, 0x14, 0x58, 0x19, 0x01, 0x88, 0xFE, 0xCA, 0x12, 0x07, 0x10, 0x26, 0x35,
0x27, 0x3C, 0x5F, 0x37, 0x3A, 0x6E, 0x0C, 0x24, 0x38, 0x20, 0x3D, 0x29, 0x35, 0x47, 0x3F, 0x09,
0x3E, 0x46, 0x23, 0x15, 0x0C, 0x01, 0x84, 0x5D, 0xFB, 0x1B, 0x27, 0x16, 0x34, 0x61, 0x45, 0x45,
0x6A, 0x3D, 0x00, 0x02, 0x00, 0x3B, 0xFF, 0xF4, 0x02, 0x20, 0x02, 0xBA, 0x00, 0x1A, 0x00, 0x2C,
0x00, 0x00, 0x45, 0x22, 0x26, 0x26, 0x35, 0x34, 0x3E, 0x02, 0x37, 0x33, 0x0E, 0x02, 0x07, 0x17,
0x3E, 0x02, 0x33, 0x32, 0x16, 0x16, 0x15, 0x14, 0x06, 0x06, 0x27, 0x32, 0x36, 0x36, 0x35, 0x35,
0x34, 0x26, 0x26, 0x23, 0x22, 0x06, 0x06, 0x15, 0x15, 0x14, 0x16, 0x16, 0x01, 0x2E, 0x4C, 0x6D,
0x3A, 0x2C, 0x4B, 0x57, 0x2B, 0x8D, 0x4E, 0x70, 0x49, 0x11, 0x06, 0x10, 0x2A, 0x3F, 0x2B, 0x3B,
0x5D, 0x35, 0x3C, 0x6D, 0x4A, 0x2A, 0x3B, 0x20, 0x20, 0x3B, 0x2A, 0x29, 0x3B, 0x20, 0x20, 0x3B,
0x0C, 0x42, 0x7A, 0x53, 0x4D, 0x86, 0x71, 0x57, 0x1C, 0x38, 0x6B, 0x77, 0x4C, 0x02, 0x1C, 0x2E,
0x1B, 0x34, 0x61, 0x42, 0x45, 0x6B, 0x3C, 0x58, 0x1F, 0x3B, 0x2B, 0x0B, 0x2B, 0x3C, 0x1F, 0x1F,
0x3C, 0x2B, 0x0B, 0x2B, 0x3B, 0x1F, 0x00, 0x01, 0x00, 0x40, 0x00, 0x00, 0x02, 0x16, 0x02, 0xBA,
0x00, 0x08, 0x00, 0x00, 0x73, 0x01, 0x21, 0x15, 0x23, 0x35, 0x21, 0x15, 0x03, 0xAC, 0x01, 0x00,
0xFE, 0xF1, 0x5D, 0x01, 0xD6, 0xF9, 0x02, 0x61, 0x81, 0xDA, 0x5D, 0xFD, 0xA3, 0x00, 0x00, 0x03,
0x00, 0x34, 0xFF, 0xF4, 0x02, 0x24, 0x02, 0xC6, 0x00, 0x1B, 0x00, 0x29, 0x00, 0x37, 0x00, 0x00,
0x45, 0x22, 0x26, 0x26, 0x35, 0x34, 0x36, 0x37, 0x35, 0x26, 0x26, 0x35, 0x34, 0x36, 0x33, 0x32,
0x16, 0x15, 0x14, 0x06, 0x07, 0x15, 0x16, 0x16, 0x15, 0x14, 0x06, 0x06, 0x27, 0x32, 0x36, 0x35,
0x35, 0x34, 0x26, 0x23, 0x22, 0x06, 0x15, 0x15, 0x14, 0x16, 0x13, 0x32, 0x36, 0x35, 0x35, 0x34,
0x26, 0x23, 0x22, 0x06, 0x15, 0x15, 0x14, 0x16, 0x01, 0x2C, 0x50, 0x6F, 0x39, 0x4D, 0x3F, 0x36,
0x41, 0x77, 0x6C, 0x6C, 0x77, 0x41, 0x36, 0x3F, 0x4D, 0x39, 0x6E, 0x51, 0x41, 0x47, 0x47, 0x41,
0x41, 0x47, 0x47, 0x41, 0x3B, 0x3F, 0x3F, 0x3B, 0x3B, 0x3F, 0x3F, 0x0C, 0x35, 0x5C, 0x39, 0x46,
0x55, 0x11, 0x08, 0x13, 0x53, 0x3C, 0x50, 0x62, 0x62, 0x50, 0x3C, 0x53, 0x13, 0x08, 0x11, 0x55,
0x46, 0x39, 0x5C, 0x35, 0x57, 0x3C, 0x35, 0x15, 0x35, 0x3C, 0x3C, 0x35, 0x15, 0x35, 0x3C, 0x01,
0x4A, 0x35, 0x30, 0x10, 0x30, 0x35, 0x35, 0x30, 0x10, 0x30, 0x35, 0x00, 0x00, 0x02, 0x00, 0x38,
0x00, 0x00, 0x02, 0x1D, 0x02, 0xC6, 0x00, 0x1A, 0x00, 0x2C, 0x00, 0x00, 0x73, 0x3E, 0x02, 0x37,
0x27, 0x0E, 0x02, 0x23, 0x22, 0x26, 0x26, 0x35, 0x34, 0x36, 0x36, 0x33, 0x32, 0x16, 0x16, 0x15,
0x14, 0x0E, 0x02, 0x07, 0x13, 0x32, 0x36, 0x36, 0x35, 0x35, 0x34, 0x26, 0x26, 0x23, 0x22, 0x06,
0x06, 0x15, 0x15, 0x14, 0x16, 0x16, 0x97, 0x4E, 0x70, 0x49, 0x11, 0x06, 0x0F, 0x2B, 0x3E, 0x2C,
0x3B, 0x5D, 0x35, 0x3C, 0x6D, 0x49, 0x4C, 0x6D, 0x3A, 0x2C, 0x4B, 0x57, 0x2B, 0x07, 0x29, 0x3B,
0x20, 0x20, 0x3B, 0x29, 0x2A, 0x3B, 0x20, 0x20, 0x3B, 0x39, 0x6A, 0x77, 0x4C, 0x02, 0x1B, 0x2F,
0x1B, 0x34, 0x61, 0x42, 0x46, 0x6A, 0x3C, 0x42, 0x7A, 0x53, 0x4C, 0x87, 0x71, 0x57, 0x1C, 0x01,
0x58, 0x1F, 0x3C, 0x2B, 0x0B, 0x2B, 0x3B, 0x1F, 0x1F, 0x3B, 0x2B, 0x0B, 0x2B, 0x3C, 0x1F, 0x00,
0x00, 0x01, 0xFF, 0x27, 0x00, 0x00, 0x01, 0x6C, 0x02, 0xBA, 0x00, 0x03, 0x00, 0x00, 0x63, 0x01,
0x33, 0x01, 0xD9, 0x01, 0xF4, 0x51, 0xFE, 0x0C, 0x02, 0xBA, 0xFD, 0x46, 0x00, 0x03, 0x00, 0x18,
0x00, 0x00, 0x03, 0x44, 0x02, 0xBA, 0x00, 0x0B, 0x00, 0x0F, 0x00, 0x29, 0x00, 0x00, 0x53, 0x35,
0x33, 0x35, 0x23, 0x07, 0x27, 0x37, 0x33, 0x11, 0x33, 0x15, 0x03, 0x01, 0x33, 0x01, 0x21, 0x35,
0x37, 0x36, 0x36, 0x35, 0x35, 0x34, 0x26, 0x23, 0x22, 0x06, 0x07, 0x27, 0x36, 0x36, 0x33, 0x32,
0x16, 0x15, 0x14, 0x06, 0x07, 0x07, 0x33, 0x15, 0x35, 0x68, 0x06, 0x51, 0x2E, 0x60, 0x70, 0x5D,
0xAD, 0x01, 0xF4, 0x51, 0xFE, 0x0C, 0x01, 0x45, 0x7B, 0x20, 0x20, 0x20, 0x1A, 0x1F, 0x20, 0x07,
0x42, 0x0D, 0x44, 0x3D, 0x40, 0x45, 0x3B, 0x2A, 0x55, 0xC4, 0x01, 0x49, 0x3C, 0xF8, 0x57, 0x29,
0x6B, 0xFE, 0xCB, 0x3C, 0xFE, 0xB7, 0x02, 0xBA, 0xFD, 0x46, 0x43, 0x62, 0x1A, 0x2B, 0x18, 0x04,
0x18, 0x1A, 0x20, 0x16, 0x18, 0x26, 0x37, 0x3E, 0x31, 0x2D, 0x43, 0x1E, 0x3D, 0x3D, 0x00, 0x03,
0x00, 0x18, 0xFF, 0xFA, 0x03, 0x3E, 0x02, 0xBA, 0x00, 0x0B, 0x00, 0x0F, 0x00, 0x3B, 0x00, 0x00,
0x53, 0x35, 0x33, 0x35, 0x23, 0x07, 0x27, 0x37, 0x33, 0x11, 0x33, 0x15, 0x03, 0x01, 0x33, 0x01,
0x05, 0x22, 0x26, 0x27, 0x37, 0x16, 0x16, 0x33, 0x32, 0x36, 0x35, 0x35, 0x34, 0x26, 0x23, 0x23,
0x35, 0x33, 0x32, 0x36, 0x35, 0x35, 0x34, 0x26, 0x23, 0x22, 0x06, 0x07, 0x27, 0x36, 0x36, 0x33,
0x32, 0x16, 0x15, 0x14, 0x06, 0x07, 0x15, 0x16, 0x16, 0x15, 0x14, 0x06, 0x35, 0x68, 0x06, 0x51,
0x2E, 0x60, 0x70, 0x5D, 0xAD, 0x01, 0xF4, 0x51, 0xFE, 0x0C, 0x01, 0xC1, 0x3A, 0x41, 0x13, 0x39,
0x0D, 0x28, 0x20, 0x21, 0x23, 0x24, 0x22, 0x2A, 0x28, 0x22, 0x1F, 0x1F, 0x1B, 0x1A, 0x29, 0x0F,
0x31, 0x14, 0x3F, 0x32, 0x3D, 0x4C, 0x2E, 0x1F, 0x23, 0x30, 0x51, 0x01, 0x49, 0x3C, 0xF8, 0x57,
0x29, 0x6B, 0xFE, 0xCB, 0x3C, 0xFE, 0xB7, 0x02, 0xBA, 0xFD, 0x46, 0x06, 0x2A, 0x1B, 0x2A, 0x16,
0x1D, 0x1B, 0x19, 0x05, 0x19, 0x18, 0x3D, 0x1B, 0x12, 0x04, 0x15, 0x18, 0x17, 0x15, 0x2A, 0x1B,
0x23, 0x34, 0x2D, 0x23, 0x2B, 0x06, 0x03, 0x06, 0x2C, 0x26, 0x32, 0x3B, 0x00, 0x03, 0x00, 0x1E,
0xFF, 0xFA, 0x03, 0x35, 0x02, 0xC0, 0x00, 0x19, 0x00, 0x1D, 0x00, 0x49, 0x00, 0x00, 0x53, 0x35,
0x37, 0x36, 0x36, 0x35, 0x35, 0x34, 0x26, 0x23, 0x22, 0x06, 0x07, 0x27, 0x36, 0x36, 0x33, 0x32,
0x16, 0x15, 0x14, 0x06, 0x07, 0x07, 0x33, 0x15, 0x03, 0x01, 0x33, 0x01, 0x05, 0x22, 0x26, 0x27,
0x37, 0x16, 0x16, 0x33, 0x32, 0x36, 0x35, 0x35, 0x34, 0x26, 0x23, 0x23, 0x35, 0x33, 0x32, 0x36,
0x35, 0x35, 0x34, 0x26, 0x23, 0x22, 0x06, 0x07, 0x27, 0x36, 0x36, 0x33, 0x32, 0x16, 0x15, 0x14,
0x06, 0x07, 0x15, 0x16, 0x16, 0x15, 0x14, 0x06, 0x25, 0x7B, 0x20, 0x20, 0x20, 0x1A, 0x1F, 0x20,
0x07, 0x42, 0x0D, 0x44, 0x3D, 0x40, 0x45, 0x3B, 0x2B, 0x54, 0xC4, 0xAC, 0x01, 0xF4, 0x51, 0xFE,
0x0B, 0x01, 0xC2, 0x3A, 0x41, 0x13, 0x38, 0x0D, 0x28, 0x21, 0x21, 0x23, 0x24, 0x23, 0x29, 0x27,
0x23, 0x1F, 0x1F, 0x1B, 0x1B, 0x29, 0x0E, 0x32, 0x14, 0x40, 0x32, 0x3D, 0x4C, 0x2E, 0x20, 0x24,
0x30, 0x51, 0x01, 0x49, 0x43, 0x62, 0x1A, 0x2A, 0x19, 0x04, 0x18, 0x1A, 0x20, 0x16, 0x18, 0x26,
0x37, 0x3E, 0x31, 0x2D, 0x43, 0x1E, 0x3D, 0x3D, 0xFE, 0xB7, 0x02, 0xBA, 0xFD, 0x46, 0x06, 0x2A,
0x1B, 0x2A, 0x16, 0x1D, 0x1B, 0x19, 0x05, 0x19, 0x18, 0x3D, 0x1B, 0x12, 0x04, 0x15, 0x18, 0x17,
0x15, 0x2A, 0x1B, 0x23, 0x34, 0x2D, 0x23, 0x2B, 0x06, 0x03, 0x06, 0x2C, 0x26, 0x32, 0x3B, 0x00,
0x00, 0x04, 0x00, 0x18, 0x00, 0x00, 0x03, 0x37, 0x02, 0xBA, 0x00, 0x0B, 0x00, 0x0F, 0x00, 0x1A,
0x00, 0x1E, 0x00, 0x00, 0x53, 0x35, 0x33, 0x35, 0x23, 0x07, 0x27, 0x37, 0x33, 0x11, 0x33, 0x15,
0x03, 0x01, 0x33, 0x01, 0x21, 0x35, 0x23, 0x35, 0x37, 0x33, 0x15, 0x33, 0x15, 0x23, 0x15, 0x27,
0x33, 0x35, 0x23, 0x35, 0x68, 0x06, 0x51, 0x2E, 0x60, 0x70, 0x5D, 0xAD, 0x01, 0xF4, 0x51, 0xFE,
0x0C, 0x01, 0xD1, 0xB5, 0x9F, 0x5F, 0x34, 0x34, 0xBF, 0x76, 0x05, 0x01, 0x49, 0x3C, 0xF8, 0x57,
0x29, 0x6B, 0xFE, 0xCB, 0x3C, 0xFE, 0xB7, 0x02, 0xBA, 0xFD, 0x46, 0x47, 0x3F, 0xEB, 0xF0, 0x3A,
0x47, 0x81, 0xA5, 0x00, 0x00, 0x04, 0x00, 0x11, 0x00, 0x00, 0x03, 0x25, 0x02, 0xC0, 0x00, 0x2B,
0x00, 0x2F, 0x00, 0x3A, 0x00, 0x3E, 0x00, 0x00, 0x53, 0x22, 0x26, 0x27, 0x37, 0x16, 0x16, 0x33,
0x32, 0x36, 0x35, 0x35, 0x34, 0x26, 0x23, 0x23, 0x35, 0x33, 0x32, 0x36, 0x35, 0x35, 0x34, 0x26,
0x23, 0x22, 0x06, 0x07, 0x27, 0x36, 0x36, 0x33, 0x32, 0x16, 0x15, 0x14, 0x06, 0x07, 0x15, 0x16,
0x16, 0x15, 0x14, 0x06, 0x03, 0x01, 0x33, 0x01, 0x21, 0x35, 0x23, 0x35, 0x37, 0x33, 0x15, 0x33,
0x15, 0x23, 0x15, 0x27, 0x33, 0x35, 0x23, 0xA0, 0x3A, 0x41, 0x14, 0x39, 0x0D, 0x28, 0x21, 0x21,
0x23, 0x26, 0x22, 0x28, 0x26, 0x22, 0x21, 0x1F, 0x1C, 0x1A, 0x29, 0x0F, 0x31, 0x14, 0x40, 0x32,
0x3D, 0x4B, 0x2D, 0x20, 0x23, 0x30, 0x51, 0x5C, 0x01, 0xF4, 0x51, 0xFE, 0x0B, 0x01, 0xD2, 0xB6,
0x9F, 0x5F, 0x35, 0x35, 0xBF, 0x77, 0x05, 0x01, 0x43, 0x2A, 0x1B, 0x2A, 0x16, 0x1D, 0x1D, 0x19,
0x04, 0x19, 0x17, 0x3D, 0x19, 0x13, 0x04, 0x15, 0x19, 0x17, 0x15, 0x2A, 0x1B, 0x23, 0x34, 0x2D,
0x23, 0x2B, 0x06, 0x03, 0x06, 0x2C, 0x26, 0x32, 0x3B, 0xFE, 0xBD, 0x02, 0xBA, 0xFD, 0x46, 0x47,
0x3F, 0xEB, 0xF0, 0x3A, 0x47, 0x81, 0xA5, 0x00, 0x00, 0x03, 0x00, 0x18, 0xFF, 0xFA, 0x03, 0x44,
0x02, 0xBA, 0x00, 0x0B, 0x00, 0x0F, 0x00, 0x30, 0x00, 0x00, 0x53, 0x35, 0x33, 0x35, 0x23, 0x07,
0x27, 0x37, 0x33, 0x11, 0x33, 0x15, 0x03, 0x01, 0x33, 0x01, 0x05, 0x22, 0x26, 0x27, 0x37, 0x16,
0x16, 0x33, 0x32, 0x36, 0x35, 0x35, 0x34, 0x26, 0x23, 0x22, 0x06, 0x07, 0x27, 0x37, 0x33, 0x15,
0x23, 0x07, 0x33, 0x36, 0x36, 0x33, 0x32, 0x16, 0x15, 0x14, 0x06, 0x35, 0x68, 0x06, 0x51, 0x2E,
0x60, 0x70, 0x5D, 0xAD, 0x01, 0xF4, 0x51, 0xFE, 0x0C, 0x01, 0xC7, 0x38, 0x40, 0x12, 0x36, 0x0E,
0x26, 0x20, 0x22, 0x22, 0x22, 0x20, 0x19, 0x1F, 0x09, 0x3E, 0x0E, 0xEE, 0xB5, 0x09, 0x04, 0x0D,
0x24, 0x24, 0x33, 0x47, 0x4D, 0x01, 0x49, 0x3C, 0xF8, 0x57, 0x29, 0x6B, 0xFE, 0xCB, 0x3C, 0xFE,
0xB7, 0x02, 0xBA, 0xFD, 0x46, 0x06, 0x2A, 0x1B, 0x2A, 0x16, 0x1D, 0x22, 0x1C, 0x04, 0x1C, 0x20,
0x12, 0x09, 0x08, 0xD0, 0x3E, 0x7B, 0x19, 0x1F, 0x3E, 0x37, 0x38, 0x49, 0x00, 0x03, 0x00, 0x1E,
0xFF, 0xFA, 0x03, 0x3B, 0x02, 0xC0, 0x00, 0x19, 0x00, 0x1D, 0x00, 0x3E, 0x00, 0x00, 0x53, 0x35,
0x37, 0x36, 0x36, 0x35, 0x35, 0x34, 0x26, 0x23, 0x22, 0x06, 0x07, 0x27, 0x36, 0x36, 0x33, 0x32,
0x16, 0x15, 0x14, 0x06, 0x07, 0x07, 0x33, 0x15, 0x03, 0x01, 0x33, 0x01, 0x05, 0x22, 0x26, 0x27,
0x37, 0x16, 0x16, 0x33, 0x32, 0x36, 0x35, 0x35, 0x34, 0x26, 0x23, 0x22, 0x06, 0x07, 0x27, 0x37,
0x33, 0x15, 0x23, 0x07, 0x33, 0x36, 0x36, 0x33, 0x32, 0x16, 0x15, 0x14, 0x06, 0x25, 0x7B, 0x20,
0x20, 0x20, 0x1A, 0x1F, 0x20, 0x07, 0x42, 0x0D, 0x44, 0x3D, 0x40, 0x45, 0x3B, 0x2B, 0x54, 0xC4,
0xAC, 0x01, 0xF4, 0x51, 0xFE, 0x0B, 0x01, 0xC7, 0x37, 0x41, 0x12, 0x37, 0x0E, 0x26, 0x20, 0x22,
0x22, 0x22, 0x21, 0x18, 0x1F, 0x09, 0x3E, 0x0E, 0xED, 0xB4, 0x0A, 0x05, 0x0D, 0x23, 0x24, 0x34,
0x47, 0x4D, 0x01, 0x49, 0x43, 0x62, 0x1A, 0x2A, 0x19, 0x04, 0x18, 0x1A, 0x20, 0x16, 0x18, 0x26,
0x37, 0x3E, 0x31, 0x2D, 0x43, 0x1E, 0x3D, 0x3D, 0xFE, 0xB7, 0x02, 0xBA, 0xFD, 0x46, 0x06, 0x2A,
0x1B, 0x2A, 0x16, 0x1D, 0x22, 0x1C, 0x04, 0x1C, 0x20, 0x12, 0x09, 0x08, 0xD0, 0x3E, 0x7B, 0x19,
0x1F, 0x3E, 0x37, 0x38, 0x49, 0x00, 0x00, 0x03, 0x00, 0x11, 0xFF, 0xFA, 0x03, 0x32, 0x02, 0xC0,
0x00, 0x2B, 0x00, 0x2F, 0x00, 0x50, 0x00, 0x00, 0x53, 0x22, 0x26, 0x27, 0x37, 0x16, 0x16, 0x33,
0x32, 0x36, 0x35, 0x35, 0x34, 0x26, 0x23, 0x23, 0x35, 0x33, 0x32, 0x36, 0x35, 0x35, 0x34, 0x26,
0x23, 0x22, 0x06, 0x07, 0x27, 0x36, 0x36, 0x33, 0x32, 0x16, 0x15, 0x14, 0x06, 0x07, 0x15, 0x16,
0x16, 0x15, 0x14, 0x06, 0x03, 0x01, 0x33, 0x01, 0x05, 0x22, 0x26, 0x27, 0x37, 0x16, 0x16, 0x33,
0x32, 0x36, 0x35, 0x35, 0x34, 0x26, 0x23, 0x22, 0x06, 0x07, 0x27, 0x37, 0x33, 0x15, 0x23, 0x07,
0x33, 0x36, 0x36, 0x33, 0x32, 0x16, 0x15, 0x14, 0x06, 0xA0, 0x3A, 0x41, 0x14, 0x39, 0x0D, 0x28,
0x21, 0x21, 0x23, 0x26, 0x22, 0x28, 0x26, 0x22, 0x21, 0x1F, 0x1C, 0x1A, 0x29, 0x0F, 0x31, 0x14,
0x40, 0x32, 0x3D, 0x4B, 0x2D, 0x20, 0x23, 0x30, 0x51, 0x5C, 0x01, 0xF4, 0x51, 0xFE, 0x0B, 0x01,
0xC7, 0x37, 0x41, 0x12, 0x37, 0x0E, 0x26, 0x20, 0x22, 0x22, 0x22, 0x21, 0x18, 0x1F, 0x09, 0x3E,
0x0E, 0xED, 0xB4, 0x0A, 0x05, 0x0D, 0x23, 0x24, 0x34, 0x47, 0x4D, 0x01, 0x43, 0x2A, 0x1B, 0x2A,
0x16, 0x1D, 0x1D, 0x19, 0x04, 0x19, 0x17, 0x3D, 0x19, 0x13, 0x04, 0x15, 0x19, 0x17, 0x15, 0x2A,
0x1B, 0x23, 0x34, 0x2D, 0x23, 0x2B, 0x06, 0x03, 0x06, 0x2C, 0x26, 0x32, 0x3B, 0xFE, 0xBD, 0x02,
0xBA, 0xFD, 0x46, 0x06, 0x2A, 0x1B, 0x2A, 0x16, 0x1D, 0x22, 0x1C, 0x04, 0x1C, 0x20, 0x12, 0x09,
0x08, 0xD0, 0x3E, 0x7B, 0x19, 0x1F, 0x3E, 0x37, 0x38, 0x49, 0x00, 0x04, 0x00, 0x13, 0xFF, 0xFA,
0x03, 0x37, 0x02, 0xBA, 0x00, 0x03, 0x00, 0x0E, 0x00, 0x12, 0x00, 0x33, 0x00, 0x00, 0x53, 0x33,
0x35, 0x23, 0x13, 0x35, 0x23, 0x35, 0x37, 0x33, 0x15, 0x33, 0x15, 0x23, 0x15, 0x03, 0x01, 0x33,
0x01, 0x05, 0x22, 0x26, 0x27, 0x37, 0x16, 0x16, 0x33, 0x32, 0x36, 0x35, 0x35, 0x34, 0x26, 0x23,
0x22, 0x06, 0x07, 0x27, 0x37, 0x33, 0x15, 0x23, 0x07, 0x33, 0x36, 0x36, 0x33, 0x32, 0x16, 0x15,
0x14, 0x06, 0x52, 0x76, 0x05, 0x05, 0xB5, 0x9F, 0x5F, 0x35, 0x35, 0x86, 0x01, 0xF4, 0x51, 0xFE,
0x0C, 0x01, 0xC7, 0x38, 0x40, 0x12, 0x36, 0x0E, 0x26, 0x20, 0x22, 0x22, 0x22, 0x20, 0x19, 0x1F,
0x09, 0x3E, 0x0E, 0xEE, 0xB5, 0x09, 0x04, 0x0D, 0x24, 0x24, 0x33, 0x47, 0x4D, 0x01, 0xCA, 0xA5,
0xFE, 0xDA, 0x47, 0x3F, 0xEB, 0xF0, 0x3A, 0x47, 0xFE, 0xB7, 0x02, 0xBA, 0xFD, 0x46, 0x06, 0x2A,
0x1B, 0x2A, 0x16, 0x1D, 0x22, 0x1C, 0x04, 0x1C, 0x20, 0x12, 0x09, 0x08, 0xD0, 0x3E, 0x7B, 0x19,
0x1F, 0x3E, 0x37, 0x38, 0x49, 0x00, 0x00, 0x04, 0x00, 0x18, 0xFF, 0xFA, 0x03, 0x31, 0x02, 0xBA,
0x00, 0x03, 0x00, 0x0F, 0x00, 0x24, 0x00, 0x32, 0x00, 0x00, 0x73, 0x01, 0x33, 0x01, 0x03, 0x35,
0x33, 0x35, 0x23, 0x07, 0x27, 0x37, 0x33, 0x11, 0x33, 0x15, 0x01, 0x22, 0x26, 0x35, 0x34, 0x36,
0x36, 0x37, 0x33, 0x06, 0x06, 0x07, 0x17, 0x36, 0x36, 0x33, 0x32, 0x16, 0x15, 0x14, 0x06, 0x27,
0x32, 0x36, 0x35, 0x35, 0x34, 0x26, 0x23, 0x22, 0x06, 0x15, 0x15, 0x14, 0x16, 0x98, 0x01, 0xF4,
0x51, 0xFE, 0x0C, 0xB4, 0x68, 0x06, 0x51, 0x2E, 0x60, 0x70, 0x5D, 0x01, 0x5A, 0x45, 0x4D, 0x2C,
0x42, 0x22, 0x67, 0x47, 0x54, 0x0D, 0x05, 0x0B, 0x2A, 0x26, 0x32, 0x43, 0x4F, 0x43, 0x20, 0x23,
0x24, 0x1F, 0x1E, 0x25, 0x24, 0x02, 0xBA, 0xFD, 0x46, 0x01, 0x49, 0x3C, 0xF8, 0x57, 0x29, 0x6B,
0xFE, 0xCB, 0x3C, 0xFE, 0xB1, 0x4F, 0x43, 0x34, 0x58, 0x44, 0x15, 0x30, 0x53, 0x37, 0x01, 0x15,
0x21, 0x3D, 0x35, 0x38, 0x48, 0x39, 0x1F, 0x1E, 0x07, 0x1E, 0x1F, 0x1F, 0x1E, 0x07, 0x1E, 0x1F,
0x00, 0x04, 0x00, 0x1E, 0xFF, 0xFA, 0x03, 0x22, 0x02, 0xBA, 0x00, 0x20, 0x00, 0x24, 0x00, 0x39,
0x00, 0x47, 0x00, 0x00, 0x53, 0x22, 0x26, 0x27, 0x37, 0x16, 0x16, 0x33, 0x32, 0x36, 0x35, 0x35,
0x34, 0x26, 0x23, 0x22, 0x06, 0x07, 0x27, 0x37, 0x33, 0x15, 0x23, 0x07, 0x33, 0x36, 0x36, 0x33,
0x32, 0x16, 0x15, 0x14, 0x06, 0x03, 0x01, 0x33, 0x01, 0x05, 0x22, 0x26, 0x35, 0x34, 0x36, 0x36,
0x37, 0x33, 0x06, 0x06, 0x07, 0x17, 0x36, 0x36, 0x33, 0x32, 0x16, 0x15, 0x14, 0x06, 0x27, 0x32,
0x36, 0x35, 0x35, 0x34, 0x26, 0x23, 0x22, 0x06, 0x15, 0x15, 0x14, 0x16, 0xA8, 0x38, 0x40, 0x12,
0x37, 0x0E, 0x26, 0x20, 0x22, 0x22, 0x22, 0x21, 0x18, 0x1F, 0x09, 0x3F, 0x0F, 0xED, 0xB4, 0x0A,
0x04, 0x0D, 0x24, 0x24, 0x34, 0x47, 0x4E, 0x66, 0x01, 0xF4, 0x51, 0xFE, 0x0C, 0x01, 0xB6, 0x45,
0x4D, 0x2C, 0x42, 0x22, 0x67, 0x47, 0x54, 0x0D, 0x05, 0x0B, 0x2A, 0x26, 0x32, 0x43, 0x4F, 0x43,
0x20, 0x23, 0x24, 0x1F, 0x1E, 0x25, 0x24, 0x01, 0x43, 0x2A, 0x1B, 0x2A, 0x16, 0x1D, 0x22, 0x1C,
0x04, 0x1C, 0x20, 0x12, 0x09, 0x08, 0xD0, 0x3E, 0x7B, 0x19, 0x1F, 0x3E, 0x37, 0x38, 0x49, 0xFE,
0xBD, 0x02, 0xBA, 0xFD, 0x46, 0x06, 0x4F, 0x43, 0x34, 0x58, 0x44, 0x15, 0x30, 0x53, 0x37, 0x01,
0x15, 0x21, 0x3D, 0x35, 0x38, 0x48, 0x39, 0x1F, 0x1E, 0x07, 0x1E, 0x1F, 0x1F, 0x1E, 0x07, 0x1E,
0x1F, 0x00, 0x00, 0x03, 0x00, 0x18, 0x00, 0x00, 0x03, 0x3E, 0x02, 0xBA, 0x00, 0x0B, 0x00, 0x0F,
0x00, 0x18, 0x00, 0x00, 0x53, 0x35, 0x33, 0x35, 0x23, 0x07, 0x27, 0x37, 0x33, 0x11, 0x33, 0x15,
0x03, 0x01, 0x33, 0x01, 0x21, 0x13, 0x23, 0x15, 0x23, 0x35, 0x21, 0x15, 0x03, 0x35, 0x68, 0x06,
0x51, 0x2E, 0x60, 0x70, 0x5D, 0xAD, 0x01, 0xF4, 0x51, 0xFE, 0x0C, 0x01, 0x7D, 0x8C, 0x89, 0x41,
0x01, 0x16, 0x87, 0x01, 0x49, 0x3C, 0xF8, 0x57, 0x29, 0x6B, 0xFE, 0xCB, 0x3C, 0xFE, 0xB7, 0x02,
0xBA, 0xFD, 0x46, 0x01, 0x35, 0x43, 0x7F, 0x3F, 0xFE, 0xCE, 0x00, 0x05, 0x00, 0x18, 0xFF, 0xFA,
0x03, 0x4F, 0x02, 0xBA, 0x00, 0x03, 0x00, 0x0F, 0x00, 0x1D, 0x00, 0x37, 0x00, 0x45, 0x00, 0x00,
0x73, 0x01, 0x33, 0x01, 0x03, 0x35, 0x33, 0x35, 0x23, 0x07, 0x27, 0x37, 0x33, 0x11, 0x33, 0x15,
0x01, 0x32, 0x36, 0x35, 0x35, 0x34, 0x26, 0x23, 0x22, 0x06, 0x15, 0x15, 0x14, 0x16, 0x17, 0x22,
0x26, 0x35, 0x34, 0x36, 0x37, 0x35, 0x26, 0x26, 0x35, 0x34, 0x36, 0x33, 0x32, 0x16, 0x15, 0x14,
0x06, 0x07, 0x15, 0x16, 0x16, 0x15, 0x14, 0x06, 0x27, 0x32, 0x36, 0x35, 0x35, 0x34, 0x26, 0x23,
0x22, 0x06, 0x15, 0x15, 0x14, 0x16, 0x98, 0x01, 0xF4, 0x51, 0xFE, 0x0C, 0xB4, 0x68, 0x06, 0x51,
0x2E, 0x60, 0x70, 0x5D, 0x01, 0x77, 0x21, 0x22, 0x22, 0x21, 0x20, 0x22, 0x22, 0x20, 0x46, 0x4C,
0x2C, 0x23, 0x1E, 0x25, 0x46, 0x40, 0x41, 0x46, 0x25, 0x1E, 0x24, 0x2B, 0x4C, 0x47, 0x1F, 0x1F,
0x1F, 0x1F, 0x1E, 0x1F, 0x1F, 0x02, 0xBA, 0xFD, 0x46, 0x01, 0x49, 0x3C, 0xF8, 0x57, 0x29, 0x6B,
0xFE, 0xCB, 0x3C, 0xFE, 0xEA, 0x1A, 0x18, 0x0B, 0x17, 0x1B, 0x1B, 0x17, 0x0B, 0x18, 0x1A, 0x39,
0x3D, 0x2E, 0x23, 0x2D, 0x09, 0x04, 0x0A, 0x2B, 0x1F, 0x2B, 0x36, 0x36, 0x2B, 0x1F, 0x2B, 0x0A,
0x04, 0x09, 0x2D, 0x23, 0x2E, 0x3D, 0xDE, 0x19, 0x16, 0x08, 0x17, 0x18, 0x18, 0x17, 0x08, 0x16,
0x19, 0x00, 0x00, 0x05, 0x00, 0x11, 0xFF, 0xFA, 0x03, 0x3D, 0x02, 0xC0, 0x00, 0x2B, 0x00, 0x2F,
0x00, 0x49, 0x00, 0x57, 0x00, 0x65, 0x00, 0x00, 0x53, 0x22, 0x26, 0x27, 0x37, 0x16, 0x16, 0x33,
0x32, 0x36, 0x35, 0x35, 0x34, 0x26, 0x23, 0x23, 0x35, 0x33, 0x32, 0x36, 0x35, 0x35, 0x34, 0x26,
0x23, 0x22, 0x06, 0x07, 0x27, 0x36, 0x36, 0x33, 0x32, 0x16, 0x15, 0x14, 0x06, 0x07, 0x15, 0x16,
0x16, 0x15, 0x14, 0x06, 0x03, 0x01, 0x33, 0x01, 0x05, 0x22, 0x26, 0x35, 0x34, 0x36, 0x37, 0x35,
0x26, 0x26, 0x35, 0x34, 0x36, 0x33, 0x32, 0x16, 0x15, 0x14, 0x06, 0x07, 0x15, 0x16, 0x16, 0x15,
0x14, 0x06, 0x27, 0x32, 0x36, 0x35, 0x35, 0x34, 0x26, 0x23, 0x22, 0x06, 0x15, 0x15, 0x14, 0x16,
0x17, 0x32, 0x36, 0x35, 0x35, 0x34, 0x26, 0x23, 0x22, 0x06, 0x15, 0x15, 0x14, 0x16, 0xA0, 0x3A,
0x41, 0x14, 0x39, 0x0D, 0x28, 0x21, 0x21, 0x23, 0x26, 0x22, 0x28, 0x26, 0x22, 0x21, 0x1F, 0x1C,
0x1A, 0x29, 0x0F, 0x31, 0x14, 0x40, 0x32, 0x3D, 0x4B, 0x2D, 0x20, 0x23, 0x30, 0x51, 0x5C, 0x01,
0xF4, 0x51, 0xFE, 0x0B, 0x01, 0xD4, 0x46, 0x4D, 0x2C, 0x23, 0x1D, 0x25, 0x46, 0x40, 0x40, 0x46,
0x25, 0x1D, 0x24, 0x2B, 0x4D, 0x46, 0x1F, 0x1E, 0x1E, 0x1F, 0x1E, 0x1F, 0x1F, 0x1E, 0x21, 0x22,
0x22, 0x21, 0x20, 0x22, 0x22, 0x01, 0x43, 0x2A, 0x1B, 0x2A, 0x16, 0x1D, 0x1D, 0x19, 0x04, 0x19,
0x17, 0x3D, 0x19, 0x13, 0x04, 0x15, 0x19, 0x17, 0x15, 0x2A, 0x1B, 0x23, 0x34, 0x2D, 0x23, 0x2B,
0x06, 0x03, 0x06, 0x2C, 0x26, 0x32, 0x3B, 0xFE, 0xBD, 0x02, 0xBA, 0xFD, 0x46, 0x06, 0x3D, 0x2E,
0x23, 0x2D, 0x09, 0x04, 0x0A, 0x2B, 0x1F, 0x2B, 0x36, 0x36, 0x2B, 0x1F, 0x2B, 0x0A, 0x04, 0x09,
0x2D, 0x23, 0x2E, 0x3D, 0xDE, 0x19, 0x16, 0x08, 0x17, 0x18, 0x18, 0x17, 0x08, 0x16, 0x19, 0xA5,
0x1A, 0x18, 0x0B, 0x17, 0x1B, 0x1B, 0x17, 0x0B, 0x18, 0x1A, 0x00, 0x05, 0x00, 0x1E, 0xFF, 0xFA,
0x03, 0x40, 0x02, 0xBA, 0x00, 0x03, 0x00, 0x24, 0x00, 0x32, 0x00, 0x4C, 0x00, 0x5A, 0x00, 0x00,
0x73, 0x01, 0x33, 0x01, 0x03, 0x22, 0x26, 0x27, 0x37, 0x16, 0x16, 0x33, 0x32, 0x36, 0x35, 0x35,
0x34, 0x26, 0x23, 0x22, 0x06, 0x07, 0x27, 0x37, 0x33, 0x15, 0x23, 0x07, 0x33, 0x36, 0x36, 0x33,
0x32, 0x16, 0x15, 0x14, 0x06, 0x01, 0x32, 0x36, 0x35, 0x35, 0x34, 0x26, 0x23, 0x22, 0x06, 0x15,
0x15, 0x14, 0x16, 0x17, 0x22, 0x26, 0x35, 0x34, 0x36, 0x37, 0x35, 0x26, 0x26, 0x35, 0x34, 0x36,
0x33, 0x32, 0x16, 0x15, 0x14, 0x06, 0x07, 0x15, 0x16, 0x16, 0x15, 0x14, 0x06, 0x27, 0x32, 0x36,
0x35, 0x35, 0x34, 0x26, 0x23, 0x22, 0x06, 0x15, 0x15, 0x14, 0x16, 0x89, 0x01, 0xF4, 0x51, 0xFE,
0x0C, 0x32, 0x38, 0x40, 0x12, 0x37, 0x0E, 0x26, 0x20, 0x22, 0x22, 0x22, 0x21, 0x18, 0x1F, 0x09,
0x3F, 0x0F, 0xED, 0xB4, 0x0A, 0x04, 0x0D, 0x24, 0x24, 0x34, 0x47, 0x4E, 0x01, 0xBE, 0x21, 0x22,
0x22, 0x21, 0x20, 0x22, 0x22, 0x20, 0x46, 0x4C, 0x2C, 0x23, 0x1E, 0x25, 0x46, 0x40, 0x41, 0x46,
0x25, 0x1E, 0x24, 0x2B, 0x4C, 0x47, 0x1F, 0x1F, 0x1F, 0x1F, 0x1E, 0x1F, 0x1F, 0x02, 0xBA, 0xFD,
0x46, 0x01, 0x43, 0x2A, 0x1B, 0x2A, 0x16, 0x1D, 0x22, 0x1C, 0x04, 0x1C, 0x20, 0x12, 0x09, 0x08,
0xD0, 0x3E, 0x7B, 0x19, 0x1F, 0x3E, 0x37, 0x38, 0x49, 0xFE, 0xF0, 0x1A, 0x18, 0x0B, 0x17, 0x1B,
0x1B, 0x17, 0x0B, 0x18, 0x1A, 0x39, 0x3D, 0x2E, 0x23, 0x2D, 0x09, 0x04, 0x0A, 0x2B, 0x1F, 0x2B,
0x36, 0x36, 0x2B, 0x1F, 0x2B, 0x0A, 0x04, 0x09, 0x2D, 0x23, 0x2E, 0x3D, 0xDE, 0x19, 0x16, 0x08,
0x17, 0x18, 0x18, 0x17, 0x08, 0x16, 0x19, 0x00, 0x00, 0x05, 0x00, 0x1A, 0xFF, 0xFA, 0x03, 0x1C,
0x02, 0xBA, 0x00, 0x08, 0x00, 0x0C, 0x00, 0x26, 0x00, 0x34, 0x00, 0x42, 0x00, 0x00, 0x53, 0x13,
0x23, 0x15, 0x23, 0x35, 0x21, 0x15, 0x03, 0x03, 0x01, 0x33, 0x01, 0x05, 0x22, 0x26, 0x35, 0x34,
0x36, 0x37, 0x35, 0x26, 0x26, 0x35, 0x34, 0x36, 0x33, 0x32, 0x16, 0x15, 0x14, 0x06, 0x07, 0x15,
0x16, 0x16, 0x15, 0x14, 0x06, 0x27, 0x32, 0x36, 0x35, 0x35, 0x34, 0x26, 0x23, 0x22, 0x06, 0x15,
0x15, 0x14, 0x16, 0x17, 0x32, 0x36, 0x35, 0x35, 0x34, 0x26, 0x23, 0x22, 0x06, 0x15, 0x15, 0x14,
0x16, 0x58, 0x8C, 0x89, 0x41, 0x01, 0x16, 0x87, 0x44, 0x01, 0xF5, 0x50, 0xFE, 0x0C, 0x01, 0xD4,
0x47, 0x4C, 0x2C, 0x23, 0x1D, 0x25, 0x46, 0x40, 0x40, 0x46, 0x25, 0x1D, 0x23, 0x2B, 0x4C, 0x46,
0x1F, 0x1E, 0x1E, 0x1F, 0x1E, 0x20, 0x20, 0x1E, 0x21, 0x21, 0x21, 0x21, 0x20, 0x23, 0x23, 0x01,
0x49, 0x01, 0x35, 0x44, 0x80, 0x3F, 0xFE, 0xCE, 0xFE, 0xB7, 0x02, 0xBA, 0xFD, 0x46, 0x06, 0x3D,
0x2E, 0x23, 0x2D, 0x09, 0x04, 0x0A, 0x2B, 0x1F, 0x2B, 0x36, 0x36, 0x2B, 0x1F, 0x2B, 0x0A, 0x04,
0x09, 0x2D, 0x23, 0x2E, 0x3D, 0xDE, 0x19, 0x16, 0x08, 0x17, 0x18, 0x18, 0x17, 0x08, 0x16, 0x19,
0xA5, 0x1A, 0x18, 0x0B, 0x17, 0x1B, 0x1B, 0x17, 0x0B, 0x18, 0x1A, 0x00, 0x00, 0x04, 0x00, 0x18,
0x00, 0x00, 0x03, 0x48, 0x02, 0xBA, 0x00, 0x03, 0x00, 0x0F, 0x00, 0x24, 0x00, 0x32, 0x00, 0x00,
0x73, 0x01, 0x33, 0x01, 0x03, 0x35, 0x33, 0x35, 0x23, 0x07, 0x27, 0x37, 0x33, 0x11, 0x33, 0x15,
0x01, 0x36, 0x36, 0x37, 0x27, 0x06, 0x06, 0x23, 0x22, 0x26, 0x35, 0x34, 0x36, 0x33, 0x32, 0x16,
0x15, 0x14, 0x06, 0x06, 0x07, 0x27, 0x32, 0x36, 0x35, 0x35, 0x34, 0x26, 0x23, 0x22, 0x06, 0x15,
0x15, 0x14, 0x16, 0x98, 0x01, 0xF4, 0x51, 0xFE, 0x0C, 0xB4, 0x68, 0x06, 0x51, 0x2E, 0x60, 0x70,
0x5D, 0x01, 0x0D, 0x47, 0x54, 0x0C, 0x04, 0x0B, 0x29, 0x26, 0x33, 0x43, 0x50, 0x42, 0x45, 0x4C,
0x2B, 0x41, 0x22, 0x04, 0x1F, 0x25, 0x24, 0x1F, 0x1F, 0x25, 0x25, 0x02, 0xBA, 0xFD, 0x46, 0x01,
0x49, 0x3C, 0xF8, 0x57, 0x29, 0x6B, 0xFE, 0xCB, 0x3C, 0xFE, 0xB7, 0x30, 0x53, 0x37, 0x01, 0x15,
0x22, 0x3F, 0x34, 0x39, 0x47, 0x4F, 0x43, 0x34, 0x58, 0x43, 0x16, 0xBD, 0x1F, 0x1D, 0x08, 0x1E,
0x1F, 0x1F, 0x1E, 0x08, 0x1D, 0x1F, 0x00, 0x02, 0x00, 0x26, 0xFF, 0xFA, 0x01, 0x52, 0x01, 0x77,
0x00, 0x0B, 0x00, 0x19, 0x00, 0x00, 0x57, 0x22, 0x26, 0x35, 0x34, 0x36, 0x33, 0x32, 0x16, 0x15,
0x14, 0x06, 0x27, 0x32, 0x36, 0x35, 0x35, 0x34, 0x26, 0x23, 0x22, 0x06, 0x15, 0x15, 0x14, 0x16,
0xBC, 0x4D, 0x49, 0x49, 0x4D, 0x4D, 0x49, 0x49, 0x4D, 0x26, 0x1E, 0x1E, 0x26, 0x26, 0x1E, 0x1E,
0x06, 0x63, 0x5B, 0x5C, 0x63, 0x63, 0x5B, 0x5B, 0x64, 0x3E, 0x32, 0x2C, 0x45, 0x2C, 0x32, 0x32,
0x2C, 0x45, 0x2C, 0x32, 0x00, 0x01, 0x00, 0x18, 0x00, 0x00, 0x01, 0x45, 0x01, 0x71, 0x00, 0x0B,
0x00, 0x00, 0x73, 0x35, 0x33, 0x35, 0x23, 0x07, 0x27, 0x37, 0x33, 0x11, 0x33, 0x15, 0x35, 0x68,
0x06, 0x51, 0x2E, 0x60, 0x70, 0x5D, 0x3C, 0xF8, 0x57, 0x29, 0x6B, 0xFE, 0xCB, 0x3C, 0x00, 0x01,
0x00, 0x1E, 0x00, 0x00, 0x01, 0x3B, 0x01, 0x77, 0x00, 0x19, 0x00, 0x00, 0x73, 0x35, 0x37, 0x36,
0x36, 0x35, 0x35, 0x34, 0x26, 0x23, 0x22, 0x06, 0x07, 0x27, 0x36, 0x36, 0x33, 0x32, 0x16, 0x15,
0x14, 0x06, 0x07, 0x07, 0x33, 0x15, 0x25, 0x7B, 0x20, 0x20, 0x20, 0x1A, 0x1F, 0x20, 0x07, 0x42,
0x0D, 0x44, 0x3D, 0x40, 0x45, 0x3B, 0x2B, 0x54, 0xC4, 0x43, 0x62, 0x1A, 0x2B, 0x18, 0x04, 0x18,
0x1A, 0x20, 0x16, 0x18, 0x26, 0x37, 0x3E, 0x31, 0x2D, 0x43, 0x1E, 0x3D, 0x3D, 0x00, 0x00, 0x01,
0x00, 0x11, 0xFF, 0xFA, 0x01, 0x33, 0x01, 0x77, 0x00, 0x2B, 0x00, 0x00, 0x57, 0x22, 0x26, 0x27,
0x37, 0x16, 0x16, 0x33, 0x32, 0x36, 0x35, 0x35, 0x34, 0x26, 0x23, 0x23, 0x35, 0x33, 0x32, 0x36,
0x35, 0x35, 0x34, 0x26, 0x23, 0x22, 0x06, 0x07, 0x27, 0x36, 0x36, 0x33, 0x32, 0x16, 0x15, 0x14,
0x06, 0x07, 0x15, 0x16, 0x16, 0x15, 0x14, 0x06, 0xA0, 0x3A, 0x41, 0x14, 0x39, 0x0D, 0x28, 0x21,
0x21, 0x23, 0x25, 0x22, 0x29, 0x27, 0x22, 0x20, 0x1F, 0x1C, 0x1A, 0x29, 0x0F, 0x31, 0x14, 0x40,
0x32, 0x3D, 0x4B, 0x2D, 0x20, 0x23, 0x30, 0x51, 0x06, 0x2A, 0x1B, 0x2A, 0x16, 0x1D, 0x1B, 0x19,
0x05, 0x19, 0x18, 0x3D, 0x1B, 0x12, 0x04, 0x15, 0x18, 0x17, 0x15, 0x2A, 0x1B, 0x23, 0x34, 0x2D,
0x23, 0x2B, 0x06, 0x03, 0x06, 0x2C, 0x26, 0x32, 0x3B, 0x00, 0x00, 0x02, 0x00, 0x13, 0x00, 0x00,
0x01, 0x46, 0x01, 0x71, 0x00, 0x0A, 0x00, 0x0E, 0x00, 0x00, 0x73, 0x35, 0x23, 0x35, 0x37, 0x33,
0x15, 0x33, 0x15, 0x23, 0x15, 0x27, 0x33, 0x35, 0x23, 0xC8, 0xB5, 0x9F, 0x5F, 0x35, 0x35, 0xBF,
0x76, 0x05, 0x47, 0x3F, 0xEB, 0xF0, 0x3A, 0x47, 0x81, 0xA5, 0x00, 0x01, 0x00, 0x20, 0xFF, 0xFA,
0x01, 0x3F, 0x01, 0x71, 0x00, 0x20, 0x00, 0x00, 0x57, 0x22, 0x26, 0x27, 0x37, 0x16, 0x16, 0x33,
0x32, 0x36, 0x35, 0x35, 0x34, 0x26, 0x23, 0x22, 0x06, 0x07, 0x27, 0x37, 0x33, 0x15, 0x23, 0x07,
0x33, 0x36, 0x36, 0x33, 0x32, 0x16, 0x15, 0x14, 0x06, 0xAA, 0x38, 0x40, 0x12, 0x37, 0x0E, 0x26,
0x20, 0x22, 0x22, 0x22, 0x21, 0x18, 0x1F, 0x09, 0x3F, 0x0F, 0xED, 0xB4, 0x0A, 0x04, 0x0D, 0x24,
0x24, 0x34, 0x47, 0x4E, 0x06, 0x2A, 0x1B, 0x2A, 0x16, 0x1D, 0x22, 0x1C, 0x04, 0x1C, 0x20, 0x12,
0x09, 0x08, 0xD0, 0x3E, 0x7B, 0x19, 0x1F, 0x3E, 0x37, 0x38, 0x49, 0x00, 0x00, 0x02, 0x00, 0x22,
0xFF, 0xFA, 0x01, 0x46, 0x01, 0x71, 0x00, 0x14, 0x00, 0x22, 0x00, 0x00, 0x57, 0x22, 0x26, 0x35,
0x34, 0x36, 0x36, 0x37, 0x33, 0x06, 0x06, 0x07, 0x17, 0x36, 0x36, 0x33, 0x32, 0x16, 0x15, 0x14,
0x06, 0x27, 0x32, 0x36, 0x35, 0x35, 0x34, 0x26, 0x23, 0x22, 0x06, 0x15, 0x15, 0x14, 0x16, 0xB4,
0x45, 0x4D, 0x2C, 0x42, 0x22, 0x67, 0x47, 0x54, 0x0D, 0x05, 0x0B, 0x2A, 0x26, 0x32, 0x43, 0x4F,
0x43, 0x20, 0x23, 0x24, 0x1F, 0x1E, 0x25, 0x24, 0x06, 0x4F, 0x43, 0x34, 0x58, 0x44, 0x15, 0x30,
0x53, 0x37, 0x01, 0x15, 0x21, 0x3D, 0x35, 0x38, 0x48, 0x39, 0x1F, 0x1E, 0x07, 0x1E, 0x1F, 0x1F,
0x1E, 0x07, 0x1E, 0x1F, 0x00, 0x01, 0x00, 0x1A, 0x00, 0x00, 0x01, 0x30, 0x01, 0x71, 0x00, 0x08,
0x00, 0x00, 0x73, 0x13, 0x23, 0x15, 0x23, 0x35, 0x21, 0x15, 0x03, 0x58, 0x8C, 0x89, 0x41, 0x01,
0x16, 0x87, 0x01, 0x35, 0x43, 0x7F, 0x3F, 0xFE, 0xCE, 0x00, 0x00, 0x03, 0x00, 0x26, 0xFF, 0xFA,
0x01, 0x4B, 0x01, 0x77, 0x00, 0x19, 0x00, 0x27, 0x00, 0x35, 0x00, 0x00, 0x57, 0x22, 0x26, 0x35,
0x34, 0x36, 0x37, 0x35, 0x26, 0x26, 0x35, 0x34, 0x36, 0x33, 0x32, 0x16, 0x15, 0x14, 0x06, 0x07,
0x15, 0x16, 0x16, 0x15, 0x14, 0x06, 0x27, 0x32, 0x36, 0x35, 0x35, 0x34, 0x26, 0x23, 0x22, 0x06,
0x15, 0x15, 0x14, 0x16, 0x37, 0x32, 0x36, 0x35, 0x35, 0x34, 0x26, 0x23, 0x22, 0x06, 0x15, 0x15,
0x14, 0x16, 0xB8, 0x46, 0x4C, 0x2C, 0x23, 0x1E, 0x25, 0x46, 0x40, 0x41, 0x46, 0x25, 0x1E, 0x24,
0x2B, 0x4C, 0x47, 0x21, 0x22, 0x22, 0x21, 0x20, 0x22, 0x22, 0x20, 0x1F, 0x1F, 0x1F, 0x1F, 0x1E,
0x1F, 0x1F, 0x06, 0x3D, 0x2E, 0x23, 0x2D, 0x09, 0x04, 0x0A, 0x2B, 0x1F, 0x2B, 0x36, 0x36, 0x2B,
0x1F, 0x2B, 0x0A, 0x04, 0x09, 0x2D, 0x23, 0x2E, 0x3D, 0x39, 0x1A, 0x18, 0x0B, 0x17, 0x1B, 0x1B,
0x17, 0x0B, 0x18, 0x1A, 0xA5, 0x19, 0x16, 0x08, 0x17, 0x18, 0x18, 0x17, 0x08, 0x16, 0x19, 0x00,
0x00, 0x02, 0x00, 0x20, 0x00, 0x00, 0x01, 0x43, 0x01, 0x77, 0x00, 0x14, 0x00, 0x22, 0x00, 0x00,
0x73, 0x36, 0x36, 0x37, 0x27, 0x06, 0x06, 0x23, 0x22, 0x26, 0x35, 0x34, 0x36, 0x33, 0x32, 0x16,
0x15, 0x14, 0x06, 0x06, 0x07, 0x27, 0x32, 0x36, 0x35, 0x35, 0x34, 0x26, 0x23, 0x22, 0x06, 0x15,
0x15, 0x14, 0x16, 0x4C, 0x47, 0x54, 0x0D, 0x05, 0x0B, 0x29, 0x26, 0x33, 0x42, 0x4F, 0x42, 0x45,
0x4D, 0x2C, 0x41, 0x22, 0x03, 0x1F, 0x24, 0x24, 0x1F, 0x1F, 0x24, 0x24, 0x30, 0x53, 0x37, 0x01,
0x15, 0x22, 0x3F, 0x34, 0x39, 0x47, 0x4F, 0x43, 0x34, 0x58, 0x43, 0x16, 0xBD, 0x1F, 0x1D, 0x08,
0x1E, 0x1F, 0x1F, 0x1E, 0x08, 0x1D, 0x1F, 0x00, 0x00, 0x02, 0x00, 0x26, 0x01, 0x43, 0x01, 0x52,
0x02, 0xC0, 0x00, 0x0B, 0x00, 0x19, 0x00, 0x00, 0x53, 0x22, 0x26, 0x35, 0x34, 0x36, 0x33, 0x32,
0x16, 0x15, 0x14, 0x06, 0x27, 0x32, 0x36, 0x35, 0x35, 0x34, 0x26, 0x23, 0x22, 0x06, 0x15, 0x15,
0x14, 0x16, 0xBC, 0x4D, 0x49, 0x49, 0x4D, 0x4D, 0x49, 0x49, 0x4D, 0x26, 0x1E, 0x1E, 0x26, 0x26,
0x1E, 0x1E, 0x01, 0x43, 0x63, 0x5B, 0x5C, 0x63, 0x63, 0x5B, 0x5B, 0x64, 0x3E, 0x32, 0x2C, 0x45,
0x2C, 0x32, 0x32, 0x2C, 0x45, 0x2C, 0x32, 0x00, 0x00, 0x01, 0x00, 0x18, 0x01, 0x49, 0x01, 0x45,
0x02, 0xBA, 0x00, 0x0B, 0x00, 0x00, 0x53, 0x35, 0x33, 0x35, 0x23, 0x07, 0x27, 0x37, 0x33, 0x11,
0x33, 0x15, 0x35, 0x68, 0x06, 0x51, 0x2E, 0x60, 0x70, 0x5D, 0x01, 0x49, 0x3C, 0xF8, 0x57, 0x29,
0x6B, 0xFE, 0xCB, 0x3C, 0x00, 0x01, 0x00, 0x1E, 0x01, 0x49, 0x01, 0x3B, 0x02, 0xC0, 0x00, 0x19,
0x00, 0x00, 0x53, 0x35, 0x37, 0x36, 0x36, 0x35, 0x35, 0x34, 0x26, 0x23, 0x22, 0x06, 0x07, 0x27,
0x36, 0x36, 0x33, 0x32, 0x16, 0x15, 0x14, 0x06, 0x07, 0x07, 0x33, 0x15, 0x25, 0x7B, 0x20, 0x20,
0x20, 0x1A, 0x1F, 0x20, 0x07, 0x42, 0x0D, 0x44, 0x3D, 0x40, 0x45, 0x3B, 0x2B, 0x54, 0xC4, 0x01,
0x49, 0x43, 0x62, 0x1A, 0x2A, 0x19, 0x04, 0x18, 0x1A, 0x20, 0x16, 0x18, 0x26, 0x37, 0x3E, 0x31,
0x2D, 0x43, 0x1E, 0x3D, 0x3D, 0x00, 0x00, 0x01, 0x00, 0x11, 0x01, 0x43, 0x01, 0x33, 0x02, 0xC0,
0x00, 0x2B, 0x00, 0x00, 0x53, 0x22, 0x26, 0x27, 0x37, 0x16, 0x16, 0x33, 0x32, 0x36, 0x35, 0x35,
0x34, 0x26, 0x23, 0x23, 0x35, 0x33, 0x32, 0x36, 0x35, 0x35, 0x34, 0x26, 0x23, 0x22, 0x06, 0x07,
0x27, 0x36, 0x36, 0x33, 0x32, 0x16, 0x15, 0x14, 0x06, 0x07, 0x15, 0x16, 0x16, 0x15, 0x14, 0x06,
0xA0, 0x3A, 0x41, 0x14, 0x39, 0x0D, 0x28, 0x21, 0x21, 0x23, 0x26, 0x22, 0x28, 0x26, 0x22, 0x21,
0x1F, 0x1C, 0x1A, 0x29, 0x0F, 0x31, 0x14, 0x40, 0x32, 0x3D, 0x4B, 0x2D, 0x20, 0x23, 0x30, 0x51,
0x01, 0x43, 0x2A, 0x1B, 0x2A, 0x16, 0x1D, 0x1D, 0x19, 0x04, 0x19, 0x17, 0x3D, 0x19, 0x13, 0x04,
0x15, 0x19, 0x17, 0x15, 0x2A, 0x1B, 0x23, 0x34, 0x2D, 0x23, 0x2B, 0x06, 0x03, 0x06, 0x2C, 0x26,
0x32, 0x3B, 0x00, 0x02, 0x00, 0x13, 0x01, 0x49, 0x01, 0x46, 0x02, 0xBA, 0x00, 0x0A, 0x00, 0x0E,
0x00, 0x00, 0x53, 0x35, 0x23, 0x35, 0x37, 0x33, 0x15, 0x33, 0x15, 0x23, 0x15, 0x27, 0x33, 0x35,
0x23, 0xC8, 0xB5, 0x9F, 0x5F, 0x35, 0x35, 0xBF, 0x76, 0x05, 0x01, 0x49, 0x47, 0x3F, 0xEB, 0xF0,
0x3A, 0x47, 0x81, 0xA5, 0x00, 0x01, 0x00, 0x20, 0x01, 0x43, 0x01, 0x3F, 0x02, 0xBA, 0x00, 0x20,
0x00, 0x00, 0x53, 0x22, 0x26, 0x27, 0x37, 0x16, 0x16, 0x33, 0x32, 0x36, 0x35, 0x35, 0x34, 0x26,
0x23, 0x22, 0x06, 0x07, 0x27, 0x37, 0x33, 0x15, 0x23, 0x07, 0x33, 0x36, 0x36, 0x33, 0x32, 0x16,
0x15, 0x14, 0x06, 0xAA, 0x38, 0x40, 0x12, 0x37, 0x0E, 0x26, 0x20, 0x22, 0x22, 0x22, 0x21, 0x18,
0x1F, 0x09, 0x3F, 0x0F, 0xED, 0xB4, 0x0A, 0x04, 0x0D, 0x24, 0x24, 0x34, 0x47, 0x4E, 0x01, 0x43,
0x2A, 0x1B, 0x2A, 0x16, 0x1D, 0x22, 0x1C, 0x04, 0x1C, 0x20, 0x12, 0x09, 0x08, 0xD0, 0x3E, 0x7B,
0x19, 0x1F, 0x3E, 0x37, 0x38, 0x49, 0x00, 0x02, 0x00, 0x22, 0x01, 0x43, 0x01, 0x46, 0x02, 0xBA,
0x00, 0x14, 0x00, 0x22, 0x00, 0x00, 0x53, 0x22, 0x26, 0x35, 0x34, 0x36, 0x36, 0x37, 0x33, 0x06,
0x06, 0x07, 0x17, 0x36, 0x36, 0x33, 0x32, 0x16, 0x15, 0x14, 0x06, 0x27, 0x32, 0x36, 0x35, 0x35,
0x34, 0x26, 0x23, 0x22, 0x06, 0x15, 0x15, 0x14, 0x16, 0xB4, 0x45, 0x4D, 0x2C, 0x42, 0x22, 0x67,
0x47, 0x54, 0x0D, 0x05, 0x0B, 0x2A, 0x26, 0x32, 0x43, 0x4F, 0x43, 0x20, 0x23, 0x24, 0x1F, 0x1E,
0x25, 0x24, 0x01, 0x43, 0x4F, 0x43, 0x34, 0x58, 0x44, 0x15, 0x30, 0x53, 0x37, 0x01, 0x15, 0x21,
0x3D, 0x35, 0x38, 0x48, 0x39, 0x1F, 0x1E, 0x07, 0x1E, 0x1F, 0x1F, 0x1E, 0x07, 0x1E, 0x1F, 0x00,
0x00, 0x01, 0x00, 0x1A, 0x01, 0x49, 0x01, 0x30, 0x02, 0xBA, 0x00, 0x08, 0x00, 0x00, 0x53, 0x13,
0x23, 0x15, 0x23, 0x35, 0x21, 0x15, 0x03, 0x58, 0x8C, 0x89, 0x41, 0x01, 0x16, 0x87, 0x01, 0x49,
0x01, 0x35, 0x44, 0x80, 0x3F, 0xFE, 0xCE, 0x00, 0x00, 0x03, 0x00, 0x26, 0x01, 0x43, 0x01, 0x4B,
0x02, 0xC0, 0x00, 0x19, 0x00, 0x27, 0x00, 0x35, 0x00, 0x00, 0x53, 0x22, 0x26, 0x35, 0x34, 0x36,
0x37, 0x35, 0x26, 0x26, 0x35, 0x34, 0x36, 0x33, 0x32, 0x16, 0x15, 0x14, 0x06, 0x07, 0x15, 0x16,
0x16, 0x15, 0x14, 0x06, 0x27, 0x32, 0x36, 0x35, 0x35, 0x34, 0x26, 0x23, 0x22, 0x06, 0x15, 0x15,
0x14, 0x16, 0x37, 0x32, 0x36, 0x35, 0x35, 0x34, 0x26, 0x23, 0x22, 0x06, 0x15, 0x15, 0x14, 0x16,
0xB8, 0x46, 0x4C, 0x2C, 0x23, 0x1E, 0x25, 0x46, 0x40, 0x41, 0x46, 0x25, 0x1E, 0x24, 0x2B, 0x4C,
0x47, 0x21, 0x22, 0x22, 0x21, 0x20, 0x22, 0x22, 0x20, 0x1F, 0x1F, 0x1F, 0x1F, 0x1E, 0x1F, 0x1F,
0x01, 0x43, 0x3D, 0x2E, 0x23, 0x2D, 0x09, 0x04, 0x0A, 0x2B, 0x1F, 0x2B, 0x36, 0x36, 0x2B, 0x1F,
0x2B, 0x0A, 0x04, 0x09, 0x2D, 0x23, 0x2E, 0x3D, 0x39, 0x1A, 0x18, 0x0B, 0x17, 0x1B, 0x1B, 0x17,
0x0B, 0x18, 0x1A, 0xA5, 0x19, 0x16, 0x08, 0x17, 0x18, 0x18, 0x17, 0x08, 0x16, 0x19, 0x00, 0x02,
0x00, 0x20, 0x01, 0x49, 0x01, 0x43, 0x02, 0xC0, 0x00, 0x14, 0x00, 0x22, 0x00, 0x00, 0x53, 0x36,
0x36, 0x37, 0x27, 0x06, 0x06, 0x23, 0x22, 0x26, 0x35, 0x34, 0x36, 0x33, 0x32, 0x16, 0x15, 0x14,
0x06, 0x06, 0x07, 0x27, 0x32, 0x36, 0x35, 0x35, 0x34, 0x26, 0x23, 0x22, 0x06, 0x15, 0x15, 0x14,
0x16, 0x4C, 0x47, 0x54, 0x0D, 0x05, 0x0B, 0x29, 0x26, 0x33, 0x42, 0x4F, 0x42, 0x45, 0x4D, 0x2C,
0x41, 0x22, 0x03, 0x1F, 0x24, 0x24, 0x1F, 0x1F, 0x24, 0x24, 0x01, 0x49, 0x30, 0x53, 0x37, 0x01,
0x15, 0x22, 0x3F, 0x34, 0x39, 0x47, 0x4F, 0x43, 0x34, 0x58, 0x43, 0x16, 0xBD, 0x1F, 0x1D, 0x08,
0x1E, 0x1F, 0x1F, 0x1E, 0x08, 0x1D, 0x1F, 0x00, 0x00, 0x01, 0x00, 0x52, 0x01, 0x7D, 0x00, 0xDE,
0x02, 0x0F, 0x00, 0x0D, 0x00, 0x00, 0x53, 0x22, 0x26, 0x35, 0x35, 0x34, 0x36, 0x33, 0x32, 0x16,
0x15, 0x15, 0x14, 0x06, 0x98, 0x23, 0x23, 0x23, 0x23, 0x25, 0x21, 0x21, 0x01, 0x7D, 0x25, 0x1C,
0x10, 0x1D, 0x24, 0x24, 0x1D, 0x10, 0x1C, 0x25, 0x00, 0x02, 0x00, 0x30, 0xFF, 0x76, 0x00, 0xDE,
0x02, 0x0F, 0x00, 0x11, 0x00, 0x1F, 0x00, 0x00, 0x57, 0x36, 0x36, 0x37, 0x26, 0x26, 0x35, 0x35,
0x34, 0x36, 0x33, 0x32, 0x16, 0x15, 0x15, 0x14, 0x06, 0x07, 0x13, 0x22, 0x26, 0x35, 0x35, 0x34,
0x36, 0x33, 0x32, 0x16, 0x15, 0x15, 0x14, 0x06, 0x30, 0x20, 0x29, 0x0A, 0x19, 0x18, 0x23, 0x23,
0x25, 0x21, 0x33, 0x2D, 0x1A, 0x24, 0x22, 0x22, 0x24, 0x24, 0x22, 0x22, 0x8A, 0x21, 0x3B, 0x25,
0x05, 0x21, 0x17, 0x10, 0x1D, 0x25, 0x25, 0x1D, 0x10, 0x2F, 0x6A, 0x25, 0x02, 0x07, 0x25, 0x1C,
0x10, 0x1D, 0x24, 0x24, 0x1D, 0x10, 0x1C, 0x25, 0x00, 0x02, 0x00, 0x1B, 0x00, 0x00, 0x02, 0xB3,
0x02, 0x3C, 0x00, 0x1C, 0x00, 0x2B, 0x00, 0x00, 0x61, 0x11, 0x23, 0x0E, 0x02, 0x23, 0x22, 0x26,
0x35, 0x34, 0x36, 0x33, 0x33, 0x15, 0x23, 0x22, 0x06, 0x15, 0x14, 0x16, 0x33, 0x32, 0x36, 0x36,
0x35, 0x35, 0x33, 0x11, 0x33, 0x11, 0x23, 0x0E, 0x02, 0x23, 0x37, 0x32, 0x36, 0x36, 0x35, 0x35,
0x33, 0x11, 0x01, 0x69, 0x04, 0x07, 0x29, 0x44, 0x30, 0x4B, 0x5B, 0x66, 0x55, 0x48, 0x3B, 0x2C,
0x34, 0x33, 0x30, 0x24, 0x3C, 0x23, 0x67, 0x7C, 0x05, 0x07, 0x29, 0x44, 0x30, 0x25, 0x25, 0x3B,
0x24, 0x67, 0x01, 0x54, 0x1B, 0x39, 0x27, 0x5E, 0x4F, 0x53, 0x63, 0x57, 0x31, 0x2B, 0x28, 0x31,
0x24, 0x45, 0x31, 0x72, 0xFD, 0xC4, 0x01, 0x5A, 0x1A, 0x3A, 0x27, 0x58, 0x24, 0x45, 0x30, 0x6C,
0xFD, 0xC4, 0x00, 0x03, 0x00, 0x35, 0x00, 0x14, 0x02, 0x07, 0x02, 0x08, 0x00, 0x0F, 0x00, 0x1D,
0x00, 0x2B, 0x00, 0x00, 0x65, 0x22, 0x26, 0x26, 0x35, 0x34, 0x36, 0x36, 0x33, 0x32, 0x16, 0x16,
0x15, 0x14, 0x06, 0x06, 0x27, 0x32, 0x36, 0x35, 0x35, 0x34, 0x26, 0x23, 0x22, 0x06, 0x15, 0x15,
0x14, 0x16, 0x37, 0x22, 0x26, 0x35, 0x35, 0x34, 0x36, 0x33, 0x32, 0x16, 0x15, 0x15, 0x14, 0x06,
0x01, 0x1E, 0x45, 0x69, 0x3B, 0x3B, 0x69, 0x45, 0x45, 0x69, 0x3B, 0x3B, 0x69, 0x45, 0x3F, 0x50,
0x50, 0x3F, 0x3E, 0x50, 0x50, 0x3E, 0x28, 0x35, 0x35, 0x28, 0x2A, 0x34, 0x34, 0x14, 0x41, 0x71,
0x48, 0x48, 0x71, 0x41, 0x41, 0x71, 0x48, 0x48, 0x71, 0x41, 0x4B, 0x48, 0x40, 0x4E, 0x41, 0x47,
0x47, 0x41, 0x4E, 0x40, 0x48, 0x3E, 0x2F, 0x2A, 0x30, 0x2A, 0x2F, 0x2F, 0x2A, 0x30, 0x2A, 0x2F,
0x00, 0x01, 0x00, 0x62, 0x00, 0x60, 0x03, 0x52, 0x01, 0xB5, 0x00, 0x27, 0x00, 0x00, 0x65, 0x22,
0x26, 0x35, 0x34, 0x36, 0x33, 0x33, 0x15, 0x23, 0x22, 0x06, 0x15, 0x14, 0x16, 0x33, 0x32, 0x36,
0x36, 0x37, 0x33, 0x17, 0x33, 0x37, 0x33, 0x17, 0x33, 0x15, 0x23, 0x22, 0x26, 0x27, 0x27, 0x23,
0x07, 0x23, 0x27, 0x23, 0x06, 0x06, 0x01, 0x0F, 0x4F, 0x5E, 0x62, 0x4F, 0x3C, 0x2A, 0x2D, 0x31,
0x2F, 0x25, 0x22, 0x32, 0x29, 0x13, 0x5E, 0x32, 0x02, 0x2E, 0x54, 0x42, 0x51, 0x3D, 0x28, 0x2A,
0x0E, 0x1D, 0x02, 0x27, 0x66, 0x2B, 0x02, 0x1E, 0x66, 0x60, 0x5C, 0x4C, 0x4F, 0x5E, 0x51, 0x2E,
0x2A, 0x29, 0x2F, 0x27, 0x60, 0x53, 0xA6, 0xA6, 0x9A, 0x4D, 0x1D, 0x21, 0x46, 0xA5, 0xA5, 0x71,
0x5A, 0x00, 0x00, 0x01, 0x00, 0x2D, 0xFF, 0x72, 0x01, 0xDB, 0x02, 0x48, 0x00, 0x22, 0x00, 0x00,
0x45, 0x11, 0x34, 0x26, 0x26, 0x27, 0x07, 0x23, 0x27, 0x22, 0x06, 0x15, 0x15, 0x14, 0x16, 0x33,
0x33, 0x15, 0x23, 0x22, 0x26, 0x26, 0x35, 0x35, 0x34, 0x36, 0x33, 0x17, 0x33, 0x37, 0x32, 0x16,
0x16, 0x15, 0x11, 0x01, 0x72, 0x08, 0x14, 0x12, 0x3F, 0x01, 0x3F, 0x18, 0x1D, 0x23, 0x30, 0x22,
0x29, 0x41, 0x4C, 0x22, 0x54, 0x4F, 0x34, 0x02, 0x33, 0x30, 0x49, 0x29, 0x8E, 0x02, 0x22, 0x23,
0x27, 0x10, 0x02, 0x43, 0x43, 0x26, 0x23, 0x28, 0x26, 0x29, 0x58, 0x2B, 0x50, 0x36, 0x09, 0x58,
0x5E, 0x3F, 0x3F, 0x1F, 0x46, 0x3B, 0xFD, 0xCA, 0x00, 0x01, 0x00, 0x1B, 0x00, 0x00, 0x01, 0xD1,
0x02, 0x3C, 0x00, 0x1D, 0x00, 0x00, 0x61, 0x11, 0x23, 0x0E, 0x02, 0x23, 0x22, 0x26, 0x35, 0x34,
0x36, 0x36, 0x33, 0x33, 0x15, 0x23, 0x22, 0x06, 0x15, 0x14, 0x16, 0x33, 0x32, 0x36, 0x36, 0x35,
0x35, 0x33, 0x11, 0x01, 0x69, 0x04, 0x07, 0x29, 0x43, 0x2F, 0x4D, 0x5B, 0x2F, 0x54, 0x38, 0x48,
0x3B, 0x2C, 0x34, 0x33, 0x30, 0x24, 0x3C, 0x23, 0x68, 0x01, 0x54, 0x1B, 0x39, 0x27, 0x5E, 0x4D,
0x38, 0x52, 0x2E, 0x57, 0x30, 0x2C, 0x28, 0x31, 0x24, 0x45, 0x31, 0x72, 0xFD, 0xC4, 0x00, 0x01,
0x00, 0x48, 0xFF, 0xF4, 0x00, 0xD4, 0x00, 0x86, 0x00, 0x0D, 0x00, 0x00, 0x57, 0x22, 0x26, 0x35,
0x35, 0x34, 0x36, 0x33, 0x32, 0x16, 0x15, 0x15, 0x14, 0x06, 0x8E, 0x23, 0x23, 0x23, 0x23, 0x25,
0x21, 0x21, 0x0C, 0x26, 0x1C, 0x0F, 0x1D, 0x24, 0x24, 0x1D, 0x0F, 0x1C, 0x26, 0x00, 0x00, 0x01,
0x00, 0x27, 0xFF, 0x76, 0x00, 0xD5, 0x00, 0x86, 0x00, 0x11, 0x00, 0x00, 0x57, 0x36, 0x36, 0x37,
0x26, 0x26, 0x35, 0x35, 0x34, 0x36, 0x33, 0x32, 0x16, 0x15, 0x15, 0x14, 0x06, 0x07, 0x27, 0x1F,
0x2A, 0x09, 0x18, 0x18, 0x22, 0x24, 0x24, 0x22, 0x34, 0x2C, 0x8A, 0x21, 0x3B, 0x25, 0x05, 0x21,
0x17, 0x10, 0x1D, 0x25, 0x25, 0x1D, 0x10, 0x2F, 0x6A, 0x25, 0x00, 0x02, 0x00, 0x52, 0xFF, 0xF4,
0x00, 0xDE, 0x02, 0x13, 0x00, 0x0D, 0x00, 0x1B, 0x00, 0x00, 0x53, 0x22, 0x26, 0x35, 0x35, 0x34,
0x36, 0x33, 0x32, 0x16, 0x15, 0x15, 0x14, 0x06, 0x03, 0x22, 0x26, 0x35, 0x35, 0x34, 0x36, 0x33,
0x32, 0x16, 0x15, 0x15, 0x14, 0x06, 0x98, 0x23, 0x23, 0x23, 0x23, 0x25, 0x21, 0x21, 0x25, 0x23,
0x23, 0x23, 0x23, 0x25, 0x21, 0x21, 0x01, 0x81, 0x25, 0x1C, 0x0F, 0x1D, 0x25, 0x25, 0x1D, 0x0F,
0x1C, 0x25, 0xFE, 0x73, 0x26, 0x1C, 0x0F, 0x1D, 0x24, 0x24, 0x1D, 0x0F, 0x1C, 0x26, 0x00, 0x02,
0x00, 0x31, 0xFF, 0x76, 0x00, 0xDF, 0x02, 0x13, 0x00, 0x11, 0x00, 0x1F, 0x00, 0x00, 0x57, 0x36,
0x36, 0x37, 0x26, 0x26, 0x35, 0x35, 0x34, 0x36, 0x33, 0x32, 0x16, 0x15, 0x15, 0x14, 0x06, 0x07,
0x13, 0x22, 0x26, 0x35, 0x35, 0x34, 0x36, 0x33, 0x32, 0x16, 0x15, 0x15, 0x14, 0x06, 0x31, 0x1F,
0x2A, 0x09, 0x18, 0x18, 0x22, 0x24, 0x24, 0x22, 0x34, 0x2C, 0x19, 0x23, 0x23, 0x23, 0x23, 0x25,
0x21, 0x21, 0x8A, 0x21, 0x3B, 0x25, 0x05, 0x21, 0x17, 0x10, 0x1D, 0x25, 0x25, 0x1D, 0x10, 0x2F,
0x6A, 0x25, 0x02, 0x0B, 0x25, 0x1C, 0x0F, 0x1D, 0x25, 0x25, 0x1D, 0x0F, 0x1C, 0x25, 0x00, 0x03,
0x00, 0x48, 0xFF, 0xF4, 0x02, 0xFA, 0x00, 0x86, 0x00, 0x0D, 0x00, 0x1B, 0x00, 0x29, 0x00, 0x00,
0x57, 0x22, 0x26, 0x35, 0x35, 0x34, 0x36, 0x33, 0x32, 0x16, 0x15, 0x15, 0x14, 0x06, 0x33, 0x22,
0x26, 0x35, 0x35, 0x34, 0x36, 0x33, 0x32, 0x16, 0x15, 0x15, 0x14, 0x06, 0x33, 0x22, 0x26, 0x35,
0x35, 0x34, 0x36, 0x33, 0x32, 0x16, 0x15, 0x15, 0x14, 0x06, 0x8E, 0x23, 0x23, 0x23, 0x23, 0x25,
0x21, 0x21, 0xEE, 0x24, 0x22, 0x22, 0x24, 0x24, 0x22, 0x22, 0xEF, 0x24, 0x22, 0x22, 0x24, 0x24,
0x22, 0x22, 0x0C, 0x26, 0x1C, 0x0F, 0x1D, 0x24, 0x24, 0x1D, 0x0F, 0x1C, 0x26, 0x26, 0x1C, 0x0F,
0x1D, 0x24, 0x24, 0x1D, 0x0F, 0x1C, 0x26, 0x26, 0x1C, 0x0F, 0x1D, 0x24, 0x24, 0x1D, 0x0F, 0x1C,
0x26, 0x00, 0x00, 0x02, 0x00, 0x4E, 0xFF, 0xF4, 0x00, 0xDA, 0x02, 0xBA, 0x00, 0x05, 0x00, 0x13,
0x00, 0x00, 0x77, 0x03, 0x35, 0x33, 0x15, 0x03, 0x07, 0x22, 0x26, 0x35, 0x35, 0x34, 0x36, 0x33,
0x32, 0x16, 0x15, 0x15, 0x14, 0x06, 0x7D, 0x20, 0x6F, 0x20, 0x18, 0x24, 0x22, 0x22, 0x24, 0x25,
0x21, 0x21, 0xC5, 0x01, 0x2D, 0xC8, 0xC8, 0xFE, 0xD3, 0xD1, 0x24, 0x1C, 0x11, 0x1C, 0x24, 0x24,
0x1C, 0x11, 0x1C, 0x24, 0x00, 0x02, 0x00, 0x4E, 0xFF, 0x4D, 0x00, 0xDA, 0x02, 0x13, 0x00, 0x05,
0x00, 0x13, 0x00, 0x00, 0x57, 0x35, 0x13, 0x33, 0x13, 0x15, 0x03, 0x22, 0x26, 0x35, 0x35, 0x34,
0x36, 0x33, 0x32, 0x16, 0x15, 0x15, 0x14, 0x06, 0x5C, 0x1F, 0x30, 0x20, 0x37, 0x24, 0x22, 0x22,
0x24, 0x25, 0x21, 0x21, 0xB3, 0xC8, 0x01, 0x2D, 0xFE, 0xD3, 0xC8, 0x02, 0x35, 0x24, 0x1C, 0x11,
0x1C, 0x24, 0x24, 0x1C, 0x11, 0x1C, 0x24, 0x00, 0x00, 0x02, 0x00, 0x14, 0xFF, 0xF4, 0x01, 0xC3,
0x02, 0xC6, 0x00, 0x19, 0x00, 0x27, 0x00, 0x00, 0x77, 0x35, 0x36, 0x36, 0x35, 0x35, 0x34, 0x26,
0x23, 0x22, 0x06, 0x07, 0x27, 0x3E, 0x02, 0x33, 0x32, 0x16, 0x16, 0x15, 0x14, 0x06, 0x06, 0x07,
0x15, 0x07, 0x22, 0x26, 0x35, 0x35, 0x34, 0x36, 0x33, 0x32, 0x16, 0x15, 0x15, 0x14, 0x06, 0xAC,
0x51, 0x58, 0x3A, 0x2F, 0x34, 0x3F, 0x0B, 0x5A, 0x0D, 0x35, 0x59, 0x40, 0x41, 0x5F, 0x34, 0x35,
0x53, 0x2D, 0x30, 0x24, 0x22, 0x22, 0x24, 0x25, 0x21, 0x21, 0xD8, 0xA1, 0x03, 0x40, 0x3D, 0x0E,
0x2E, 0x36, 0x3C, 0x2E, 0x24, 0x2A, 0x49, 0x2E, 0x31, 0x57, 0x3B, 0x3D, 0x55, 0x30, 0x09, 0x60,
0xE4, 0x24, 0x1C, 0x11, 0x1C, 0x24, 0x24, 0x1C, 0x11, 0x1C, 0x24, 0x00, 0x00, 0x02, 0x00, 0x22,
0xFF, 0x41, 0x01, 0xD1, 0x02, 0x13, 0x00, 0x19, 0x00, 0x27, 0x00, 0x00, 0x57, 0x22, 0x26, 0x26,
0x35, 0x34, 0x36, 0x36, 0x37, 0x35, 0x33, 0x15, 0x06, 0x06, 0x15, 0x15, 0x14, 0x16, 0x33, 0x32,
0x36, 0x37, 0x17, 0x0E, 0x02, 0x03, 0x22, 0x26, 0x35, 0x35, 0x34, 0x36, 0x33, 0x32, 0x16, 0x15,
0x15, 0x14, 0x06, 0xF5, 0x40, 0x5F, 0x34, 0x34, 0x54, 0x2D, 0x62, 0x51, 0x59, 0x3B, 0x2F, 0x34,
0x3F, 0x0B, 0x5A, 0x0C, 0x36, 0x59, 0x2D, 0x25, 0x22, 0x22, 0x25, 0x25, 0x21, 0x21, 0xBF, 0x31,
0x57, 0x3B, 0x3D, 0x55, 0x31, 0x08, 0x60, 0xA1, 0x03, 0x40, 0x3D, 0x0E, 0x2E, 0x36, 0x3C, 0x2E,
0x24, 0x2A, 0x49, 0x2E, 0x02, 0x41, 0x24, 0x1C, 0x11, 0x1C, 0x24, 0x24, 0x1C, 0x11, 0x1C, 0x24,
0x00, 0x01, 0x00, 0x62, 0x00, 0xE7, 0x00, 0xEE, 0x01, 0x79, 0x00, 0x0D, 0x00, 0x00, 0x77, 0x22,
0x26, 0x35, 0x35, 0x34, 0x36, 0x33, 0x32, 0x16, 0x15, 0x15, 0x14, 0x06, 0xA8, 0x23, 0x23, 0x23,
0x23, 0x25, 0x21, 0x21, 0xE7, 0x25, 0x1C, 0x10, 0x1D, 0x24, 0x24, 0x1D, 0x10, 0x1C, 0x25, 0x00,
0x00, 0x01, 0x00, 0x47, 0x00, 0xAE, 0x01, 0x50, 0x01, 0xAF, 0x00, 0x0D, 0x00, 0x00, 0x77, 0x22,
0x26, 0x35, 0x35, 0x34, 0x36, 0x33, 0x32, 0x16, 0x15, 0x15, 0x14, 0x06, 0xCC, 0x49, 0x3C, 0x3C,
0x49, 0x48, 0x3C, 0x3C, 0xAE, 0x41, 0x30, 0x1F, 0x30, 0x41, 0x41, 0x30, 0x1F, 0x30, 0x41, 0x00,
0x00, 0x01, 0x00, 0x23, 0x01, 0x52, 0x01, 0xD2, 0x02, 0xEB, 0x00, 0x0E, 0x00, 0x00, 0x53, 0x27,
0x37, 0x27, 0x37, 0x17, 0x27, 0x33, 0x07, 0x37, 0x17, 0x07, 0x17, 0x07, 0x27, 0x9F, 0x48, 0x67,
0x9B, 0x1B, 0x96, 0x07, 0x5A, 0x07, 0x96, 0x1C, 0x9C, 0x67, 0x48, 0x5B, 0x01, 0x52, 0x33, 0x80,
0x2C, 0x53, 0x3A, 0xA1, 0xA1, 0x3A, 0x53, 0x2C, 0x80, 0x33, 0x88, 0x00, 0x00, 0x02, 0x00, 0x2C,
0x00, 0x00, 0x02, 0x7E, 0x02, 0xBA, 0x00, 0x1B, 0x00, 0x1F, 0x00, 0x00, 0x73, 0x37, 0x23, 0x35,
0x33, 0x37, 0x23, 0x35, 0x33, 0x37, 0x33, 0x07, 0x33, 0x37, 0x33, 0x07, 0x33, 0x15, 0x23, 0x07,
0x33, 0x15, 0x23, 0x07, 0x23, 0x37, 0x23, 0x07, 0x13, 0x33, 0x37, 0x23, 0x81, 0x22, 0x77, 0x83,
0x1C, 0x76, 0x83, 0x21, 0x4A, 0x22, 0x9C, 0x22, 0x4A, 0x22, 0x77, 0x83, 0x1D, 0x77, 0x83, 0x22,
0x49, 0x22, 0x9C, 0x22, 0x2D, 0x9C, 0x1D, 0x9C, 0xC2, 0x46, 0xAA, 0x46, 0xC2, 0xC2, 0xC2, 0xC2,
0x46, 0xAA, 0x46, 0xC2, 0xC2, 0xC2, 0x01, 0x08, 0xAA, 0x00, 0x00, 0x01, 0x00, 0x07, 0xFF, 0x69,
0x01, 0x71, 0x02, 0xE4, 0x00, 0x03, 0x00, 0x00, 0x57, 0x01, 0x33, 0x01, 0x07, 0x01, 0x11, 0x59,
0xFE, 0xEF, 0x97, 0x03, 0x7B, 0xFC, 0x85, 0x00, 0x00, 0x01, 0x00, 0x27, 0xFF, 0x69, 0x01, 0x8F,
0x02, 0xE4, 0x00, 0x03, 0x00, 0x00, 0x45, 0x01, 0x33, 0x01, 0x01, 0x37, 0xFE, 0xF0, 0x58, 0x01,
0x10, 0x97, 0x03, 0x7B, 0xFC, 0x85, 0x00, 0x01, 0x00, 0x40, 0x00, 0xFC, 0x01, 0x51, 0x01, 0x65,
0x00, 0x03, 0x00, 0x00, 0x77, 0x35, 0x21, 0x15, 0x40, 0x01, 0x11, 0xFC, 0x69, 0x69, 0x00, 0x01,
0x00, 0x40, 0x00, 0xFC, 0x01, 0x51, 0x01, 0x65, 0x00, 0x03, 0x00, 0x00, 0x77, 0x35, 0x21, 0x15,
0x40, 0x01, 0x11, 0xFC, 0x69, 0x69, 0x00, 0x01, 0x00, 0x24, 0x01, 0x03, 0x02, 0x28, 0x01, 0x5D,
0x00, 0x03, 0x00, 0x00, 0x53, 0x35, 0x21, 0x15, 0x24, 0x02, 0x04, 0x01, 0x03, 0x5A, 0x5A, 0x00,
0x00, 0x01, 0x00, 0x24, 0x01, 0x03, 0x02, 0xE8, 0x01, 0x5D, 0x00, 0x03, 0x00, 0x00, 0x53, 0x35,
0x21, 0x15, 0x24, 0x02, 0xC4, 0x01, 0x03, 0x5A, 0x5A, 0x00, 0x00, 0x01, 0x00, 0x1E, 0xFF, 0x53,
0x02, 0x14, 0xFF, 0xAA, 0x00, 0x03, 0x00, 0x00, 0x57, 0x35, 0x21, 0x15, 0x1E, 0x01, 0xF6, 0xAD,
0x57, 0x57, 0x00, 0x01, 0x00, 0x44, 0xFF, 0x77, 0x01, 0x58, 0x02, 0xF8, 0x00, 0x12, 0x00, 0x00,
0x57, 0x2E, 0x02, 0x35, 0x34, 0x36, 0x36, 0x37, 0x33, 0x0E, 0x02, 0x15, 0x15, 0x14, 0x16, 0x16,
0x17, 0xF6, 0x30, 0x52, 0x30, 0x2F, 0x51, 0x33, 0x61, 0x37, 0x51, 0x2C, 0x2D, 0x51, 0x36, 0x89,
0x2A, 0x88, 0xAE, 0x61, 0x61, 0xAB, 0x89, 0x2B, 0x32, 0x85, 0x97, 0x4B, 0x50, 0x4C, 0x98, 0x84,
0x30, 0x00, 0x00, 0x01, 0xFF, 0xF8, 0xFF, 0x77, 0x01, 0x0C, 0x02, 0xF8, 0x00, 0x12, 0x00, 0x00,
0x47, 0x3E, 0x02, 0x35, 0x35, 0x34, 0x26, 0x26, 0x27, 0x33, 0x1E, 0x02, 0x15, 0x14, 0x06, 0x06,
0x07, 0x08, 0x36, 0x51, 0x2D, 0x2C, 0x50, 0x38, 0x61, 0x33, 0x51, 0x2F, 0x30, 0x51, 0x31, 0x89,
0x30, 0x84, 0x98, 0x4C, 0x50, 0x4B, 0x97, 0x85, 0x32, 0x2B, 0x89, 0xAB, 0x61, 0x61, 0xAE, 0x88,
0x2A, 0x00, 0x00, 0x01, 0x00, 0x15, 0xFF, 0x76, 0x01, 0x28, 0x02, 0xF8, 0x00, 0x1D, 0x00, 0x00,
0x57, 0x22, 0x26, 0x35, 0x35, 0x34, 0x26, 0x23, 0x35, 0x32, 0x36, 0x35, 0x35, 0x34, 0x36, 0x33,
0x33, 0x15, 0x23, 0x15, 0x14, 0x06, 0x07, 0x15, 0x16, 0x16, 0x15, 0x15, 0x33, 0x15, 0xCC, 0x28,
0x2E, 0x37, 0x2A, 0x2A, 0x37, 0x2E, 0x28, 0x5C, 0x56, 0x38, 0x2A, 0x2A, 0x38, 0x56, 0x8A, 0x31,
0x27, 0xE4, 0x2B, 0x2D, 0x5A, 0x2D, 0x2B, 0xE4, 0x27, 0x31, 0x4D, 0xEE, 0x30, 0x48, 0x08, 0x0C,
0x08, 0x48, 0x30, 0xEE, 0x4D, 0x00, 0x00, 0x01, 0x00, 0x39, 0xFF, 0x76, 0x01, 0x4C, 0x02, 0xF8,
0x00, 0x1D, 0x00, 0x00, 0x57, 0x35, 0x33, 0x35, 0x34, 0x36, 0x37, 0x35, 0x26, 0x26, 0x35, 0x35,
0x23, 0x35, 0x33, 0x32, 0x16, 0x15, 0x15, 0x14, 0x16, 0x33, 0x15, 0x22, 0x06, 0x15, 0x15, 0x14,
0x06, 0x23, 0x39, 0x56, 0x38, 0x2A, 0x2A, 0x38, 0x56, 0x5C, 0x28, 0x2E, 0x37, 0x2A, 0x2A, 0x37,
0x2E, 0x28, 0x8A, 0x4D, 0xEE, 0x30, 0x48, 0x08, 0x0C, 0x08, 0x49, 0x2F, 0xEE, 0x4D, 0x31, 0x27,
0xE4, 0x2B, 0x2D, 0x5A, 0x2D, 0x2B, 0xE4, 0x27, 0x31, 0x00, 0x00, 0x01, 0x00, 0x58, 0xFF, 0x76,
0x01, 0x0A, 0x02, 0xF8, 0x00, 0x07, 0x00, 0x00, 0x57, 0x11, 0x33, 0x15, 0x23, 0x11, 0x33, 0x15,
0x58, 0xB2, 0x57, 0x57, 0x8A, 0x03, 0x82, 0x4D, 0xFD, 0x18, 0x4D, 0x00, 0x00, 0x01, 0x00, 0x39,
0xFF, 0x76, 0x00, 0xEB, 0x02, 0xF8, 0x00, 0x07, 0x00, 0x00, 0x57, 0x35, 0x33, 0x11, 0x23, 0x35,
0x33, 0x11, 0x39, 0x56, 0x56, 0xB2, 0x8A, 0x4D, 0x02, 0xE8, 0x4D, 0xFC, 0x7E, 0x00, 0x00, 0x01,
0x00, 0x24, 0xFF, 0x8C, 0x00, 0xD1, 0x00, 0x96, 0x00, 0x11, 0x00, 0x00, 0x57, 0x36, 0x36, 0x37,
0x26, 0x26, 0x35, 0x35, 0x34, 0x36, 0x33, 0x32, 0x16, 0x15, 0x15, 0x14, 0x06, 0x07, 0x24, 0x1F,
0x29, 0x09, 0x18, 0x16, 0x21, 0x24, 0x24, 0x21, 0x35, 0x2B, 0x74, 0x1F, 0x3B, 0x24, 0x05, 0x21,
0x16, 0x10, 0x1C, 0x24, 0x24, 0x1C, 0x10, 0x2E, 0x68, 0x24, 0x00, 0x02, 0x00, 0x24, 0xFF, 0x8C,
0x01, 0xA5, 0x00, 0x96, 0x00, 0x11, 0x00, 0x23, 0x00, 0x00, 0x57, 0x36, 0x36, 0x37, 0x26, 0x26,
0x35, 0x35, 0x34, 0x36, 0x33, 0x32, 0x16, 0x15, 0x15, 0x14, 0x06, 0x07, 0x21, 0x36, 0x36, 0x37,
0x26, 0x26, 0x35, 0x35, 0x34, 0x36, 0x33, 0x32, 0x16, 0x15, 0x15, 0x14, 0x06, 0x07, 0xF8, 0x20,
0x28, 0x0A, 0x19, 0x16, 0x21, 0x24, 0x25, 0x20, 0x34, 0x2C, 0xFE, 0xDF, 0x1F, 0x29, 0x09, 0x18,
0x16, 0x21, 0x24, 0x24, 0x21, 0x35, 0x2B, 0x74, 0x1F, 0x3B, 0x24, 0x05, 0x21, 0x16, 0x10, 0x1C,
0x24, 0x24, 0x1C, 0x10, 0x2E, 0x68, 0x24, 0x1F, 0x3B, 0x24, 0x05, 0x21, 0x16, 0x10, 0x1C, 0x24,
0x24, 0x1C, 0x10, 0x2E, 0x68, 0x24, 0x00, 0x02, 0x00, 0x44, 0x01, 0xD9, 0x01, 0xC6, 0x02, 0xE4,
0x00, 0x11, 0x00, 0x23, 0x00, 0x00, 0x41, 0x22, 0x26, 0x35, 0x35, 0x34, 0x36, 0x37, 0x33, 0x06,
0x06, 0x07, 0x16, 0x16, 0x15, 0x15, 0x14, 0x06, 0x23, 0x22, 0x26, 0x35, 0x35, 0x34, 0x36, 0x37,
0x33, 0x06, 0x06, 0x07, 0x16, 0x16, 0x15, 0x15, 0x14, 0x06, 0x01, 0x5E, 0x23, 0x22, 0x35, 0x2C,
0x4C, 0x1F, 0x29, 0x09, 0x18, 0x17, 0x21, 0xFA, 0x23, 0x22, 0x35, 0x2C, 0x4C, 0x1F, 0x29, 0x09,
0x18, 0x17, 0x21, 0x01, 0xD9, 0x24, 0x1C, 0x10, 0x2F, 0x68, 0x24, 0x1F, 0x3B, 0x24, 0x05, 0x21,
0x16, 0x11, 0x1C, 0x24, 0x24, 0x1C, 0x10, 0x2F, 0x68, 0x24, 0x1F, 0x3B, 0x24, 0x05, 0x21, 0x16,
0x11, 0x1C, 0x24, 0x00, 0x00, 0x02, 0x00, 0x29, 0x01, 0xE3, 0x01, 0xAA, 0x02, 0xEE, 0x00, 0x11,
0x00, 0x23, 0x00, 0x00, 0x53, 0x36, 0x36, 0x37, 0x26, 0x26, 0x35, 0x35, 0x34, 0x36, 0x33, 0x32,
0x16, 0x15, 0x15, 0x14, 0x06, 0x07, 0x21, 0x36, 0x36, 0x37, 0x26, 0x26, 0x35, 0x35, 0x34, 0x36,
0x33, 0x32, 0x16, 0x15, 0x15, 0x14, 0x06, 0x07, 0xFE, 0x1F, 0x28, 0x09, 0x18, 0x16, 0x21, 0x24,
0x24, 0x21, 0x35, 0x2C, 0xFE, 0xE0, 0x1F, 0x29, 0x09, 0x18, 0x17, 0x22, 0x24, 0x24, 0x21, 0x35,
0x2C, 0x01, 0xE3, 0x20, 0x3B, 0x23, 0x06, 0x20, 0x16, 0x12, 0x1B, 0x24, 0x24, 0x1B, 0x11, 0x2E,
0x68, 0x25, 0x20, 0x3B, 0x23, 0x06, 0x20, 0x16, 0x12, 0x1B, 0x24, 0x24, 0x1B, 0x11, 0x2E, 0x68,
0x25, 0x00, 0x00, 0x01, 0x00, 0x44, 0x01, 0xD9, 0x00, 0xF1, 0x02, 0xE4, 0x00, 0x11, 0x00, 0x00,
0x53, 0x22, 0x26, 0x35, 0x35, 0x34, 0x36, 0x37, 0x33, 0x06, 0x06, 0x07, 0x16, 0x16, 0x15, 0x15,
0x14, 0x06, 0x89, 0x23, 0x22, 0x35, 0x2C, 0x4C, 0x1F, 0x29, 0x09, 0x18, 0x17, 0x21, 0x01, 0xD9,
0x24, 0x1C, 0x10, 0x2F, 0x68, 0x24, 0x1F, 0x3B, 0x24, 0x05, 0x21, 0x16, 0x11, 0x1C, 0x24, 0x00,
0x00, 0x01, 0x00, 0x29, 0x01, 0xE3, 0x00, 0xD6, 0x02, 0xEE, 0x00, 0x11, 0x00, 0x00, 0x53, 0x36,
0x36, 0x37, 0x26, 0x26, 0x35, 0x35, 0x34, 0x36, 0x33, 0x32, 0x16, 0x15, 0x15, 0x14, 0x06, 0x07,
0x29, 0x1F, 0x29, 0x09, 0x18, 0x17, 0x22, 0x24, 0x24, 0x21, 0x35, 0x2C, 0x01, 0xE3, 0x20, 0x3B,
0x23, 0x06, 0x20, 0x16, 0x12, 0x1B, 0x24, 0x24, 0x1B, 0x11, 0x2E, 0x68, 0x25, 0x00, 0x00, 0x02,
0x00, 0x25, 0x00, 0x46, 0x01, 0xDD, 0x01, 0xEA, 0x00, 0x06, 0x00, 0x0D, 0x00, 0x00, 0x65, 0x27,
0x35, 0x37, 0x17, 0x07, 0x17, 0x07, 0x27, 0x35, 0x37, 0x17, 0x07, 0x17, 0x01, 0xBE, 0xBE, 0xBE,
0x1F, 0x84, 0x84, 0xFA, 0xBE, 0xBE, 0x1E, 0x83, 0x83, 0x46, 0xA4, 0x5C, 0xA4, 0x42, 0x90, 0x90,
0x42, 0xA4, 0x5C, 0xA4, 0x42, 0x90, 0x90, 0x00, 0x00, 0x02, 0x00, 0x33, 0x00, 0x46, 0x01, 0xEB,
0x01, 0xEA, 0x00, 0x06, 0x00, 0x0D, 0x00, 0x00, 0x65, 0x27, 0x37, 0x27, 0x37, 0x17, 0x15, 0x05,
0x27, 0x37, 0x27, 0x37, 0x17, 0x15, 0x01, 0x2D, 0x1E, 0x83, 0x83, 0x1E, 0xBE, 0xFE, 0x67, 0x1F,
0x84, 0x84, 0x1F, 0xBE, 0x46, 0x42, 0x90, 0x90, 0x42, 0xA4, 0x5C, 0xA4, 0x42, 0x90, 0x90, 0x42,
0xA4, 0x5C, 0x00, 0x01, 0x00, 0x25, 0x00, 0x46, 0x01, 0x01, 0x01, 0xEA, 0x00, 0x06, 0x00, 0x00,
0x77, 0x27, 0x35, 0x37, 0x17, 0x07, 0x17, 0xE3, 0xBE, 0xBE, 0x1E, 0x83, 0x83, 0x46, 0xA4, 0x5C,
0xA4, 0x42, 0x90, 0x90, 0x00, 0x01, 0x00, 0x33, 0x00, 0x46, 0x01, 0x10, 0x01, 0xEA, 0x00, 0x06,
0x00, 0x00, 0x77, 0x27, 0x37, 0x27, 0x37, 0x17, 0x15, 0x52, 0x1F, 0x84, 0x84, 0x1F, 0xBE, 0x46,
0x42, 0x90, 0x90, 0x42, 0xA4, 0x5C, 0x00, 0x02, 0x00, 0x4F, 0x01, 0xBD, 0x01, 0x6C, 0x02, 0xE4,
0x00, 0x03, 0x00, 0x07, 0x00, 0x00, 0x41, 0x11, 0x33, 0x11, 0x21, 0x11, 0x33, 0x11, 0x01, 0x10,
0x5C, 0xFE, 0xE3, 0x5C, 0x01, 0xBD, 0x01, 0x27, 0xFE, 0xD9, 0x01, 0x27, 0xFE, 0xD9, 0x00, 0x01,
0x00, 0x4F, 0x01, 0xBD, 0x00, 0xAB, 0x02, 0xE4, 0x00, 0x03, 0x00, 0x00, 0x53, 0x11, 0x33, 0x11,
0x4F, 0x5C, 0x01, 0xBD, 0x01, 0x27, 0xFE, 0xD9, 0x00, 0x01, 0x00, 0x00, 0xFF, 0x7A, 0x01, 0xD1,
0x02, 0xBA, 0x00, 0x15, 0x00, 0x00, 0x55, 0x37, 0x33, 0x13, 0x23, 0x37, 0x33, 0x37, 0x36, 0x36,
0x33, 0x33, 0x07, 0x23, 0x07, 0x33, 0x07, 0x23, 0x03, 0x06, 0x06, 0x23, 0x08, 0x87, 0x22, 0x82,
0x09, 0x82, 0x14, 0x06, 0x46, 0x41, 0x76, 0x0A, 0x8D, 0x19, 0x9A, 0x08, 0x9B, 0x1D, 0x06, 0x45,
0x42, 0x86, 0x55, 0x01, 0x4D, 0x59, 0xC4, 0x39, 0x48, 0x55, 0xF0, 0x59, 0xFE, 0xDF, 0x39, 0x48,
0x00, 0x05, 0x00, 0x58, 0xFF, 0xAB, 0x02, 0x54, 0x03, 0x0C, 0x00, 0x19, 0x00, 0x1D, 0x00, 0x29,
0x00, 0x2D, 0x00, 0x37, 0x00, 0x00, 0x45, 0x35, 0x23, 0x11, 0x33, 0x35, 0x33, 0x15, 0x33, 0x32,
0x16, 0x15, 0x14, 0x06, 0x07, 0x15, 0x1E, 0x02, 0x15, 0x14, 0x06, 0x06, 0x23, 0x23, 0x15, 0x27,
0x33, 0x35, 0x23, 0x17, 0x33, 0x32, 0x36, 0x36, 0x35, 0x35, 0x34, 0x26, 0x26, 0x23, 0x23, 0x27,
0x33, 0x35, 0x23, 0x17, 0x33, 0x32, 0x36, 0x35, 0x35, 0x34, 0x26, 0x23, 0x23, 0x01, 0x1A, 0xC2,
0xC2, 0x4F, 0x1D, 0x54, 0x61, 0x44, 0x35, 0x24, 0x43, 0x2B, 0x2F, 0x50, 0x33, 0x39, 0xAA, 0x5F,
0x5F, 0xA7, 0x20, 0x1E, 0x2C, 0x18, 0x18, 0x2C, 0x1E, 0x20, 0xA7, 0x5F, 0x5F, 0xA7, 0x15, 0x2B,
0x29, 0x29, 0x2B, 0x15, 0x55, 0x6A, 0x02, 0x90, 0x67, 0x67, 0x5C, 0x4D, 0x43, 0x41, 0x08, 0x06,
0x04, 0x1E, 0x40, 0x36, 0x35, 0x56, 0x32, 0x6A, 0xC3, 0xCB, 0xCB, 0x13, 0x26, 0x1C, 0x22, 0x1C,
0x26, 0x12, 0x55, 0xBE, 0xBE, 0x28, 0x28, 0x1E, 0x28, 0x28, 0x00, 0x01, 0x00, 0x7A, 0x00, 0x00,
0x03, 0x16, 0x02, 0xD5, 0x00, 0x09, 0x00, 0x00, 0x61, 0x03, 0x37, 0x17, 0x17, 0x33, 0x37, 0x13,
0x17, 0x01, 0x01, 0x5C, 0xE2, 0x5B, 0x6E, 0x51, 0x04, 0x51, 0xCE, 0x5F, 0xFE, 0xBA, 0x01, 0xD9,
0x2C, 0xEE, 0xBB, 0xBB, 0x01, 0xBE, 0x26, 0xFD, 0x51, 0x00, 0x00, 0x01, 0x00, 0x6F, 0x00, 0x04,
0x03, 0x21, 0x02, 0xB6, 0x00, 0x0B, 0x00, 0x00, 0x77, 0x27, 0x01, 0x01, 0x37, 0x01, 0x01, 0x17,
0x01, 0x01, 0x07, 0x01, 0xB4, 0x45, 0x01, 0x14, 0xFE, 0xEC, 0x45, 0x01, 0x14, 0x01, 0x14, 0x45,
0xFE, 0xEC, 0x01, 0x14, 0x45, 0xFE, 0xEC, 0x04, 0x45, 0x01, 0x14, 0x01, 0x14, 0x45, 0xFE, 0xEC,
0x01, 0x14, 0x45, 0xFE, 0xEC, 0xFE, 0xEC, 0x45, 0x01, 0x14, 0x00, 0x02, 0x00, 0x40, 0xFF, 0x87,
0x03, 0x41, 0x02, 0xC4, 0x00, 0x3F, 0x00, 0x4F, 0x00, 0x00, 0x45, 0x22, 0x26, 0x26, 0x35, 0x34,
0x36, 0x36, 0x33, 0x32, 0x1E, 0x02, 0x15, 0x14, 0x06, 0x06, 0x23, 0x22, 0x26, 0x27, 0x23, 0x06,
0x06, 0x23, 0x22, 0x26, 0x26, 0x35, 0x34, 0x36, 0x36, 0x33, 0x32, 0x16, 0x17, 0x33, 0x35, 0x33,
0x11, 0x14, 0x16, 0x33, 0x32, 0x36, 0x35, 0x35, 0x34, 0x26, 0x26, 0x23, 0x22, 0x0E, 0x02, 0x15,
0x15, 0x14, 0x1E, 0x02, 0x33, 0x33, 0x15, 0x03, 0x32, 0x36, 0x36, 0x35, 0x35, 0x34, 0x26, 0x26,
0x23, 0x22, 0x06, 0x15, 0x15, 0x14, 0x16, 0x01, 0xC4, 0x77, 0xAE, 0x5F, 0x61, 0xB1, 0x78, 0x4C,
0x87, 0x68, 0x3C, 0x26, 0x50, 0x3D, 0x31, 0x37, 0x05, 0x04, 0x10, 0x3A, 0x2F, 0x2D, 0x4D, 0x2D,
0x2D, 0x4D, 0x2D, 0x2C, 0x37, 0x0B, 0x05, 0x53, 0x19, 0x1A, 0x2B, 0x2E, 0x4F, 0x88, 0x56, 0x47,
0x75, 0x54, 0x2E, 0x2D, 0x53, 0x73, 0x47, 0xE0, 0xEA, 0x1D, 0x29, 0x16, 0x15, 0x29, 0x1E, 0x2F,
0x31, 0x31, 0x79, 0x67, 0xB8, 0x7B, 0x7B, 0xBD, 0x6B, 0x2E, 0x5E, 0x8F, 0x62, 0x48, 0x73, 0x43,
0x32, 0x27, 0x28, 0x30, 0x30, 0x60, 0x48, 0x48, 0x60, 0x2F, 0x2D, 0x20, 0x44, 0xFE, 0xDC, 0x22,
0x1B, 0x5A, 0x50, 0x28, 0x58, 0x80, 0x46, 0x30, 0x58, 0x75, 0x45, 0x34, 0x46, 0x74, 0x54, 0x2E,
0x46, 0x01, 0x0D, 0x16, 0x26, 0x19, 0x78, 0x17, 0x22, 0x15, 0x39, 0x2E, 0x4C, 0x2F, 0x39, 0x00,
0x00, 0x03, 0x00, 0x41, 0xFF, 0xF4, 0x02, 0xAD, 0x02, 0xC6, 0x00, 0x27, 0x00, 0x33, 0x00, 0x43,
0x00, 0x00, 0x45, 0x22, 0x26, 0x26, 0x35, 0x34, 0x36, 0x36, 0x37, 0x26, 0x26, 0x35, 0x34, 0x36,
0x36, 0x33, 0x32, 0x16, 0x16, 0x15, 0x14, 0x06, 0x06, 0x07, 0x17, 0x36, 0x36, 0x37, 0x33, 0x15,
0x23, 0x06, 0x06, 0x07, 0x17, 0x23, 0x27, 0x0E, 0x02, 0x27, 0x32, 0x36, 0x37, 0x27, 0x0E, 0x02,
0x15, 0x15, 0x14, 0x16, 0x13, 0x3E, 0x02, 0x35, 0x35, 0x34, 0x26, 0x26, 0x23, 0x22, 0x06, 0x15,
0x15, 0x14, 0x16, 0x01, 0x1E, 0x47, 0x64, 0x32, 0x28, 0x40, 0x26, 0x22, 0x2D, 0x2F, 0x56, 0x39,
0x35, 0x50, 0x2E, 0x29, 0x46, 0x2A, 0x8D, 0x0E, 0x10, 0x02, 0x92, 0x44, 0x08, 0x17, 0x10, 0x89,
0x81, 0x44, 0x10, 0x36, 0x4D, 0x2B, 0x2C, 0x43, 0x18, 0xAE, 0x19, 0x29, 0x17, 0x44, 0x35, 0x1E,
0x30, 0x1E, 0x17, 0x26, 0x18, 0x25, 0x31, 0x21, 0x0C, 0x34, 0x58, 0x36, 0x32, 0x49, 0x34, 0x15,
0x24, 0x52, 0x2E, 0x2F, 0x4C, 0x2D, 0x26, 0x44, 0x2F, 0x2E, 0x43, 0x36, 0x18, 0x98, 0x24, 0x52,
0x29, 0x56, 0x27, 0x47, 0x1E, 0x93, 0x4A, 0x12, 0x28, 0x1C, 0x58, 0x1F, 0x1A, 0xBC, 0x0E, 0x21,
0x2C, 0x20, 0x0E, 0x31, 0x3B, 0x01, 0x5A, 0x10, 0x25, 0x2B, 0x19, 0x09, 0x18, 0x22, 0x12, 0x2E,
0x24, 0x09, 0x1B, 0x36, 0x00, 0x01, 0x00, 0x2D, 0xFF, 0x6B, 0x02, 0x4C, 0x02, 0xBA, 0x00, 0x11,
0x00, 0x00, 0x57, 0x11, 0x22, 0x26, 0x26, 0x35, 0x34, 0x36, 0x36, 0x33, 0x21, 0x15, 0x23, 0x11,
0x23, 0x11, 0x23, 0x11, 0xF5, 0x38, 0x5B, 0x35, 0x35, 0x5B, 0x38, 0x01, 0x57, 0x43, 0x55, 0x6A,
0x95, 0x01, 0xB4, 0x38, 0x5D, 0x38, 0x38, 0x5E, 0x38, 0x51, 0xFD, 0x02, 0x02, 0xFE, 0xFD, 0x02,
0x00, 0x02, 0x00, 0x43, 0xFF, 0x63, 0x02, 0x01, 0x02, 0xC6, 0x00, 0x39, 0x00, 0x4D, 0x00, 0x00,
0x45, 0x22, 0x26, 0x27, 0x37, 0x16, 0x16, 0x33, 0x32, 0x36, 0x35, 0x34, 0x26, 0x26, 0x27, 0x27,
0x26, 0x26, 0x35, 0x34, 0x36, 0x37, 0x35, 0x26, 0x26, 0x35, 0x34, 0x36, 0x36, 0x33, 0x32, 0x16,
0x17, 0x07, 0x26, 0x26, 0x23, 0x22, 0x06, 0x15, 0x14, 0x16, 0x16, 0x17, 0x17, 0x16, 0x16, 0x15,
0x14, 0x06, 0x07, 0x15, 0x16, 0x16, 0x15, 0x14, 0x06, 0x06, 0x13, 0x36, 0x36, 0x35, 0x34, 0x26,
0x27, 0x27, 0x26, 0x26, 0x27, 0x06, 0x06, 0x15, 0x14, 0x16, 0x17, 0x17, 0x16, 0x16, 0x01, 0x13,
0x2F, 0x5D, 0x26, 0x37, 0x19, 0x3E, 0x25, 0x33, 0x3A, 0x16, 0x2C, 0x20, 0x44, 0x51, 0x47, 0x38,
0x35, 0x22, 0x29, 0x33, 0x5C, 0x3C, 0x30, 0x5D, 0x26, 0x38, 0x18, 0x3D, 0x28, 0x31, 0x3B, 0x17,
0x2C, 0x1F, 0x44, 0x52, 0x47, 0x37, 0x36, 0x23, 0x28, 0x33, 0x5C, 0x1C, 0x19, 0x1E, 0x30, 0x38,
0x43, 0x08, 0x10, 0x08, 0x1A, 0x1D, 0x30, 0x38, 0x42, 0x08, 0x11, 0x9D, 0x1C, 0x21, 0x43, 0x16,
0x19, 0x2B, 0x25, 0x17, 0x20, 0x18, 0x09, 0x14, 0x17, 0x50, 0x30, 0x2E, 0x4A, 0x15, 0x0B, 0x16,
0x43, 0x2C, 0x33, 0x48, 0x27, 0x1C, 0x21, 0x43, 0x16, 0x19, 0x28, 0x26, 0x17, 0x20, 0x17, 0x0A,
0x13, 0x18, 0x50, 0x30, 0x2F, 0x49, 0x16, 0x09, 0x16, 0x44, 0x2C, 0x33, 0x49, 0x28, 0x01, 0x3E,
0x15, 0x32, 0x1F, 0x24, 0x33, 0x0F, 0x12, 0x02, 0x06, 0x03, 0x14, 0x33, 0x1F, 0x24, 0x32, 0x10,
0x12, 0x02, 0x06, 0x00, 0x00, 0x03, 0x00, 0x34, 0xFF, 0xF5, 0x02, 0xD9, 0x02, 0xC5, 0x00, 0x0F,
0x00, 0x21, 0x00, 0x3C, 0x00, 0x00, 0x45, 0x22, 0x26, 0x26, 0x35, 0x34, 0x36, 0x36, 0x33, 0x32,
0x16, 0x16, 0x15, 0x14, 0x06, 0x06, 0x27, 0x32, 0x36, 0x36, 0x35, 0x35, 0x34, 0x26, 0x26, 0x23,
0x22, 0x06, 0x06, 0x15, 0x15, 0x14, 0x16, 0x16, 0x37, 0x22, 0x26, 0x35, 0x34, 0x36, 0x33, 0x32,
0x16, 0x17, 0x07, 0x26, 0x26, 0x23, 0x22, 0x06, 0x15, 0x15, 0x14, 0x16, 0x33, 0x32, 0x36, 0x37,
0x17, 0x06, 0x06, 0x01, 0x87, 0x60, 0x9A, 0x59, 0x59, 0x9A, 0x60, 0x60, 0x99, 0x59, 0x59, 0x99,
0x60, 0x4E, 0x79, 0x45, 0x45, 0x79, 0x4E, 0x4F, 0x79, 0x45, 0x45, 0x79, 0x56, 0x54, 0x5F, 0x5F,
0x54, 0x3A, 0x49, 0x12, 0x47, 0x0B, 0x24, 0x1F, 0x27, 0x2C, 0x2C, 0x27, 0x21, 0x27, 0x0E, 0x46,
0x12, 0x4C, 0x0B, 0x58, 0xA1, 0x6F, 0x6F, 0xA2, 0x57, 0x57, 0xA2, 0x6F, 0x6F, 0xA1, 0x58, 0x3D,
0x46, 0x79, 0x4D, 0x3E, 0x4D, 0x79, 0x46, 0x46, 0x79, 0x4D, 0x3E, 0x4D, 0x79, 0x46, 0x62, 0x6E,
0x5B, 0x5C, 0x6D, 0x35, 0x2B, 0x25, 0x1A, 0x1F, 0x32, 0x28, 0x46, 0x28, 0x32, 0x21, 0x1A, 0x26,
0x29, 0x38, 0x00, 0x04, 0x00, 0x25, 0x01, 0x2A, 0x01, 0xB3, 0x02, 0xC6, 0x00, 0x0F, 0x00, 0x21,
0x00, 0x2F, 0x00, 0x39, 0x00, 0x00, 0x53, 0x22, 0x26, 0x26, 0x35, 0x34, 0x36, 0x36, 0x33, 0x32,
0x16, 0x16, 0x15, 0x14, 0x06, 0x06, 0x27, 0x32, 0x36, 0x36, 0x35, 0x35, 0x34, 0x26, 0x26, 0x23,
0x22, 0x06, 0x06, 0x15, 0x15, 0x14, 0x16, 0x16, 0x27, 0x35, 0x33, 0x32, 0x16, 0x15, 0x14, 0x06,
0x07, 0x17, 0x23, 0x27, 0x23, 0x15, 0x35, 0x33, 0x32, 0x36, 0x35, 0x35, 0x34, 0x26, 0x23, 0x23,
0xEC, 0x37, 0x5A, 0x36, 0x36, 0x5A, 0x37, 0x37, 0x5A, 0x36, 0x36, 0x5A, 0x37, 0x2C, 0x44, 0x29,
0x29, 0x44, 0x2C, 0x2B, 0x45, 0x29, 0x29, 0x45, 0x24, 0x5E, 0x22, 0x23, 0x15, 0x11, 0x2F, 0x35,
0x28, 0x1F, 0x28, 0x0C, 0x0D, 0x0D, 0x0C, 0x28, 0x01, 0x2A, 0x36, 0x5E, 0x3A, 0x3B, 0x5D, 0x36,
0x36, 0x5D, 0x3B, 0x3A, 0x5E, 0x36, 0x2A, 0x29, 0x45, 0x29, 0x1A, 0x29, 0x45, 0x29, 0x29, 0x45,
0x29, 0x1A, 0x29, 0x45, 0x29, 0x39, 0xD1, 0x24, 0x1D, 0x18, 0x1F, 0x08, 0x51, 0x4A, 0x4A, 0x6F,
0x0B, 0x0B, 0x11, 0x0A, 0x0B, 0x00, 0x00, 0x02, 0x00, 0x1D, 0x01, 0xA0, 0x02, 0x3B, 0x02, 0xBA,
0x00, 0x07, 0x00, 0x18, 0x00, 0x00, 0x53, 0x35, 0x23, 0x35, 0x33, 0x15, 0x23, 0x15, 0x33, 0x11,
0x33, 0x17, 0x33, 0x37, 0x33, 0x11, 0x23, 0x35, 0x37, 0x23, 0x07, 0x27, 0x23, 0x17, 0x15, 0x70,
0x53, 0xE2, 0x51, 0x7E, 0x48, 0x40, 0x04, 0x3F, 0x44, 0x36, 0x03, 0x04, 0x50, 0x51, 0x04, 0x04,
0x01, 0xA0, 0xE8, 0x32, 0x32, 0xE8, 0x01, 0x1A, 0x7C, 0x7C, 0xFE, 0xE6, 0x73, 0x57, 0x98, 0x98,
0x57, 0x73, 0x00, 0x02, 0x00, 0x3D, 0x01, 0x63, 0x01, 0x98, 0x02, 0xC6, 0x00, 0x0F, 0x00, 0x1F,
0x00, 0x00, 0x53, 0x22, 0x26, 0x26, 0x35, 0x34, 0x36, 0x36, 0x33, 0x32, 0x16, 0x16, 0x15, 0x14,
0x06, 0x06, 0x27, 0x32, 0x36, 0x36, 0x35, 0x34, 0x26, 0x26, 0x23, 0x22, 0x06, 0x06, 0x15, 0x14,
0x16, 0x16, 0xEA, 0x30, 0x50, 0x2D, 0x2D, 0x50, 0x30, 0x32, 0x4E, 0x2E, 0x2E, 0x4E, 0x32, 0x1D,
0x2A, 0x17, 0x17, 0x2A, 0x1D, 0x1C, 0x2A, 0x17, 0x17, 0x2A, 0x01, 0x63, 0x2F, 0x50, 0x33, 0x32,
0x51, 0x2E, 0x2E, 0x51, 0x32, 0x33, 0x50, 0x2F, 0x4B, 0x1B, 0x2F, 0x1D, 0x1D, 0x2E, 0x1C, 0x1C,
0x2E, 0x1D, 0x1D, 0x2F, 0x1B, 0x00, 0x00, 0x01, 0x00, 0x31, 0x01, 0x6F, 0x00, 0xC9, 0x02, 0xBA,
0x00, 0x03, 0x00, 0x00, 0x53, 0x13, 0x33, 0x03, 0x31, 0x3A, 0x5E, 0x3A, 0x01, 0x6F, 0x01, 0x4B,
0xFE, 0xB5, 0x00, 0x02, 0x00, 0x31, 0x01, 0x6F, 0x01, 0x8A, 0x02, 0xBA, 0x00, 0x03, 0x00, 0x07,
0x00, 0x00, 0x53, 0x13, 0x33, 0x03, 0x33, 0x13, 0x33, 0x03, 0x31, 0x3A, 0x5E, 0x3A, 0x63, 0x3A,
0x5E, 0x3A, 0x01, 0x6F, 0x01, 0x4B, 0xFE, 0xB5, 0x01, 0x4B, 0xFE, 0xB5, 0x00, 0x01, 0x00, 0x80,
0xFF, 0x76, 0x00, 0xD7, 0x02, 0xF8, 0x00, 0x03, 0x00, 0x00, 0x57, 0x11, 0x33, 0x11, 0x80, 0x57,
0x8A, 0x03, 0x82, 0xFC, 0x7E, 0x00, 0x00, 0x02, 0x00, 0x80, 0xFF, 0x76, 0x00, 0xD7, 0x02, 0xF8,
0x00, 0x03, 0x00, 0x07, 0x00, 0x00, 0x53, 0x11, 0x33, 0x11, 0x03, 0x11, 0x33, 0x11, 0x80, 0x57,
0x57, 0x57, 0x01, 0x94, 0x01, 0x64, 0xFE, 0x9C, 0xFD, 0xE2, 0x01, 0x64, 0xFE, 0x9C, 0x00, 0x02,
0x00, 0x1C, 0xFF, 0xF4, 0x01, 0xE3, 0x02, 0xF0, 0x00, 0x24, 0x00, 0x30, 0x00, 0x00, 0x45, 0x22,
0x26, 0x26, 0x35, 0x35, 0x06, 0x06, 0x07, 0x27, 0x36, 0x36, 0x37, 0x11, 0x34, 0x36, 0x36, 0x33,
0x32, 0x16, 0x15, 0x14, 0x06, 0x06, 0x07, 0x15, 0x14, 0x16, 0x33, 0x32, 0x36, 0x36, 0x37, 0x17,
0x0E, 0x02, 0x03, 0x3E, 0x02, 0x35, 0x35, 0x34, 0x26, 0x23, 0x22, 0x06, 0x15, 0x01, 0x1E, 0x32,
0x4A, 0x28, 0x0C, 0x1A, 0x0D, 0x2B, 0x17, 0x30, 0x13, 0x28, 0x46, 0x2C, 0x4B, 0x4F, 0x30, 0x5D,
0x45, 0x27, 0x23, 0x1A, 0x29, 0x21, 0x0F, 0x4E, 0x11, 0x36, 0x4C, 0x78, 0x24, 0x33, 0x1C, 0x1F,
0x19, 0x18, 0x23, 0x0C, 0x2A, 0x4E, 0x33, 0x08, 0x09, 0x11, 0x09, 0x47, 0x0E, 0x20, 0x0E, 0x01,
0x25, 0x49, 0x55, 0x26, 0x5B, 0x55, 0x40, 0x74, 0x70, 0x3C, 0x2B, 0x38, 0x30, 0x18, 0x2F, 0x22,
0x2C, 0x2B, 0x44, 0x27, 0x01, 0x57, 0x25, 0x4D, 0x4F, 0x2A, 0x0E, 0x2D, 0x27, 0x2C, 0x3A, 0x00,
0x00, 0x01, 0x00, 0x2A, 0xFF, 0x38, 0x01, 0xF4, 0x02, 0xE4, 0x00, 0x0B, 0x00, 0x00, 0x57, 0x11,
0x23, 0x35, 0x33, 0x35, 0x33, 0x15, 0x33, 0x15, 0x23, 0x11, 0xE3, 0xB9, 0xB9, 0x58, 0xB9, 0xB9,
0xC8, 0x02, 0x7D, 0x4F, 0xE0, 0xE0, 0x4F, 0xFD, 0x83, 0x00, 0x00, 0x01, 0x00, 0x2D, 0xFF, 0x38,
0x01, 0xF7, 0x02, 0xE4, 0x00, 0x13, 0x00, 0x00, 0x57, 0x35, 0x23, 0x35, 0x33, 0x11, 0x23, 0x35,
0x33, 0x35, 0x33, 0x15, 0x33, 0x15, 0x23, 0x11, 0x33, 0x15, 0x23, 0x15, 0xE6, 0xB9, 0xB9, 0xB9,
0xB9, 0x59, 0xB8, 0xB8, 0xB8, 0xB8, 0xC8, 0xE0, 0x4F, 0x01, 0x4E, 0x4F, 0xE0, 0xE0, 0x4F, 0xFE,
0xB2, 0x4F, 0xE0, 0x00, 0x00, 0x02, 0x00, 0x22, 0xFF, 0xF4, 0x02, 0xB0, 0x02, 0xC6, 0x00, 0x19,
0x00, 0x24, 0x00, 0x00, 0x45, 0x22, 0x26, 0x26, 0x35, 0x34, 0x36, 0x36, 0x33, 0x32, 0x16, 0x16,
0x15, 0x21, 0x15, 0x1E, 0x02, 0x33, 0x32, 0x36, 0x37, 0x17, 0x0E, 0x02, 0x03, 0x21, 0x35, 0x2E,
0x02, 0x23, 0x22, 0x06, 0x06, 0x07, 0x01, 0x69, 0x5E, 0x94, 0x55, 0x55, 0x94, 0x5E, 0x5E, 0x94,
0x55, 0xFE, 0x0F, 0x15, 0x33, 0x3E, 0x24, 0x5A, 0x76, 0x24, 0x31, 0x1A, 0x53, 0x71, 0xF1, 0x01,
0x54, 0x15, 0x33, 0x3E, 0x24, 0x24, 0x3E, 0x33, 0x15, 0x0C, 0x59, 0xA2, 0x6E, 0x6E, 0xA2, 0x59,
0x59, 0xA2, 0x6E, 0xF7, 0x11, 0x1C, 0x0F, 0x52, 0x43, 0x1B, 0x32, 0x50, 0x2E, 0x01, 0x9C, 0xC7,
0x11, 0x1B, 0x10, 0x10, 0x1B, 0x11, 0x00, 0x04, 0x00, 0x58, 0x00, 0x00, 0x03, 0xE4, 0x02, 0xC6,
0x00, 0x0D, 0x00, 0x11, 0x00, 0x1D, 0x00, 0x2D, 0x00, 0x00, 0x73, 0x11, 0x33, 0x13, 0x17, 0x33,
0x11, 0x33, 0x11, 0x23, 0x03, 0x27, 0x23, 0x11, 0x25, 0x35, 0x21, 0x15, 0x27, 0x22, 0x26, 0x35,
0x34, 0x36, 0x33, 0x32, 0x16, 0x15, 0x14, 0x06, 0x27, 0x32, 0x36, 0x35, 0x35, 0x34, 0x26, 0x26,
0x23, 0x22, 0x06, 0x06, 0x15, 0x15, 0x14, 0x16, 0x58, 0x74, 0xCD, 0x57, 0x03, 0x63, 0x76, 0xD4,
0x4E, 0x03, 0x01, 0xF7, 0x01, 0x21, 0x91, 0x47, 0x5B, 0x5B, 0x47, 0x48, 0x5A, 0x5A, 0x48, 0x25,
0x2B, 0x13, 0x24, 0x19, 0x18, 0x24, 0x14, 0x2C, 0x02, 0xBA, 0xFE, 0x87, 0xA8, 0x02, 0x21, 0xFD,
0x46, 0x01, 0x82, 0x9A, 0xFD, 0xE4, 0xEB, 0x46, 0x46, 0x7F, 0x5C, 0x52, 0x53, 0x5B, 0x5B, 0x53,
0x52, 0x5C, 0x3E, 0x30, 0x24, 0x38, 0x19, 0x25, 0x16, 0x16, 0x25, 0x19, 0x38, 0x24, 0x30, 0x00,
0x00, 0x03, 0x00, 0x57, 0xFF, 0xAE, 0x02, 0x53, 0x03, 0x0C, 0x00, 0x1F, 0x00, 0x2B, 0x00, 0x35,
0x00, 0x00, 0x57, 0x35, 0x23, 0x11, 0x33, 0x35, 0x33, 0x15, 0x33, 0x35, 0x33, 0x15, 0x16, 0x16,
0x15, 0x14, 0x06, 0x07, 0x15, 0x1E, 0x02, 0x15, 0x14, 0x06, 0x06, 0x07, 0x15, 0x23, 0x35, 0x23,
0x15, 0x27, 0x33, 0x32, 0x36, 0x36, 0x35, 0x35, 0x34, 0x26, 0x26, 0x23, 0x23, 0x35, 0x33, 0x32,
0x36, 0x35, 0x35, 0x34, 0x26, 0x23, 0x23, 0xC2, 0x6B, 0x6B, 0x53, 0x3E, 0x54, 0x45, 0x4E, 0x44,
0x35, 0x26, 0x42, 0x2A, 0x2D, 0x4E, 0x31, 0x54, 0x3E, 0x57, 0xC7, 0x1E, 0x2C, 0x19, 0x19, 0x2C,
0x1E, 0xC7, 0xBC, 0x2B, 0x2A, 0x2A, 0x2B, 0xBC, 0x52, 0x67, 0x02, 0x90, 0x67, 0x67, 0x67, 0x68,
0x09, 0x59, 0x46, 0x43, 0x41, 0x08, 0x06, 0x04, 0x1F, 0x3F, 0x36, 0x35, 0x55, 0x32, 0x01, 0x67,
0x67, 0x67, 0xC0, 0x14, 0x26, 0x1B, 0x21, 0x1B, 0x26, 0x14, 0x56, 0x28, 0x28, 0x1D, 0x28, 0x28,
0x00, 0x02, 0x00, 0x37, 0xFF, 0xAE, 0x02, 0x46, 0x03, 0x0C, 0x00, 0x22, 0x00, 0x2B, 0x00, 0x00,
0x57, 0x37, 0x26, 0x26, 0x35, 0x34, 0x36, 0x36, 0x17, 0x37, 0x33, 0x07, 0x16, 0x16, 0x17, 0x07,
0x26, 0x26, 0x27, 0x03, 0x32, 0x32, 0x33, 0x32, 0x36, 0x37, 0x17, 0x0E, 0x02, 0x23, 0x22, 0x26,
0x27, 0x07, 0x27, 0x13, 0x22, 0x06, 0x06, 0x15, 0x15, 0x14, 0x16, 0xD7, 0x12, 0x52, 0x60, 0x44,
0x84, 0x5F, 0x0F, 0x52, 0x11, 0x34, 0x49, 0x18, 0x50, 0x0D, 0x2C, 0x20, 0x58, 0x05, 0x0B, 0x04,
0x3A, 0x51, 0x16, 0x4F, 0x14, 0x40, 0x5C, 0x40, 0x07, 0x10, 0x07, 0x0F, 0x2C, 0x56, 0x35, 0x4E,
0x2A, 0x2D, 0x52, 0x66, 0x1F, 0xA7, 0x83, 0x6C, 0x9D, 0x54, 0x02, 0x54, 0x5F, 0x0F, 0x42, 0x2E,
0x34, 0x1F, 0x2F, 0x0C, 0xFE, 0x06, 0x3C, 0x32, 0x35, 0x27, 0x43, 0x28, 0x01, 0x01, 0x55, 0xC5,
0x01, 0xED, 0x33, 0x5A, 0x3D, 0x71, 0x3F, 0x5B, 0x00, 0x02, 0x00, 0x2D, 0xFF, 0x8E, 0x01, 0xE9,
0x02, 0x76, 0x00, 0x1A, 0x00, 0x22, 0x00, 0x00, 0x57, 0x35, 0x26, 0x26, 0x35, 0x34, 0x36, 0x37,
0x35, 0x33, 0x15, 0x16, 0x16, 0x17, 0x07, 0x26, 0x26, 0x27, 0x11, 0x36, 0x36, 0x37, 0x17, 0x06,
0x06, 0x07, 0x15, 0x27, 0x11, 0x06, 0x06, 0x15, 0x15, 0x14, 0x16, 0xEC, 0x5B, 0x64, 0x65, 0x5A,
0x53, 0x3E, 0x50, 0x15, 0x4E, 0x0C, 0x2C, 0x21, 0x23, 0x32, 0x10, 0x49, 0x16, 0x55, 0x3F, 0x4F,
0x2D, 0x2E, 0x2E, 0x72, 0x6A, 0x0E, 0x8D, 0x6F, 0x70, 0x8C, 0x0E, 0x6A, 0x68, 0x07, 0x41, 0x2F,
0x2B, 0x1F, 0x28, 0x06, 0xFE, 0x92, 0x06, 0x2A, 0x21, 0x2D, 0x31, 0x42, 0x06, 0x68, 0xBF, 0x01,
0x6A, 0x0B, 0x4B, 0x34, 0x56, 0x34, 0x4A, 0x00, 0x00, 0x03, 0x00, 0x37, 0xFF, 0xAE, 0x02, 0x49,
0x03, 0x0C, 0x00, 0x26, 0x00, 0x2E, 0x00, 0x35, 0x00, 0x00, 0x57, 0x37, 0x26, 0x26, 0x35, 0x34,
0x36, 0x37, 0x37, 0x33, 0x07, 0x36, 0x16, 0x17, 0x37, 0x33, 0x07, 0x16, 0x16, 0x17, 0x07, 0x26,
0x26, 0x27, 0x03, 0x36, 0x36, 0x37, 0x17, 0x06, 0x06, 0x07, 0x07, 0x23, 0x37, 0x26, 0x26, 0x27,
0x07, 0x27, 0x13, 0x06, 0x06, 0x15, 0x15, 0x14, 0x16, 0x17, 0x13, 0x26, 0x26, 0x07, 0x03, 0x16,
0xC0, 0x0C, 0x46, 0x4F, 0x74, 0x65, 0x09, 0x45, 0x09, 0x0E, 0x19, 0x0A, 0x09, 0x45, 0x0B, 0x2B,
0x3C, 0x16, 0x4F, 0x0A, 0x1D, 0x13, 0x32, 0x27, 0x38, 0x10, 0x4F, 0x1B, 0x5F, 0x4C, 0x09, 0x45,
0x09, 0x0C, 0x19, 0x0B, 0x0A, 0x2A, 0x2D, 0x2E, 0x33, 0x1B, 0x88, 0x35, 0x0D, 0x18, 0x0E, 0x35,
0x17, 0x52, 0x72, 0x24, 0xA0, 0x78, 0x92, 0xAE, 0x16, 0x5A, 0x53, 0x01, 0x03, 0x01, 0x56, 0x67,
0x10, 0x3F, 0x29, 0x34, 0x17, 0x27, 0x0D, 0xFE, 0x1C, 0x0A, 0x38, 0x27, 0x37, 0x35, 0x4F, 0x0A,
0x56, 0x54, 0x01, 0x04, 0x02, 0x5B, 0xDE, 0x01, 0xC3, 0x15, 0x60, 0x44, 0x72, 0x30, 0x4E, 0x4C,
0x02, 0x02, 0x03, 0x03, 0x02, 0xFE, 0x06, 0x0A, 0x00, 0x02, 0x00, 0x0F, 0x00, 0x38, 0x02, 0x5A,
0x02, 0x82, 0x00, 0x1B, 0x00, 0x29, 0x00, 0x00, 0x77, 0x27, 0x37, 0x26, 0x35, 0x34, 0x37, 0x27,
0x37, 0x17, 0x36, 0x33, 0x32, 0x17, 0x37, 0x17, 0x07, 0x16, 0x15, 0x14, 0x07, 0x17, 0x07, 0x27,
0x06, 0x23, 0x22, 0x27, 0x37, 0x32, 0x36, 0x35, 0x35, 0x34, 0x26, 0x23, 0x22, 0x06, 0x15, 0x15,
0x14, 0x16, 0x4A, 0x3B, 0x65, 0x20, 0x20, 0x65, 0x3B, 0x63, 0x36, 0x52, 0x51, 0x37, 0x62, 0x3B,
0x65, 0x20, 0x20, 0x65, 0x3B, 0x62, 0x37, 0x51, 0x52, 0x36, 0x88, 0x36, 0x40, 0x40, 0x36, 0x36,
0x41, 0x41, 0x38, 0x3A, 0x65, 0x38, 0x4E, 0x4E, 0x38, 0x65, 0x3A, 0x63, 0x28, 0x28, 0x63, 0x3A,
0x65, 0x38, 0x4E, 0x4E, 0x38, 0x65, 0x3A, 0x63, 0x28, 0x28, 0x28, 0x3E, 0x3D, 0x3E, 0x3D, 0x3E,
0x3E, 0x3D, 0x3E, 0x3D, 0x3E, 0x00, 0x00, 0x03, 0x00, 0x2D, 0xFF, 0xAE, 0x02, 0x22, 0x03, 0x0C,
0x00, 0x21, 0x00, 0x28, 0x00, 0x30, 0x00, 0x00, 0x45, 0x35, 0x26, 0x26, 0x27, 0x37, 0x16, 0x16,
0x17, 0x35, 0x26, 0x26, 0x35, 0x34, 0x36, 0x37, 0x35, 0x33, 0x15, 0x16, 0x16, 0x17, 0x07, 0x26,
0x26, 0x27, 0x15, 0x16, 0x16, 0x15, 0x14, 0x06, 0x07, 0x15, 0x27, 0x36, 0x36, 0x35, 0x34, 0x26,
0x27, 0x27, 0x35, 0x06, 0x06, 0x15, 0x14, 0x16, 0x16, 0x01, 0x07, 0x4C, 0x68, 0x26, 0x46, 0x1F,
0x4B, 0x2F, 0x6A, 0x60, 0x6B, 0x5A, 0x50, 0x41, 0x60, 0x23, 0x47, 0x17, 0x3F, 0x2C, 0x6E, 0x62,
0x6B, 0x60, 0x05, 0x33, 0x3A, 0x30, 0x3D, 0x46, 0x30, 0x37, 0x16, 0x2E, 0x52, 0x55, 0x06, 0x3E,
0x2F, 0x3E, 0x26, 0x2F, 0x07, 0xE7, 0x17, 0x5D, 0x4C, 0x4F, 0x5F, 0x09, 0x56, 0x55, 0x07, 0x35,
0x2E, 0x3A, 0x1E, 0x29, 0x07, 0xD3, 0x19, 0x59, 0x4E, 0x51, 0x6D, 0x0B, 0x57, 0xAB, 0x08, 0x3A,
0x2C, 0x28, 0x33, 0x0F, 0x6C, 0xC5, 0x07, 0x30, 0x27, 0x1D, 0x26, 0x1A, 0x00, 0x03, 0x00, 0x3B,
0x00, 0x00, 0x02, 0x1B, 0x02, 0xE4, 0x00, 0x1A, 0x00, 0x1E, 0x00, 0x2E, 0x00, 0x00, 0x77, 0x22,
0x26, 0x35, 0x34, 0x36, 0x33, 0x32, 0x16, 0x17, 0x33, 0x35, 0x23, 0x35, 0x33, 0x35, 0x33, 0x15,
0x33, 0x15, 0x23, 0x11, 0x23, 0x35, 0x23, 0x06, 0x06, 0x07, 0x35, 0x21, 0x15, 0x27, 0x32, 0x36,
0x36, 0x35, 0x35, 0x34, 0x26, 0x26, 0x23, 0x22, 0x06, 0x15, 0x15, 0x14, 0x16, 0xE7, 0x4E, 0x5E,
0x5E, 0x4E, 0x34, 0x43, 0x13, 0x05, 0x8C, 0x8C, 0x64, 0x41, 0x41, 0x64, 0x05, 0x13, 0x43, 0xDA,
0x01, 0xB3, 0xE6, 0x1F, 0x2E, 0x1B, 0x1B, 0x2E, 0x1F, 0x32, 0x3B, 0x3B, 0x8C, 0x69, 0x66, 0x67,
0x68, 0x2B, 0x25, 0x88, 0x47, 0x3B, 0x3B, 0x47, 0xFE, 0x32, 0x47, 0x24, 0x2B, 0x8C, 0x50, 0x50,
0xD9, 0x15, 0x24, 0x17, 0x64, 0x17, 0x25, 0x14, 0x38, 0x2E, 0x38, 0x2D, 0x39, 0x00, 0x00, 0x01,
0x00, 0x37, 0xFF, 0xF4, 0x02, 0x4B, 0x02, 0xC6, 0x00, 0x24, 0x00, 0x00, 0x45, 0x22, 0x26, 0x26,
0x35, 0x34, 0x36, 0x36, 0x33, 0x32, 0x16, 0x16, 0x17, 0x07, 0x26, 0x26, 0x23, 0x22, 0x06, 0x07,
0x33, 0x15, 0x23, 0x15, 0x33, 0x15, 0x23, 0x16, 0x16, 0x33, 0x32, 0x36, 0x37, 0x17, 0x0E, 0x02,
0x01, 0x58, 0x59, 0x81, 0x47, 0x47, 0x81, 0x59, 0x3D, 0x5A, 0x3F, 0x16, 0x50, 0x15, 0x4E, 0x39,
0x45, 0x5A, 0x0D, 0xF8, 0xFD, 0xFD, 0xF8, 0x0D, 0x5A, 0x45, 0x3B, 0x51, 0x17, 0x50, 0x15, 0x40,
0x5D, 0x0C, 0x54, 0xA1, 0x74, 0x74, 0xA1, 0x54, 0x24, 0x40, 0x2A, 0x35, 0x30, 0x39, 0x54, 0x45,
0x4B, 0x56, 0x4B, 0x46, 0x53, 0x3D, 0x34, 0x38, 0x28, 0x43, 0x28, 0x00, 0x00, 0x03, 0x00, 0x37,
0xFF, 0xAE, 0x02, 0x60, 0x03, 0x0C, 0x00, 0x24, 0x00, 0x2E, 0x00, 0x39, 0x00, 0x00, 0x57, 0x37,
0x26, 0x26, 0x35, 0x34, 0x36, 0x36, 0x33, 0x32, 0x32, 0x17, 0x37, 0x33, 0x07, 0x16, 0x16, 0x17,
0x16, 0x16, 0x17, 0x07, 0x26, 0x26, 0x27, 0x07, 0x33, 0x15, 0x14, 0x0E, 0x02, 0x23, 0x22, 0x26,
0x27, 0x07, 0x37, 0x32, 0x36, 0x36, 0x35, 0x35, 0x23, 0x07, 0x16, 0x16, 0x27, 0x13, 0x22, 0x22,
0x23, 0x06, 0x06, 0x15, 0x15, 0x14, 0x16, 0xD6, 0x12, 0x52, 0x5F, 0x45, 0x7D, 0x56, 0x03, 0x06,
0x06, 0x0E, 0x52, 0x11, 0x05, 0x09, 0x04, 0x2F, 0x4B, 0x19, 0x55, 0x0E, 0x31, 0x24, 0x28, 0xEE,
0x34, 0x54, 0x5E, 0x2C, 0x05, 0x0C, 0x06, 0x0F, 0x36, 0x2F, 0x47, 0x27, 0x98, 0x21, 0x06, 0x0F,
0x5B, 0x57, 0x01, 0x03, 0x02, 0x4F, 0x58, 0x2D, 0x52, 0x65, 0x1F, 0xA6, 0x87, 0x71, 0x99, 0x4F,
0x01, 0x55, 0x5F, 0x01, 0x03, 0x01, 0x0F, 0x45, 0x34, 0x2E, 0x24, 0x34, 0x0D, 0xE7, 0x6F, 0x4A,
0x62, 0x3B, 0x19, 0x01, 0x01, 0x55, 0xAB, 0x24, 0x45, 0x30, 0x25, 0xBC, 0x01, 0x01, 0x19, 0x01,
0xEE, 0x04, 0x6B, 0x5C, 0x6F, 0x41, 0x5D, 0x00, 0x00, 0x01, 0x00, 0x2B, 0xFF, 0xF4, 0x02, 0x4E,
0x02, 0xC6, 0x00, 0x35, 0x00, 0x00, 0x45, 0x22, 0x26, 0x26, 0x35, 0x34, 0x36, 0x37, 0x23, 0x35,
0x33, 0x37, 0x21, 0x35, 0x21, 0x36, 0x36, 0x35, 0x34, 0x26, 0x23, 0x22, 0x06, 0x07, 0x27, 0x36,
0x36, 0x33, 0x32, 0x16, 0x16, 0x15, 0x14, 0x06, 0x07, 0x33, 0x15, 0x23, 0x07, 0x21, 0x15, 0x21,
0x06, 0x06, 0x15, 0x14, 0x16, 0x33, 0x32, 0x36, 0x37, 0x17, 0x06, 0x06, 0x01, 0x42, 0x43, 0x60,
0x34, 0x06, 0x03, 0x49, 0x78, 0x99, 0xFE, 0xEF, 0x01, 0x72, 0x04, 0x04, 0x3B, 0x34, 0x26, 0x44,
0x1C, 0x3C, 0x26, 0x69, 0x3A, 0x3E, 0x5B, 0x33, 0x03, 0x05, 0x4D, 0x7C, 0x98, 0x01, 0x14, 0xFE,
0x8D, 0x05, 0x07, 0x41, 0x38, 0x27, 0x48, 0x27, 0x3B, 0x26, 0x6E, 0x0C, 0x33, 0x59, 0x38, 0x11,
0x1C, 0x0C, 0x4B, 0x57, 0x4A, 0x0A, 0x17, 0x0C, 0x32, 0x30, 0x1D, 0x20, 0x42, 0x2B, 0x2A, 0x2D,
0x51, 0x34, 0x0E, 0x1D, 0x0C, 0x4A, 0x57, 0x4B, 0x0B, 0x19, 0x10, 0x38, 0x38, 0x22, 0x29, 0x43,
0x2D, 0x34, 0x00, 0x01, 0x00, 0x09, 0x00, 0x00, 0x02, 0x69, 0x02, 0xBA, 0x00, 0x13, 0x00, 0x00,
0x73, 0x11, 0x23, 0x35, 0x33, 0x11, 0x33, 0x11, 0x33, 0x13, 0x33, 0x03, 0x33, 0x15, 0x23, 0x13,
0x23, 0x03, 0x23, 0x11, 0x5F, 0x56, 0x56, 0x69, 0x42, 0xD4, 0x78, 0xDD, 0xCB, 0xC3, 0xE8, 0x7E,
0xDF, 0x44, 0x01, 0x3B, 0x56, 0x01, 0x29, 0xFE, 0xD7, 0x01, 0x29, 0xFE, 0xD7, 0x56, 0xFE, 0xC5,
0x01, 0x3B, 0xFE, 0xC5, 0x00, 0x01, 0x00, 0x33, 0x00, 0x00, 0x02, 0x28, 0x02, 0xC6, 0x00, 0x36,
0x00, 0x00, 0x73, 0x35, 0x36, 0x36, 0x37, 0x36, 0x36, 0x35, 0x23, 0x35, 0x33, 0x26, 0x26, 0x27,
0x23, 0x35, 0x33, 0x26, 0x26, 0x35, 0x34, 0x36, 0x36, 0x33, 0x32, 0x16, 0x17, 0x07, 0x26, 0x26,
0x23, 0x22, 0x06, 0x15, 0x14, 0x16, 0x15, 0x33, 0x15, 0x23, 0x16, 0x16, 0x17, 0x33, 0x15, 0x23,
0x14, 0x06, 0x15, 0x06, 0x06, 0x07, 0x15, 0x21, 0x15, 0x4D, 0x24, 0x21, 0x03, 0x01, 0x01, 0x64,
0x5C, 0x05, 0x0F, 0x07, 0x41, 0x2E, 0x01, 0x02, 0x39, 0x6A, 0x4A, 0x4E, 0x6B, 0x24, 0x4F, 0x1A,
0x44, 0x31, 0x3B, 0x44, 0x01, 0xE1, 0xCF, 0x07, 0x0F, 0x05, 0xB4, 0xAE, 0x01, 0x05, 0x2B, 0x19,
0x01, 0x62, 0x6E, 0x10, 0x3E, 0x22, 0x04, 0x06, 0x02, 0x4B, 0x15, 0x28, 0x14, 0x4B, 0x09, 0x12,
0x09, 0x3E, 0x5E, 0x35, 0x3D, 0x37, 0x37, 0x26, 0x29, 0x42, 0x40, 0x06, 0x0B, 0x06, 0x4B, 0x14,
0x28, 0x15, 0x4B, 0x01, 0x03, 0x02, 0x2D, 0x45, 0x11, 0x06, 0x5B, 0x00, 0x00, 0x01, 0x00, 0x0E,
0x00, 0x00, 0x02, 0x39, 0x02, 0xBA, 0x00, 0x1D, 0x00, 0x00, 0x73, 0x35, 0x07, 0x35, 0x37, 0x35,
0x07, 0x35, 0x37, 0x35, 0x33, 0x15, 0x37, 0x15, 0x07, 0x15, 0x37, 0x15, 0x07, 0x15, 0x33, 0x32,
0x36, 0x36, 0x35, 0x33, 0x14, 0x06, 0x06, 0x23, 0x6C, 0x5E, 0x5E, 0x5E, 0x5E, 0x6B, 0xC2, 0xC2,
0xC2, 0xC2, 0x58, 0x34, 0x49, 0x26, 0x67, 0x38, 0x72, 0x56, 0xEC, 0x2D, 0x4C, 0x2D, 0x54, 0x2E,
0x4C, 0x2D, 0xE3, 0xB0, 0x5D, 0x4C, 0x5D, 0x53, 0x5D, 0x4C, 0x5D, 0xC5, 0x30, 0x60, 0x47, 0x55,
0x8A, 0x52, 0x00, 0x03, 0x00, 0x10, 0x00, 0x00, 0x02, 0xC3, 0x02, 0xBA, 0x00, 0x1B, 0x00, 0x1F,
0x00, 0x23, 0x00, 0x00, 0x73, 0x35, 0x23, 0x35, 0x33, 0x35, 0x23, 0x35, 0x33, 0x35, 0x33, 0x17,
0x33, 0x35, 0x33, 0x15, 0x33, 0x15, 0x23, 0x15, 0x33, 0x15, 0x23, 0x15, 0x23, 0x27, 0x23, 0x15,
0x11, 0x33, 0x27, 0x23, 0x01, 0x33, 0x11, 0x23, 0x62, 0x52, 0x52, 0x52, 0x52, 0x7A, 0x82, 0xB0,
0x62, 0x53, 0x53, 0x53, 0x53, 0x7C, 0x84, 0xAB, 0x89, 0x86, 0x03, 0x01, 0x46, 0x03, 0x8E, 0xE8,
0x4B, 0x56, 0x4B, 0xE6, 0xE8, 0xE8, 0xE6, 0x4B, 0x56, 0x4B, 0xE8, 0xEA, 0xEA, 0x01, 0x2F, 0xF6,
0xFE, 0x68, 0x01, 0x00, 0x00, 0x04, 0x00, 0x19, 0x00, 0x00, 0x02, 0x7A, 0x02, 0xBA, 0x00, 0x1E,
0x00, 0x24, 0x00, 0x28, 0x00, 0x2E, 0x00, 0x00, 0x73, 0x11, 0x23, 0x35, 0x33, 0x35, 0x23, 0x35,
0x33, 0x35, 0x33, 0x32, 0x16, 0x17, 0x33, 0x15, 0x23, 0x16, 0x16, 0x15, 0x14, 0x06, 0x07, 0x33,
0x15, 0x23, 0x06, 0x06, 0x23, 0x23, 0x15, 0x11, 0x33, 0x32, 0x36, 0x37, 0x23, 0x35, 0x33, 0x35,
0x23, 0x35, 0x33, 0x26, 0x26, 0x23, 0x23, 0x6C, 0x53, 0x53, 0x53, 0x53, 0xF8, 0x4A, 0x5B, 0x13,
0x5E, 0x53, 0x01, 0x01, 0x01, 0x01, 0x53, 0x5F, 0x12, 0x5C, 0x49, 0x8E, 0x88, 0x23, 0x31, 0x08,
0xE4, 0xE9, 0xE9, 0xE3, 0x09, 0x2F, 0x23, 0x88, 0x01, 0x45, 0x47, 0x57, 0x47, 0x90, 0x48, 0x48,
0x47, 0x0A, 0x16, 0x0B, 0x0B, 0x16, 0x0B, 0x47, 0x46, 0x4B, 0xB4, 0x01, 0x05, 0x25, 0x1F, 0x40,
0x5D, 0x40, 0x1E, 0x24, 0x00, 0x02, 0x00, 0x19, 0x00, 0x00, 0x02, 0x55, 0x02, 0xBA, 0x00, 0x16,
0x00, 0x22, 0x00, 0x00, 0x73, 0x35, 0x23, 0x35, 0x33, 0x35, 0x23, 0x35, 0x33, 0x11, 0x21, 0x32,
0x16, 0x15, 0x14, 0x06, 0x23, 0x23, 0x15, 0x33, 0x15, 0x23, 0x15, 0x11, 0x33, 0x32, 0x36, 0x36,
0x35, 0x35, 0x34, 0x26, 0x26, 0x23, 0x23, 0x6C, 0x53, 0x53, 0x53, 0x53, 0x01, 0x21, 0x5F, 0x69,
0x69, 0x5F, 0xB6, 0xFE, 0xFE, 0xB0, 0x1D, 0x2B, 0x16, 0x17, 0x2A, 0x1D, 0xB0, 0x7A, 0x52, 0x5C,
0x52, 0x01, 0x40, 0x6B, 0x5E, 0x5D, 0x6C, 0x5C, 0x52, 0x7A, 0x01, 0x7A, 0x15, 0x28, 0x1D, 0x33,
0x1D, 0x28, 0x14, 0x00, 0x00, 0x02, 0x00, 0x58, 0xFF, 0xF4, 0x02, 0xE6, 0x02, 0xBA, 0x00, 0x36,
0x00, 0x40, 0x00, 0x00, 0x45, 0x22, 0x26, 0x27, 0x27, 0x23, 0x11, 0x23, 0x11, 0x33, 0x32, 0x16,
0x15, 0x14, 0x06, 0x07, 0x17, 0x16, 0x16, 0x33, 0x32, 0x36, 0x35, 0x34, 0x26, 0x26, 0x27, 0x27,
0x26, 0x26, 0x35, 0x34, 0x36, 0x33, 0x32, 0x16, 0x17, 0x07, 0x26, 0x26, 0x23, 0x22, 0x06, 0x15,
0x14, 0x16, 0x17, 0x17, 0x1E, 0x02, 0x15, 0x14, 0x06, 0x06, 0x01, 0x33, 0x32, 0x36, 0x35, 0x35,
0x34, 0x26, 0x23, 0x23, 0x02, 0x2D, 0x41, 0x5B, 0x1D, 0x5E, 0x56, 0x68, 0xC2, 0x5B, 0x62, 0x30,
0x30, 0x56, 0x16, 0x2F, 0x24, 0x22, 0x26, 0x08, 0x15, 0x15, 0x13, 0x29, 0x23, 0x4C, 0x41, 0x1C,
0x38, 0x18, 0x25, 0x0E, 0x1F, 0x12, 0x18, 0x1C, 0x19, 0x1B, 0x11, 0x1D, 0x22, 0x0F, 0x26, 0x4F,
0xFE, 0x54, 0x4E, 0x2D, 0x31, 0x31, 0x2D, 0x4E, 0x0C, 0x34, 0x3F, 0xCB, 0xFE, 0xCE, 0x02, 0xBA,
0x66, 0x5B, 0x3F, 0x5A, 0x15, 0xB2, 0x2A, 0x28, 0x1E, 0x1B, 0x0E, 0x15, 0x19, 0x14, 0x12, 0x28,
0x40, 0x26, 0x39, 0x48, 0x0D, 0x11, 0x46, 0x0B, 0x0A, 0x19, 0x17, 0x16, 0x22, 0x1B, 0x0F, 0x1C,
0x2B, 0x2B, 0x1C, 0x29, 0x40, 0x25, 0x01, 0x95, 0x2C, 0x2A, 0x2D, 0x2A, 0x2B, 0x00, 0x00, 0x01,
0x00, 0x38, 0x00, 0x00, 0x02, 0x42, 0x02, 0xBA, 0x00, 0x22, 0x00, 0x00, 0x61, 0x03, 0x23, 0x35,
0x33, 0x32, 0x36, 0x37, 0x35, 0x21, 0x35, 0x21, 0x26, 0x26, 0x23, 0x23, 0x35, 0x21, 0x15, 0x23,
0x15, 0x1E, 0x02, 0x17, 0x33, 0x15, 0x23, 0x15, 0x0E, 0x02, 0x07, 0x07, 0x13, 0x01, 0x7A, 0xC9,
0x79, 0xCA, 0x30, 0x3C, 0x02, 0xFE, 0xC8, 0x01, 0x38, 0x02, 0x3C, 0x30, 0xCA, 0x02, 0x0A, 0xB3,
0x0C, 0x1C, 0x1A, 0x05, 0x6C, 0x6D, 0x02, 0x2D, 0x4B, 0x2F, 0x04, 0xD4, 0x01, 0x10, 0x51, 0x2C,
0x2B, 0x05, 0x51, 0x2F, 0x2B, 0x52, 0x52, 0x04, 0x01, 0x0F, 0x24, 0x22, 0x51, 0x05, 0x2A, 0x46,
0x2D, 0x05, 0x01, 0xFE, 0xEB, 0x00, 0x00, 0x02, 0x00, 0x58, 0x00, 0x00, 0x02, 0xDB, 0x02, 0xBA,
0x00, 0x0E, 0x00, 0x1D, 0x00, 0x00, 0x61, 0x11, 0x33, 0x11, 0x33, 0x32, 0x36, 0x36, 0x35, 0x11,
0x33, 0x11, 0x14, 0x06, 0x23, 0x21, 0x11, 0x21, 0x32, 0x16, 0x15, 0x11, 0x23, 0x11, 0x34, 0x26,
0x26, 0x23, 0x23, 0x11, 0x01, 0x0D, 0x63, 0xAC, 0x19, 0x2B, 0x19, 0x62, 0x68, 0x51, 0xFE, 0x36,
0x01, 0x16, 0x51, 0x66, 0x62, 0x18, 0x29, 0x1B, 0xAD, 0x02, 0x10, 0xFE, 0x48, 0x14, 0x2C, 0x24,
0x01, 0xFE, 0xFE, 0x0C, 0x64, 0x62, 0x02, 0xBA, 0x62, 0x64, 0xFE, 0xB5, 0x01, 0x55, 0x25, 0x2B,
0x14, 0xFD, 0x9E, 0x00, 0x00, 0x01, 0x00, 0x33, 0x00, 0x00, 0x02, 0x28, 0x02, 0xC6, 0x00, 0x2A,
0x00, 0x00, 0x73, 0x35, 0x36, 0x36, 0x35, 0x34, 0x26, 0x27, 0x23, 0x35, 0x33, 0x26, 0x26, 0x35,
0x34, 0x36, 0x36, 0x33, 0x32, 0x16, 0x17, 0x07, 0x26, 0x26, 0x23, 0x22, 0x06, 0x15, 0x14, 0x16,
0x17, 0x33, 0x15, 0x23, 0x16, 0x16, 0x15, 0x14, 0x06, 0x07, 0x15, 0x21, 0x15, 0x4D, 0x28, 0x23,
0x02, 0x02, 0x61, 0x46, 0x0A, 0x11, 0x39, 0x6A, 0x4A, 0x4E, 0x6B, 0x24, 0x4F, 0x1A, 0x44, 0x31,
0x3B, 0x44, 0x0F, 0x08, 0xD2, 0xB6, 0x01, 0x01, 0x2F, 0x1C, 0x01, 0x62, 0x70, 0x12, 0x48, 0x2A,
0x0B, 0x17, 0x0A, 0x56, 0x1E, 0x3D, 0x24, 0x3E, 0x5E, 0x35, 0x3D, 0x37, 0x39, 0x27, 0x29, 0x41,
0x40, 0x20, 0x37, 0x1B, 0x56, 0x09, 0x11, 0x0A, 0x37, 0x50, 0x12, 0x06, 0x5D, 0x00, 0x00, 0x02,
0x00, 0x27, 0x00, 0x00, 0x02, 0x38, 0x02, 0xBA, 0x00, 0x07, 0x00, 0x0B, 0x00, 0x00, 0x73, 0x11,
0x23, 0x35, 0x21, 0x15, 0x23, 0x11, 0x01, 0x35, 0x21, 0x15, 0xFA, 0xD3, 0x02, 0x11, 0xD3, 0xFE,
0xC2, 0x02, 0x11, 0x01, 0xBF, 0x52, 0x52, 0xFE, 0x41, 0x02, 0x68, 0x52, 0x52, 0x00, 0x00, 0x01,
0x00, 0x27, 0x00, 0x00, 0x02, 0x38, 0x02, 0xBA, 0x00, 0x17, 0x00, 0x00, 0x73, 0x35, 0x07, 0x35,
0x37, 0x35, 0x07, 0x35, 0x37, 0x35, 0x23, 0x35, 0x21, 0x15, 0x23, 0x15, 0x37, 0x15, 0x07, 0x15,
0x37, 0x15, 0x07, 0x15, 0xFA, 0x81, 0x81, 0x81, 0x81, 0xD3, 0x02, 0x11, 0xD3, 0x81, 0x81, 0x81,
0x81, 0xA3, 0x3E, 0x4C, 0x3E, 0x53, 0x3E, 0x4C, 0x3E, 0xD2, 0x5A, 0x5A, 0x9F, 0x3E, 0x4C, 0x3E,
0x53, 0x3E, 0x4C, 0x3E, 0xD6, 0x00, 0x00, 0x04, 0x00, 0x25, 0x00, 0x00, 0x03, 0xAA, 0x02, 0xBA,
0x00, 0x1F, 0x00, 0x25, 0x00, 0x2B, 0x00, 0x31, 0x00, 0x00, 0x73, 0x27, 0x23, 0x35, 0x33, 0x27,
0x23, 0x35, 0x33, 0x27, 0x33, 0x17, 0x33, 0x37, 0x33, 0x17, 0x33, 0x37, 0x33, 0x07, 0x33, 0x15,
0x23, 0x07, 0x33, 0x15, 0x23, 0x07, 0x23, 0x27, 0x23, 0x07, 0x27, 0x33, 0x37, 0x37, 0x23, 0x17,
0x05, 0x33, 0x37, 0x37, 0x23, 0x17, 0x07, 0x33, 0x27, 0x27, 0x23, 0x07, 0xDA, 0x37, 0x7E, 0x6D,
0x14, 0x59, 0x47, 0x36, 0x69, 0x32, 0xA1, 0x3A, 0x78, 0x39, 0xA3, 0x34, 0x68, 0x3A, 0x48, 0x5A,
0x15, 0x6F, 0x82, 0x3A, 0x77, 0x3B, 0xAF, 0x3C, 0x36, 0x02, 0x3A, 0x09, 0x80, 0x08, 0x01, 0xC9,
0x03, 0x34, 0x08, 0x82, 0x09, 0xD8, 0x8C, 0x0C, 0x38, 0x03, 0x3A, 0xE9, 0x4A, 0x56, 0x4B, 0xE6,
0xE8, 0xE8, 0xE8, 0xE8, 0xE6, 0x4B, 0x56, 0x4A, 0xE9, 0xEB, 0xEB, 0x7A, 0xEF, 0x24, 0x25, 0xED,
0xED, 0x25, 0x23, 0x3A, 0x2E, 0xEB, 0xEB, 0x00, 0x00, 0x01, 0x00, 0x1D, 0x00, 0x00, 0x02, 0x4F,
0x02, 0xBA, 0x00, 0x17, 0x00, 0x00, 0x61, 0x35, 0x23, 0x35, 0x33, 0x35, 0x23, 0x35, 0x33, 0x03,
0x33, 0x13, 0x33, 0x13, 0x33, 0x03, 0x33, 0x15, 0x23, 0x15, 0x33, 0x15, 0x23, 0x15, 0x01, 0x00,
0xAD, 0xAD, 0xAD, 0x7F, 0xB5, 0x78, 0xA3, 0x04, 0x9F, 0x74, 0xB7, 0x80, 0xAE, 0xAE, 0xAE, 0x8D,
0x4B, 0x56, 0x4B, 0x01, 0x41, 0xFE, 0xD2, 0x01, 0x2E, 0xFE, 0xBF, 0x4B, 0x56, 0x4B, 0x8D, 0x00,
0x00, 0x01, 0x00, 0x43, 0x00, 0x3E, 0x02, 0x15, 0x02, 0x24, 0x00, 0x0B, 0x00, 0x00, 0x77, 0x35,
0x23, 0x35, 0x33, 0x35, 0x33, 0x15, 0x33, 0x15, 0x23, 0x15, 0xFD, 0xBA, 0xBA, 0x5E, 0xBA, 0xBA,
0x3E, 0xC9, 0x55, 0xC8, 0xC8, 0x55, 0xC9, 0x00, 0x00, 0x01, 0x00, 0x43, 0x01, 0x07, 0x02, 0x15,
0x01, 0x5C, 0x00, 0x03, 0x00, 0x00, 0x53, 0x35, 0x21, 0x15, 0x43, 0x01, 0xD2, 0x01, 0x07, 0x55,
0x55, 0x00, 0x00, 0x01, 0x00, 0x58, 0x00, 0x56, 0x02, 0x00, 0x02, 0x08, 0x00, 0x0B, 0x00, 0x00,
0x77, 0x27, 0x37, 0x27, 0x37, 0x17, 0x37, 0x17, 0x07, 0x17, 0x07, 0x27, 0x94, 0x3C, 0x98, 0x98,
0x3C, 0x98, 0x98, 0x3C, 0x98, 0x98, 0x3C, 0x98, 0x56, 0x3C, 0x9D, 0x9D, 0x3C, 0x9D, 0x9D, 0x3C,
0x9D, 0x9D, 0x3C, 0x9D, 0x00, 0x03, 0x00, 0x43, 0x00, 0x2C, 0x02, 0x15, 0x02, 0x36, 0x00, 0x03,
0x00, 0x11, 0x00, 0x1F, 0x00, 0x00, 0x53, 0x35, 0x21, 0x15, 0x07, 0x22, 0x26, 0x35, 0x35, 0x34,
0x36, 0x33, 0x32, 0x16, 0x15, 0x15, 0x14, 0x06, 0x03, 0x22, 0x26, 0x35, 0x35, 0x34, 0x36, 0x33,
0x32, 0x16, 0x15, 0x15, 0x14, 0x06, 0x43, 0x01, 0xD2, 0xE9, 0x26, 0x20, 0x20, 0x26, 0x27, 0x1F,
0x1F, 0x27, 0x26, 0x20, 0x20, 0x26, 0x27, 0x1F, 0x1F, 0x01, 0x07, 0x55, 0x55, 0xDB, 0x20, 0x17,
0x17, 0x16, 0x21, 0x21, 0x16, 0x17, 0x17, 0x20, 0x01, 0x85, 0x21, 0x16, 0x17, 0x17, 0x20, 0x20,
0x17, 0x17, 0x16, 0x21, 0x00, 0x02, 0x00, 0x43, 0x00, 0x9E, 0x02, 0x15, 0x01, 0xC5, 0x00, 0x03,
0x00, 0x07, 0x00, 0x00, 0x53, 0x35, 0x21, 0x15, 0x05, 0x35, 0x21, 0x15, 0x43, 0x01, 0xD2, 0xFE,
0x2E, 0x01, 0xD2, 0x01, 0x71, 0x54, 0x54, 0xD3, 0x55, 0x55, 0x00, 0x01, 0x00, 0x43, 0x00, 0x3C,
0x02, 0x15, 0x02, 0x28, 0x00, 0x13, 0x00, 0x00, 0x77, 0x37, 0x23, 0x35, 0x33, 0x37, 0x23, 0x35,
0x21, 0x37, 0x33, 0x07, 0x33, 0x15, 0x23, 0x07, 0x33, 0x15, 0x21, 0x07, 0x7C, 0x34, 0x6D, 0x9B,
0x42, 0xDD, 0x01, 0x0A, 0x34, 0x5A, 0x35, 0x6F, 0x9C, 0x42, 0xDE, 0xFE, 0xF4, 0x34, 0x3C, 0x62,
0x54, 0x7F, 0x54, 0x63, 0x63, 0x54, 0x7F, 0x54, 0x62, 0x00, 0x00, 0x01, 0x00, 0x5E, 0xFF, 0xF7,
0x01, 0xFA, 0x02, 0x43, 0x00, 0x07, 0x00, 0x00, 0x57, 0x35, 0x25, 0x35, 0x25, 0x35, 0x05, 0x15,
0x5E, 0x01, 0x36, 0xFE, 0xCA, 0x01, 0x9C, 0x09, 0x6A, 0xB8, 0x08, 0xB8, 0x6A, 0xFC, 0x53, 0x00,
0x00, 0x01, 0x00, 0x5E, 0xFF, 0xF7, 0x01, 0xFA, 0x02, 0x43, 0x00, 0x07, 0x00, 0x00, 0x45, 0x25,
0x35, 0x25, 0x15, 0x05, 0x15, 0x05, 0x01, 0xFA, 0xFE, 0x64, 0x01, 0x9C, 0xFE, 0xCA, 0x01, 0x36,
0x09, 0xFD, 0x52, 0xFD, 0x6A, 0xB8, 0x08, 0xB8, 0x00, 0x02, 0x00, 0x5E, 0x00, 0x00, 0x01, 0xFA,
0x02, 0x55, 0x00, 0x07, 0x00, 0x0B, 0x00, 0x00, 0x77, 0x35, 0x25, 0x35, 0x25, 0x35, 0x05, 0x15,
0x01, 0x35, 0x21, 0x15, 0x5E, 0x01, 0x2E, 0xFE, 0xD2, 0x01, 0x9C, 0xFE, 0x64, 0x01, 0x9C, 0x7F,
0x64, 0x84, 0x07, 0x84, 0x63, 0xBE, 0x59, 0xFE, 0xC2, 0x54, 0x54, 0x00, 0x00, 0x02, 0x00, 0x5E,
0x00, 0x00, 0x01, 0xFA, 0x02, 0x55, 0x00, 0x07, 0x00, 0x0B, 0x00, 0x00, 0x65, 0x25, 0x35, 0x25,
0x15, 0x05, 0x15, 0x05, 0x05, 0x35, 0x21, 0x15, 0x01, 0xFA, 0xFE, 0x64, 0x01, 0x9C, 0xFE, 0xD2,
0x01, 0x2E, 0xFE, 0x64, 0x01, 0x9C, 0x7F, 0xBE, 0x5A, 0xBE, 0x63, 0x84, 0x07, 0x84, 0xE3, 0x54,
0x54, 0x00, 0x00, 0x02, 0x00, 0x43, 0x00, 0x00, 0x02, 0x15, 0x02, 0x70, 0x00, 0x0B, 0x00, 0x0F,
0x00, 0x00, 0x77, 0x35, 0x23, 0x35, 0x33, 0x35, 0x33, 0x15, 0x33, 0x15, 0x23, 0x15, 0x05, 0x35,
0x21, 0x15, 0xFD, 0xBA, 0xBA, 0x5E, 0xBA, 0xBA, 0xFE, 0xE8, 0x01, 0xD2, 0xA3, 0xBC, 0x55, 0xBC,
0xBC, 0x55, 0xBC, 0xA3, 0x55, 0x55, 0x00, 0x02, 0x00, 0x3B, 0x00, 0x7B, 0x02, 0x1F, 0x01, 0xE8,
0x00, 0x19, 0x00, 0x33, 0x00, 0x00, 0x41, 0x22, 0x26, 0x27, 0x26, 0x26, 0x23, 0x22, 0x06, 0x07,
0x27, 0x36, 0x36, 0x33, 0x32, 0x16, 0x17, 0x16, 0x16, 0x33, 0x32, 0x36, 0x37, 0x17, 0x06, 0x06,
0x07, 0x22, 0x26, 0x27, 0x26, 0x26, 0x23, 0x22, 0x06, 0x07, 0x27, 0x36, 0x36, 0x33, 0x32, 0x16,
0x17, 0x16, 0x16, 0x33, 0x32, 0x36, 0x37, 0x17, 0x06, 0x06, 0x01, 0xA3, 0x25, 0x39, 0x22, 0x1C,
0x35, 0x1F, 0x18, 0x23, 0x16, 0x27, 0x14, 0x3A, 0x2E, 0x25, 0x39, 0x22, 0x1C, 0x35, 0x1F, 0x18,
0x23, 0x16, 0x27, 0x14, 0x3A, 0x2E, 0x25, 0x39, 0x22, 0x1C, 0x35, 0x1F, 0x18, 0x23, 0x16, 0x27,
0x14, 0x3A, 0x2E, 0x25, 0x39, 0x22, 0x1C, 0x35, 0x1F, 0x18, 0x23, 0x16, 0x27, 0x14, 0x3A, 0x01,
0x4D, 0x15, 0x10, 0x0E, 0x14, 0x0F, 0x10, 0x3A, 0x19, 0x20, 0x14, 0x11, 0x0D, 0x14, 0x0F, 0x0F,
0x39, 0x19, 0x21, 0xD2, 0x15, 0x10, 0x0E, 0x13, 0x0E, 0x10, 0x39, 0x1A, 0x20, 0x14, 0x11, 0x0D,
0x15, 0x0F, 0x10, 0x3A, 0x19, 0x20, 0x00, 0x01, 0x00, 0x3A, 0x00, 0xE4, 0x02, 0x1E, 0x01, 0x7F,
0x00, 0x19, 0x00, 0x00, 0x65, 0x22, 0x26, 0x27, 0x26, 0x26, 0x23, 0x22, 0x06, 0x07, 0x27, 0x36,
0x36, 0x33, 0x32, 0x16, 0x17, 0x16, 0x16, 0x33, 0x32, 0x36, 0x37, 0x17, 0x06, 0x06, 0x01, 0xA2,
0x25, 0x39, 0x22, 0x1C, 0x35, 0x1F, 0x18, 0x23, 0x16, 0x27, 0x14, 0x3A, 0x2E, 0x25, 0x39, 0x22,
0x1C, 0x35, 0x1F, 0x18, 0x23, 0x16, 0x27, 0x14, 0x3A, 0xE4, 0x15, 0x10, 0x0E, 0x13, 0x0E, 0x10,
0x39, 0x1A, 0x20, 0x14, 0x11, 0x0D, 0x15, 0x0F, 0x10, 0x3A, 0x19, 0x20, 0x00, 0x01, 0x00, 0x3E,
0x00, 0x4E, 0x02, 0x15, 0x01, 0x5C, 0x00, 0x05, 0x00, 0x00, 0x65, 0x35, 0x21, 0x35, 0x21, 0x11,
0x01, 0xBF, 0xFE, 0x7F, 0x01, 0xD7, 0x4E, 0xB9, 0x55, 0xFE, 0xF2, 0x00, 0x00, 0x01, 0x00, 0x2F,
0x01, 0x22, 0x02, 0x29, 0x02, 0xBA, 0x00, 0x07, 0x00, 0x00, 0x53, 0x27, 0x13, 0x33, 0x13, 0x07,
0x03, 0x23, 0x7D, 0x4E, 0xCD, 0x61, 0xCC, 0x50, 0xAC, 0x04, 0x01, 0x22, 0x28, 0x01, 0x70, 0xFE,
0x90, 0x28, 0x01, 0x31, 0x00, 0x03, 0x00, 0x12, 0x00, 0x69, 0x02, 0xE3, 0x01, 0xEF, 0x00, 0x1F,
0x00, 0x2C, 0x00, 0x39, 0x00, 0x00, 0x77, 0x22, 0x26, 0x26, 0x35, 0x34, 0x36, 0x36, 0x33, 0x32,
0x16, 0x17, 0x33, 0x3E, 0x02, 0x33, 0x32, 0x16, 0x16, 0x15, 0x14, 0x06, 0x06, 0x23, 0x22, 0x26,
0x27, 0x23, 0x0E, 0x02, 0x27, 0x32, 0x36, 0x37, 0x26, 0x26, 0x23, 0x22, 0x06, 0x15, 0x15, 0x14,
0x16, 0x21, 0x32, 0x36, 0x35, 0x35, 0x34, 0x26, 0x23, 0x22, 0x06, 0x07, 0x16, 0x16, 0xCC, 0x3A,
0x53, 0x2D, 0x2D, 0x53, 0x3A, 0x4B, 0x5E, 0x18, 0x05, 0x08, 0x2C, 0x40, 0x24, 0x39, 0x54, 0x2C,
0x2C, 0x54, 0x39, 0x4B, 0x5E, 0x19, 0x05, 0x07, 0x2D, 0x3F, 0x24, 0x2F, 0x43, 0x0F, 0x11, 0x41,
0x2F, 0x28, 0x30, 0x30, 0x01, 0x86, 0x28, 0x30, 0x30, 0x28, 0x2F, 0x43, 0x0F, 0x10, 0x42, 0x69,
0x31, 0x58, 0x3A, 0x3A, 0x58, 0x31, 0x42, 0x49, 0x2F, 0x3D, 0x1F, 0x31, 0x58, 0x3A, 0x3A, 0x58,
0x31, 0x43, 0x48, 0x2E, 0x3E, 0x1F, 0x53, 0x36, 0x36, 0x39, 0x3B, 0x31, 0x2B, 0x28, 0x2A, 0x32,
0x32, 0x2A, 0x28, 0x2B, 0x31, 0x36, 0x36, 0x39, 0x3B, 0x00, 0x00, 0x01, 0x00, 0x2D, 0xFF, 0x38,
0x01, 0x84, 0x02, 0xE4, 0x00, 0x0D, 0x00, 0x00, 0x57, 0x35, 0x33, 0x11, 0x34, 0x36, 0x33, 0x33,
0x15, 0x23, 0x11, 0x14, 0x06, 0x23, 0x2D, 0x78, 0x3F, 0x41, 0x5F, 0x78, 0x3E, 0x42, 0xC8, 0x55,
0x02, 0xD6, 0x39, 0x48, 0x55, 0xFD, 0x2A, 0x39, 0x48, 0x00, 0x00, 0x01, 0x00, 0x37, 0x00, 0x00,
0x02, 0x97, 0x02, 0xC6, 0x00, 0x2F, 0x00, 0x00, 0x73, 0x35, 0x33, 0x35, 0x2E, 0x02, 0x35, 0x34,
0x3E, 0x02, 0x33, 0x32, 0x1E, 0x02, 0x15, 0x14, 0x06, 0x06, 0x07, 0x15, 0x33, 0x15, 0x23, 0x35,
0x3E, 0x03, 0x35, 0x35, 0x34, 0x26, 0x26, 0x23, 0x22, 0x06, 0x06, 0x15, 0x15, 0x14, 0x1E, 0x02,
0x17, 0x15, 0x37, 0x9F, 0x2B, 0x47, 0x28, 0x25, 0x4A, 0x71, 0x4B, 0x4C, 0x71, 0x4A, 0x25, 0x29,
0x46, 0x2C, 0x9F, 0xF3, 0x18, 0x2D, 0x24, 0x15, 0x2D, 0x53, 0x3B, 0x3A, 0x53, 0x2D, 0x15, 0x24,
0x2D, 0x17, 0x5E, 0x0A, 0x17, 0x4D, 0x6F, 0x46, 0x3F, 0x74, 0x5C, 0x36, 0x36, 0x5C, 0x74, 0x3F,
0x46, 0x6F, 0x4D, 0x17, 0x0A, 0x5E, 0x8E, 0x09, 0x27, 0x37, 0x41, 0x22, 0x57, 0x2D, 0x54, 0x37,
0x37, 0x54, 0x2D, 0x57, 0x22, 0x41, 0x37, 0x27, 0x09, 0x8E, 0x00, 0x02, 0x00, 0x2E, 0x00, 0x00,
0x02, 0x63, 0x02, 0xBA, 0x00, 0x05, 0x00, 0x09, 0x00, 0x00, 0x73, 0x35, 0x13, 0x33, 0x13, 0x15,
0x25, 0x21, 0x03, 0x23, 0x2E, 0xD7, 0x86, 0xD8, 0xFE, 0x37, 0x01, 0x58, 0xA9, 0x05, 0x5A, 0x02,
0x60, 0xFD, 0xA0, 0x5A, 0x5E, 0x01, 0xFA, 0x00, 0x00, 0x01, 0x00, 0x28, 0xFF, 0x38, 0x02, 0xA1,
0x02, 0xBA, 0x00, 0x0B, 0x00, 0x00, 0x57, 0x11, 0x23, 0x35, 0x21, 0x15, 0x23, 0x11, 0x23, 0x11,
0x23, 0x11, 0x7F, 0x57, 0x02, 0x79, 0x57, 0x6B, 0xF6, 0xC8, 0x03, 0x24, 0x5E, 0x5E, 0xFC, 0xDC,
0x03, 0x24, 0xFC, 0xDC, 0x00, 0x01, 0x00, 0x1C, 0xFF, 0x38, 0x01, 0xE6, 0x02, 0xBA, 0x00, 0x0D,
0x00, 0x00, 0x57, 0x35, 0x13, 0x35, 0x03, 0x35, 0x21, 0x15, 0x21, 0x13, 0x15, 0x03, 0x21, 0x15,
0x1C, 0xF6, 0xF6, 0x01, 0xCA, 0xFE, 0xAA, 0xE3, 0xE3, 0x01, 0x56, 0xC8, 0x61, 0x01, 0x5E, 0x04,
0x01, 0x5E, 0x61, 0x5E, 0xFE, 0xC0, 0x46, 0xFE, 0xC0, 0x5E, 0x00, 0x01, 0x00, 0x18, 0x00, 0x00,
0x02, 0x3D, 0x02, 0xBA, 0x00, 0x0B, 0x00, 0x00, 0x73, 0x03, 0x23, 0x35, 0x33, 0x17, 0x17, 0x33,
0x37, 0x13, 0x33, 0x03, 0xEE, 0x7B, 0x5B, 0xA3, 0x34, 0x41, 0x06, 0x43, 0x67, 0x5D, 0xC9, 0x01,
0xB3, 0x54, 0xBA, 0xF7, 0xF7, 0x01, 0x6D, 0xFD, 0x46, 0x00, 0x00, 0x02, 0x00, 0x37, 0xFF, 0xF4,
0x02, 0x13, 0x02, 0xBA, 0x00, 0x18, 0x00, 0x2A, 0x00, 0x00, 0x45, 0x22, 0x26, 0x35, 0x34, 0x36,
0x36, 0x33, 0x32, 0x16, 0x17, 0x37, 0x2E, 0x02, 0x27, 0x33, 0x1E, 0x03, 0x15, 0x14, 0x06, 0x06,
0x27, 0x32, 0x36, 0x36, 0x35, 0x35, 0x34, 0x26, 0x26, 0x23, 0x22, 0x06, 0x06, 0x15, 0x15, 0x14,
0x16, 0x16, 0x01, 0x28, 0x71, 0x80, 0x34, 0x60, 0x3F, 0x30, 0x41, 0x17, 0x05, 0x11, 0x53, 0x73,
0x44, 0x9C, 0x27, 0x57, 0x4D, 0x30, 0x3A, 0x6A, 0x4A, 0x28, 0x3B, 0x20, 0x20, 0x3B, 0x28, 0x27,
0x3C, 0x20, 0x20, 0x3C, 0x0C, 0x8D, 0x78, 0x4E, 0x72, 0x3F, 0x25, 0x20, 0x02, 0x32, 0x5C, 0x53,
0x24, 0x17, 0x48, 0x66, 0x8B, 0x5B, 0x60, 0x7E, 0x3D, 0x53, 0x20, 0x40, 0x2E, 0x41, 0x30, 0x3F,
0x20, 0x20, 0x3F, 0x30, 0x41, 0x2E, 0x40, 0x20, 0x00, 0x01, 0x00, 0x50, 0xFF, 0x38, 0x01, 0xF7,
0x02, 0x07, 0x00, 0x19, 0x00, 0x00, 0x57, 0x11, 0x33, 0x11, 0x14, 0x16, 0x33, 0x32, 0x36, 0x36,
0x35, 0x11, 0x33, 0x11, 0x23, 0x35, 0x23, 0x06, 0x06, 0x23, 0x22, 0x26, 0x27, 0x23, 0x17, 0x15,
0x50, 0x66, 0x34, 0x33, 0x1E, 0x35, 0x20, 0x67, 0x67, 0x04, 0x0E, 0x3F, 0x38, 0x22, 0x2E, 0x0C,
0x03, 0x0E, 0xC8, 0x02, 0xCF, 0xFE, 0xC2, 0x3D, 0x40, 0x15, 0x29, 0x1E, 0x01, 0x5F, 0xFD, 0xF9,
0x55, 0x26, 0x3B, 0x19, 0x18, 0x66, 0x87, 0x00, 0x00, 0x05, 0x00, 0x3C, 0xFF, 0xF4, 0x03, 0x73,
0x02, 0xC6, 0x00, 0x03, 0x00, 0x13, 0x00, 0x25, 0x00, 0x35, 0x00, 0x47, 0x00, 0x00, 0x73, 0x01,
0x33, 0x01, 0x03, 0x22, 0x26, 0x26, 0x35, 0x34, 0x36, 0x36, 0x33, 0x32, 0x16, 0x16, 0x15, 0x14,
0x06, 0x06, 0x27, 0x32, 0x36, 0x36, 0x35, 0x35, 0x34, 0x26, 0x26, 0x23, 0x22, 0x06, 0x06, 0x15,
0x15, 0x14, 0x16, 0x16, 0x01, 0x22, 0x26, 0x26, 0x35, 0x34, 0x36, 0x36, 0x33, 0x32, 0x16, 0x16,
0x15, 0x14, 0x06, 0x06, 0x27, 0x32, 0x36, 0x36, 0x35, 0x35, 0x34, 0x26, 0x26, 0x23, 0x22, 0x06,
0x06, 0x15, 0x15, 0x14, 0x16, 0x16, 0xB6, 0x01, 0xE4, 0x5F, 0xFE, 0x1C, 0x34, 0x34, 0x4A, 0x27,
0x27, 0x4A, 0x34, 0x36, 0x49, 0x27, 0x27, 0x49, 0x36, 0x19, 0x21, 0x11, 0x11, 0x21, 0x19, 0x19,
0x21, 0x10, 0x10, 0x21, 0x02, 0x05, 0x34, 0x4A, 0x27, 0x27, 0x4A, 0x34, 0x36, 0x49, 0x27, 0x27,
0x49, 0x36, 0x19, 0x21, 0x11, 0x11, 0x21, 0x19, 0x19, 0x21, 0x10, 0x10, 0x21, 0x02, 0xBA, 0xFD,
0x46, 0x01, 0x3A, 0x2E, 0x58, 0x40, 0x40, 0x58, 0x2E, 0x2E, 0x58, 0x40, 0x40, 0x58, 0x2E, 0x3F,
0x18, 0x2F, 0x23, 0x3A, 0x23, 0x2F, 0x18, 0x18, 0x2F, 0x23, 0x3A, 0x23, 0x2F, 0x18, 0xFE, 0x7B,
0x2E, 0x58, 0x40, 0x40, 0x58, 0x2E, 0x2E, 0x58, 0x40, 0x40, 0x58, 0x2E, 0x3F, 0x18, 0x2F, 0x23,
0x3A, 0x23, 0x2F, 0x18, 0x18, 0x2F, 0x23, 0x3A, 0x23, 0x2F, 0x18, 0x00, 0x00, 0x07, 0x00, 0x3C,
0xFF, 0xF4, 0x04, 0xF7, 0x02, 0xC6, 0x00, 0x03, 0x00, 0x13, 0x00, 0x25, 0x00, 0x35, 0x00, 0x47,
0x00, 0x57, 0x00, 0x69, 0x00, 0x00, 0x73, 0x01, 0x33, 0x01, 0x03, 0x22, 0x26, 0x26, 0x35, 0x34,
0x36, 0x36, 0x33, 0x32, 0x16, 0x16, 0x15, 0x14, 0x06, 0x06, 0x27, 0x32, 0x36, 0x36, 0x35, 0x35,
0x34, 0x26, 0x26, 0x23, 0x22, 0x06, 0x06, 0x15, 0x15, 0x14, 0x16, 0x16, 0x01, 0x22, 0x26, 0x26,
0x35, 0x34, 0x36, 0x36, 0x33, 0x32, 0x16, 0x16, 0x15, 0x14, 0x06, 0x06, 0x27, 0x32, 0x36, 0x36,
0x35, 0x35, 0x34, 0x26, 0x26, 0x23, 0x22, 0x06, 0x06, 0x15, 0x15, 0x14, 0x16, 0x16, 0x05, 0x22,
0x26, 0x26, 0x35, 0x34, 0x36, 0x36, 0x33, 0x32, 0x16, 0x16, 0x15, 0x14, 0x06, 0x06, 0x27, 0x32,
0x36, 0x36, 0x35, 0x35, 0x34, 0x26, 0x26, 0x23, 0x22, 0x06, 0x06, 0x15, 0x15, 0x14, 0x16, 0x16,
0xB6, 0x01, 0xE4, 0x5F, 0xFE, 0x1C, 0x34, 0x34, 0x4A, 0x27, 0x27, 0x4A, 0x34, 0x36, 0x49, 0x27,
0x27, 0x49, 0x36, 0x19, 0x21, 0x11, 0x11, 0x21, 0x19, 0x19, 0x21, 0x10, 0x10, 0x21, 0x02, 0x05,
0x34, 0x4A, 0x27, 0x27, 0x4A, 0x34, 0x36, 0x49, 0x27, 0x27, 0x49, 0x36, 0x19, 0x21, 0x11, 0x11,
0x21, 0x19, 0x19, 0x21, 0x10, 0x10, 0x21, 0x01, 0x9E, 0x35, 0x4A, 0x26, 0x26, 0x4A, 0x35, 0x35,
0x4A, 0x26, 0x26, 0x4A, 0x35, 0x19, 0x21, 0x11, 0x11, 0x21, 0x19, 0x19, 0x21, 0x11, 0x11, 0x21,
0x02, 0xBA, 0xFD, 0x46, 0x01, 0x3A, 0x2E, 0x58, 0x40, 0x40, 0x58, 0x2E, 0x2E, 0x58, 0x40, 0x40,
0x58, 0x2E, 0x3F, 0x18, 0x2F, 0x23, 0x3A, 0x23, 0x2F, 0x18, 0x18, 0x2F, 0x23, 0x3A, 0x23, 0x2F,
0x18, 0xFE, 0x7B, 0x2E, 0x58, 0x40, 0x40, 0x58, 0x2E, 0x2E, 0x58, 0x40, 0x40, 0x58, 0x2E, 0x3F,
0x18, 0x2F, 0x23, 0x3A, 0x23, 0x2F, 0x18, 0x18, 0x2F, 0x23, 0x3A, 0x23, 0x2F, 0x18, 0x3F, 0x2E,
0x58, 0x40, 0x40, 0x58, 0x2E, 0x2E, 0x58, 0x40, 0x40, 0x58, 0x2E, 0x3F, 0x18, 0x2F, 0x23, 0x3A,
0x23, 0x2F, 0x18, 0x18, 0x2F, 0x23, 0x3A, 0x23, 0x2F, 0x18, 0x00, 0x01, 0x00, 0xCE, 0x00, 0x00,
0x02, 0x81, 0x02, 0xC6, 0x00, 0x0E, 0x00, 0x00, 0x61, 0x11, 0x37, 0x27, 0x07, 0x07, 0x27, 0x37,
0x17, 0x07, 0x27, 0x27, 0x07, 0x17, 0x11, 0x01, 0x7C, 0x06, 0x04, 0x28, 0x4E, 0x3A, 0xD9, 0xDA,
0x3B, 0x4D, 0x29, 0x03, 0x05, 0x01, 0xD3, 0x5B, 0x01, 0x30, 0x4E, 0x3B, 0xDA, 0xDA, 0x3B, 0x4E,
0x30, 0x01, 0x5B, 0xFE, 0x2D, 0x00, 0x00, 0x01, 0x00, 0x89, 0x00, 0x54, 0x02, 0x9D, 0x02, 0x69,
0x00, 0x0E, 0x00, 0x00, 0x77, 0x27, 0x01, 0x37, 0x27, 0x07, 0x23, 0x35, 0x21, 0x11, 0x23, 0x35,
0x37, 0x27, 0x07, 0xC6, 0x3D, 0x01, 0x4A, 0x44, 0x01, 0x3F, 0x6E, 0x01, 0x34, 0x53, 0x06, 0x03,
0x3D, 0x54, 0x3D, 0x01, 0x4A, 0x3D, 0x03, 0x05, 0x53, 0xFE, 0xCC, 0x6D, 0x3F, 0x01, 0x43, 0x00,
0x00, 0x01, 0x00, 0x44, 0x00, 0x83, 0x03, 0x0A, 0x02, 0x37, 0x00, 0x0E, 0x00, 0x00, 0x65, 0x27,
0x37, 0x37, 0x27, 0x07, 0x21, 0x35, 0x21, 0x17, 0x37, 0x27, 0x27, 0x37, 0x17, 0x02, 0x31, 0x3C,
0x4E, 0x30, 0x01, 0x5B, 0xFE, 0x2D, 0x01, 0xD3, 0x5B, 0x01, 0x30, 0x4E, 0x3C, 0xD9, 0x83, 0x3B,
0x4D, 0x29, 0x03, 0x05, 0x56, 0x05, 0x03, 0x29, 0x4D, 0x3B, 0xDA, 0x00, 0x00, 0x01, 0x00, 0x89,
0x00, 0x5E, 0x02, 0x9D, 0x02, 0x73, 0x00, 0x0E, 0x00, 0x00, 0x65, 0x35, 0x33, 0x17, 0x37, 0x27,
0x01, 0x37, 0x01, 0x17, 0x37, 0x27, 0x35, 0x33, 0x11, 0x01, 0x69, 0x6E, 0x3F, 0x01, 0x44, 0xFE,
0xB6, 0x3D, 0x01, 0x4A, 0x3D, 0x03, 0x06, 0x53, 0x5E, 0x53, 0x05, 0x03, 0x3D, 0x01, 0x4A, 0x3D,
0xFE, 0xB5, 0x43, 0x01, 0x3F, 0x6D, 0xFE, 0xCC, 0x00, 0x01, 0x00, 0xCE, 0xFF, 0xF4, 0x02, 0x81,
0x02, 0xBA, 0x00, 0x0E, 0x00, 0x00, 0x45, 0x27, 0x37, 0x17, 0x17, 0x37, 0x27, 0x11, 0x33, 0x11,
0x07, 0x17, 0x37, 0x37, 0x17, 0x01, 0xA7, 0xD9, 0x3A, 0x4E, 0x28, 0x04, 0x06, 0x56, 0x05, 0x03,
0x29, 0x4D, 0x3B, 0x0C, 0xDA, 0x3B, 0x4E, 0x30, 0x01, 0x5B, 0x01, 0xD3, 0xFE, 0x2D, 0x5B, 0x01,
0x30, 0x4E, 0x3B, 0x00, 0x00, 0x01, 0x00, 0xB1, 0x00, 0x5E, 0x02, 0xC6, 0x02, 0x73, 0x00, 0x0E,
0x00, 0x00, 0x77, 0x11, 0x33, 0x15, 0x07, 0x17, 0x37, 0x01, 0x17, 0x01, 0x07, 0x17, 0x37, 0x33,
0x15, 0xB1, 0x53, 0x05, 0x03, 0x3D, 0x01, 0x4A, 0x3D, 0xFE, 0xB5, 0x43, 0x01, 0x3F, 0x6D, 0x5E,
0x01, 0x34, 0x6D, 0x3F, 0x01, 0x43, 0x01, 0x4B, 0x3D, 0xFE, 0xB6, 0x3D, 0x03, 0x05, 0x53, 0x00,
0x00, 0x01, 0x00, 0x44, 0x00, 0x83, 0x03, 0x0A, 0x02, 0x37, 0x00, 0x0E, 0x00, 0x00, 0x65, 0x27,
0x37, 0x17, 0x07, 0x07, 0x17, 0x37, 0x21, 0x15, 0x21, 0x27, 0x07, 0x17, 0x17, 0x01, 0x1E, 0xDA,
0xDA, 0x3B, 0x4E, 0x30, 0x01, 0x5C, 0x01, 0xD2, 0xFE, 0x2E, 0x5C, 0x01, 0x30, 0x4E, 0x83, 0xDA,
0xDA, 0x3B, 0x4D, 0x29, 0x03, 0x05, 0x56, 0x05, 0x03, 0x29, 0x4D, 0x00, 0x00, 0x01, 0x00, 0xB1,
0x00, 0x54, 0x02, 0xC6, 0x02, 0x69, 0x00, 0x0E, 0x00, 0x00, 0x65, 0x01, 0x27, 0x07, 0x17, 0x15,
0x23, 0x11, 0x21, 0x15, 0x23, 0x27, 0x07, 0x17, 0x01, 0x02, 0x89, 0xFE, 0xB6, 0x3D, 0x03, 0x05,
0x53, 0x01, 0x34, 0x6D, 0x3F, 0x01, 0x43, 0x01, 0x4B, 0x54, 0x01, 0x4B, 0x43, 0x01, 0x3F, 0x6D,
0x01, 0x34, 0x53, 0x05, 0x03, 0x3D, 0xFE, 0xB6, 0x00, 0x01, 0x00, 0x3F, 0x00, 0x83, 0x03, 0x10,
0x02, 0x37, 0x00, 0x19, 0x00, 0x00, 0x65, 0x27, 0x37, 0x17, 0x07, 0x07, 0x17, 0x37, 0x33, 0x17,
0x37, 0x27, 0x27, 0x37, 0x17, 0x07, 0x27, 0x37, 0x37, 0x27, 0x07, 0x23, 0x27, 0x07, 0x17, 0x17,
0x01, 0x19, 0xDA, 0xDA, 0x3B, 0x4E, 0x30, 0x01, 0x5B, 0xEA, 0x5C, 0x01, 0x30, 0x4E, 0x3B, 0xDA,
0xDA, 0x3B, 0x4E, 0x30, 0x01, 0x5C, 0xEA, 0x5B, 0x01, 0x30, 0x4E, 0x83, 0xDA, 0xDA, 0x3B, 0x4D,
0x29, 0x03, 0x05, 0x05, 0x03, 0x29, 0x4D, 0x3B, 0xDA, 0xDA, 0x3B, 0x4D, 0x29, 0x03, 0x05, 0x05,
0x03, 0x29, 0x4D, 0x00, 0x00, 0x01, 0x00, 0xCE, 0xFF, 0xF4, 0x02, 0x81, 0x02, 0xC6, 0x00, 0x19,
0x00, 0x00, 0x45, 0x27, 0x37, 0x17, 0x17, 0x37, 0x27, 0x35, 0x37, 0x27, 0x07, 0x07, 0x27, 0x37,
0x17, 0x07, 0x27, 0x27, 0x07, 0x17, 0x15, 0x07, 0x17, 0x37, 0x37, 0x17, 0x01, 0xA7, 0xD9, 0x3A,
0x4E, 0x28, 0x04, 0x06, 0x06, 0x04, 0x28, 0x4E, 0x3A, 0xD9, 0xDA, 0x3B, 0x4D, 0x29, 0x03, 0x05,
0x05, 0x03, 0x29, 0x4D, 0x3B, 0x0C, 0xDA, 0x3B, 0x4E, 0x30, 0x01, 0x5B, 0xEC, 0x5B, 0x01, 0x30,
0x4E, 0x3B, 0xDA, 0xDA, 0x3B, 0x4E, 0x30, 0x01, 0x5B, 0xEC, 0x5B, 0x01, 0x30, 0x4E, 0x3B, 0x00,
0x00, 0x01, 0x00, 0x44, 0x00, 0x47, 0x03, 0x0A, 0x02, 0x74, 0x00, 0x1E, 0x00, 0x00, 0x65, 0x27,
0x37, 0x17, 0x07, 0x07, 0x17, 0x37, 0x33, 0x32, 0x36, 0x36, 0x35, 0x34, 0x26, 0x26, 0x23, 0x35,
0x32, 0x16, 0x16, 0x15, 0x14, 0x06, 0x06, 0x23, 0x23, 0x27, 0x07, 0x17, 0x17, 0x01, 0x1E, 0xDA,
0xDA, 0x3B, 0x4E, 0x30, 0x01, 0x5C, 0xFC, 0x1F, 0x36, 0x22, 0x22, 0x36, 0x1F, 0x3A, 0x61, 0x3B,
0x3B, 0x61, 0x3A, 0xFC, 0x5C, 0x01, 0x30, 0x4E, 0x47, 0xDA, 0xD9, 0x3A, 0x4E, 0x28, 0x04, 0x06,
0x15, 0x30, 0x25, 0x26, 0x2F, 0x15, 0x54, 0x2B, 0x55, 0x3F, 0x40, 0x55, 0x2A, 0x05, 0x03, 0x29,
0x4D, 0x00, 0x00, 0x01, 0x00, 0x44, 0x00, 0x47, 0x03, 0x0A, 0x02, 0x74, 0x00, 0x1E, 0x00, 0x00,
0x65, 0x27, 0x37, 0x37, 0x27, 0x07, 0x23, 0x22, 0x26, 0x26, 0x35, 0x34, 0x36, 0x36, 0x33, 0x15,
0x22, 0x06, 0x06, 0x15, 0x14, 0x16, 0x16, 0x33, 0x33, 0x17, 0x37, 0x27, 0x27, 0x37, 0x17, 0x02,
0x31, 0x3C, 0x4E, 0x30, 0x01, 0x5B, 0xFC, 0x39, 0x62, 0x3C, 0x3C, 0x62, 0x39, 0x1F, 0x37, 0x21,
0x21, 0x37, 0x1F, 0xFC, 0x5B, 0x01, 0x30, 0x4E, 0x3C, 0xD9, 0x47, 0x3B, 0x4D, 0x29, 0x03, 0x05,
0x2A, 0x55, 0x40, 0x3F, 0x55, 0x2B, 0x54, 0x15, 0x2F, 0x26, 0x25, 0x30, 0x15, 0x06, 0x04, 0x28,
0x4E, 0x3A, 0xD9, 0x00, 0x00, 0x01, 0x00, 0x94, 0x00, 0x00, 0x02, 0x91, 0x02, 0xC6, 0x00, 0x10,
0x00, 0x00, 0x61, 0x11, 0x23, 0x27, 0x07, 0x17, 0x17, 0x07, 0x27, 0x37, 0x17, 0x07, 0x07, 0x17,
0x37, 0x21, 0x11, 0x02, 0x3B, 0xB5, 0x5A, 0x01, 0x30, 0x4D, 0x3B, 0xD9, 0xD9, 0x3B, 0x4D, 0x30,
0x01, 0x5A, 0x01, 0x0B, 0x01, 0xC1, 0x06, 0x04, 0x28, 0x4E, 0x3A, 0xD9, 0xDA, 0x3B, 0x4D, 0x29,
0x03, 0x05, 0xFD, 0xE9, 0x00, 0x01, 0x00, 0xBE, 0x00, 0x00, 0x02, 0xBB, 0x02, 0xC6, 0x00, 0x10,
0x00, 0x00, 0x73, 0x11, 0x21, 0x17, 0x37, 0x27, 0x27, 0x37, 0x17, 0x07, 0x27, 0x37, 0x37, 0x27,
0x07, 0x23, 0x11, 0xBE, 0x01, 0x0A, 0x5B, 0x01, 0x30, 0x4D, 0x3A, 0xDA, 0xDA, 0x3A, 0x4D, 0x30,
0x01, 0x5B, 0xB4, 0x02, 0x17, 0x05, 0x03, 0x29, 0x4D, 0x3B, 0xDA, 0xD9, 0x3A, 0x4E, 0x28, 0x04,
0x06, 0xFE, 0x3F, 0x00, 0x00, 0x01, 0x00, 0x94, 0xFF, 0xF4, 0x02, 0x91, 0x02, 0xBA, 0x00, 0x10,
0x00, 0x00, 0x45, 0x27, 0x37, 0x17, 0x07, 0x07, 0x17, 0x37, 0x33, 0x11, 0x33, 0x11, 0x21, 0x27,
0x07, 0x17, 0x17, 0x01, 0x6D, 0xD9, 0xD9, 0x3B, 0x4D, 0x30, 0x01, 0x5A, 0xB5, 0x56, 0xFE, 0xF5,
0x5A, 0x01, 0x30, 0x4D, 0x0C, 0xDA, 0xD9, 0x3A, 0x4E, 0x28, 0x04, 0x06, 0x01, 0xC1, 0xFD, 0xE9,
0x05, 0x03, 0x29, 0x4D, 0x00, 0x01, 0x00, 0xBE, 0xFF, 0xF4, 0x02, 0xBB, 0x02, 0xBA, 0x00, 0x10,
0x00, 0x00, 0x45, 0x27, 0x37, 0x37, 0x27, 0x07, 0x21, 0x11, 0x33, 0x11, 0x33, 0x17, 0x37, 0x27,
0x27, 0x37, 0x17, 0x01, 0xE1, 0x3A, 0x4D, 0x30, 0x01, 0x5B, 0xFE, 0xF6, 0x56, 0xB4, 0x5B, 0x01,
0x30, 0x4D, 0x3A, 0xDA, 0x0C, 0x3B, 0x4D, 0x29, 0x03, 0x05, 0x02, 0x17, 0xFE, 0x3F, 0x06, 0x04,
0x28, 0x4E, 0x3A, 0xD9, 0x00, 0x01, 0x00, 0x44, 0x00, 0x5C, 0x03, 0x0A, 0x02, 0x59, 0x00, 0x10,
0x00, 0x00, 0x65, 0x27, 0x37, 0x17, 0x17, 0x37, 0x27, 0x35, 0x21, 0x35, 0x21, 0x11, 0x07, 0x17,
0x37, 0x37, 0x17, 0x02, 0x31, 0xDA, 0x3B, 0x4D, 0x29, 0x03, 0x05, 0xFE, 0x3E, 0x02, 0x18, 0x06,
0x04, 0x28, 0x4E, 0x3A, 0x5C, 0xD9, 0x3B, 0x4D, 0x30, 0x01, 0x5A, 0xB5, 0x56, 0xFE, 0xF5, 0x5A,
0x01, 0x30, 0x4D, 0x3B, 0x00, 0x01, 0x00, 0x44, 0x00, 0x7A, 0x03, 0x0A, 0x02, 0x77, 0x00, 0x10,
0x00, 0x00, 0x77, 0x35, 0x21, 0x35, 0x37, 0x27, 0x07, 0x07, 0x27, 0x37, 0x17, 0x07, 0x27, 0x27,
0x07, 0x17, 0x11, 0x44, 0x01, 0xC2, 0x05, 0x03, 0x29, 0x4D, 0x3B, 0xDA, 0xD9, 0x3A, 0x4E, 0x28,
0x04, 0x06, 0x7A, 0x56, 0xB4, 0x5B, 0x01, 0x30, 0x4D, 0x3A, 0xDA, 0xDA, 0x3A, 0x4D, 0x30, 0x01,
0x5B, 0xFE, 0xF6, 0x00, 0x00, 0x01, 0x00, 0x44, 0x00, 0x5C, 0x03, 0x0A, 0x02, 0x59, 0x00, 0x10,
0x00, 0x00, 0x65, 0x27, 0x37, 0x17, 0x17, 0x37, 0x27, 0x11, 0x21, 0x15, 0x21, 0x15, 0x07, 0x17,
0x37, 0x37, 0x17, 0x01, 0x1E, 0xDA, 0x3B, 0x4D, 0x29, 0x03, 0x05, 0x02, 0x17, 0xFE, 0x3F, 0x05,
0x03, 0x29, 0x4D, 0x3B, 0x5C, 0xD9, 0x3B, 0x4D, 0x30, 0x01, 0x5A, 0x01, 0x0B, 0x56, 0xB5, 0x5A,
0x01, 0x30, 0x4D, 0x3B, 0x00, 0x01, 0x00, 0x44, 0x00, 0x7A, 0x03, 0x0A, 0x02, 0x77, 0x00, 0x10,
0x00, 0x00, 0x77, 0x11, 0x37, 0x27, 0x07, 0x07, 0x27, 0x37, 0x17, 0x07, 0x27, 0x27, 0x07, 0x17,
0x15, 0x21, 0x15, 0xF3, 0x05, 0x03, 0x29, 0x4D, 0x3B, 0xDA, 0xDA, 0x3B, 0x4D, 0x29, 0x03, 0x05,
0x01, 0xC1, 0x7A, 0x01, 0x0A, 0x5B, 0x01, 0x30, 0x4D, 0x3A, 0xDA, 0xDA, 0x3A, 0x4D, 0x30, 0x01,
0x5B, 0xB4, 0x56, 0x00, 0x00, 0x01, 0x00, 0x11, 0x00, 0x2C, 0x03, 0x3D, 0x02, 0x9C, 0x00, 0x20,
0x00, 0x00, 0x77, 0x27, 0x37, 0x17, 0x17, 0x37, 0x27, 0x35, 0x34, 0x3E, 0x02, 0x33, 0x32, 0x1E,
0x02, 0x15, 0x23, 0x34, 0x26, 0x26, 0x23, 0x22, 0x06, 0x06, 0x15, 0x15, 0x07, 0x17, 0x37, 0x37,
0x17, 0xEB, 0xDA, 0x3B, 0x4D, 0x29, 0x03, 0x05, 0x28, 0x50, 0x77, 0x4F, 0x50, 0x77, 0x50, 0x28,
0x56, 0x30, 0x67, 0x52, 0x51, 0x67, 0x30, 0x05, 0x03, 0x29, 0x4D, 0x3B, 0x2C, 0xD9, 0x3C, 0x4E,
0x30, 0x01, 0x5B, 0x27, 0x45, 0x7C, 0x5E, 0x37, 0x37, 0x5E, 0x7C, 0x45, 0x44, 0x77, 0x4A, 0x4A,
0x77, 0x44, 0x27, 0x5B, 0x01, 0x30, 0x4E, 0x3C, 0x00, 0x01, 0x00, 0x12, 0x00, 0x2C, 0x03, 0x3D,
0x02, 0x9C, 0x00, 0x20, 0x00, 0x00, 0x65, 0x27, 0x37, 0x17, 0x17, 0x37, 0x27, 0x35, 0x34, 0x26,
0x26, 0x23, 0x22, 0x06, 0x06, 0x15, 0x23, 0x34, 0x3E, 0x02, 0x33, 0x32, 0x1E, 0x02, 0x15, 0x15,
0x07, 0x17, 0x37, 0x37, 0x17, 0x02, 0x64, 0xDA, 0x3B, 0x4D, 0x29, 0x03, 0x05, 0x30, 0x67, 0x52,
0x51, 0x67, 0x30, 0x56, 0x28, 0x50, 0x77, 0x4F, 0x50, 0x77, 0x50, 0x28, 0x06, 0x04, 0x28, 0x4E,
0x3A, 0x2C, 0xD9, 0x3C, 0x4E, 0x30, 0x01, 0x5B, 0x27, 0x44, 0x77, 0x4A, 0x4A, 0x77, 0x44, 0x45,
0x7C, 0x5E, 0x37, 0x37, 0x5E, 0x7C, 0x45, 0x27, 0x5B, 0x01, 0x30, 0x4E, 0x3C, 0x00, 0x00, 0x01,
0x00, 0x5C, 0xFF, 0xF4, 0x02, 0xF2, 0x02, 0xBA, 0x00, 0x2E, 0x00, 0x00, 0x45, 0x22, 0x2E, 0x02,
0x35, 0x34, 0x36, 0x37, 0x17, 0x06, 0x06, 0x15, 0x14, 0x16, 0x16, 0x33, 0x32, 0x36, 0x36, 0x35,
0x34, 0x2E, 0x02, 0x27, 0x27, 0x07, 0x17, 0x15, 0x23, 0x11, 0x21, 0x15, 0x23, 0x27, 0x07, 0x17,
0x1E, 0x03, 0x15, 0x14, 0x0E, 0x02, 0x01, 0xAA, 0x45, 0x79, 0x5C, 0x34, 0x5A, 0x4C, 0x32, 0x3F,
0x42, 0x43, 0x70, 0x44, 0x45, 0x6D, 0x3F, 0x13, 0x23, 0x31, 0x1D, 0x2C, 0x03, 0x04, 0x53, 0x01,
0x34, 0x68, 0x42, 0x01, 0x28, 0x1D, 0x3B, 0x31, 0x1F, 0x33, 0x5A, 0x77, 0x0C, 0x30, 0x56, 0x73,
0x43, 0x5D, 0x94, 0x34, 0x3E, 0x2B, 0x6E, 0x4E, 0x45, 0x6A, 0x3C, 0x3B, 0x67, 0x40, 0x28, 0x3E,
0x33, 0x30, 0x1A, 0x26, 0x02, 0x40, 0x68, 0x01, 0x34, 0x53, 0x05, 0x03, 0x22, 0x18, 0x36, 0x43,
0x56, 0x39, 0x41, 0x70, 0x53, 0x2F, 0x00, 0x01, 0x00, 0x5D, 0xFF, 0xF4, 0x02, 0xF2, 0x02, 0xBA,
0x00, 0x2E, 0x00, 0x00, 0x45, 0x22, 0x2E, 0x02, 0x35, 0x34, 0x3E, 0x02, 0x37, 0x37, 0x27, 0x07,
0x23, 0x35, 0x21, 0x11, 0x23, 0x35, 0x37, 0x27, 0x07, 0x0E, 0x03, 0x15, 0x14, 0x16, 0x16, 0x33,
0x32, 0x36, 0x36, 0x35, 0x34, 0x26, 0x27, 0x37, 0x16, 0x16, 0x15, 0x14, 0x0E, 0x02, 0x01, 0xA4,
0x44, 0x76, 0x5A, 0x33, 0x1E, 0x32, 0x3B, 0x1C, 0x29, 0x01, 0x42, 0x69, 0x01, 0x34, 0x53, 0x05,
0x03, 0x2C, 0x1E, 0x30, 0x23, 0x13, 0x3F, 0x6D, 0x44, 0x45, 0x70, 0x43, 0x42, 0x40, 0x32, 0x4E,
0x58, 0x33, 0x5C, 0x79, 0x0C, 0x2F, 0x53, 0x70, 0x41, 0x39, 0x56, 0x43, 0x36, 0x18, 0x22, 0x03,
0x05, 0x53, 0xFE, 0xCC, 0x68, 0x40, 0x02, 0x26, 0x1A, 0x30, 0x33, 0x3E, 0x28, 0x40, 0x67, 0x3B,
0x3C, 0x6A, 0x45, 0x4E, 0x6E, 0x2B, 0x3E, 0x34, 0x94, 0x5D, 0x43, 0x73, 0x56, 0x30, 0x00, 0x02,
0x00, 0x44, 0xFF, 0xE6, 0x03, 0x0A, 0x02, 0xD4, 0x00, 0x0E, 0x00, 0x1D, 0x00, 0x00, 0x41, 0x27,
0x37, 0x37, 0x27, 0x07, 0x21, 0x35, 0x21, 0x17, 0x37, 0x27, 0x27, 0x37, 0x17, 0x01, 0x27, 0x37,
0x17, 0x07, 0x07, 0x17, 0x37, 0x21, 0x15, 0x21, 0x27, 0x07, 0x17, 0x17, 0x02, 0x31, 0x3C, 0x4E,
0x30, 0x01, 0x5B, 0xFE, 0x2D, 0x01, 0xD3, 0x5B, 0x01, 0x30, 0x4E, 0x3C, 0xD9, 0xFE, 0x14, 0xDA,
0xDA, 0x3B, 0x4E, 0x30, 0x01, 0x5C, 0x01, 0xD2, 0xFE, 0x2E, 0x5C, 0x01, 0x30, 0x4E, 0x01, 0x21,
0x3A, 0x4E, 0x28, 0x04, 0x06, 0x56, 0x05, 0x03, 0x29, 0x4D, 0x3B, 0xDA, 0xFD, 0xEC, 0xDA, 0xD9,
0x3A, 0x4E, 0x28, 0x04, 0x06, 0x56, 0x05, 0x03, 0x29, 0x4D, 0x00, 0x02, 0x00, 0x44, 0xFF, 0xE6,
0x03, 0x0A, 0x02, 0xD4, 0x00, 0x0E, 0x00, 0x1D, 0x00, 0x00, 0x41, 0x27, 0x37, 0x17, 0x07, 0x07,
0x17, 0x37, 0x21, 0x15, 0x21, 0x27, 0x07, 0x17, 0x17, 0x13, 0x27, 0x37, 0x37, 0x27, 0x07, 0x21,
0x35, 0x21, 0x17, 0x37, 0x27, 0x27, 0x37, 0x17, 0x01, 0x1E, 0xDA, 0xDA, 0x3B, 0x4E, 0x30, 0x01,
0x5C, 0x01, 0xD2, 0xFE, 0x2E, 0x5C, 0x01, 0x30, 0x4E, 0xD8, 0x3C, 0x4E, 0x30, 0x01, 0x5B, 0xFE,
0x2D, 0x01, 0xD3, 0x5B, 0x01, 0x30, 0x4E, 0x3C, 0xD9, 0x01, 0x21, 0xD9, 0xDA, 0x3B, 0x4D, 0x29,
0x03, 0x05, 0x56, 0x06, 0x04, 0x28, 0x4E, 0xFE, 0x8B, 0x3B, 0x4D, 0x29, 0x03, 0x05, 0x56, 0x06,
0x04, 0x28, 0x4E, 0x3A, 0xD9, 0x00, 0x00, 0x02, 0x00, 0x31, 0x00, 0x00, 0x02, 0x28, 0x02, 0xBA,
0x00, 0x05, 0x00, 0x0B, 0x00, 0x00, 0x61, 0x03, 0x13, 0x33, 0x13, 0x03, 0x27, 0x33, 0x37, 0x27,
0x23, 0x07, 0x01, 0x04, 0xD3, 0xD3, 0x51, 0xD3, 0xD3, 0x2C, 0x07, 0x94, 0x94, 0x07, 0x94, 0x01,
0x5D, 0x01, 0x5D, 0xFE, 0xA3, 0xFE, 0xA3, 0x62, 0xFB, 0xFB, 0xFB, 0x00, 0x00, 0x01, 0x01, 0x10,
0x02, 0x47, 0x01, 0x90, 0x03, 0x18, 0x00, 0x03, 0x00, 0x00, 0x41, 0x27, 0x37, 0x17, 0x01, 0x55,
0x45, 0x1F, 0x61, 0x02, 0x47, 0x09, 0xC8, 0x0E, 0x00, 0x01, 0x01, 0x10, 0x02, 0x47, 0x01, 0x90,
0x03, 0x18, 0x00, 0x03, 0x00, 0x00, 0x41, 0x27, 0x37, 0x17, 0x01, 0x55, 0x45, 0x1F, 0x61, 0x02,
0x47, 0x09, 0xC8, 0x0E, 0x00, 0x03, 0x00, 0x84, 0x02, 0x47, 0x01, 0xE8, 0x03, 0x18, 0x00, 0x03,
0x00, 0x11, 0x00, 0x1F, 0x00, 0x00, 0x41, 0x27, 0x37, 0x17, 0x07, 0x22, 0x26, 0x35, 0x35, 0x34,
0x36, 0x33, 0x32, 0x16, 0x15, 0x15, 0x14, 0x06, 0x33, 0x22, 0x26, 0x35, 0x35, 0x34, 0x36, 0x33,
0x32, 0x16, 0x15, 0x15, 0x14, 0x06, 0x01, 0x3C, 0x36, 0x1F, 0x52, 0xC0, 0x19, 0x1A, 0x1A, 0x19,
0x1A, 0x19, 0x19, 0xE4, 0x19, 0x1A, 0x1A, 0x19, 0x1A, 0x19, 0x19, 0x02, 0x47, 0x08, 0xC9, 0x0D,
0xA5, 0x1A, 0x18, 0x0F, 0x18, 0x1A, 0x1A, 0x18, 0x0F, 0x17, 0x1B, 0x1A, 0x18, 0x0F, 0x18, 0x1A,
0x1A, 0x18, 0x0F, 0x17, 0x1B, 0x00, 0x00, 0x01, 0xFE, 0xD7, 0x02, 0x88, 0x00, 0x18, 0x03, 0x21,
0x00, 0x08, 0x00, 0x00, 0x43, 0x22, 0x26, 0x35, 0x35, 0x33, 0x15, 0x33, 0x15, 0xAD, 0x40, 0x3C,
0x5F, 0xE2, 0x02, 0x88, 0x38, 0x3D, 0x24, 0x48, 0x51, 0x00, 0x00, 0x01, 0xFD, 0xF8, 0x02, 0x88,
0xFF, 0x0A, 0x03, 0x22, 0x00, 0x08, 0x00, 0x00, 0x41, 0x22, 0x26, 0x35, 0x35, 0x33, 0x15, 0x33,
0x15, 0xFE, 0x73, 0x3F, 0x3C, 0x60, 0xB2, 0x02, 0x88, 0x38, 0x3D, 0x25, 0x49, 0x51, 0x00, 0x01,
0xFF, 0x4B, 0x02, 0x88, 0xFF, 0xAD, 0x03, 0x3E, 0x00, 0x03, 0x00, 0x00, 0x43, 0x35, 0x33, 0x15,
0xB5, 0x62, 0x02, 0x88, 0xB6, 0xB6, 0x00, 0x01, 0xFF, 0x5D, 0x03, 0x76, 0xFF, 0xB2, 0x04, 0x0A,
0x00, 0x03, 0x00, 0x00, 0x43, 0x35, 0x33, 0x15, 0xA3, 0x55, 0x03, 0x76, 0x94, 0x94, 0x00, 0x01,
0xFE, 0x93, 0x02, 0x88, 0xFE, 0xF2, 0x03, 0x41, 0x00, 0x03, 0x00, 0x00, 0x41, 0x35, 0x33, 0x15,
0xFE, 0x93, 0x5F, 0x02, 0x88, 0xB9, 0xB9, 0x00, 0x00, 0x01, 0xFE, 0x9B, 0x02, 0x88, 0xFF, 0xD9,
0x03, 0x38, 0x00, 0x0B, 0x00, 0x00, 0x41, 0x35, 0x23, 0x35, 0x33, 0x32, 0x16, 0x16, 0x15, 0x27,
0x33, 0x15, 0xFE, 0xE3, 0x48, 0x3C, 0x25, 0x2A, 0x11, 0x0C, 0xAE, 0x02, 0x88, 0x60, 0x50, 0x13,
0x2E, 0x29, 0x0B, 0x51, 0x00, 0x01, 0xFE, 0xF3, 0x03, 0x76, 0xFF, 0xEB, 0x04, 0x17, 0x00, 0x0B,
0x00, 0x00, 0x43, 0x35, 0x23, 0x35, 0x33, 0x32, 0x16, 0x16, 0x15, 0x27, 0x33, 0x15, 0xCE, 0x3F,
0x2E, 0x23, 0x27, 0x10, 0x0E, 0x7E, 0x03, 0x76, 0x58, 0x49, 0x11, 0x28, 0x24, 0x05, 0x49, 0x00,
0x00, 0x01, 0xFE, 0x03, 0x02, 0x88, 0xFF, 0x0F, 0x03, 0x38, 0x00, 0x0B, 0x00, 0x00, 0x41, 0x35,
0x23, 0x35, 0x33, 0x32, 0x16, 0x16, 0x15, 0x27, 0x33, 0x15, 0xFE, 0x47, 0x44, 0x34, 0x25, 0x2A,
0x11, 0x0C, 0x84, 0x02, 0x88, 0x60, 0x50, 0x13, 0x2E, 0x29, 0x0A, 0x50, 0x00, 0x02, 0xFE, 0x71,
0x02, 0x8A, 0xFF, 0xDD, 0x03, 0x56, 0x00, 0x1C, 0x00, 0x20, 0x00, 0x00, 0x41, 0x22, 0x26, 0x35,
0x34, 0x36, 0x37, 0x17, 0x33, 0x37, 0x16, 0x16, 0x15, 0x15, 0x23, 0x35, 0x34, 0x26, 0x27, 0x07,
0x27, 0x06, 0x06, 0x15, 0x14, 0x16, 0x33, 0x33, 0x15, 0x33, 0x35, 0x33, 0x15, 0xFE, 0xE1, 0x37,
0x39, 0x3B, 0x27, 0x36, 0x01, 0x38, 0x27, 0x31, 0x4B, 0x0B, 0x09, 0x2F, 0x32, 0x0B, 0x0E, 0x1A,
0x16, 0x25, 0x4F, 0x78, 0x02, 0x8A, 0x37, 0x2D, 0x2D, 0x38, 0x03, 0x23, 0x23, 0x04, 0x2F, 0x2D,
0x6C, 0x63, 0x12, 0x0F, 0x02, 0x1F, 0x1F, 0x02, 0x13, 0x0E, 0x10, 0x13, 0x40, 0x48, 0x48, 0x00,
0x00, 0x02, 0xFE, 0xED, 0x03, 0x76, 0x00, 0x1B, 0x04, 0x29, 0x00, 0x1B, 0x00, 0x1F, 0x00, 0x00,
0x43, 0x22, 0x26, 0x35, 0x34, 0x36, 0x37, 0x17, 0x33, 0x37, 0x16, 0x16, 0x15, 0x15, 0x23, 0x35,
0x34, 0x26, 0x27, 0x07, 0x27, 0x06, 0x15, 0x14, 0x16, 0x33, 0x33, 0x15, 0x33, 0x35, 0x33, 0x15,
0xB2, 0x2F, 0x32, 0x32, 0x23, 0x2D, 0x01, 0x2F, 0x21, 0x2B, 0x43, 0x09, 0x08, 0x25, 0x29, 0x15,
0x13, 0x12, 0x25, 0x45, 0x58, 0x03, 0x76, 0x2F, 0x27, 0x29, 0x31, 0x03, 0x1F, 0x1F, 0x04, 0x2A,
0x28, 0x5D, 0x56, 0x10, 0x0D, 0x02, 0x1B, 0x1B, 0x05, 0x19, 0x0D, 0x13, 0x37, 0x3F, 0x3F, 0x00,
0x00, 0x02, 0xFD, 0xCB, 0x02, 0x88, 0xFF, 0x19, 0x03, 0x52, 0x00, 0x1C, 0x00, 0x20, 0x00, 0x00,
0x41, 0x22, 0x26, 0x35, 0x34, 0x36, 0x37, 0x17, 0x33, 0x37, 0x16, 0x16, 0x15, 0x15, 0x23, 0x35,
0x34, 0x26, 0x27, 0x07, 0x27, 0x06, 0x06, 0x15, 0x14, 0x16, 0x33, 0x33, 0x15, 0x33, 0x35, 0x33,
0x15, 0xFE, 0x35, 0x34, 0x36, 0x38, 0x25, 0x30, 0x01, 0x32, 0x25, 0x2F, 0x47, 0x0A, 0x0A, 0x29,
0x2D, 0x0A, 0x0D, 0x19, 0x14, 0x24, 0x4E, 0x63, 0x02, 0x88, 0x37, 0x2D, 0x2C, 0x37, 0x03, 0x24,
0x24, 0x04, 0x2B, 0x2C, 0x6F, 0x64, 0x11, 0x0F, 0x02, 0x1F, 0x1F, 0x02, 0x13, 0x0D, 0x10, 0x14,
0x40, 0x45, 0x45, 0x00, 0x00, 0x02, 0xFF, 0x0B, 0x02, 0x88, 0xFF, 0xEF, 0x03, 0x54, 0x00, 0x03,
0x00, 0x07, 0x00, 0x00, 0x43, 0x35, 0x33, 0x15, 0x07, 0x35, 0x33, 0x15, 0xF5, 0xE4, 0x9C, 0x54,
0x02, 0xC9, 0x4A, 0x4A, 0x41, 0xCC, 0xCC, 0x00, 0x00, 0x02, 0xFF, 0x20, 0x03, 0x76, 0xFF, 0xF3,
0x04, 0x19, 0x00, 0x03, 0x00, 0x07, 0x00, 0x00, 0x43, 0x35, 0x33, 0x15, 0x07, 0x35, 0x33, 0x15,
0xE0, 0xD3, 0x91, 0x4F, 0x03, 0xAA, 0x39, 0x39, 0x34, 0xA3, 0xA3, 0x00, 0x00, 0x01, 0xFF, 0x04,
0x02, 0x8C, 0xFF, 0xE3, 0x03, 0x27, 0x00, 0x08, 0x00, 0x00, 0x43, 0x35, 0x34, 0x36, 0x33, 0x33,
0x15, 0x23, 0x15, 0xFC, 0x3C, 0x3F, 0x64, 0x82, 0x02, 0x8C, 0x26, 0x3D, 0x38, 0x51, 0x4A, 0x00,
0x00, 0x01, 0xFE, 0xF1, 0x03, 0x76, 0xFF, 0xD3, 0x04, 0x07, 0x00, 0x08, 0x00, 0x00, 0x41, 0x35,
0x34, 0x36, 0x33, 0x33, 0x15, 0x23, 0x15, 0xFE, 0xF1, 0x38, 0x3C, 0x6E, 0x8F, 0x03, 0x76, 0x24,
0x39, 0x34, 0x48, 0x49, 0x00, 0x01, 0xFE, 0x45, 0x02, 0x88, 0xFF, 0x1F, 0x03, 0x23, 0x00, 0x08,
0x00, 0x00, 0x41, 0x35, 0x34, 0x36, 0x33, 0x33, 0x15, 0x23, 0x15, 0xFE, 0x45, 0x3C, 0x3F, 0x5F,
0x7C, 0x02, 0x88, 0x27, 0x3D, 0x37, 0x50, 0x4B, 0x00, 0x01, 0xFE, 0x33, 0x02, 0x82, 0xFF, 0x82,
0x03, 0x58, 0x00, 0x26, 0x00, 0x00, 0x41, 0x22, 0x26, 0x35, 0x34, 0x36, 0x33, 0x33, 0x15, 0x23,
0x22, 0x06, 0x15, 0x14, 0x16, 0x33, 0x33, 0x07, 0x37, 0x33, 0x14, 0x16, 0x33, 0x32, 0x36, 0x35,
0x35, 0x33, 0x15, 0x14, 0x06, 0x23, 0x22, 0x26, 0x27, 0x23, 0x07, 0x06, 0x06, 0xFE, 0x99, 0x2E,
0x38, 0x3F, 0x33, 0xDD, 0xD7, 0x16, 0x17, 0x17, 0x16, 0x07, 0x0E, 0x12, 0x3C, 0x10, 0x0F, 0x0D,
0x0F, 0x45, 0x28, 0x1D, 0x1D, 0x26, 0x04, 0x01, 0x03, 0x04, 0x21, 0x02, 0x82, 0x3A, 0x31, 0x31,
0x3A, 0x40, 0x18, 0x18, 0x16, 0x1A, 0x06, 0x3A, 0x16, 0x1C, 0x11, 0x0F, 0x18, 0x27, 0x26, 0x23,
0x29, 0x26, 0x14, 0x19, 0x22, 0x00, 0x00, 0x01, 0xFD, 0xDF, 0x02, 0x82, 0xFF, 0x22, 0x03, 0x51,
0x00, 0x25, 0x00, 0x00, 0x41, 0x22, 0x26, 0x35, 0x34, 0x36, 0x33, 0x33, 0x15, 0x23, 0x22, 0x06,
0x15, 0x14, 0x16, 0x33, 0x33, 0x07, 0x37, 0x33, 0x14, 0x16, 0x33, 0x32, 0x35, 0x35, 0x33, 0x15,
0x14, 0x06, 0x23, 0x22, 0x26, 0x27, 0x23, 0x07, 0x06, 0x06, 0xFE, 0x41, 0x2C, 0x36, 0x3D, 0x31,
0xD5, 0xCF, 0x15, 0x16, 0x16, 0x15, 0x07, 0x0E, 0x12, 0x39, 0x0F, 0x0F, 0x1A, 0x3C, 0x22, 0x1A,
0x1C, 0x24, 0x04, 0x01, 0x03, 0x03, 0x21, 0x02, 0x82, 0x38, 0x30, 0x2E, 0x39, 0x3E, 0x18, 0x16,
0x17, 0x17, 0x06, 0x3B, 0x1A, 0x19, 0x1F, 0x1A, 0x2A, 0x25, 0x21, 0x27, 0x25, 0x13, 0x19, 0x20,
0x00, 0x01, 0xFE, 0xC6, 0x02, 0x88, 0xFF, 0xBA, 0x03, 0x5B, 0x00, 0x0E, 0x00, 0x00, 0x41, 0x35,
0x34, 0x33, 0x33, 0x07, 0x35, 0x34, 0x33, 0x33, 0x15, 0x23, 0x15, 0x23, 0x15, 0xFE, 0xC6, 0x4E,
0x27, 0x15, 0x53, 0x41, 0x4A, 0x52, 0x02, 0x88, 0x2D, 0x53, 0x23, 0x28, 0x4E, 0x4B, 0x4E, 0x3A,
0x00, 0x01, 0xFE, 0x16, 0x02, 0x88, 0xFF, 0xB1, 0x02, 0xD9, 0x00, 0x03, 0x00, 0x00, 0x41, 0x35,
0x21, 0x15, 0xFE, 0x16, 0x01, 0x9B, 0x02, 0x88, 0x51, 0x51, 0x00, 0x01, 0xFD, 0xBC, 0x02, 0x88,
0xFF, 0x14, 0x02, 0xD5, 0x00, 0x03, 0x00, 0x00, 0x41, 0x35, 0x21, 0x15, 0xFD, 0xBC, 0x01, 0x58,
0x02, 0x88, 0x4D, 0x4D, 0x00, 0x01, 0xFE, 0x17, 0x02, 0x88, 0xFF, 0xB2, 0x03, 0x37, 0x00, 0x08,
0x00, 0x00, 0x41, 0x35, 0x21, 0x35, 0x33, 0x15, 0x14, 0x06, 0x23, 0xFE, 0x17, 0x01, 0x3C, 0x5F,
0x34, 0x33, 0x02, 0x88, 0x51, 0x5E, 0x48, 0x34, 0x33, 0x00, 0x00, 0x01, 0xFD, 0xBC, 0x02, 0x88,
0xFF, 0x14, 0x03, 0x37, 0x00, 0x08, 0x00, 0x00, 0x41, 0x35, 0x33, 0x35, 0x33, 0x15, 0x14, 0x06,
0x23, 0xFD, 0xBC, 0xFE, 0x5A, 0x30, 0x30, 0x02, 0x88, 0x4D, 0x62, 0x4E, 0x31, 0x30, 0x00, 0x03,
0xFE, 0x16, 0x02, 0x88, 0xFF, 0xC1, 0x03, 0x3D, 0x00, 0x0D, 0x00, 0x11, 0x00, 0x1D, 0x00, 0x00,
0x43, 0x22, 0x26, 0x35, 0x35, 0x34, 0x36, 0x33, 0x32, 0x16, 0x15, 0x15, 0x14, 0x06, 0x21, 0x35,
0x21, 0x17, 0x37, 0x32, 0x36, 0x35, 0x34, 0x26, 0x23, 0x22, 0x06, 0x15, 0x14, 0x16, 0x9B, 0x30,
0x2C, 0x2C, 0x30, 0x31, 0x2B, 0x2B, 0xFE, 0x80, 0x01, 0x1E, 0x30, 0x01, 0x10, 0x10, 0x10, 0x10,
0x11, 0x10, 0x10, 0x02, 0x88, 0x2E, 0x22, 0x14, 0x23, 0x2E, 0x2E, 0x23, 0x14, 0x22, 0x2E, 0x51,
0x51, 0x37, 0x11, 0x12, 0x13, 0x11, 0x11, 0x13, 0x12, 0x11, 0x00, 0x03, 0xFD, 0xB8, 0x02, 0x88,
0xFF, 0x1E, 0x03, 0x3D, 0x00, 0x0D, 0x00, 0x11, 0x00, 0x1D, 0x00, 0x00, 0x41, 0x22, 0x26, 0x35,
0x35, 0x34, 0x36, 0x33, 0x32, 0x16, 0x15, 0x15, 0x14, 0x06, 0x21, 0x35, 0x33, 0x17, 0x37, 0x32,
0x36, 0x35, 0x34, 0x26, 0x23, 0x22, 0x06, 0x15, 0x14, 0x16, 0xFE, 0xC9, 0x2C, 0x28, 0x28, 0x2C,
0x2D, 0x28, 0x28, 0xFE, 0xC2, 0xD9, 0x32, 0x06, 0x0F, 0x0F, 0x0F, 0x0F, 0x0F, 0x0F, 0x0F, 0x02,
0x88, 0x2D, 0x23, 0x14, 0x23, 0x2E, 0x2E, 0x23, 0x14, 0x23, 0x2D, 0x51, 0x51, 0x37, 0x11, 0x12,
0x13, 0x11, 0x11, 0x13, 0x12, 0x11, 0x00, 0x02, 0xFE, 0x17, 0x02, 0x88, 0xFF, 0xB2, 0x03, 0x37,
0x00, 0x08, 0x00, 0x0C, 0x00, 0x00, 0x41, 0x35, 0x21, 0x35, 0x33, 0x15, 0x14, 0x06, 0x23, 0x27,
0x35, 0x33, 0x15, 0xFE, 0x17, 0x01, 0x44, 0x57, 0x35, 0x32, 0x71, 0x55, 0x02, 0x88, 0x51, 0x5E,
0x48, 0x34, 0x33, 0x41, 0x6E, 0x6E, 0x00, 0x02, 0xFD, 0xBC, 0x02, 0x88, 0xFF, 0x14, 0x03, 0x37,
0x00, 0x08, 0x00, 0x0C, 0x00, 0x00, 0x41, 0x35, 0x21, 0x35, 0x33, 0x15, 0x14, 0x06, 0x23, 0x27,
0x35, 0x33, 0x15, 0xFD, 0xBC, 0x01, 0x0D, 0x4B, 0x30, 0x30, 0x61, 0x4B, 0x02, 0x88, 0x4D, 0x62,
0x4E, 0x31, 0x30, 0x41, 0x6E, 0x6E, 0x00, 0x02, 0xFF, 0x10, 0x02, 0x84, 0xFF, 0xE2, 0x03, 0x52,
0x00, 0x0D, 0x00, 0x19, 0x00, 0x00, 0x43, 0x22, 0x26, 0x35, 0x35, 0x34, 0x36, 0x33, 0x32, 0x16,
0x15, 0x15, 0x14, 0x06, 0x27, 0x32, 0x36, 0x35, 0x34, 0x26, 0x23, 0x22, 0x06, 0x15, 0x14, 0x16,
0x87, 0x37, 0x32, 0x32, 0x37, 0x37, 0x32, 0x32, 0x37, 0x15, 0x16, 0x16, 0x15, 0x16, 0x16, 0x16,
0x02, 0x84, 0x33, 0x26, 0x1C, 0x27, 0x32, 0x32, 0x27, 0x1C, 0x26, 0x33, 0x37, 0x17, 0x19, 0x18,
0x18, 0x18, 0x18, 0x19, 0x17, 0x00, 0xFF, 0xFF, 0xFF, 0x10, 0x02, 0x84, 0xFF, 0xE2, 0x04, 0x1B,
0x06, 0x26, 0x02, 0xA2, 0x00, 0x00, 0x00, 0x06, 0x02, 0x8A, 0xEE, 0x11, 0xFF, 0xFF, 0xFE, 0xD5,
0x02, 0x84, 0xFF, 0xE2, 0x04, 0x36, 0x06, 0x26, 0x02, 0xA2, 0x00, 0x00, 0x00, 0x06, 0x02, 0x8D,
0xE2, 0x1F, 0xFF, 0xFF, 0xFE, 0xD1, 0x02, 0x84, 0xFF, 0xFF, 0x04, 0x3A, 0x06, 0x26, 0x02, 0xA2,
0x00, 0x00, 0x00, 0x06, 0x02, 0x90, 0xE4, 0x11, 0xFF, 0xFF, 0xFF, 0x0D, 0x02, 0x84, 0xFF, 0xE2,
0x04, 0x2A, 0x06, 0x26, 0x02, 0xA2, 0x00, 0x00, 0x00, 0x06, 0x02, 0x93, 0xED, 0x11, 0x00, 0x01,
0xFF, 0x39, 0xFF, 0x26, 0xFF, 0xC3, 0xFF, 0xB4, 0x00, 0x0D, 0x00, 0x00, 0x47, 0x22, 0x26, 0x35,
0x35, 0x34, 0x36, 0x33, 0x32, 0x16, 0x15, 0x15, 0x14, 0x06, 0x82, 0x24, 0x21, 0x21, 0x24, 0x24,
0x21, 0x21, 0xDA, 0x24, 0x1B, 0x10, 0x1C, 0x23, 0x23, 0x1C, 0x10, 0x1B, 0x24, 0x00, 0x00, 0x01,
0xFF, 0x3A, 0xFE, 0xA3, 0xFF, 0xC2, 0xFF, 0x2E, 0x00, 0x0D, 0x00, 0x00, 0x43, 0x22, 0x26, 0x35,
0x35, 0x34, 0x36, 0x33, 0x32, 0x16, 0x15, 0x15, 0x14, 0x06, 0x82, 0x24, 0x20, 0x20, 0x24, 0x23,
0x21, 0x21, 0xFE, 0xA3, 0x22, 0x1B, 0x10, 0x1C, 0x22, 0x22, 0x1C, 0x10, 0x1B, 0x22, 0x00, 0x01,
0xFF, 0x18, 0xFE, 0xE7, 0xFF, 0xB2, 0xFF, 0xBA, 0x00, 0x08, 0x00, 0x00, 0x43, 0x35, 0x23, 0x35,
0x33, 0x32, 0x16, 0x15, 0x15, 0xA4, 0x44, 0x41, 0x2D, 0x2C, 0xFE, 0xE7, 0x84, 0x4F, 0x2C, 0x2D,
0x7A, 0x00, 0x00, 0x01, 0xFF, 0x25, 0xFE, 0xA8, 0xFF, 0xB2, 0xFF, 0x2E, 0x00, 0x08, 0x00, 0x00,
0x43, 0x35, 0x23, 0x35, 0x33, 0x32, 0x16, 0x15, 0x15, 0xA2, 0x39, 0x57, 0x19, 0x1D, 0xFE, 0xA8,
0x42, 0x44, 0x1A, 0x1D, 0x4F, 0x00, 0x00, 0x01, 0xFE, 0x9D, 0xFE, 0xE8, 0xFF, 0xB2, 0xFF, 0xBA,
0x00, 0x12, 0x00, 0x00, 0x43, 0x22, 0x26, 0x35, 0x35, 0x23, 0x35, 0x33, 0x32, 0x16, 0x15, 0x15,
0x33, 0x35, 0x33, 0x15, 0x14, 0x06, 0x23, 0xE6, 0x24, 0x27, 0x32, 0x32, 0x29, 0x29, 0x3F, 0x52,
0x26, 0x25, 0xFE, 0xE8, 0x27, 0x24, 0x3C, 0x4B, 0x29, 0x29, 0x3D, 0x8F, 0x87, 0x24, 0x27, 0x00,
0x00, 0x01, 0xFE, 0xA8, 0xFE, 0xA8, 0xFF, 0xB2, 0xFF, 0x2E, 0x00, 0x12, 0x00, 0x00, 0x43, 0x22,
0x26, 0x35, 0x35, 0x23, 0x35, 0x33, 0x32, 0x16, 0x15, 0x15, 0x33, 0x35, 0x33, 0x15, 0x14, 0x06,
0x23, 0xE6, 0x24, 0x27, 0x27, 0x52, 0x10, 0x13, 0x47, 0x4E, 0x26, 0x25, 0xFE, 0xA8, 0x1E, 0x15,
0x12, 0x41, 0x12, 0x11, 0x23, 0x46, 0x53, 0x15, 0x1E, 0x00, 0x00, 0x02, 0xFE, 0x27, 0x02, 0x88,
0xFF, 0x0E, 0x03, 0x54, 0x00, 0x03, 0x00, 0x07, 0x00, 0x00, 0x41, 0x35, 0x33, 0x15, 0x07, 0x35,
0x33, 0x15, 0xFE, 0x27, 0xE7, 0x9E, 0x54, 0x02, 0xCB, 0x46, 0x46, 0x43, 0xCC, 0xCC, 0xFF, 0xFF,
0xFE, 0x36, 0x02, 0x84, 0xFF, 0x08, 0x03, 0x52, 0x04, 0x07, 0x02, 0xA2, 0xFF, 0x27, 0x00, 0x00,
0xFF, 0xFF, 0xFE, 0x36, 0x02, 0x84, 0xFF, 0x08, 0x04, 0x1B, 0x04, 0x27, 0x02, 0xA2, 0xFF, 0x27,
0x00, 0x00, 0x00, 0x07, 0x02, 0x8A, 0xFF, 0x15, 0x00, 0x11, 0xFF, 0xFF, 0xFD, 0xFC, 0x02, 0x84,
0xFF, 0x08, 0x04, 0x36, 0x04, 0x27, 0x02, 0xA2, 0xFF, 0x27, 0x00, 0x00, 0x00, 0x07, 0x02, 0x8D,
0xFF, 0x09, 0x00, 0x1F, 0xFF, 0xFF, 0xFD, 0xF8, 0x02, 0x84, 0xFF, 0x26, 0x04, 0x3A, 0x04, 0x27,
0x02, 0xA2, 0xFF, 0x27, 0x00, 0x00, 0x00, 0x07, 0x02, 0x90, 0xFF, 0x0B, 0x00, 0x11, 0xFF, 0xFF,
0xFE, 0x33, 0x02, 0x84, 0xFF, 0x08, 0x04, 0x2A, 0x04, 0x27, 0x02, 0xA2, 0xFF, 0x27, 0x00, 0x00,
0x00, 0x07, 0x02, 0x93, 0xFF, 0x14, 0x00, 0x11, 0x00, 0x02, 0xFF, 0x62, 0x02, 0x64, 0x00, 0x9E,
0x02, 0xDB, 0x00, 0x0D, 0x00, 0x1B, 0x00, 0x00, 0x53, 0x22, 0x26, 0x35, 0x35, 0x34, 0x36, 0x33,
0x32, 0x16, 0x15, 0x15, 0x14, 0x06, 0x23, 0x22, 0x26, 0x35, 0x35, 0x34, 0x36, 0x33, 0x32, 0x16,
0x15, 0x15, 0x14, 0x06, 0x63, 0x20, 0x1C, 0x1C, 0x20, 0x20, 0x1B, 0x1B, 0xE6, 0x1F, 0x1C, 0x1C,
0x1F, 0x21, 0x1B, 0x1B, 0x02, 0x64, 0x1D, 0x17, 0x0F, 0x17, 0x1D, 0x1D, 0x17, 0x0F, 0x17, 0x1D,
0x1D, 0x17, 0x0F, 0x17, 0x1D, 0x1D, 0x17, 0x0F, 0x17, 0x1D, 0x00, 0x01, 0xFF, 0xC0, 0x02, 0x60,
0x00, 0x40, 0x02, 0xDD, 0x00, 0x0D, 0x00, 0x00, 0x51, 0x22, 0x26, 0x35, 0x35, 0x34, 0x36, 0x33,
0x32, 0x16, 0x15, 0x15, 0x14, 0x06, 0x21, 0x1F, 0x1F, 0x21, 0x22, 0x1E, 0x1E, 0x02, 0x60, 0x1E,
0x18, 0x11, 0x17, 0x1F, 0x1F, 0x17, 0x11, 0x18, 0x1E, 0x00, 0x00, 0x01, 0xFF, 0x83, 0x02, 0x47,
0x00, 0x36, 0x03, 0x17, 0x00, 0x03, 0x00, 0x00, 0x43, 0x27, 0x37, 0x17, 0x0A, 0x73, 0x59, 0x5A,
0x02, 0x47, 0xA5, 0x2B, 0xB2, 0x00, 0x00, 0x01, 0xFF, 0xCA, 0x02, 0x47, 0x00, 0x7D, 0x03, 0x17,
0x00, 0x03, 0x00, 0x00, 0x53, 0x27, 0x37, 0x17, 0x0A, 0x40, 0x5A, 0x59, 0x02, 0x47, 0x1E, 0xB2,
0x2B, 0x00, 0x00, 0x02, 0xFF, 0x76, 0x02, 0x48, 0x00, 0xD4, 0x03, 0x15, 0x00, 0x03, 0x00, 0x07,
0x00, 0x00, 0x53, 0x27, 0x37, 0x17, 0x05, 0x27, 0x37, 0x17, 0x60, 0x3B, 0x5A, 0x55, 0xFE, 0xDD,
0x3B, 0x5A, 0x55, 0x02, 0x48, 0x1B, 0xB2, 0x29, 0xA4, 0x1B, 0xB2, 0x29, 0x00, 0x01, 0xFF, 0x54,
0x02, 0x4B, 0x00, 0xAC, 0x03, 0x07, 0x00, 0x06, 0x00, 0x00, 0x43, 0x27, 0x37, 0x33, 0x17, 0x07,
0x27, 0x76, 0x36, 0x76, 0x6C, 0x76, 0x36, 0x76, 0x02, 0x4B, 0x28, 0x94, 0x94, 0x28, 0x74, 0x00,
0x00, 0x01, 0xFF, 0x54, 0x02, 0x53, 0x00, 0xAC, 0x03, 0x0F, 0x00, 0x06, 0x00, 0x00, 0x43, 0x27,
0x37, 0x17, 0x37, 0x17, 0x07, 0x36, 0x76, 0x36, 0x76, 0x76, 0x36, 0x76, 0x02, 0x53, 0x94, 0x28,
0x74, 0x74, 0x28, 0x94, 0x00, 0x01, 0xFF, 0x5B, 0x02, 0x4E, 0x00, 0xA5, 0x02, 0xF7, 0x00, 0x13,
0x00, 0x00, 0x51, 0x22, 0x2E, 0x02, 0x27, 0x37, 0x17, 0x16, 0x16, 0x33, 0x32, 0x36, 0x37, 0x37,
0x17, 0x0E, 0x03, 0x29, 0x39, 0x25, 0x16, 0x08, 0x39, 0x15, 0x11, 0x24, 0x22, 0x22, 0x25, 0x10,
0x15, 0x39, 0x08, 0x17, 0x25, 0x38, 0x02, 0x4E, 0x1A, 0x2B, 0x30, 0x17, 0x1D, 0x21, 0x1B, 0x20,
0x20, 0x1B, 0x21, 0x1D, 0x17, 0x30, 0x2B, 0x1A, 0x00, 0x02, 0xFF, 0x81, 0x02, 0x3A, 0x00, 0x7F,
0x03, 0x33, 0x00, 0x0F, 0x00, 0x1D, 0x00, 0x00, 0x51, 0x22, 0x26, 0x26, 0x35, 0x34, 0x36, 0x36,
0x33, 0x32, 0x16, 0x16, 0x15, 0x14, 0x06, 0x06, 0x27, 0x32, 0x36, 0x35, 0x35, 0x34, 0x26, 0x23,
0x22, 0x06, 0x15, 0x15, 0x14, 0x16, 0x23, 0x3A, 0x22, 0x22, 0x3A, 0x23, 0x24, 0x39, 0x22, 0x22,
0x39, 0x24, 0x1A, 0x1E, 0x1E, 0x1A, 0x1A, 0x1E, 0x1E, 0x02, 0x3A, 0x20, 0x39, 0x23, 0x24, 0x38,
0x21, 0x21, 0x38, 0x24, 0x23, 0x39, 0x20, 0x3A, 0x1C, 0x19, 0x1A, 0x1A, 0x1C, 0x1C, 0x1A, 0x1A,
0x19, 0x1C, 0x00, 0x01, 0xFF, 0x51, 0x02, 0x60, 0x00, 0xAF, 0x02, 0xDF, 0x00, 0x19, 0x00, 0x00,
0x53, 0x22, 0x26, 0x27, 0x26, 0x26, 0x23, 0x22, 0x06, 0x07, 0x27, 0x36, 0x36, 0x33, 0x32, 0x16,
0x17, 0x16, 0x16, 0x33, 0x32, 0x36, 0x37, 0x17, 0x06, 0x06, 0x4A, 0x19, 0x25, 0x11, 0x17, 0x22,
0x10, 0x10, 0x1B, 0x0F, 0x27, 0x0F, 0x32, 0x24, 0x19, 0x25, 0x11, 0x17, 0x23, 0x0F, 0x11, 0x1A,
0x0F, 0x27, 0x0E, 0x32, 0x02, 0x60, 0x10, 0x08, 0x0C, 0x0C, 0x0E, 0x0D, 0x32, 0x16, 0x22, 0x10,
0x08, 0x0B, 0x0C, 0x0D, 0x0D, 0x31, 0x16, 0x23, 0x00, 0x01, 0xFF, 0x70, 0x02, 0x79, 0x00, 0x90,
0x02, 0xC8, 0x00, 0x03, 0x00, 0x00, 0x43, 0x35, 0x21, 0x15, 0x90, 0x01, 0x20, 0x02, 0x79, 0x4F,
0x4F, 0x00, 0x00, 0x01, 0xFF, 0xA0, 0x02, 0x3E, 0x00, 0x68, 0x03, 0x09, 0x00, 0x0B, 0x00, 0x00,
0x53, 0x27, 0x37, 0x23, 0x35, 0x33, 0x32, 0x16, 0x15, 0x14, 0x06, 0x07, 0x1B, 0x38, 0x34, 0x77,
0x78, 0x2C, 0x24, 0x1C, 0x18, 0x02, 0x3E, 0x1B, 0x64, 0x4C, 0x24, 0x19, 0x18, 0x39, 0x1D, 0x00,
0x00, 0x01, 0xFF, 0xC8, 0x02, 0x4D, 0x00, 0x49, 0x03, 0x12, 0x00, 0x11, 0x00, 0x00, 0x53, 0x22,
0x26, 0x35, 0x35, 0x34, 0x36, 0x37, 0x33, 0x06, 0x06, 0x07, 0x16, 0x16, 0x15, 0x15, 0x14, 0x06,
0x01, 0x1C, 0x1D, 0x25, 0x19, 0x43, 0x16, 0x19, 0x08, 0x15, 0x13, 0x1D, 0x02, 0x4D, 0x1B, 0x19,
0x0C, 0x26, 0x48, 0x17, 0x16, 0x26, 0x19, 0x04, 0x1B, 0x13, 0x0A, 0x19, 0x1B, 0x00, 0x00, 0x01,
0x00, 0x00, 0x02, 0x21, 0x00, 0x7C, 0x02, 0xE4, 0x00, 0x03, 0x00, 0x00, 0x51, 0x37, 0x33, 0x07,
0x0A, 0x72, 0x38, 0x02, 0x21, 0xC3, 0xC3, 0x00, 0x00, 0x01, 0xFF, 0xA3, 0x01, 0xC6, 0x00, 0x5D,
0x02, 0x75, 0x00, 0x08, 0x00, 0x00, 0x43, 0x35, 0x33, 0x35, 0x33, 0x15, 0x14, 0x06, 0x23, 0x5D,
0x61, 0x59, 0x1E, 0x2D, 0x01, 0xC6, 0x41, 0x6E, 0x63, 0x22, 0x2A, 0x00, 0x00, 0x01, 0xFF, 0xC3,
0xFF, 0x4B, 0x00, 0x3D, 0xFF, 0xC3, 0x00, 0x0D, 0x00, 0x00, 0x55, 0x22, 0x26, 0x35, 0x35, 0x34,
0x36, 0x33, 0x32, 0x16, 0x15, 0x15, 0x14, 0x06, 0x1F, 0x1E, 0x1E, 0x1F, 0x20, 0x1D, 0x1D, 0xB5,
0x1D, 0x17, 0x10, 0x17, 0x1D, 0x1D, 0x17, 0x10, 0x17, 0x1D, 0x00, 0x01, 0xFF, 0xB8, 0xFF, 0x01,
0x00, 0x39, 0xFF, 0xC6, 0x00, 0x11, 0x00, 0x00, 0x47, 0x36, 0x36, 0x37, 0x26, 0x26, 0x35, 0x35,
0x34, 0x36, 0x33, 0x32, 0x16, 0x15, 0x15, 0x14, 0x06, 0x07, 0x48, 0x16, 0x19, 0x07, 0x14, 0x14,
0x1E, 0x1C, 0x1B, 0x1E, 0x25, 0x19, 0xFF, 0x15, 0x27, 0x19, 0x03, 0x1D, 0x12, 0x0A, 0x19, 0x1B,
0x1B, 0x19, 0x0C, 0x27, 0x46, 0x18, 0x00, 0x01, 0xFF, 0xA1, 0xFF, 0x2F, 0x00, 0x83, 0x00, 0x17,
0x00, 0x1B, 0x00, 0x00, 0x57, 0x22, 0x26, 0x27, 0x37, 0x16, 0x16, 0x33, 0x32, 0x36, 0x35, 0x34,
0x26, 0x27, 0x27, 0x37, 0x33, 0x07, 0x17, 0x36, 0x36, 0x33, 0x32, 0x16, 0x15, 0x14, 0x06, 0x06,
0x0D, 0x2C, 0x34, 0x0C, 0x29, 0x09, 0x1F, 0x17, 0x13, 0x19, 0x1B, 0x2C, 0x19, 0x14, 0x37, 0x10,
0x03, 0x0B, 0x15, 0x0A, 0x1D, 0x29, 0x22, 0x35, 0xD1, 0x1C, 0x0E, 0x2E, 0x0B, 0x11, 0x0E, 0x0F,
0x0D, 0x16, 0x06, 0x03, 0x63, 0x52, 0x03, 0x03, 0x03, 0x21, 0x22, 0x1E, 0x26, 0x12, 0x00, 0x01,
0xFF, 0x4D, 0xFF, 0x2F, 0x00, 0x19, 0x00, 0x16, 0x00, 0x17, 0x00, 0x00, 0x47, 0x22, 0x26, 0x26,
0x35, 0x34, 0x36, 0x37, 0x27, 0x33, 0x17, 0x0E, 0x02, 0x15, 0x14, 0x16, 0x33, 0x32, 0x36, 0x37,
0x17, 0x06, 0x06, 0x4B, 0x1C, 0x2F, 0x1D, 0x3C, 0x31, 0x06, 0x43, 0x09, 0x2C, 0x2D, 0x0E, 0x13,
0x0E, 0x0F, 0x1A, 0x09, 0x2D, 0x0B, 0x32, 0xD1, 0x10, 0x23, 0x1C, 0x29, 0x3B, 0x1F, 0x15, 0x16,
0x24, 0x2B, 0x1B, 0x0B, 0x11, 0x0E, 0x0E, 0x0B, 0x2B, 0x12, 0x19, 0x00, 0x00, 0x02, 0x00, 0x8E,
0x02, 0x64, 0x01, 0xCA, 0x02, 0xDB, 0x00, 0x0D, 0x00, 0x1B, 0x00, 0x00, 0x41, 0x22, 0x26, 0x35,
0x35, 0x34, 0x36, 0x33, 0x32, 0x16, 0x15, 0x15, 0x14, 0x06, 0x23, 0x22, 0x26, 0x35, 0x35, 0x34,
0x36, 0x33, 0x32, 0x16, 0x15, 0x15, 0x14, 0x06, 0x01, 0x8F, 0x20, 0x1C, 0x1C, 0x20, 0x20, 0x1B,
0x1B, 0xE6, 0x1F, 0x1C, 0x1C, 0x1F, 0x21, 0x1B, 0x1B, 0x02, 0x64, 0x1D, 0x17, 0x0F, 0x17, 0x1D,
0x1D, 0x17, 0x0F, 0x17, 0x1D, 0x1D, 0x17, 0x0F, 0x17, 0x1D, 0x1D, 0x17, 0x0F, 0x17, 0x1D, 0x00,
0x00, 0x01, 0x00, 0xEC, 0x02, 0x60, 0x01, 0x6C, 0x02, 0xDD, 0x00, 0x0D, 0x00, 0x00, 0x41, 0x22,
0x26, 0x35, 0x35, 0x34, 0x36, 0x33, 0x32, 0x16, 0x15, 0x15, 0x14, 0x06, 0x01, 0x2C, 0x21, 0x1F,
0x1F, 0x21, 0x22, 0x1E, 0x1E, 0x02, 0x60, 0x1E, 0x18, 0x11, 0x17, 0x1F, 0x1F, 0x17, 0x11, 0x18,
0x1E, 0x00, 0x00, 0x01, 0x00, 0xAF, 0x02, 0x47, 0x01, 0x62, 0x03, 0x17, 0x00, 0x03, 0x00, 0x00,
0x41, 0x27, 0x37, 0x17, 0x01, 0x22, 0x73, 0x59, 0x5A, 0x02, 0x47, 0xA5, 0x2B, 0xB2, 0x00, 0x01,
0x00, 0xF6, 0x02, 0x47, 0x01, 0xA9, 0x03, 0x17, 0x00, 0x03, 0x00, 0x00, 0x41, 0x27, 0x37, 0x17,
0x01, 0x36, 0x40, 0x5A, 0x59, 0x02, 0x47, 0x1E, 0xB2, 0x2B, 0x00, 0x02, 0x00, 0xA2, 0x02, 0x48,
0x02, 0x00, 0x03, 0x15, 0x00, 0x03, 0x00, 0x07, 0x00, 0x00, 0x41, 0x27, 0x37, 0x17, 0x05, 0x27,
0x37, 0x17, 0x01, 0x8C, 0x3B, 0x5A, 0x55, 0xFE, 0xDD, 0x3B, 0x5A, 0x55, 0x02, 0x48, 0x1B, 0xB2,
0x29, 0xA4, 0x1B, 0xB2, 0x29, 0x00, 0x00, 0x01, 0x00, 0x80, 0x02, 0x4B, 0x01, 0xD8, 0x03, 0x07,
0x00, 0x06, 0x00, 0x00, 0x53, 0x27, 0x37, 0x33, 0x17, 0x07, 0x27, 0xB6, 0x36, 0x76, 0x6C, 0x76,
0x36, 0x76, 0x02, 0x4B, 0x28, 0x94, 0x94, 0x28, 0x74, 0x00, 0x00, 0x01, 0x00, 0x80, 0x02, 0x53,
0x01, 0xD8, 0x03, 0x0F, 0x00, 0x06, 0x00, 0x00, 0x53, 0x27, 0x37, 0x17, 0x37, 0x17, 0x07, 0xF6,
0x76, 0x36, 0x76, 0x76, 0x36, 0x76, 0x02, 0x53, 0x94, 0x28, 0x74, 0x74, 0x28, 0x94, 0x00, 0x01,
0x00, 0x87, 0x02, 0x4E, 0x01, 0xD1, 0x02, 0xF7, 0x00, 0x13, 0x00, 0x00, 0x41, 0x22, 0x2E, 0x02,
0x27, 0x37, 0x17, 0x16, 0x16, 0x33, 0x32, 0x36, 0x37, 0x37, 0x17, 0x0E, 0x03, 0x01, 0x2C, 0x29,
0x39, 0x25, 0x16, 0x08, 0x39, 0x15, 0x11, 0x24, 0x22, 0x22, 0x25, 0x10, 0x15, 0x39, 0x08, 0x17,
0x25, 0x38, 0x02, 0x4E, 0x1A, 0x2B, 0x30, 0x17, 0x1D, 0x21, 0x1B, 0x20, 0x20, 0x1B, 0x21, 0x1D,
0x17, 0x30, 0x2B, 0x1A, 0x00, 0x02, 0x00, 0xAD, 0x02, 0x3A, 0x01, 0xAB, 0x03, 0x33, 0x00, 0x0F,
0x00, 0x1D, 0x00, 0x00, 0x41, 0x22, 0x26, 0x26, 0x35, 0x34, 0x36, 0x36, 0x33, 0x32, 0x16, 0x16,
0x15, 0x14, 0x06, 0x06, 0x27, 0x32, 0x36, 0x35, 0x35, 0x34, 0x26, 0x23, 0x22, 0x06, 0x15, 0x15,
0x14, 0x16, 0x01, 0x2C, 0x23, 0x3A, 0x22, 0x22, 0x3A, 0x23, 0x24, 0x39, 0x22, 0x22, 0x39, 0x24,
0x1A, 0x1E, 0x1E, 0x1A, 0x1A, 0x1E, 0x1E, 0x02, 0x3A, 0x20, 0x39, 0x23, 0x24, 0x38, 0x21, 0x21,
0x38, 0x24, 0x23, 0x39, 0x20, 0x3A, 0x1C, 0x19, 0x1A, 0x1A, 0x1C, 0x1C, 0x1A, 0x1A, 0x19, 0x1C,
0x00, 0x01, 0x00, 0x7D, 0x02, 0x60, 0x01, 0xDB, 0x02, 0xDF, 0x00, 0x19, 0x00, 0x00, 0x41, 0x22,
0x26, 0x27, 0x26, 0x26, 0x23, 0x22, 0x06, 0x07, 0x27, 0x36, 0x36, 0x33, 0x32, 0x16, 0x17, 0x16,
0x16, 0x33, 0x32, 0x36, 0x37, 0x17, 0x06, 0x06, 0x01, 0x76, 0x19, 0x25, 0x11, 0x17, 0x22, 0x10,
0x10, 0x1B, 0x0F, 0x27, 0x0F, 0x32, 0x24, 0x19, 0x25, 0x11, 0x17, 0x23, 0x0F, 0x11, 0x1A, 0x0F,
0x27, 0x0E, 0x32, 0x02, 0x60, 0x10, 0x08, 0x0C, 0x0C, 0x0E, 0x0D, 0x32, 0x16, 0x22, 0x10, 0x08,
0x0B, 0x0C, 0x0D, 0x0D, 0x31, 0x16, 0x23, 0x00, 0x00, 0x01, 0x00, 0x9C, 0x02, 0x79, 0x01, 0xBC,
0x02, 0xC8, 0x00, 0x03, 0x00, 0x00, 0x53, 0x35, 0x21, 0x15, 0x9C, 0x01, 0x20, 0x02, 0x79, 0x4F,
0x4F, 0x00, 0x00, 0x01, 0x00, 0xCD, 0xFF, 0x2F, 0x01, 0xAF, 0x00, 0x17, 0x00, 0x1B, 0x00, 0x00,
0x45, 0x22, 0x26, 0x27, 0x37, 0x16, 0x16, 0x33, 0x32, 0x36, 0x35, 0x34, 0x26, 0x27, 0x27, 0x37,
0x33, 0x07, 0x17, 0x36, 0x36, 0x33, 0x32, 0x16, 0x15, 0x14, 0x06, 0x06, 0x01, 0x39, 0x2C, 0x34,
0x0C, 0x29, 0x09, 0x1F, 0x17, 0x13, 0x19, 0x1B, 0x2C, 0x19, 0x14, 0x37, 0x10, 0x03, 0x0B, 0x15,
0x0A, 0x1D, 0x29, 0x22, 0x35, 0xD1, 0x1C, 0x0E, 0x2E, 0x0B, 0x11, 0x0E, 0x0F, 0x0D, 0x16, 0x06,
0x03, 0x63, 0x52, 0x03, 0x03, 0x03, 0x21, 0x22, 0x1E, 0x26, 0x12, 0x00, 0x00, 0x01, 0x00, 0x8B,
0xFF, 0x2F, 0x01, 0x57, 0x00, 0x16, 0x00, 0x17, 0x00, 0x00, 0x57, 0x22, 0x26, 0x26, 0x35, 0x34,
0x36, 0x37, 0x27, 0x33, 0x17, 0x0E, 0x02, 0x15, 0x14, 0x16, 0x33, 0x32, 0x36, 0x37, 0x17, 0x06,
0x06, 0xF4, 0x1C, 0x30, 0x1D, 0x3D, 0x31, 0x06, 0x43, 0x09, 0x2D, 0x2C, 0x0F, 0x14, 0x0E, 0x0F,
0x1A, 0x09, 0x2C, 0x0A, 0x32, 0xD1, 0x10, 0x23, 0x1C, 0x29, 0x3B, 0x1F, 0x15, 0x16, 0x24, 0x2B,
0x1B, 0x0B, 0x11, 0x0E, 0x0E, 0x0B, 0x2B, 0x12, 0x19, 0x00, 0x00, 0x01, 0x00, 0x8D, 0x02, 0x63,
0x01, 0xCB, 0x02, 0xDD, 0x00, 0x19, 0x00, 0x00, 0x41, 0x22, 0x26, 0x27, 0x26, 0x26, 0x23, 0x22,
0x06, 0x07, 0x27, 0x36, 0x36, 0x33, 0x32, 0x16, 0x17, 0x16, 0x16, 0x33, 0x32, 0x36, 0x37, 0x17,
0x06, 0x06, 0x01, 0x6C, 0x16, 0x20, 0x0F, 0x13, 0x1A, 0x0F, 0x0F, 0x1A, 0x0E, 0x27, 0x0F, 0x2F,
0x21, 0x16, 0x21, 0x0E, 0x13, 0x1B, 0x0E, 0x0F, 0x1A, 0x0E, 0x27, 0x0E, 0x30, 0x02, 0x63, 0x0E,
0x07, 0x0A, 0x0B, 0x0D, 0x0C, 0x2F, 0x17, 0x23, 0x0E, 0x08, 0x09, 0x0B, 0x0C, 0x0D, 0x30, 0x16,
0x23, 0x00, 0x00, 0x02, 0x00, 0x8D, 0x03, 0x0B, 0x01, 0xCB, 0x03, 0x84, 0x00, 0x0D, 0x00, 0x1B,
0x00, 0x00, 0x41, 0x22, 0x26, 0x35, 0x35, 0x34, 0x36, 0x33, 0x32, 0x16, 0x15, 0x15, 0x14, 0x06,
0x23, 0x22, 0x26, 0x35, 0x35, 0x34, 0x36, 0x33, 0x32, 0x16, 0x15, 0x15, 0x14, 0x06, 0x01, 0x8F,
0x20, 0x1C, 0x1C, 0x20, 0x20, 0x1C, 0x1C, 0xE6, 0x1F, 0x1D, 0x1D, 0x1F, 0x21, 0x1B, 0x1B, 0x03,
0x0B, 0x1E, 0x16, 0x11, 0x16, 0x1E, 0x1E, 0x16, 0x11, 0x16, 0x1E, 0x1E, 0x16, 0x11, 0x16, 0x1E,
0x1E, 0x16, 0x11, 0x16, 0x1E, 0x00, 0x00, 0x01, 0x00, 0xE9, 0x03, 0x03, 0x01, 0x6F, 0x03, 0x8B,
0x00, 0x0D, 0x00, 0x00, 0x41, 0x22, 0x26, 0x35, 0x35, 0x34, 0x36, 0x33, 0x32, 0x16, 0x15, 0x15,
0x14, 0x06, 0x01, 0x2C, 0x23, 0x20, 0x20, 0x23, 0x24, 0x1F, 0x1F, 0x03, 0x03, 0x21, 0x19, 0x13,
0x1A, 0x21, 0x21, 0x1A, 0x13, 0x19, 0x21, 0x00, 0x00, 0x01, 0x00, 0xAF, 0x02, 0xEE, 0x01, 0x62,
0x03, 0xBE, 0x00, 0x03, 0x00, 0x00, 0x41, 0x27, 0x37, 0x17, 0x01, 0x22, 0x73, 0x59, 0x5A, 0x02,
0xEE, 0xA5, 0x2B, 0xB2, 0x00, 0x01, 0x00, 0xF6, 0x02, 0xEE, 0x01, 0xA9, 0x03, 0xBE, 0x00, 0x03,
0x00, 0x00, 0x41, 0x27, 0x37, 0x17, 0x01, 0x36, 0x40, 0x5A, 0x59, 0x02, 0xEE, 0x1E, 0xB2, 0x2B,
0x00, 0x02, 0x00, 0xA2, 0x02, 0xEF, 0x02, 0x00, 0x03, 0xBC, 0x00, 0x03, 0x00, 0x07, 0x00, 0x00,
0x41, 0x27, 0x37, 0x17, 0x05, 0x27, 0x37, 0x17, 0x01, 0x8C, 0x3B, 0x5A, 0x55, 0xFE, 0xDD, 0x3B,
0x5A, 0x55, 0x02, 0xEF, 0x1B, 0xB2, 0x29, 0xA4, 0x1B, 0xB2, 0x29, 0x00, 0x00, 0x01, 0x00, 0x80,
0x02, 0xF2, 0x01, 0xD8, 0x03, 0xAE, 0x00, 0x06, 0x00, 0x00, 0x53, 0x27, 0x37, 0x33, 0x17, 0x07,
0x27, 0xB6, 0x36, 0x76, 0x6C, 0x76, 0x36, 0x76, 0x02, 0xF2, 0x28, 0x94, 0x94, 0x28, 0x74, 0x00,
0x00, 0x01, 0x00, 0x80, 0x02, 0xFA, 0x01, 0xD8, 0x03, 0xB6, 0x00, 0x06, 0x00, 0x00, 0x53, 0x27,
0x37, 0x17, 0x37, 0x17, 0x07, 0xF6, 0x76, 0x36, 0x76, 0x76, 0x36, 0x76, 0x02, 0xFA, 0x94, 0x28,
0x74, 0x74, 0x28, 0x94, 0x00, 0x01, 0x00, 0x87, 0x02, 0xF5, 0x01, 0xD1, 0x03, 0x9E, 0x00, 0x12,
0x00, 0x00, 0x41, 0x22, 0x2E, 0x02, 0x27, 0x37, 0x17, 0x16, 0x16, 0x33, 0x32, 0x36, 0x37, 0x37,
0x17, 0x0E, 0x02, 0x01, 0x2C, 0x29, 0x39, 0x25, 0x16, 0x08, 0x39, 0x15, 0x10, 0x24, 0x23, 0x23,
0x25, 0x10, 0x14, 0x39, 0x0A, 0x24, 0x40, 0x02, 0xF5, 0x1A, 0x2B, 0x30, 0x17, 0x1D, 0x21, 0x1B,
0x20, 0x20, 0x1B, 0x21, 0x1D, 0x1E, 0x41, 0x2D, 0x00, 0x02, 0x00, 0xAD, 0x02, 0xE1, 0x01, 0xAB,
0x03, 0xDA, 0x00, 0x0F, 0x00, 0x1D, 0x00, 0x00, 0x41, 0x22, 0x26, 0x26, 0x35, 0x34, 0x36, 0x36,
0x33, 0x32, 0x16, 0x16, 0x15, 0x14, 0x06, 0x06, 0x27, 0x32, 0x36, 0x35, 0x35, 0x34, 0x26, 0x23,
0x22, 0x06, 0x15, 0x15, 0x14, 0x16, 0x01, 0x2C, 0x23, 0x3A, 0x22, 0x22, 0x3A, 0x23, 0x24, 0x39,
0x22, 0x22, 0x39, 0x24, 0x1A, 0x1E, 0x1E, 0x1A, 0x1A, 0x1E, 0x1E, 0x02, 0xE1, 0x20, 0x39, 0x23,
0x24, 0x38, 0x21, 0x21, 0x38, 0x24, 0x23, 0x39, 0x20, 0x3A, 0x1C, 0x19, 0x1A, 0x19, 0x1D, 0x1D,
0x19, 0x1A, 0x19, 0x1C, 0x00, 0x01, 0x00, 0x7D, 0x03, 0x07, 0x01, 0xDB, 0x03, 0x86, 0x00, 0x19,
0x00, 0x00, 0x41, 0x22, 0x26, 0x27, 0x26, 0x26, 0x23, 0x22, 0x06, 0x07, 0x27, 0x36, 0x36, 0x33,
0x32, 0x16, 0x17, 0x16, 0x16, 0x33, 0x32, 0x36, 0x37, 0x17, 0x06, 0x06, 0x01, 0x76, 0x19, 0x25,
0x11, 0x17, 0x22, 0x10, 0x10, 0x1B, 0x0F, 0x27, 0x0F, 0x32, 0x24, 0x19, 0x25, 0x11, 0x17, 0x23,
0x0F, 0x11, 0x1A, 0x0F, 0x27, 0x0E, 0x32, 0x03, 0x07, 0x10, 0x08, 0x0C, 0x0C, 0x0E, 0x0D, 0x32,
0x16, 0x22, 0x10, 0x08, 0x0B, 0x0C, 0x0D, 0x0D, 0x31, 0x16, 0x23, 0x00, 0x00, 0x01, 0x00, 0x9C,
0x03, 0x20, 0x01, 0xBC, 0x03, 0x6F, 0x00, 0x03, 0x00, 0x00, 0x53, 0x35, 0x21, 0x15, 0x9C, 0x01,
0x20, 0x03, 0x20, 0x4F, 0x4F, 0x00, 0x00, 0x01, 0x00, 0x8D, 0x03, 0x0A, 0x01, 0xCB, 0x03, 0x84,
0x00, 0x19, 0x00, 0x00, 0x41, 0x22, 0x26, 0x27, 0x26, 0x26, 0x23, 0x22, 0x06, 0x07, 0x27, 0x36,
0x36, 0x33, 0x32, 0x16, 0x17, 0x16, 0x16, 0x33, 0x32, 0x36, 0x37, 0x17, 0x06, 0x06, 0x01, 0x6C,
0x16, 0x20, 0x0F, 0x13, 0x1A, 0x0F, 0x0F, 0x1A, 0x0E, 0x27, 0x0F, 0x2F, 0x21, 0x16, 0x21, 0x0E,
0x13, 0x1B, 0x0E, 0x0F, 0x1A, 0x0E, 0x27, 0x0E, 0x30, 0x03, 0x0A, 0x0E, 0x07, 0x0A, 0x0B, 0x0D,
0x0C, 0x2F, 0x17, 0x23, 0x0E, 0x08, 0x09, 0x0B, 0x0C, 0x0D, 0x30, 0x16, 0x23, 0x00, 0x00, 0x01,
0x00, 0xF6, 0x02, 0x21, 0x01, 0x72, 0x02, 0xE4, 0x00, 0x03, 0x00, 0x00, 0x53, 0x37, 0x33, 0x07,
0xF6, 0x0A, 0x72, 0x39, 0x02, 0x21, 0xC3, 0xC3, 0x00, 0x01, 0x00, 0xF4, 0x02, 0x4D, 0x01, 0x75,
0x03, 0x12, 0x00, 0x11, 0x00, 0x00, 0x41, 0x22, 0x26, 0x35, 0x35, 0x34, 0x36, 0x37, 0x33, 0x06,
0x06, 0x07, 0x16, 0x16, 0x15, 0x15, 0x14, 0x06, 0x01, 0x2D, 0x1C, 0x1D, 0x25, 0x19, 0x43, 0x16,
0x19, 0x08, 0x15, 0x13, 0x1D, 0x02, 0x4D, 0x1B, 0x19, 0x0C, 0x26, 0x48, 0x17, 0x16, 0x26, 0x19,
0x04, 0x1B, 0x13, 0x0A, 0x19, 0x1B, 0x00, 0x02, 0x00, 0x40, 0xFF, 0xF4, 0x04, 0x39, 0x02, 0xC6,
0x00, 0x20, 0x00, 0x3E, 0x00, 0x00, 0x45, 0x22, 0x2E, 0x02, 0x35, 0x34, 0x3E, 0x02, 0x33, 0x32,
0x16, 0x17, 0x15, 0x26, 0x23, 0x22, 0x06, 0x06, 0x07, 0x33, 0x15, 0x23, 0x1E, 0x02, 0x33, 0x32,
0x37, 0x15, 0x06, 0x06, 0x21, 0x22, 0x2E, 0x02, 0x35, 0x34, 0x3E, 0x02, 0x33, 0x32, 0x16, 0x17,
0x15, 0x26, 0x23, 0x22, 0x06, 0x06, 0x15, 0x14, 0x16, 0x16, 0x33, 0x32, 0x37, 0x15, 0x06, 0x06,
0x04, 0x13, 0x49, 0x82, 0x64, 0x38, 0x38, 0x64, 0x82, 0x49, 0x0B, 0x15, 0x06, 0x12, 0x13, 0x3C,
0x68, 0x47, 0x0D, 0xD1, 0xD1, 0x0D, 0x47, 0x68, 0x3C, 0x13, 0x12, 0x06, 0x15, 0xFD, 0x89, 0x49,
0x82, 0x64, 0x38, 0x38, 0x64, 0x82, 0x49, 0x0B, 0x15, 0x06, 0x12, 0x13, 0x45, 0x74, 0x45, 0x45,
0x74, 0x45, 0x13, 0x12, 0x06, 0x15, 0x0C, 0x38, 0x64, 0x82, 0x4B, 0x4B, 0x82, 0x64, 0x38, 0x01,
0x01, 0x6B, 0x03, 0x34, 0x5B, 0x39, 0x6E, 0x39, 0x5A, 0x35, 0x03, 0x6B, 0x01, 0x01, 0x38, 0x64,
0x82, 0x4B, 0x4B, 0x82, 0x64, 0x38, 0x01, 0x01, 0x6B, 0x03, 0x45, 0x74, 0x46, 0x46, 0x74, 0x45,
0x03, 0x6B, 0x01, 0x01, 0x00, 0x02, 0x00, 0x80, 0xFF, 0xF7, 0x03, 0xD6, 0x02, 0xC3, 0x00, 0x2A,
0x00, 0x48, 0x00, 0x00, 0x45, 0x22, 0x2E, 0x02, 0x27, 0x23, 0x11, 0x07, 0x11, 0x21, 0x07, 0x23,
0x15, 0x33, 0x3E, 0x03, 0x33, 0x32, 0x16, 0x17, 0x07, 0x26, 0x26, 0x23, 0x22, 0x0E, 0x02, 0x15,
0x14, 0x1E, 0x02, 0x33, 0x32, 0x36, 0x37, 0x17, 0x06, 0x06, 0x27, 0x22, 0x26, 0x26, 0x35, 0x34,
0x36, 0x36, 0x33, 0x32, 0x16, 0x17, 0x07, 0x26, 0x26, 0x23, 0x22, 0x06, 0x06, 0x15, 0x14, 0x16,
0x16, 0x33, 0x32, 0x36, 0x37, 0x17, 0x06, 0x06, 0x02, 0xB5, 0x46, 0x7B, 0x60, 0x3D, 0x07, 0x88,
0x48, 0x01, 0x2F, 0x3D, 0xAA, 0x88, 0x07, 0x3D, 0x60, 0x7B, 0x46, 0x59, 0x97, 0x31, 0x3F, 0x23,
0x79, 0x48, 0x36, 0x64, 0x4F, 0x2F, 0x2F, 0x4F, 0x64, 0x36, 0x48, 0x79, 0x23, 0x3F, 0x31, 0x97,
0x5A, 0x39, 0x5D, 0x38, 0x38, 0x5D, 0x39, 0x34, 0x58, 0x1C, 0x3F, 0x10, 0x39, 0x22, 0x23, 0x3A,
0x22, 0x22, 0x3A, 0x23, 0x22, 0x39, 0x10, 0x3F, 0x1C, 0x58, 0x09, 0x31, 0x57, 0x75, 0x43, 0xFE,
0xFF, 0x34, 0x02, 0xB8, 0x4C, 0xEB, 0x44, 0x74, 0x57, 0x31, 0x50, 0x45, 0x2E, 0x33, 0x45, 0x29,
0x4C, 0x67, 0x3F, 0x3F, 0x67, 0x4C, 0x29, 0x45, 0x33, 0x2E, 0x45, 0x50, 0x98, 0x38, 0x5D, 0x39,
0x39, 0x5E, 0x37, 0x2F, 0x29, 0x2D, 0x1A, 0x20, 0x22, 0x3B, 0x26, 0x25, 0x3C, 0x22, 0x21, 0x19,
0x2D, 0x28, 0x30, 0x00, 0x00, 0x02, 0xFF, 0x59, 0x02, 0xEC, 0x00, 0xA7, 0x04, 0x3B, 0x00, 0x11,
0x00, 0x15, 0x00, 0x00, 0x51, 0x22, 0x26, 0x26, 0x27, 0x37, 0x17, 0x16, 0x16, 0x33, 0x32, 0x36,
0x37, 0x37, 0x17, 0x0E, 0x02, 0x27, 0x27, 0x37, 0x17, 0x36, 0x42, 0x25, 0x0A, 0x37, 0x14, 0x11,
0x2A, 0x21, 0x22, 0x29, 0x11, 0x14, 0x37, 0x0A, 0x25, 0x41, 0x2E, 0x3B, 0x59, 0x54, 0x02, 0xEC,
0x2A, 0x3E, 0x1D, 0x1F, 0x24, 0x1B, 0x1C, 0x1C, 0x1B, 0x24, 0x1F, 0x1D, 0x3E, 0x2A, 0x81, 0x1C,
0xB2, 0x2A, 0x00, 0x02, 0xFF, 0x59, 0x02, 0xEC, 0x00, 0xA7, 0x04, 0x3B, 0x00, 0x11, 0x00, 0x15,
0x00, 0x00, 0x51, 0x22, 0x26, 0x26, 0x27, 0x37, 0x17, 0x16, 0x16, 0x33, 0x32, 0x36, 0x37, 0x37,
0x17, 0x0E, 0x02, 0x27, 0x27, 0x37, 0x17, 0x36, 0x42, 0x25, 0x0A, 0x37, 0x14, 0x11, 0x2A, 0x21,
0x22, 0x29, 0x11, 0x14, 0x37, 0x0A, 0x25, 0x41, 0x40, 0x71, 0x53, 0x59, 0x02, 0xEC, 0x2A, 0x3E,
0x1D, 0x1F, 0x24, 0x1B, 0x1C, 0x1C, 0x1B, 0x24, 0x1F, 0x1D, 0x3E, 0x2A, 0x81, 0xA4, 0x2A, 0xB1,
0x00, 0x02, 0xFF, 0x59, 0x02, 0xEC, 0x00, 0xA7, 0x04, 0x2F, 0x00, 0x11, 0x00, 0x1D, 0x00, 0x00,
0x51, 0x22, 0x26, 0x26, 0x27, 0x37, 0x17, 0x16, 0x16, 0x33, 0x32, 0x36, 0x37, 0x37, 0x17, 0x0E,
0x02, 0x27, 0x27, 0x37, 0x23, 0x35, 0x33, 0x32, 0x16, 0x15, 0x14, 0x06, 0x07, 0x36, 0x42, 0x25,
0x0A, 0x37, 0x14, 0x11, 0x2A, 0x21, 0x22, 0x29, 0x11, 0x14, 0x37, 0x0A, 0x25, 0x41, 0x31, 0x33,
0x36, 0x70, 0x6C, 0x2C, 0x24, 0x1E, 0x18, 0x02, 0xEC, 0x2A, 0x3E, 0x1D, 0x1F, 0x24, 0x1B, 0x1C,
0x1C, 0x1B, 0x24, 0x1F, 0x1D, 0x3E, 0x2A, 0x78, 0x1A, 0x69, 0x48, 0x24, 0x19, 0x18, 0x39, 0x1E,
0x00, 0x02, 0xFF, 0x53, 0x02, 0xEC, 0x00, 0xAD, 0x04, 0x2A, 0x00, 0x11, 0x00, 0x2B, 0x00, 0x00,
0x51, 0x22, 0x26, 0x26, 0x27, 0x37, 0x17, 0x16, 0x16, 0x33, 0x32, 0x36, 0x37, 0x37, 0x17, 0x0E,
0x02, 0x37, 0x22, 0x26, 0x27, 0x26, 0x26, 0x23, 0x22, 0x06, 0x07, 0x27, 0x36, 0x36, 0x33, 0x32,
0x16, 0x17, 0x16, 0x16, 0x33, 0x32, 0x36, 0x37, 0x17, 0x06, 0x06, 0x36, 0x42, 0x25, 0x0A, 0x37,
0x14, 0x11, 0x2A, 0x21, 0x22, 0x29, 0x11, 0x14, 0x37, 0x0A, 0x25, 0x41, 0x11, 0x19, 0x24, 0x11,
0x17, 0x22, 0x0F, 0x10, 0x1B, 0x0F, 0x25, 0x0F, 0x32, 0x24, 0x19, 0x24, 0x11, 0x17, 0x21, 0x0F,
0x11, 0x1A, 0x10, 0x25, 0x0F, 0x32, 0x02, 0xEC, 0x2A, 0x3E, 0x1D, 0x1F, 0x24, 0x1B, 0x1C, 0x1C,
0x1B, 0x24, 0x1F, 0x1D, 0x3E, 0x2A, 0xC4, 0x10, 0x07, 0x0C, 0x0C, 0x0D, 0x0D, 0x2D, 0x16, 0x22,
0x10, 0x08, 0x0B, 0x0B, 0x0D, 0x0D, 0x2D, 0x17, 0x22, 0x00, 0x00, 0x02, 0xFF, 0x55, 0x02, 0xE8,
0x01, 0x14, 0x04, 0x3B, 0x00, 0x06, 0x00, 0x0A, 0x00, 0x00, 0x43, 0x27, 0x37, 0x33, 0x17, 0x07,
0x27, 0x37, 0x27, 0x37, 0x17, 0x79, 0x32, 0x7A, 0x62, 0x7A, 0x32, 0x79, 0xA0, 0x3B, 0x5A, 0x55,
0x02, 0xE8, 0x2A, 0x8A, 0x8A, 0x2A, 0x6E, 0x17, 0x1C, 0xB2, 0x2A, 0x00, 0x00, 0x02, 0xFE, 0xEC,
0x02, 0xE8, 0x00, 0xAB, 0x04, 0x3B, 0x00, 0x06, 0x00, 0x0A, 0x00, 0x00, 0x43, 0x27, 0x37, 0x33,
0x17, 0x07, 0x2F, 0x02, 0x37, 0x17, 0x79, 0x32, 0x7A, 0x62, 0x7A, 0x32, 0x79, 0xA0, 0x74, 0x55,
0x5A, 0x02, 0xE8, 0x2A, 0x8A, 0x8A, 0x2A, 0x6E, 0x17, 0xA4, 0x2A, 0xB2, 0x00, 0x02, 0xFF, 0x55,
0x02, 0xE8, 0x00, 0xF3, 0x04, 0x2F, 0x00, 0x06, 0x00, 0x12, 0x00, 0x00, 0x43, 0x27, 0x37, 0x33,
0x17, 0x07, 0x27, 0x37, 0x27, 0x37, 0x23, 0x35, 0x33, 0x32, 0x16, 0x15, 0x14, 0x06, 0x07, 0x79,
0x32, 0x7A, 0x62, 0x7A, 0x32, 0x79, 0xA4, 0x33, 0x36, 0x79, 0x75, 0x2C, 0x24, 0x1E, 0x18, 0x02,
0xE8, 0x2A, 0x8A, 0x8A, 0x2A, 0x6E, 0x0E, 0x1B, 0x68, 0x48, 0x24, 0x19, 0x18, 0x39, 0x1E, 0x00,
0x00, 0x02, 0xFF, 0x52, 0x02, 0xE8, 0x00, 0xAE, 0x04, 0x2E, 0x00, 0x06, 0x00, 0x20, 0x00, 0x00,
0x43, 0x27, 0x37, 0x33, 0x17, 0x07, 0x27, 0x37, 0x22, 0x26, 0x27, 0x26, 0x26, 0x23, 0x22, 0x06,
0x07, 0x27, 0x36, 0x36, 0x33, 0x32, 0x16, 0x17, 0x16, 0x16, 0x33, 0x32, 0x36, 0x37, 0x17, 0x06,
0x06, 0x79, 0x31, 0x79, 0x62, 0x79, 0x31, 0x79, 0x49, 0x19, 0x25, 0x11, 0x17, 0x22, 0x10, 0x10,
0x1B, 0x0F, 0x25, 0x0F, 0x32, 0x24, 0x19, 0x25, 0x11, 0x17, 0x23, 0x0F, 0x11, 0x1A, 0x0F, 0x25,
0x0E, 0x32, 0x02, 0xE8, 0x2A, 0x86, 0x86, 0x2A, 0x6B, 0x60, 0x10, 0x08, 0x0C, 0x0C, 0x0E, 0x0D,
0x2E, 0x16, 0x22, 0x10, 0x08, 0x0B, 0x0C, 0x0D, 0x0D, 0x2D, 0x16, 0x23, 0x00, 0x03, 0x00, 0xAC,
0x02, 0xDC, 0x01, 0xAC, 0x04, 0x69, 0x00, 0x0B, 0x00, 0x19, 0x00, 0x1D, 0x00, 0x00, 0x41, 0x22,
0x26, 0x35, 0x34, 0x36, 0x33, 0x32, 0x16, 0x15, 0x14, 0x06, 0x27, 0x32, 0x36, 0x35, 0x35, 0x34,
0x26, 0x23, 0x22, 0x06, 0x15, 0x15, 0x14, 0x16, 0x37, 0x27, 0x37, 0x17, 0x01, 0x2C, 0x36, 0x4A,
0x4A, 0x36, 0x36, 0x4A, 0x4A, 0x36, 0x1B, 0x1E, 0x1E, 0x1B, 0x1B, 0x1E, 0x1E, 0x22, 0x31, 0x5C,
0x47, 0x02, 0xDC, 0x41, 0x34, 0x34, 0x41, 0x41, 0x34, 0x34, 0x41, 0x38, 0x1B, 0x19, 0x12, 0x19,
0x1B, 0x1B, 0x19, 0x12, 0x19, 0x1B, 0xC3, 0x20, 0x72, 0x2B, 0x00, 0x00
};
