/*******************************************************************************
 * Size: 22 px
 * Bpp: 4
 * Opts: --bpp 4 --size 22 --no-compress --stride 1 --align 1 --font Anuphan-Bold.ttf --range 32-127,3584-3711 --format lvgl -o anuphan_bold_22.c
 ******************************************************************************/

#ifdef __has_include
    #if __has_include("lvgl.h")
        #ifndef LV_LVGL_H_INCLUDE_SIMPLE
            #define LV_LVGL_H_INCLUDE_SIMPLE
        #endif
    #endif
#endif

#ifdef LV_LVGL_H_INCLUDE_SIMPLE
    #include "lvgl.h"
#else
    #include "lvgl/lvgl.h"
#endif



#ifndef ANUPHAN_BOLD_22
#define ANUPHAN_BOLD_22 1
#endif

#if ANUPHAN_BOLD_22

/*-----------------
 *    BITMAPS
 *----------------*/

/*Store the image of the glyphs*/
static LV_ATTRIBUTE_LARGE_CONST const uint8_t glyph_bitmap[] = {
    /* U+0020 " " */

    /* U+0021 "!" */
    0x2f, 0xff, 0x42, 0xff, 0xf4, 0x2f, 0xff, 0x42,
    0xff, 0xf4, 0x2f, 0xff, 0x30, 0xff, 0xf1, 0xd,
    0xfe, 0x0, 0xaf, 0xc0, 0x7, 0xf9, 0x0, 0x5f,
    0x70, 0x2, 0xa3, 0x0, 0x0, 0x0, 0x1b, 0xeb,
    0x16, 0xff, 0xf7, 0x6f, 0xff, 0x71, 0xcf, 0xc1,

    /* U+0022 "\"" */
    0x8f, 0xf6, 0x8, 0xff, 0x58, 0xff, 0x60, 0x8f,
    0xf5, 0x8f, 0xf6, 0x8, 0xff, 0x58, 0xff, 0x60,
    0x8f, 0xf5, 0x8f, 0xf6, 0x8, 0xff, 0x58, 0xff,
    0x60, 0x8f, 0xf5, 0x8f, 0xf6, 0x8, 0xff, 0x52,
    0x44, 0x10, 0x24, 0x41,

    /* U+0023 "#" */
    0x0, 0x0, 0x9f, 0x60, 0x0, 0xff, 0x0, 0x0,
    0x0, 0xcf, 0x40, 0x3, 0xfd, 0x0, 0x0, 0x0,
    0xff, 0x10, 0x6, 0xfa, 0x0, 0x0, 0x1, 0xff,
    0x0, 0x8, 0xf8, 0x0, 0xc, 0xff, 0xff, 0xff,
    0xff, 0xff, 0xfa, 0xc, 0xff, 0xff, 0xff, 0xff,
    0xff, 0xfa, 0x0, 0xa, 0xf7, 0x0, 0xf, 0xf0,
    0x0, 0x0, 0xc, 0xf4, 0x0, 0x3f, 0xd0, 0x0,
    0x0, 0xf, 0xf1, 0x0, 0x5f, 0xb0, 0x0, 0x0,
    0x1f, 0xf0, 0x0, 0x8f, 0x80, 0x0, 0xcf, 0xff,
    0xff, 0xff, 0xff, 0xff, 0xa0, 0xcf, 0xff, 0xff,
    0xff, 0xff, 0xff, 0xa0, 0x0, 0x9f, 0x70, 0x0,
    0xff, 0x0, 0x0, 0x0, 0xcf, 0x40, 0x3, 0xfd,
    0x0, 0x0, 0x0, 0xff, 0x10, 0x5, 0xfa, 0x0,
    0x0, 0x1, 0xff, 0x0, 0x8, 0xf8, 0x0, 0x0,

    /* U+0024 "$" */
    0x0, 0x0, 0x2, 0x44, 0x0, 0x0, 0x0, 0x0,
    0x0, 0x8f, 0xf0, 0x0, 0x0, 0x0, 0x0, 0x9,
    0xff, 0x10, 0x0, 0x0, 0x1, 0xaf, 0xff, 0xff,
    0xd6, 0x0, 0x1, 0xef, 0xff, 0xff, 0xff, 0xfa,
    0x0, 0x9f, 0xfe, 0x8f, 0xd9, 0xff, 0x50, 0xd,
    0xff, 0x43, 0xfc, 0x3, 0x40, 0x0, 0xdf, 0xf4,
    0x3f, 0xc0, 0x0, 0x0, 0x9, 0xff, 0xea, 0xfc,
    0x0, 0x0, 0x0, 0x1e, 0xff, 0xff, 0xfb, 0x60,
    0x0, 0x0, 0x1a, 0xff, 0xff, 0xff, 0xd2, 0x0,
    0x0, 0x1, 0x7f, 0xff, 0xff, 0xd0, 0x0, 0x0,
    0x3, 0xfc, 0x3f, 0xff, 0x30, 0x0, 0x0, 0x3f,
    0xc0, 0xcf, 0xf4, 0x3, 0xe8, 0x3, 0xfc, 0x1f,
    0xff, 0x21, 0xff, 0xfe, 0xbf, 0xee, 0xff, 0xb0,
    0x5, 0xff, 0xff, 0xff, 0xff, 0xd1, 0x0, 0x1,
    0x7c, 0xff, 0xfc, 0x70, 0x0, 0x0, 0x0, 0x8,
    0xff, 0x0, 0x0, 0x0, 0x0, 0x0, 0x8f, 0xf0,
    0x0, 0x0,

    /* U+0025 "%" */
    0x3, 0xbf, 0xfc, 0x40, 0x0, 0x0, 0xb, 0xff,
    0x20, 0x0, 0x2f, 0xff, 0xff, 0xf4, 0x0, 0x0,
    0x6f, 0xf7, 0x0, 0x0, 0x9f, 0xf3, 0x1f, 0xfb,
    0x0, 0x2, 0xff, 0xc0, 0x0, 0x0, 0xdf, 0xf0,
    0xd, 0xff, 0x0, 0xb, 0xff, 0x20, 0x0, 0x0,
    0xef, 0xe0, 0xc, 0xff, 0x0, 0x6f, 0xf7, 0x0,
    0x0, 0x0, 0xdf, 0xf0, 0xd, 0xff, 0x1, 0xff,
    0xc0, 0x0, 0x0, 0x0, 0x9f, 0xf4, 0x2f, 0xfb,
    0xb, 0xff, 0x20, 0x0, 0x0, 0x0, 0x2f, 0xff,
    0xff, 0xf3, 0x6f, 0xf7, 0x8, 0xde, 0xc6, 0x0,
    0x2, 0xae, 0xeb, 0x31, 0xff, 0xd0, 0xcf, 0xff,
    0xff, 0x70, 0x0, 0x0, 0x0, 0xb, 0xff, 0x34,
    0xff, 0x80, 0xcf, 0xf0, 0x0, 0x0, 0x0, 0x6f,
    0xf8, 0x8, 0xff, 0x40, 0x8f, 0xf3, 0x0, 0x0,
    0x1, 0xff, 0xd0, 0x9, 0xff, 0x30, 0x7f, 0xf5,
    0x0, 0x0, 0xb, 0xff, 0x30, 0x8, 0xff, 0x30,
    0x8f, 0xf4, 0x0, 0x0, 0x6f, 0xf8, 0x0, 0x4,
    0xff, 0x80, 0xcf, 0xf1, 0x0, 0x1, 0xff, 0xd0,
    0x0, 0x0, 0xcf, 0xff, 0xff, 0x80, 0x0, 0xb,
    0xff, 0x30, 0x0, 0x0, 0x19, 0xef, 0xd7, 0x0,

    /* U+0026 "&" */
    0x0, 0x6, 0xcf, 0xfd, 0x80, 0x0, 0x0, 0x0,
    0xb, 0xff, 0xff, 0xff, 0xc0, 0x0, 0x0, 0x5,
    0xff, 0xfa, 0xaf, 0xff, 0x50, 0x0, 0x0, 0x8f,
    0xfa, 0x0, 0xbf, 0xf7, 0x0, 0x0, 0x6, 0xff,
    0xb0, 0xc, 0xff, 0x50, 0x0, 0x0, 0x1e, 0xff,
    0x67, 0xff, 0xc0, 0x0, 0x0, 0x0, 0x5f, 0xff,
    0xff, 0xb1, 0x0, 0x0, 0x0, 0x5, 0xff, 0xff,
    0xb0, 0x9, 0xff, 0xf1, 0x9, 0xff, 0xff, 0xff,
    0x50, 0xcf, 0xff, 0x16, 0xff, 0xe3, 0xbf, 0xff,
    0x4f, 0xfe, 0xc1, 0xcf, 0xf8, 0x0, 0xcf, 0xff,
    0xff, 0x80, 0xe, 0xff, 0x70, 0x1, 0xdf, 0xff,
    0xf2, 0x0, 0xcf, 0xfd, 0x10, 0x4, 0xff, 0xfe,
    0x0, 0x7, 0xff, 0xff, 0xcd, 0xff, 0xff, 0xfb,
    0x0, 0xb, 0xff, 0xff, 0xff, 0xfd, 0xff, 0xf8,
    0x0, 0x6, 0xcf, 0xfe, 0xb5, 0x8, 0xff, 0xf6,

    /* U+0027 "'" */
    0x8f, 0xf6, 0x8f, 0xf6, 0x8f, 0xf6, 0x8f, 0xf6,
    0x8f, 0xf6, 0x8f, 0xf6, 0x8f, 0xf6, 0x24, 0x41,

    /* U+0028 "(" */
    0x0, 0x0, 0xcf, 0xf4, 0x0, 0xa, 0xff, 0x60,
    0x0, 0x4f, 0xfb, 0x0, 0x0, 0xcf, 0xf2, 0x0,
    0x3, 0xff, 0xb0, 0x0, 0x8, 0xff, 0x60, 0x0,
    0xc, 0xff, 0x20, 0x0, 0xf, 0xff, 0x0, 0x0,
    0x1f, 0xfe, 0x0, 0x0, 0x2f, 0xfe, 0x0, 0x0,
    0x2f, 0xfe, 0x0, 0x0, 0x1f, 0xfe, 0x0, 0x0,
    0xf, 0xff, 0x0, 0x0, 0xd, 0xff, 0x20, 0x0,
    0x9, 0xff, 0x60, 0x0, 0x3, 0xff, 0xb0, 0x0,
    0x0, 0xdf, 0xf2, 0x0, 0x0, 0x5f, 0xfa, 0x0,
    0x0, 0xb, 0xff, 0x50, 0x0, 0x1, 0xdf, 0xf3,
    0x0, 0x0, 0x1, 0x10,

    /* U+0029 ")" */
    0xc, 0xff, 0x40, 0x0, 0x1, 0xef, 0xf2, 0x0,
    0x0, 0x4f, 0xfb, 0x0, 0x0, 0xb, 0xff, 0x40,
    0x0, 0x4, 0xff, 0xa0, 0x0, 0x0, 0xff, 0xf0,
    0x0, 0x0, 0xbf, 0xf3, 0x0, 0x0, 0x9f, 0xf6,
    0x0, 0x0, 0x7f, 0xf8, 0x0, 0x0, 0x7f, 0xf9,
    0x0, 0x0, 0x7f, 0xf9, 0x0, 0x0, 0x7f, 0xf8,
    0x0, 0x0, 0x8f, 0xf6, 0x0, 0x0, 0xbf, 0xf4,
    0x0, 0x0, 0xef, 0xf0, 0x0, 0x4, 0xff, 0xa0,
    0x0, 0xb, 0xff, 0x40, 0x0, 0x3f, 0xfc, 0x0,
    0x0, 0xdf, 0xf2, 0x0, 0xb, 0xff, 0x50, 0x0,
    0x1, 0x10, 0x0, 0x0,

    /* U+002A "*" */
    0x0, 0x0, 0xc, 0xff, 0x0, 0x0, 0x0, 0x0,
    0x0, 0xbf, 0xf0, 0x0, 0x0, 0x2, 0x0, 0xb,
    0xfe, 0x0, 0x3, 0x0, 0xbf, 0x92, 0xaf, 0xd1,
    0x7e, 0xe0, 0x1f, 0xff, 0xff, 0xff, 0xff, 0xff,
    0x40, 0x6b, 0xff, 0xff, 0xff, 0xfc, 0x71, 0x0,
    0x0, 0xaf, 0xff, 0xc1, 0x0, 0x0, 0x0, 0x3f,
    0xff, 0xff, 0x60, 0x0, 0x0, 0x1e, 0xff, 0x2d,
    0xff, 0x30, 0x0, 0xc, 0xff, 0x70, 0x3f, 0xfe,
    0x10, 0x0, 0x3d, 0xc0, 0x0, 0x9e, 0x50, 0x0,
    0x0, 0x1, 0x0, 0x0, 0x10, 0x0,

    /* U+002B "+" */
    0x0, 0x0, 0xbd, 0xd0, 0x0, 0x0, 0x0, 0xd,
    0xff, 0x0, 0x0, 0x0, 0x0, 0xdf, 0xf0, 0x0,
    0x0, 0x0, 0xd, 0xff, 0x0, 0x0, 0x5a, 0xaa,
    0xef, 0xfa, 0xaa, 0x78, 0xff, 0xff, 0xff, 0xff,
    0xfb, 0x8f, 0xff, 0xff, 0xff, 0xff, 0xb0, 0x0,
    0xd, 0xff, 0x0, 0x0, 0x0, 0x0, 0xdf, 0xf0,
    0x0, 0x0, 0x0, 0xd, 0xff, 0x0, 0x0, 0x0,
    0x0, 0xdf, 0xf0, 0x0, 0x0,

    /* U+002C "," */
    0x0, 0x0, 0x0, 0x1, 0xdf, 0xc1, 0x7, 0xff,
    0xf5, 0x7, 0xff, 0xf5, 0x1, 0xbf, 0xf3, 0x0,
    0x4f, 0xe0, 0x0, 0xcf, 0x50, 0xa, 0xf9, 0x0,

    /* U+002D "-" */
    0x23, 0x33, 0x33, 0x2d, 0xff, 0xff, 0xfb, 0xdf,
    0xff, 0xff, 0xbd, 0xff, 0xff, 0xfb,

    /* U+002E "." */
    0x0, 0x0, 0x2, 0xdf, 0xc0, 0x7f, 0xff, 0x47,
    0xff, 0xf4, 0x1d, 0xfb, 0x0,

    /* U+002F "/" */
    0x0, 0x0, 0x0, 0x8f, 0xf2, 0x0, 0x0, 0x0,
    0xdf, 0xd0, 0x0, 0x0, 0x3, 0xff, 0x70, 0x0,
    0x0, 0x8, 0xff, 0x20, 0x0, 0x0, 0xd, 0xfd,
    0x0, 0x0, 0x0, 0x2f, 0xf8, 0x0, 0x0, 0x0,
    0x8f, 0xf2, 0x0, 0x0, 0x0, 0xdf, 0xd0, 0x0,
    0x0, 0x2, 0xff, 0x80, 0x0, 0x0, 0x7, 0xff,
    0x30, 0x0, 0x0, 0xd, 0xfd, 0x0, 0x0, 0x0,
    0x2f, 0xf8, 0x0, 0x0, 0x0, 0x7f, 0xf3, 0x0,
    0x0, 0x0, 0xcf, 0xe0, 0x0, 0x0, 0x2, 0xff,
    0x80, 0x0, 0x0, 0x7, 0xff, 0x30, 0x0, 0x0,
    0xc, 0xfe, 0x0, 0x0, 0x0, 0x1f, 0xf9, 0x0,
    0x0, 0x0, 0x7f, 0xf3, 0x0, 0x0, 0x0, 0xcf,
    0xe0, 0x0, 0x0, 0x0,

    /* U+0030 "0" */
    0x0, 0x3, 0xae, 0xfe, 0xb4, 0x0, 0x0, 0x5,
    0xff, 0xff, 0xff, 0xf8, 0x0, 0x2, 0xff, 0xff,
    0xdf, 0xff, 0xf4, 0x0, 0x9f, 0xfe, 0x20, 0x1c,
    0xff, 0xc0, 0xe, 0xff, 0x80, 0x0, 0x5f, 0xff,
    0x11, 0xff, 0xf5, 0x0, 0x2, 0xff, 0xf5, 0x3f,
    0xff, 0x40, 0x0, 0x1f, 0xff, 0x74, 0xff, 0xf4,
    0x0, 0x1, 0xff, 0xf8, 0x4f, 0xff, 0x40, 0x0,
    0x1f, 0xff, 0x83, 0xff, 0xf4, 0x0, 0x1, 0xff,
    0xf7, 0x1f, 0xff, 0x50, 0x0, 0x2f, 0xff, 0x50,
    0xef, 0xf8, 0x0, 0x5, 0xff, 0xf1, 0x9, 0xff,
    0xe2, 0x0, 0xcf, 0xfc, 0x0, 0x2f, 0xff, 0xfd,
    0xff, 0xff, 0x40, 0x0, 0x5f, 0xff, 0xff, 0xff,
    0x80, 0x0, 0x0, 0x3a, 0xef, 0xfb, 0x40, 0x0,

    /* U+0031 "1" */
    0x0, 0x0, 0xdf, 0xff, 0xf8, 0x0, 0x0, 0x0,
    0xaf, 0xff, 0xff, 0x80, 0x0, 0x0, 0x6f, 0xfe,
    0xef, 0xf8, 0x0, 0x0, 0x2f, 0xff, 0x3c, 0xff,
    0x80, 0x0, 0xd, 0xff, 0x80, 0xcf, 0xf8, 0x0,
    0x0, 0x9f, 0xc0, 0xc, 0xff, 0x80, 0x0, 0x0,
    0x61, 0x0, 0xcf, 0xf8, 0x0, 0x0, 0x0, 0x0,
    0xc, 0xff, 0x80, 0x0, 0x0, 0x0, 0x0, 0xcf,
    0xf8, 0x0, 0x0, 0x0, 0x0, 0xc, 0xff, 0x80,
    0x0, 0x0, 0x0, 0x0, 0xcf, 0xf8, 0x0, 0x0,
    0x0, 0x0, 0xc, 0xff, 0x80, 0x0, 0x0, 0x0,
    0x0, 0xcf, 0xf8, 0x0, 0x0, 0xa, 0xbb, 0xbf,
    0xff, 0xdb, 0xb8, 0x0, 0xff, 0xff, 0xff, 0xff,
    0xff, 0xc0, 0xf, 0xff, 0xff, 0xff, 0xff, 0xfc,

    /* U+0032 "2" */
    0x0, 0x4, 0xbe, 0xfe, 0xb4, 0x0, 0x0, 0x8,
    0xff, 0xff, 0xff, 0xf8, 0x0, 0x5, 0xff, 0xff,
    0xff, 0xff, 0xf4, 0x0, 0xdf, 0xfb, 0x0, 0x4f,
    0xff, 0xa0, 0x3, 0x9e, 0x10, 0x0, 0xbf, 0xfc,
    0x0, 0x0, 0x0, 0x0, 0xc, 0xff, 0xc0, 0x0,
    0x0, 0x0, 0x1, 0xff, 0xf8, 0x0, 0x0, 0x0,
    0x0, 0xbf, 0xff, 0x10, 0x0, 0x0, 0x0, 0xaf,
    0xff, 0x50, 0x0, 0x0, 0x1, 0xcf, 0xff, 0x50,
    0x0, 0x0, 0x2, 0xdf, 0xfe, 0x30, 0x0, 0x0,
    0x3, 0xef, 0xfd, 0x20, 0x0, 0x0, 0x4, 0xff,
    0xfa, 0x0, 0x0, 0x0, 0x0, 0xcf, 0xff, 0xdd,
    0xdd, 0xdd, 0xd1, 0xc, 0xff, 0xff, 0xff, 0xff,
    0xff, 0x20, 0xcf, 0xff, 0xff, 0xff, 0xff, 0xf2,

    /* U+0033 "3" */
    0x0, 0x17, 0xdf, 0xfe, 0xa4, 0x0, 0x2, 0xef,
    0xff, 0xff, 0xff, 0x80, 0xe, 0xff, 0xfc, 0xcf,
    0xff, 0xf4, 0x3, 0xec, 0x10, 0x3, 0xff, 0xf8,
    0x0, 0x20, 0x0, 0x0, 0xef, 0xf8, 0x0, 0x0,
    0x0, 0x4, 0xff, 0xf4, 0x0, 0x0, 0x8c, 0xdf,
    0xff, 0x70, 0x0, 0x0, 0xaf, 0xff, 0xe5, 0x0,
    0x0, 0x0, 0xaf, 0xff, 0xff, 0xa0, 0x0, 0x0,
    0x0, 0x16, 0xff, 0xf6, 0x0, 0x0, 0x0, 0x0,
    0xaf, 0xfc, 0x1, 0xa1, 0x0, 0x0, 0xaf, 0xfd,
    0x2d, 0xfd, 0x10, 0x2, 0xff, 0xfb, 0x4f, 0xff,
    0xfc, 0xcf, 0xff, 0xf4, 0x6, 0xff, 0xff, 0xff,
    0xff, 0x70, 0x0, 0x29, 0xdf, 0xfd, 0xa3, 0x0,

    /* U+0034 "4" */
    0x0, 0x0, 0x0, 0xaf, 0xff, 0x90, 0x0, 0x0,
    0x0, 0x3f, 0xff, 0xf9, 0x0, 0x0, 0x0, 0xd,
    0xff, 0xff, 0x90, 0x0, 0x0, 0x6, 0xff, 0xcf,
    0xf9, 0x0, 0x0, 0x1, 0xef, 0x99, 0xff, 0x90,
    0x0, 0x0, 0x9f, 0xf1, 0x9f, 0xf9, 0x0, 0x0,
    0x3f, 0xf7, 0x9, 0xff, 0x90, 0x0, 0xc, 0xfe,
    0x0, 0x9f, 0xf9, 0x0, 0x6, 0xff, 0x50, 0x9,
    0xff, 0x90, 0x0, 0xef, 0xc0, 0x0, 0x9f, 0xf9,
    0x0, 0x5f, 0xfc, 0x99, 0x9d, 0xff, 0xd9, 0x45,
    0xff, 0xff, 0xff, 0xff, 0xff, 0xf8, 0x5f, 0xff,
    0xff, 0xff, 0xff, 0xff, 0x80, 0x0, 0x0, 0x0,
    0x9f, 0xf9, 0x0, 0x0, 0x0, 0x0, 0x9, 0xff,
    0x90, 0x0, 0x0, 0x0, 0x0, 0x9f, 0xf9, 0x0,

    /* U+0035 "5" */
    0xf, 0xff, 0xff, 0xff, 0xff, 0x70, 0xf, 0xff,
    0xff, 0xff, 0xff, 0x70, 0x1f, 0xff, 0xee, 0xee,
    0xee, 0x70, 0x2f, 0xf7, 0x0, 0x0, 0x0, 0x0,
    0x3f, 0xf6, 0x0, 0x0, 0x0, 0x0, 0x4f, 0xf5,
    0x19, 0xba, 0x50, 0x0, 0x5f, 0xf5, 0xef, 0xff,
    0xfc, 0x10, 0x6f, 0xfc, 0xff, 0xff, 0xff, 0xa0,
    0x5e, 0xfd, 0x30, 0x2d, 0xff, 0xf1, 0x0, 0x0,
    0x0, 0x4, 0xff, 0xf5, 0x0, 0x0, 0x0, 0x1,
    0xff, 0xf6, 0x4, 0xa0, 0x0, 0x3, 0xff, 0xf4,
    0x6f, 0xf8, 0x0, 0xb, 0xff, 0xf0, 0xaf, 0xff,
    0xeb, 0xef, 0xff, 0x80, 0xb, 0xff, 0xff, 0xff,
    0xfb, 0x0, 0x0, 0x5c, 0xff, 0xeb, 0x50, 0x0,

    /* U+0036 "6" */
    0x0, 0x0, 0x4, 0xef, 0xff, 0x50, 0x0, 0x0,
    0x6, 0xff, 0xfd, 0x20, 0x0, 0x0, 0x4, 0xff,
    0xfb, 0x10, 0x0, 0x0, 0x1, 0xef, 0xfb, 0x0,
    0x0, 0x0, 0x0, 0xaf, 0xfd, 0x0, 0x0, 0x0,
    0x0, 0x2f, 0xff, 0x34, 0x88, 0x40, 0x0, 0x8,
    0xff, 0xb9, 0xff, 0xff, 0xc1, 0x0, 0xdf, 0xfc,
    0xff, 0xff, 0xff, 0xa0, 0xf, 0xff, 0xf4, 0x2,
    0xcf, 0xff, 0x21, 0xff, 0xf8, 0x0, 0x2, 0xff,
    0xf6, 0xf, 0xff, 0x50, 0x0, 0xf, 0xff, 0x70,
    0xef, 0xf6, 0x0, 0x0, 0xff, 0xf5, 0x9, 0xff,
    0xc0, 0x0, 0x7f, 0xff, 0x10, 0x2f, 0xff, 0xea,
    0xbf, 0xff, 0x90, 0x0, 0x5f, 0xff, 0xff, 0xff,
    0xb0, 0x0, 0x0, 0x2a, 0xef, 0xfc, 0x60, 0x0,

    /* U+0037 "7" */
    0xcf, 0xff, 0xff, 0xff, 0xff, 0xf1, 0xcf, 0xff,
    0xff, 0xff, 0xff, 0xf1, 0xcf, 0xfb, 0xbb, 0xbc,
    0xff, 0xf1, 0xcf, 0xf0, 0x0, 0x8, 0xff, 0xd0,
    0xcf, 0xf0, 0x0, 0xe, 0xff, 0x70, 0x8a, 0xa0,
    0x0, 0x4f, 0xff, 0x10, 0x0, 0x0, 0x0, 0xaf,
    0xfb, 0x0, 0x0, 0x0, 0x1, 0xff, 0xf5, 0x0,
    0x0, 0x0, 0x7, 0xff, 0xe0, 0x0, 0x0, 0x0,
    0xd, 0xff, 0x90, 0x0, 0x0, 0x0, 0x3f, 0xff,
    0x30, 0x0, 0x0, 0x0, 0x9f, 0xfd, 0x0, 0x0,
    0x0, 0x0, 0xff, 0xf7, 0x0, 0x0, 0x0, 0x6,
    0xff, 0xf1, 0x0, 0x0, 0x0, 0xc, 0xff, 0xb0,
    0x0, 0x0, 0x0, 0x2f, 0xff, 0x50, 0x0, 0x0,

    /* U+0038 "8" */
    0x0, 0x5, 0xbe, 0xff, 0xc7, 0x0, 0x0, 0xa,
    0xff, 0xff, 0xff, 0xfc, 0x0, 0x5, 0xff, 0xfc,
    0x9b, 0xff, 0xf8, 0x0, 0x9f, 0xfb, 0x0, 0x8,
    0xff, 0xc0, 0x9, 0xff, 0x70, 0x0, 0x4f, 0xfd,
    0x0, 0x5f, 0xfa, 0x0, 0x7, 0xff, 0x90, 0x0,
    0xaf, 0xfa, 0x79, 0xff, 0xc0, 0x0, 0x0, 0x8f,
    0xff, 0xff, 0xb0, 0x0, 0x0, 0xaf, 0xff, 0xff,
    0xff, 0xc1, 0x0, 0x9f, 0xfd, 0x30, 0x2c, 0xff,
    0xc0, 0xf, 0xff, 0x60, 0x0, 0x3f, 0xff, 0x31,
    0xff, 0xf5, 0x0, 0x2, 0xff, 0xf4, 0xf, 0xff,
    0xa0, 0x0, 0x7f, 0xff, 0x20, 0x9f, 0xff, 0xc9,
    0xbf, 0xff, 0xc0, 0x0, 0xcf, 0xff, 0xff, 0xff,
    0xe2, 0x0, 0x0, 0x6b, 0xef, 0xfc, 0x70, 0x0,

    /* U+0039 "9" */
    0x0, 0x4, 0xbe, 0xfe, 0xb4, 0x0, 0x0, 0x8,
    0xff, 0xff, 0xff, 0xf8, 0x0, 0x6, 0xff, 0xfd,
    0xad, 0xff, 0xf5, 0x0, 0xef, 0xfa, 0x0, 0xa,
    0xff, 0xc0, 0x2f, 0xff, 0x40, 0x0, 0x3f, 0xff,
    0x13, 0xff, 0xf3, 0x0, 0x2, 0xff, 0xf3, 0x2f,
    0xff, 0x50, 0x0, 0x5f, 0xff, 0x40, 0xef, 0xfe,
    0x30, 0x3d, 0xff, 0xf3, 0x7, 0xff, 0xff, 0xff,
    0xcf, 0xff, 0x0, 0x9, 0xff, 0xff, 0xb9, 0xff,
    0xb0, 0x0, 0x3, 0x78, 0x51, 0xff, 0xf5, 0x0,
    0x0, 0x0, 0x0, 0xbf, 0xfd, 0x0, 0x0, 0x0,
    0x0, 0x9f, 0xff, 0x30, 0x0, 0x0, 0x0, 0x9f,
    0xff, 0x70, 0x0, 0x0, 0x1, 0xbf, 0xff, 0x90,
    0x0, 0x0, 0x3, 0xef, 0xff, 0x70, 0x0, 0x0,

    /* U+003A ":" */
    0xb, 0xfd, 0x24, 0xff, 0xf8, 0x4f, 0xff, 0x80,
    0xbf, 0xd2, 0x0, 0x0, 0x0, 0x0, 0x0, 0x0,
    0x0, 0x0, 0x0, 0x0, 0xb, 0xfd, 0x24, 0xff,
    0xf8, 0x4f, 0xff, 0x80, 0xbf, 0xd2,

    /* U+003B ";" */
    0xb, 0xfd, 0x24, 0xff, 0xf8, 0x4f, 0xff, 0x80,
    0xbf, 0xd2, 0x0, 0x0, 0x0, 0x0, 0x0, 0x0,
    0x0, 0x0, 0x0, 0x0, 0xa, 0xfd, 0x23, 0xff,
    0xf9, 0x3f, 0xff, 0x90, 0xaf, 0xf7, 0x0, 0xff,
    0x20, 0x9f, 0x90, 0x6f, 0xc0, 0x0, 0x10, 0x0,

    /* U+003C "<" */
    0x0, 0x0, 0x0, 0x0, 0x30, 0x0, 0x0, 0x0,
    0x8e, 0x0, 0x0, 0x3, 0xdf, 0xf0, 0x0, 0x8,
    0xff, 0xfe, 0x0, 0x3d, 0xff, 0xfb, 0x20, 0x8f,
    0xff, 0xf6, 0x0, 0xaf, 0xff, 0xa1, 0x0, 0xb,
    0xff, 0xe2, 0x0, 0x0, 0x5f, 0xff, 0xf8, 0x0,
    0x0, 0x1b, 0xff, 0xfd, 0x30, 0x0, 0x6, 0xff,
    0xff, 0x90, 0x0, 0x2, 0xbf, 0xff, 0x0, 0x0,
    0x0, 0x6f, 0xf0, 0x0, 0x0, 0x0, 0x2b, 0x0,
    0x0, 0x0, 0x0, 0x0,

    /* U+003D "=" */
    0x8f, 0xff, 0xff, 0xff, 0xff, 0xb8, 0xff, 0xff,
    0xff, 0xff, 0xfb, 0x5a, 0xaa, 0xaa, 0xaa, 0xaa,
    0x70, 0x0, 0x0, 0x0, 0x0, 0x0, 0x0, 0x0,
    0x0, 0x0, 0x0, 0x5, 0xaa, 0xaa, 0xaa, 0xaa,
    0xa7, 0x8f, 0xff, 0xff, 0xff, 0xff, 0xb8, 0xff,
    0xff, 0xff, 0xff, 0xfb,

    /* U+003E ">" */
    0x30, 0x0, 0x0, 0x0, 0xb, 0xa1, 0x0, 0x0,
    0x0, 0xbf, 0xe5, 0x0, 0x0, 0xb, 0xff, 0xfa,
    0x10, 0x0, 0x19, 0xff, 0xfe, 0x50, 0x0, 0x4,
    0xdf, 0xff, 0xb1, 0x0, 0x0, 0x8f, 0xff, 0xe0,
    0x0, 0x1, 0xcf, 0xff, 0x0, 0x6, 0xef, 0xff,
    0x80, 0x2b, 0xff, 0xfd, 0x30, 0x6f, 0xff, 0xf8,
    0x0, 0xb, 0xff, 0xd3, 0x0, 0x0, 0xbf, 0x80,
    0x0, 0x0, 0x9, 0x30, 0x0, 0x0, 0x0, 0x0,
    0x0, 0x0, 0x0, 0x0,

    /* U+003F "?" */
    0x0, 0x5c, 0xff, 0xe9, 0x20, 0x0, 0x8f, 0xff,
    0xff, 0xff, 0x40, 0x3f, 0xff, 0xed, 0xff, 0xfe,
    0x6, 0xff, 0x90, 0x6, 0xff, 0xf4, 0x1, 0x60,
    0x0, 0x1f, 0xff, 0x60, 0x0, 0x0, 0x2, 0xff,
    0xf4, 0x0, 0x0, 0x14, 0xdf, 0xfe, 0x0, 0x0,
    0x8f, 0xff, 0xff, 0x30, 0x0, 0x8, 0xff, 0xe9,
    0x10, 0x0, 0x0, 0x8f, 0xf9, 0x0, 0x0, 0x0,
    0x3, 0x77, 0x40, 0x0, 0x0, 0x0, 0x0, 0x0,
    0x0, 0x0, 0x0, 0x5, 0xde, 0x60, 0x0, 0x0,
    0x0, 0xdf, 0xff, 0x0, 0x0, 0x0, 0xd, 0xff,
    0xf0, 0x0, 0x0, 0x0, 0x6e, 0xf7, 0x0, 0x0,

    /* U+0040 "@" */
    0x0, 0x0, 0x4, 0xad, 0xff, 0xeb, 0x71, 0x0,
    0x0, 0x0, 0x2, 0xcf, 0xff, 0xff, 0xff, 0xff,
    0x60, 0x0, 0x0, 0x2e, 0xfe, 0x62, 0x0, 0x4,
    0xbf, 0xf7, 0x0, 0x0, 0xdf, 0xa0, 0x0, 0x0,
    0x0, 0x6, 0xff, 0x40, 0x8, 0xfc, 0x0, 0x0,
    0x0, 0x0, 0x0, 0x7f, 0xd0, 0xe, 0xf3, 0x0,
    0x9f, 0xf9, 0x8f, 0xe0, 0xe, 0xf3, 0x4f, 0xc0,
    0x9, 0xff, 0xff, 0xdf, 0xe0, 0x9, 0xf7, 0x7f,
    0x80, 0xf, 0xfc, 0x11, 0xcf, 0xe0, 0x7, 0xf9,
    0x9f, 0x60, 0x3f, 0xf4, 0x0, 0x8f, 0xe0, 0x7,
    0xf9, 0xaf, 0x60, 0x4f, 0xf4, 0x0, 0x8f, 0xe0,
    0x7, 0xf8, 0x9f, 0x60, 0x3f, 0xf4, 0x0, 0x8f,
    0xe0, 0xa, 0xf5, 0x8f, 0x80, 0xf, 0xfb, 0x11,
    0xdf, 0xf1, 0x3f, 0xf1, 0x5f, 0xc0, 0x8, 0xff,
    0xff, 0x8f, 0xff, 0xff, 0x70, 0xf, 0xf2, 0x0,
    0x8e, 0xf9, 0x5, 0xdf, 0xd6, 0x0, 0x9, 0xfc,
    0x0, 0x0, 0x0, 0x0, 0x0, 0x0, 0x0, 0x1,
    0xef, 0xa0, 0x0, 0x0, 0x0, 0x0, 0x0, 0x0,
    0x0, 0x3f, 0xfe, 0x72, 0x0, 0x0, 0x0, 0x0,
    0x0, 0x0, 0x2, 0xcf, 0xff, 0xff, 0xff, 0xfc,
    0x0, 0x0, 0x0, 0x0, 0x4, 0xad, 0xff, 0xff,
    0xfc, 0x0, 0x0,

    /* U+0041 "A" */
    0x0, 0x0, 0xa, 0xff, 0xfc, 0x0, 0x0, 0x0,
    0x0, 0x0, 0xff, 0xff, 0xf1, 0x0, 0x0, 0x0,
    0x0, 0x4f, 0xff, 0xff, 0x60, 0x0, 0x0, 0x0,
    0x9, 0xff, 0xaf, 0xfb, 0x0, 0x0, 0x0, 0x0,
    0xef, 0xf2, 0xff, 0xf1, 0x0, 0x0, 0x0, 0x3f,
    0xfb, 0xc, 0xff, 0x50, 0x0, 0x0, 0x8, 0xff,
    0x70, 0x8f, 0xfa, 0x0, 0x0, 0x0, 0xdf, 0xf2,
    0x3, 0xff, 0xf0, 0x0, 0x0, 0x3f, 0xfe, 0x0,
    0xe, 0xff, 0x40, 0x0, 0x8, 0xff, 0xfe, 0xee,
    0xff, 0xf9, 0x0, 0x0, 0xdf, 0xff, 0xff, 0xff,
    0xff, 0xe0, 0x0, 0x2f, 0xff, 0xff, 0xff, 0xff,
    0xff, 0x30, 0x7, 0xff, 0xc0, 0x0, 0x0, 0xdf,
    0xf8, 0x0, 0xcf, 0xf8, 0x0, 0x0, 0x8, 0xff,
    0xd0, 0x1f, 0xff, 0x30, 0x0, 0x0, 0x4f, 0xff,
    0x26, 0xff, 0xf0, 0x0, 0x0, 0x0, 0xff, 0xf7,

    /* U+0042 "B" */
    0x5f, 0xff, 0xff, 0xff, 0xfc, 0x50, 0x5, 0xff,
    0xff, 0xff, 0xff, 0xff, 0x50, 0x5f, 0xff, 0xdd,
    0xde, 0xff, 0xfe, 0x5, 0xff, 0xf0, 0x0, 0x8,
    0xff, 0xf2, 0x5f, 0xff, 0x0, 0x0, 0x3f, 0xff,
    0x35, 0xff, 0xf0, 0x0, 0x4, 0xff, 0xf1, 0x5f,
    0xff, 0x0, 0x0, 0xaf, 0xfc, 0x5, 0xff, 0xff,
    0xff, 0xff, 0xfa, 0x10, 0x5f, 0xff, 0xff, 0xff,
    0xfe, 0xb3, 0x5, 0xff, 0xfc, 0xcc, 0xce, 0xff,
    0xf3, 0x5f, 0xff, 0x0, 0x0, 0xd, 0xff, 0xa5,
    0xff, 0xf0, 0x0, 0x0, 0xbf, 0xfc, 0x5f, 0xff,
    0x0, 0x0, 0xd, 0xff, 0xb5, 0xff, 0xfd, 0xdd,
    0xdf, 0xff, 0xf6, 0x5f, 0xff, 0xff, 0xff, 0xff,
    0xfc, 0x5, 0xff, 0xff, 0xff, 0xff, 0xe9, 0x10,

    /* U+0043 "C" */
    0x0, 0x2, 0x9d, 0xff, 0xd8, 0x10, 0x0, 0x6,
    0xff, 0xff, 0xff, 0xfe, 0x30, 0x5, 0xff, 0xff,
    0xff, 0xff, 0xfe, 0x10, 0xef, 0xfe, 0x51, 0x17,
    0xff, 0xf6, 0x5f, 0xff, 0x30, 0x0, 0x8, 0xc4,
    0xa, 0xff, 0xc0, 0x0, 0x0, 0x0, 0x0, 0xcf,
    0xfa, 0x0, 0x0, 0x0, 0x0, 0xe, 0xff, 0xa0,
    0x0, 0x0, 0x0, 0x0, 0xef, 0xfa, 0x0, 0x0,
    0x0, 0x0, 0xd, 0xff, 0xa0, 0x0, 0x0, 0x0,
    0x0, 0xbf, 0xfc, 0x0, 0x0, 0x0, 0x10, 0x7,
    0xff, 0xf3, 0x0, 0x0, 0x7e, 0x60, 0x1f, 0xff,
    0xe5, 0x1, 0x7f, 0xff, 0x70, 0x7f, 0xff, 0xff,
    0xff, 0xff, 0xe1, 0x0, 0x8f, 0xff, 0xff, 0xff,
    0xe2, 0x0, 0x0, 0x3a, 0xef, 0xfd, 0x80, 0x0,

    /* U+0044 "D" */
    0x5f, 0xff, 0xff, 0xfe, 0xb5, 0x0, 0x0, 0x5f,
    0xff, 0xff, 0xff, 0xff, 0xc1, 0x0, 0x5f, 0xff,
    0xff, 0xff, 0xff, 0xfc, 0x0, 0x5f, 0xff, 0x0,
    0x2, 0xaf, 0xff, 0x50, 0x5f, 0xff, 0x0, 0x0,
    0xc, 0xff, 0xb0, 0x5f, 0xff, 0x0, 0x0, 0x7,
    0xff, 0xf0, 0x5f, 0xff, 0x0, 0x0, 0x5, 0xff,
    0xf2, 0x5f, 0xff, 0x0, 0x0, 0x5, 0xff, 0xf3,
    0x5f, 0xff, 0x0, 0x0, 0x5, 0xff, 0xf3, 0x5f,
    0xff, 0x0, 0x0, 0x5, 0xff, 0xf2, 0x5f, 0xff,
    0x0, 0x0, 0x7, 0xff, 0xf0, 0x5f, 0xff, 0x0,
    0x0, 0xc, 0xff, 0xb0, 0x5f, 0xff, 0x0, 0x2,
    0xaf, 0xff, 0x50, 0x5f, 0xff, 0xff, 0xff, 0xff,
    0xfb, 0x0, 0x5f, 0xff, 0xff, 0xff, 0xff, 0xc1,
    0x0, 0x5f, 0xff, 0xff, 0xfe, 0xb5, 0x0, 0x0,

    /* U+0045 "E" */
    0x5f, 0xff, 0xff, 0xff, 0xff, 0xf2, 0x5f, 0xff,
    0xff, 0xff, 0xff, 0xf2, 0x5f, 0xff, 0xff, 0xff,
    0xff, 0xf2, 0x5f, 0xff, 0x0, 0x0, 0x0, 0x0,
    0x5f, 0xff, 0x0, 0x0, 0x0, 0x0, 0x5f, 0xff,
    0x0, 0x0, 0x0, 0x0, 0x5f, 0xff, 0x0, 0x0,
    0x0, 0x0, 0x5f, 0xff, 0xff, 0xff, 0xff, 0x20,
    0x5f, 0xff, 0xff, 0xff, 0xff, 0x20, 0x5f, 0xff,
    0xff, 0xff, 0xff, 0x20, 0x5f, 0xff, 0x0, 0x0,
    0x0, 0x0, 0x5f, 0xff, 0x0, 0x0, 0x0, 0x0,
    0x5f, 0xff, 0x0, 0x0, 0x0, 0x0, 0x5f, 0xff,
    0xff, 0xff, 0xff, 0xf2, 0x5f, 0xff, 0xff, 0xff,
    0xff, 0xf2, 0x5f, 0xff, 0xff, 0xff, 0xff, 0xf2,

    /* U+0046 "F" */
    0x5f, 0xff, 0xff, 0xff, 0xff, 0xe5, 0xff, 0xff,
    0xff, 0xff, 0xfe, 0x5f, 0xff, 0xff, 0xff, 0xff,
    0xe5, 0xff, 0xf0, 0x0, 0x0, 0x0, 0x5f, 0xff,
    0x0, 0x0, 0x0, 0x5, 0xff, 0xf0, 0x0, 0x0,
    0x0, 0x5f, 0xff, 0x0, 0x0, 0x0, 0x5, 0xff,
    0xff, 0xff, 0xff, 0xe0, 0x5f, 0xff, 0xff, 0xff,
    0xfe, 0x5, 0xff, 0xff, 0xff, 0xff, 0xe0, 0x5f,
    0xff, 0x0, 0x0, 0x0, 0x5, 0xff, 0xf0, 0x0,
    0x0, 0x0, 0x5f, 0xff, 0x0, 0x0, 0x0, 0x5,
    0xff, 0xf0, 0x0, 0x0, 0x0, 0x5f, 0xff, 0x0,
    0x0, 0x0, 0x5, 0xff, 0xf0, 0x0, 0x0, 0x0,

    /* U+0047 "G" */
    0x0, 0x2, 0x9d, 0xff, 0xd9, 0x20, 0x0, 0x0,
    0x5f, 0xff, 0xff, 0xff, 0xf6, 0x0, 0x4, 0xff,
    0xff, 0xff, 0xff, 0xff, 0x40, 0xe, 0xff, 0xe5,
    0x11, 0x4e, 0xff, 0xb0, 0x5f, 0xff, 0x30, 0x0,
    0x2, 0xe6, 0x0, 0xaf, 0xfc, 0x0, 0x0, 0x0,
    0x0, 0x0, 0xcf, 0xfa, 0x0, 0x0, 0x0, 0x0,
    0x0, 0xef, 0xfa, 0x0, 0xc, 0xff, 0xff, 0xf4,
    0xef, 0xfa, 0x0, 0xc, 0xff, 0xff, 0xf4, 0xdf,
    0xfa, 0x0, 0xa, 0xdd, 0xff, 0xf4, 0xaf, 0xfc,
    0x0, 0x0, 0x0, 0xff, 0xf4, 0x6f, 0xff, 0x20,
    0x0, 0x2, 0xff, 0xf4, 0x1f, 0xff, 0xe5, 0x0,
    0x4d, 0xff, 0xf4, 0x6, 0xff, 0xff, 0xff, 0xff,
    0xdf, 0xf4, 0x0, 0x8f, 0xff, 0xff, 0xfc, 0x9f,
    0xf4, 0x0, 0x4, 0xbe, 0xfe, 0x91, 0x9f, 0xf4,

    /* U+0048 "H" */
    0x5f, 0xff, 0x0, 0x0, 0x1, 0xff, 0xf3, 0x5f,
    0xff, 0x0, 0x0, 0x1, 0xff, 0xf3, 0x5f, 0xff,
    0x0, 0x0, 0x1, 0xff, 0xf3, 0x5f, 0xff, 0x0,
    0x0, 0x1, 0xff, 0xf3, 0x5f, 0xff, 0x0, 0x0,
    0x1, 0xff, 0xf3, 0x5f, 0xff, 0x0, 0x0, 0x1,
    0xff, 0xf3, 0x5f, 0xff, 0x0, 0x0, 0x1, 0xff,
    0xf3, 0x5f, 0xff, 0xff, 0xff, 0xff, 0xff, 0xf3,
    0x5f, 0xff, 0xff, 0xff, 0xff, 0xff, 0xf3, 0x5f,
    0xff, 0xff, 0xff, 0xff, 0xff, 0xf3, 0x5f, 0xff,
    0x0, 0x0, 0x1, 0xff, 0xf3, 0x5f, 0xff, 0x0,
    0x0, 0x1, 0xff, 0xf3, 0x5f, 0xff, 0x0, 0x0,
    0x1, 0xff, 0xf3, 0x5f, 0xff, 0x0, 0x0, 0x1,
    0xff, 0xf3, 0x5f, 0xff, 0x0, 0x0, 0x1, 0xff,
    0xf3, 0x5f, 0xff, 0x0, 0x0, 0x1, 0xff, 0xf3,

    /* U+0049 "I" */
    0xef, 0xff, 0xff, 0xf6, 0xef, 0xff, 0xff, 0xf6,
    0xab, 0xff, 0xfd, 0xb4, 0x0, 0xef, 0xf6, 0x0,
    0x0, 0xef, 0xf6, 0x0, 0x0, 0xef, 0xf6, 0x0,
    0x0, 0xef, 0xf6, 0x0, 0x0, 0xef, 0xf6, 0x0,
    0x0, 0xef, 0xf6, 0x0, 0x0, 0xef, 0xf6, 0x0,
    0x0, 0xef, 0xf6, 0x0, 0x0, 0xef, 0xf6, 0x0,
    0x0, 0xef, 0xf6, 0x0, 0xab, 0xff, 0xfd, 0xb4,
    0xef, 0xff, 0xff, 0xf6, 0xef, 0xff, 0xff, 0xf6,

    /* U+004A "J" */
    0x0, 0x5f, 0xff, 0xff, 0xff, 0xb0, 0x5, 0xff,
    0xff, 0xff, 0xfb, 0x0, 0x3b, 0xbb, 0xbe, 0xff,
    0xb0, 0x0, 0x0, 0x0, 0xaf, 0xfb, 0x0, 0x0,
    0x0, 0xa, 0xff, 0xb0, 0x0, 0x0, 0x0, 0xaf,
    0xfb, 0x0, 0x0, 0x0, 0xa, 0xff, 0xb0, 0x0,
    0x0, 0x0, 0xaf, 0xfb, 0x0, 0x0, 0x0, 0xa,
    0xff, 0xb0, 0x0, 0x0, 0x0, 0xaf, 0xfb, 0x0,
    0x0, 0x0, 0xa, 0xff, 0xb2, 0x9c, 0xc0, 0x0,
    0xbf, 0xfa, 0x3f, 0xff, 0x60, 0x4f, 0xff, 0x80,
    0xcf, 0xff, 0xff, 0xff, 0xf3, 0x2, 0xff, 0xff,
    0xff, 0xf7, 0x0, 0x2, 0xae, 0xff, 0xb4, 0x0,

    /* U+004B "K" */
    0x5f, 0xff, 0x0, 0x0, 0x9, 0xff, 0xf3, 0x5,
    0xff, 0xf0, 0x0, 0x5, 0xff, 0xf6, 0x0, 0x5f,
    0xff, 0x0, 0x2, 0xff, 0xfa, 0x0, 0x5, 0xff,
    0xf0, 0x0, 0xdf, 0xfc, 0x0, 0x0, 0x5f, 0xff,
    0x0, 0xaf, 0xfe, 0x20, 0x0, 0x5, 0xff, 0xf0,
    0x5f, 0xff, 0x40, 0x0, 0x0, 0x5f, 0xff, 0x2f,
    0xff, 0x90, 0x0, 0x0, 0x5, 0xff, 0xfc, 0xff,
    0xfe, 0x0, 0x0, 0x0, 0x5f, 0xff, 0xff, 0xff,
    0xf9, 0x0, 0x0, 0x5, 0xff, 0xff, 0xaa, 0xff,
    0xf2, 0x0, 0x0, 0x5f, 0xff, 0xd0, 0x2f, 0xff,
    0xc0, 0x0, 0x5, 0xff, 0xf2, 0x0, 0x8f, 0xff,
    0x50, 0x0, 0x5f, 0xff, 0x0, 0x0, 0xef, 0xfe,
    0x0, 0x5, 0xff, 0xf0, 0x0, 0x5, 0xff, 0xf8,
    0x0, 0x5f, 0xff, 0x0, 0x0, 0xc, 0xff, 0xf2,
    0x5, 0xff, 0xf0, 0x0, 0x0, 0x3f, 0xff, 0xb0,

    /* U+004C "L" */
    0x5f, 0xff, 0x0, 0x0, 0x0, 0x5f, 0xff, 0x0,
    0x0, 0x0, 0x5f, 0xff, 0x0, 0x0, 0x0, 0x5f,
    0xff, 0x0, 0x0, 0x0, 0x5f, 0xff, 0x0, 0x0,
    0x0, 0x5f, 0xff, 0x0, 0x0, 0x0, 0x5f, 0xff,
    0x0, 0x0, 0x0, 0x5f, 0xff, 0x0, 0x0, 0x0,
    0x5f, 0xff, 0x0, 0x0, 0x0, 0x5f, 0xff, 0x0,
    0x0, 0x0, 0x5f, 0xff, 0x0, 0x0, 0x0, 0x5f,
    0xff, 0x0, 0x0, 0x0, 0x5f, 0xff, 0x0, 0x0,
    0x0, 0x5f, 0xff, 0xff, 0xff, 0xfe, 0x5f, 0xff,
    0xff, 0xff, 0xfe, 0x5f, 0xff, 0xff, 0xff, 0xfe,

    /* U+004D "M" */
    0x5f, 0xff, 0x70, 0x0, 0x0, 0x7, 0xff, 0xf5,
    0x5f, 0xff, 0xe0, 0x0, 0x0, 0xe, 0xff, 0xf5,
    0x5f, 0xff, 0xf7, 0x0, 0x0, 0x7f, 0xff, 0xf5,
    0x5f, 0xff, 0xfe, 0x0, 0x0, 0xef, 0xff, 0xf5,
    0x5f, 0xff, 0xff, 0x80, 0x7, 0xff, 0xff, 0xf5,
    0x5f, 0xfe, 0xff, 0xf1, 0xe, 0xff, 0xef, 0xf5,
    0x5f, 0xfd, 0x8f, 0xf8, 0x7f, 0xfa, 0xdf, 0xf5,
    0x5f, 0xfd, 0x1f, 0xff, 0xef, 0xf2, 0xdf, 0xf5,
    0x5f, 0xfd, 0x9, 0xff, 0xff, 0xa0, 0xdf, 0xf5,
    0x5f, 0xfd, 0x1, 0xff, 0xff, 0x20, 0xdf, 0xf5,
    0x5f, 0xfd, 0x0, 0x8f, 0xf9, 0x0, 0xdf, 0xf5,
    0x5f, 0xfd, 0x0, 0x1f, 0xf1, 0x0, 0xdf, 0xf5,
    0x5f, 0xfd, 0x0, 0x8, 0x80, 0x0, 0xdf, 0xf5,
    0x5f, 0xfd, 0x0, 0x1, 0x10, 0x0, 0xdf, 0xf5,
    0x5f, 0xfd, 0x0, 0x0, 0x0, 0x0, 0xdf, 0xf5,
    0x5f, 0xfd, 0x0, 0x0, 0x0, 0x0, 0xdf, 0xf5,

    /* U+004E "N" */
    0x5f, 0xff, 0x90, 0x0, 0x0, 0xef, 0xf3, 0x5f,
    0xff, 0xf3, 0x0, 0x0, 0xef, 0xf3, 0x5f, 0xff,
    0xfb, 0x0, 0x0, 0xef, 0xf3, 0x5f, 0xff, 0xff,
    0x40, 0x0, 0xef, 0xf3, 0x5f, 0xff, 0xff, 0xd0,
    0x0, 0xef, 0xf3, 0x5f, 0xfe, 0xef, 0xf6, 0x0,
    0xef, 0xf3, 0x5f, 0xfd, 0x8f, 0xfe, 0x0, 0xef,
    0xf3, 0x5f, 0xfd, 0x1f, 0xff, 0x70, 0xef, 0xf3,
    0x5f, 0xfd, 0x9, 0xff, 0xe0, 0xef, 0xf3, 0x5f,
    0xfd, 0x1, 0xff, 0xf6, 0xef, 0xf3, 0x5f, 0xfd,
    0x0, 0x7f, 0xfd, 0xef, 0xf3, 0x5f, 0xfd, 0x0,
    0xe, 0xff, 0xff, 0xf3, 0x5f, 0xfd, 0x0, 0x5,
    0xff, 0xff, 0xf3, 0x5f, 0xfd, 0x0, 0x0, 0xcf,
    0xff, 0xf3, 0x5f, 0xfd, 0x0, 0x0, 0x4f, 0xff,
    0xf3, 0x5f, 0xfd, 0x0, 0x0, 0xb, 0xff, 0xf3,

    /* U+004F "O" */
    0x0, 0x3, 0x9d, 0xff, 0xd8, 0x10, 0x0, 0x0,
    0x7f, 0xff, 0xff, 0xff, 0xe4, 0x0, 0x6, 0xff,
    0xff, 0xff, 0xff, 0xff, 0x20, 0x1f, 0xff, 0xe5,
    0x11, 0x7f, 0xff, 0xb0, 0x6f, 0xff, 0x30, 0x0,
    0x7, 0xff, 0xf1, 0xaf, 0xfc, 0x0, 0x0, 0x1,
    0xff, 0xf5, 0xdf, 0xfa, 0x0, 0x0, 0x0, 0xff,
    0xf8, 0xef, 0xfa, 0x0, 0x0, 0x0, 0xff, 0xf9,
    0xef, 0xfa, 0x0, 0x0, 0x0, 0xff, 0xf9, 0xdf,
    0xfa, 0x0, 0x0, 0x0, 0xff, 0xf8, 0xaf, 0xfc,
    0x0, 0x0, 0x1, 0xff, 0xf5, 0x6f, 0xff, 0x30,
    0x0, 0x7, 0xff, 0xf1, 0x1f, 0xff, 0xe4, 0x1,
    0x7f, 0xff, 0xb0, 0x6, 0xff, 0xff, 0xff, 0xff,
    0xff, 0x20, 0x0, 0x7f, 0xff, 0xff, 0xff, 0xe4,
    0x0, 0x0, 0x3, 0xae, 0xff, 0xd8, 0x10, 0x0,

    /* U+0050 "P" */
    0x5f, 0xff, 0xff, 0xff, 0xfc, 0x40, 0x5, 0xff,
    0xff, 0xff, 0xff, 0xff, 0x60, 0x5f, 0xff, 0xff,
    0xff, 0xff, 0xff, 0x15, 0xff, 0xf0, 0x0, 0x3,
    0xff, 0xf7, 0x5f, 0xff, 0x0, 0x0, 0xd, 0xff,
    0x95, 0xff, 0xf0, 0x0, 0x0, 0xdf, 0xf9, 0x5f,
    0xff, 0x0, 0x0, 0x4f, 0xff, 0x75, 0xff, 0xff,
    0xff, 0xff, 0xff, 0xf1, 0x5f, 0xff, 0xff, 0xff,
    0xff, 0xf6, 0x5, 0xff, 0xff, 0xff, 0xff, 0xc4,
    0x0, 0x5f, 0xff, 0x0, 0x0, 0x0, 0x0, 0x5,
    0xff, 0xf0, 0x0, 0x0, 0x0, 0x0, 0x5f, 0xff,
    0x0, 0x0, 0x0, 0x0, 0x5, 0xff, 0xf0, 0x0,
    0x0, 0x0, 0x0, 0x5f, 0xff, 0x0, 0x0, 0x0,
    0x0, 0x5, 0xff, 0xf0, 0x0, 0x0, 0x0, 0x0,

    /* U+0051 "Q" */
    0x0, 0x2, 0x9d, 0xff, 0xd8, 0x10, 0x0, 0x0,
    0x7f, 0xff, 0xff, 0xff, 0xe3, 0x0, 0x6, 0xff,
    0xff, 0xff, 0xff, 0xff, 0x20, 0xe, 0xff, 0xe5,
    0x11, 0x7f, 0xff, 0xb0, 0x6f, 0xff, 0x30, 0x0,
    0x7, 0xff, 0xf1, 0xaf, 0xfc, 0x0, 0x0, 0x1,
    0xff, 0xf5, 0xdf, 0xfa, 0x0, 0x0, 0x0, 0xff,
    0xf8, 0xef, 0xfa, 0x0, 0x0, 0x0, 0xff, 0xf9,
    0xef, 0xfa, 0x0, 0x0, 0x0, 0xff, 0xf9, 0xdf,
    0xfa, 0x0, 0x0, 0x0, 0xff, 0xf8, 0xbf, 0xfc,
    0x0, 0x0, 0x1, 0xff, 0xf6, 0x7f, 0xff, 0x20,
    0x0, 0x6, 0xff, 0xf2, 0x1f, 0xff, 0xc2, 0x0,
    0x4f, 0xff, 0xc0, 0x8, 0xff, 0xff, 0xee, 0xff,
    0xff, 0x30, 0x0, 0xaf, 0xff, 0xff, 0xff, 0xf6,
    0x0, 0x0, 0x5, 0xcf, 0xff, 0xfb, 0x30, 0x0,
    0x0, 0x0, 0x8, 0xff, 0x90, 0x0, 0x0, 0x0,
    0x0, 0x7, 0xff, 0xec, 0xb0, 0x0, 0x0, 0x0,
    0x2, 0xff, 0xff, 0xe0, 0x0, 0x0, 0x0, 0x0,
    0x5d, 0xff, 0xe0, 0x0,

    /* U+0052 "R" */
    0x5f, 0xff, 0xff, 0xff, 0xfc, 0x40, 0x5, 0xff,
    0xff, 0xff, 0xff, 0xff, 0x60, 0x5f, 0xff, 0xff,
    0xff, 0xff, 0xff, 0x15, 0xff, 0xf0, 0x0, 0x3,
    0xff, 0xf6, 0x5f, 0xff, 0x0, 0x0, 0xd, 0xff,
    0x95, 0xff, 0xf0, 0x0, 0x0, 0xdf, 0xf9, 0x5f,
    0xff, 0x0, 0x0, 0x2f, 0xff, 0x75, 0xff, 0xfd,
    0xdd, 0xdf, 0xff, 0xf1, 0x5f, 0xff, 0xff, 0xff,
    0xff, 0xf6, 0x5, 0xff, 0xff, 0xff, 0xff, 0xf4,
    0x0, 0x5f, 0xff, 0x0, 0x5f, 0xff, 0x40, 0x5,
    0xff, 0xf0, 0x0, 0xef, 0xfb, 0x0, 0x5f, 0xff,
    0x0, 0x7, 0xff, 0xf3, 0x5, 0xff, 0xf0, 0x0,
    0xf, 0xff, 0xa0, 0x5f, 0xff, 0x0, 0x0, 0x8f,
    0xff, 0x25, 0xff, 0xf0, 0x0, 0x1, 0xff, 0xf9,

    /* U+0053 "S" */
    0x0, 0x2, 0x9d, 0xff, 0xea, 0x30, 0x0, 0x5,
    0xff, 0xff, 0xff, 0xff, 0x90, 0x2, 0xff, 0xff,
    0xff, 0xff, 0xfe, 0x20, 0x8f, 0xfe, 0x40, 0x4,
    0xde, 0x20, 0xb, 0xff, 0xa0, 0x0, 0x0, 0x20,
    0x0, 0xaf, 0xfe, 0x20, 0x0, 0x0, 0x0, 0x6,
    0xff, 0xff, 0xda, 0x73, 0x0, 0x0, 0xc, 0xff,
    0xff, 0xff, 0xfc, 0x20, 0x0, 0x8, 0xff, 0xff,
    0xff, 0xfe, 0x10, 0x0, 0x0, 0x35, 0x7c, 0xff,
    0xf7, 0x0, 0x0, 0x0, 0x0, 0xd, 0xff, 0xa0,
    0x4, 0x50, 0x0, 0x0, 0xbf, 0xf9, 0x4, 0xff,
    0x93, 0x0, 0x6f, 0xff, 0x60, 0xef, 0xff, 0xff,
    0xff, 0xff, 0xe1, 0x2, 0xdf, 0xff, 0xff, 0xff,
    0xe3, 0x0, 0x0, 0x6b, 0xef, 0xfd, 0x81, 0x0,

    /* U+0054 "T" */
    0x6f, 0xff, 0xff, 0xff, 0xff, 0xff, 0x46, 0xff,
    0xff, 0xff, 0xff, 0xff, 0xf4, 0x6f, 0xff, 0xff,
    0xff, 0xff, 0xff, 0x40, 0x0, 0x4, 0xff, 0xf1,
    0x0, 0x0, 0x0, 0x0, 0x4f, 0xff, 0x10, 0x0,
    0x0, 0x0, 0x4, 0xff, 0xf1, 0x0, 0x0, 0x0,
    0x0, 0x4f, 0xff, 0x10, 0x0, 0x0, 0x0, 0x4,
    0xff, 0xf1, 0x0, 0x0, 0x0, 0x0, 0x4f, 0xff,
    0x10, 0x0, 0x0, 0x0, 0x4, 0xff, 0xf1, 0x0,
    0x0, 0x0, 0x0, 0x4f, 0xff, 0x10, 0x0, 0x0,
    0x0, 0x4, 0xff, 0xf1, 0x0, 0x0, 0x0, 0x0,
    0x4f, 0xff, 0x10, 0x0, 0x0, 0x0, 0x4, 0xff,
    0xf1, 0x0, 0x0, 0x0, 0x0, 0x4f, 0xff, 0x10,
    0x0, 0x0, 0x0, 0x4, 0xff, 0xf1, 0x0, 0x0,

    /* U+0055 "U" */
    0x6f, 0xfd, 0x0, 0x0, 0x9, 0xff, 0xa6, 0xff,
    0xd0, 0x0, 0x0, 0x9f, 0xfa, 0x6f, 0xfd, 0x0,
    0x0, 0x9, 0xff, 0xa6, 0xff, 0xd0, 0x0, 0x0,
    0x9f, 0xfa, 0x6f, 0xfd, 0x0, 0x0, 0x9, 0xff,
    0xa6, 0xff, 0xd0, 0x0, 0x0, 0x9f, 0xfa, 0x6f,
    0xfd, 0x0, 0x0, 0x9, 0xff, 0xa6, 0xff, 0xd0,
    0x0, 0x0, 0x9f, 0xfa, 0x6f, 0xfd, 0x0, 0x0,
    0x9, 0xff, 0xa6, 0xff, 0xd0, 0x0, 0x0, 0x9f,
    0xfa, 0x5f, 0xfe, 0x0, 0x0, 0xa, 0xff, 0x93,
    0xff, 0xf2, 0x0, 0x0, 0xef, 0xf7, 0xf, 0xff,
    0xc3, 0x1, 0xaf, 0xff, 0x40, 0x9f, 0xff, 0xff,
    0xff, 0xff, 0xd0, 0x1, 0xdf, 0xff, 0xff, 0xff,
    0xf3, 0x0, 0x0, 0x7c, 0xef, 0xfd, 0x81, 0x0,

    /* U+0056 "V" */
    0x8f, 0xfd, 0x0, 0x0, 0x0, 0x6f, 0xfd, 0x3f,
    0xff, 0x20, 0x0, 0x0, 0xbf, 0xf8, 0xe, 0xff,
    0x70, 0x0, 0x0, 0xff, 0xf3, 0x9, 0xff, 0xb0,
    0x0, 0x5, 0xff, 0xe0, 0x4, 0xff, 0xf1, 0x0,
    0xa, 0xff, 0x90, 0x0, 0xff, 0xf5, 0x0, 0xe,
    0xff, 0x40, 0x0, 0xaf, 0xfa, 0x0, 0x3f, 0xff,
    0x0, 0x0, 0x5f, 0xfe, 0x0, 0x8f, 0xfa, 0x0,
    0x0, 0x1f, 0xff, 0x20, 0xcf, 0xf5, 0x0, 0x0,
    0xb, 0xff, 0x60, 0xff, 0xf0, 0x0, 0x0, 0x7,
    0xff, 0xa3, 0xff, 0xb0, 0x0, 0x0, 0x2, 0xff,
    0xe7, 0xff, 0x60, 0x0, 0x0, 0x0, 0xdf, 0xfd,
    0xff, 0x10, 0x0, 0x0, 0x0, 0x8f, 0xff, 0xfc,
    0x0, 0x0, 0x0, 0x0, 0x3f, 0xff, 0xf7, 0x0,
    0x0, 0x0, 0x0, 0xe, 0xff, 0xf2, 0x0, 0x0,

    /* U+0057 "W" */
    0x4f, 0xff, 0x0, 0x0, 0x2f, 0xff, 0xb0, 0x0,
    0x8, 0xff, 0xa0, 0xff, 0xf3, 0x0, 0x6, 0xff,
    0xfe, 0x0, 0x0, 0xbf, 0xf6, 0xd, 0xff, 0x60,
    0x0, 0x9f, 0xff, 0xf2, 0x0, 0xe, 0xff, 0x30,
    0x9f, 0xf9, 0x0, 0xd, 0xff, 0xff, 0x50, 0x1,
    0xff, 0xf0, 0x6, 0xff, 0xc0, 0x1, 0xff, 0xaf,
    0xf9, 0x0, 0x4f, 0xfc, 0x0, 0x2f, 0xff, 0x0,
    0x4f, 0xf4, 0xef, 0xc0, 0x7, 0xff, 0x80, 0x0,
    0xff, 0xf2, 0x8, 0xff, 0x1b, 0xff, 0x0, 0xaf,
    0xf5, 0x0, 0xb, 0xff, 0x50, 0xbf, 0xd0, 0x7f,
    0xf4, 0xd, 0xff, 0x10, 0x0, 0x8f, 0xf8, 0xf,
    0xf9, 0x4, 0xff, 0x70, 0xff, 0xd0, 0x0, 0x4,
    0xff, 0xb2, 0xff, 0x60, 0xf, 0xfb, 0x3f, 0xfa,
    0x0, 0x0, 0x1f, 0xfe, 0x6f, 0xf2, 0x0, 0xdf,
    0xe6, 0xff, 0x60, 0x0, 0x0, 0xdf, 0xfb, 0xff,
    0x0, 0x9, 0xff, 0xbf, 0xf3, 0x0, 0x0, 0xa,
    0xff, 0xff, 0xb0, 0x0, 0x6f, 0xff, 0xff, 0x0,
    0x0, 0x0, 0x6f, 0xff, 0xf7, 0x0, 0x2, 0xff,
    0xff, 0xc0, 0x0, 0x0, 0x3, 0xff, 0xff, 0x40,
    0x0, 0xf, 0xff, 0xf8, 0x0, 0x0, 0x0, 0xf,
    0xff, 0xf0, 0x0, 0x0, 0xbf, 0xff, 0x50, 0x0,

    /* U+0058 "X" */
    0x2f, 0xff, 0xc0, 0x0, 0x0, 0xbf, 0xfd, 0x0,
    0x8f, 0xff, 0x50, 0x0, 0x4f, 0xff, 0x40, 0x0,
    0xdf, 0xfd, 0x0, 0xd, 0xff, 0xa0, 0x0, 0x4,
    0xff, 0xf6, 0x6, 0xff, 0xf1, 0x0, 0x0, 0xa,
    0xff, 0xe1, 0xef, 0xf7, 0x0, 0x0, 0x0, 0x1f,
    0xff, 0xef, 0xfd, 0x0, 0x0, 0x0, 0x0, 0x7f,
    0xff, 0xff, 0x30, 0x0, 0x0, 0x0, 0x0, 0xef,
    0xff, 0xa0, 0x0, 0x0, 0x0, 0x0, 0x3f, 0xff,
    0xfd, 0x0, 0x0, 0x0, 0x0, 0xc, 0xff, 0xff,
    0xf7, 0x0, 0x0, 0x0, 0x5, 0xff, 0xe9, 0xff,
    0xf2, 0x0, 0x0, 0x0, 0xef, 0xf6, 0xe, 0xff,
    0xb0, 0x0, 0x0, 0x9f, 0xfd, 0x0, 0x6f, 0xff,
    0x50, 0x0, 0x2f, 0xff, 0x50, 0x0, 0xdf, 0xfe,
    0x0, 0xc, 0xff, 0xc0, 0x0, 0x4, 0xff, 0xf8,
    0x5, 0xff, 0xf3, 0x0, 0x0, 0xb, 0xff, 0xf2,

    /* U+0059 "Y" */
    0x8f, 0xff, 0x30, 0x0, 0x0, 0xcf, 0xfc, 0x1,
    0xef, 0xfb, 0x0, 0x0, 0x4f, 0xff, 0x40, 0x7,
    0xff, 0xf3, 0x0, 0xc, 0xff, 0xb0, 0x0, 0xe,
    0xff, 0xb0, 0x4, 0xff, 0xf3, 0x0, 0x0, 0x5f,
    0xff, 0x40, 0xcf, 0xfa, 0x0, 0x0, 0x0, 0xdf,
    0xfc, 0x4f, 0xff, 0x20, 0x0, 0x0, 0x4, 0xff,
    0xfe, 0xff, 0x90, 0x0, 0x0, 0x0, 0xc, 0xff,
    0xff, 0xf1, 0x0, 0x0, 0x0, 0x0, 0x3f, 0xff,
    0xf7, 0x0, 0x0, 0x0, 0x0, 0x0, 0xbf, 0xfe,
    0x0, 0x0, 0x0, 0x0, 0x0, 0x8, 0xff, 0xd0,
    0x0, 0x0, 0x0, 0x0, 0x0, 0x8f, 0xfd, 0x0,
    0x0, 0x0, 0x0, 0x0, 0x8, 0xff, 0xd0, 0x0,
    0x0, 0x0, 0x0, 0x0, 0x8f, 0xfd, 0x0, 0x0,
    0x0, 0x0, 0x0, 0x8, 0xff, 0xd0, 0x0, 0x0,
    0x0, 0x0, 0x0, 0x8f, 0xfd, 0x0, 0x0, 0x0,

    /* U+005A "Z" */
    0xc, 0xff, 0xff, 0xff, 0xff, 0xff, 0x50, 0xcf,
    0xff, 0xff, 0xff, 0xff, 0xf5, 0xc, 0xff, 0xff,
    0xff, 0xff, 0xff, 0x50, 0x0, 0x0, 0x0, 0x1e,
    0xff, 0xd1, 0x0, 0x0, 0x0, 0xb, 0xff, 0xf3,
    0x0, 0x0, 0x0, 0x7, 0xff, 0xf6, 0x0, 0x0,
    0x0, 0x3, 0xff, 0xfa, 0x0, 0x0, 0x0, 0x1,
    0xef, 0xfd, 0x0, 0x0, 0x0, 0x0, 0xbf, 0xff,
    0x20, 0x0, 0x0, 0x0, 0x8f, 0xff, 0x60, 0x0,
    0x0, 0x0, 0x4f, 0xff, 0xa0, 0x0, 0x0, 0x0,
    0x1e, 0xff, 0xd0, 0x0, 0x0, 0x0, 0xc, 0xff,
    0xf2, 0x0, 0x0, 0x0, 0x2, 0xff, 0xff, 0xff,
    0xff, 0xff, 0xf8, 0x2f, 0xff, 0xff, 0xff, 0xff,
    0xff, 0x82, 0xff, 0xff, 0xff, 0xff, 0xff, 0xf8,

    /* U+005B "[" */
    0x5f, 0xff, 0xf4, 0x5f, 0xff, 0xf4, 0x5f, 0xfc,
    0x51, 0x5f, 0xfb, 0x0, 0x5f, 0xfb, 0x0, 0x5f,
    0xfb, 0x0, 0x5f, 0xfb, 0x0, 0x5f, 0xfb, 0x0,
    0x5f, 0xfb, 0x0, 0x5f, 0xfb, 0x0, 0x5f, 0xfb,
    0x0, 0x5f, 0xfb, 0x0, 0x5f, 0xfb, 0x0, 0x5f,
    0xfb, 0x0, 0x5f, 0xfb, 0x0, 0x5f, 0xfb, 0x0,
    0x5f, 0xfb, 0x0, 0x5f, 0xfc, 0x51, 0x5f, 0xff,
    0xf4, 0x5f, 0xff, 0xf4,

    /* U+005C "\\" */
    0x1f, 0xfa, 0x0, 0x0, 0x0, 0x0, 0xbf, 0xf0,
    0x0, 0x0, 0x0, 0x6, 0xff, 0x40, 0x0, 0x0,
    0x0, 0x1f, 0xf9, 0x0, 0x0, 0x0, 0x0, 0xbf,
    0xe0, 0x0, 0x0, 0x0, 0x6, 0xff, 0x40, 0x0,
    0x0, 0x0, 0x1f, 0xf9, 0x0, 0x0, 0x0, 0x0,
    0xcf, 0xe0, 0x0, 0x0, 0x0, 0x6, 0xff, 0x40,
    0x0, 0x0, 0x0, 0x1f, 0xf9, 0x0, 0x0, 0x0,
    0x0, 0xcf, 0xe0, 0x0, 0x0, 0x0, 0x7, 0xff,
    0x30, 0x0, 0x0, 0x0, 0x1f, 0xf9, 0x0, 0x0,
    0x0, 0x0, 0xcf, 0xe0, 0x0, 0x0, 0x0, 0x7,
    0xff, 0x30, 0x0, 0x0, 0x0, 0x2f, 0xf8, 0x0,
    0x0, 0x0, 0x0, 0xcf, 0xe0, 0x0, 0x0, 0x0,
    0x7, 0xff, 0x30, 0x0, 0x0, 0x0, 0x2f, 0xf8,
    0x0, 0x0, 0x0, 0x0, 0xdf, 0xd0,

    /* U+005D "]" */
    0xef, 0xff, 0xae, 0xff, 0xfa, 0x49, 0xff, 0xa0,
    0x5f, 0xfa, 0x5, 0xff, 0xa0, 0x5f, 0xfa, 0x5,
    0xff, 0xa0, 0x5f, 0xfa, 0x5, 0xff, 0xa0, 0x5f,
    0xfa, 0x5, 0xff, 0xa0, 0x5f, 0xfa, 0x5, 0xff,
    0xa0, 0x5f, 0xfa, 0x5, 0xff, 0xa0, 0x5f, 0xfa,
    0x5, 0xff, 0xa4, 0x8f, 0xfa, 0xef, 0xff, 0xae,
    0xff, 0xfa,

    /* U+005E "^" */
    0x0, 0x0, 0xe, 0xff, 0x30, 0x0, 0x0, 0x0,
    0x7, 0xff, 0xfc, 0x0, 0x0, 0x0, 0x1, 0xff,
    0xff, 0xf4, 0x0, 0x0, 0x0, 0x9f, 0xfd, 0xff,
    0xd0, 0x0, 0x0, 0x2f, 0xfe, 0x1e, 0xff, 0x50,
    0x0, 0xa, 0xff, 0x70, 0x6f, 0xfe, 0x0, 0x3,
    0xff, 0xe0, 0x0, 0xdf, 0xf6, 0x0, 0xbf, 0xf6,
    0x0, 0x5, 0xff, 0xe0, 0x6, 0xed, 0x0, 0x0,
    0xc, 0xf8, 0x0, 0x0, 0x20, 0x0, 0x0, 0x21,
    0x0,

    /* U+005F "_" */
    0x4c, 0xcc, 0xcc, 0xcc, 0xcc, 0xc6, 0x5f, 0xff,
    0xff, 0xff, 0xff, 0xf9, 0x5f, 0xff, 0xff, 0xff,
    0xff, 0xf9,

    /* U+0060 "`" */
    0x0, 0x0, 0x0, 0x7, 0xe6, 0x0, 0x6f, 0xfd,
    0x0, 0xa, 0xff, 0x60, 0x0, 0xdf, 0xd0, 0x0,
    0x3e, 0x70, 0x0, 0x0, 0x0,

    /* U+0061 "a" */
    0x0, 0x2a, 0xef, 0xfd, 0x80, 0x0, 0x3, 0xff,
    0xff, 0xff, 0xfd, 0x0, 0x7, 0xff, 0xc9, 0xbf,
    0xff, 0x70, 0x0, 0x57, 0x0, 0xa, 0xff, 0xb0,
    0x0, 0x0, 0x0, 0x7, 0xff, 0xc0, 0x0, 0x5b,
    0xef, 0xff, 0xff, 0xc0, 0x8, 0xff, 0xfe, 0xee,
    0xff, 0xc0, 0x1f, 0xff, 0x40, 0x7, 0xff, 0xc0,
    0x3f, 0xff, 0x0, 0x8, 0xff, 0xc0, 0x2f, 0xff,
    0x95, 0x7e, 0xff, 0xe7, 0xb, 0xff, 0xff, 0xf6,
    0xef, 0xfd, 0x1, 0x9e, 0xfd, 0x60, 0x4e, 0xfd,

    /* U+0062 "b" */
    0x7f, 0xfc, 0x0, 0x0, 0x0, 0x0, 0x7f, 0xfc,
    0x0, 0x0, 0x0, 0x0, 0x7f, 0xfc, 0x0, 0x0,
    0x0, 0x0, 0x7f, 0xfc, 0x0, 0x0, 0x0, 0x0,
    0x7f, 0xfc, 0x0, 0x0, 0x0, 0x0, 0x7f, 0xfc,
    0x1a, 0xff, 0xc4, 0x0, 0x7f, 0xfc, 0xcf, 0xff,
    0xff, 0x40, 0x7f, 0xff, 0xfb, 0xcf, 0xff, 0xd0,
    0x7f, 0xff, 0x20, 0x7, 0xff, 0xf2, 0x7f, 0xfc,
    0x0, 0x0, 0xff, 0xf5, 0x7f, 0xfc, 0x0, 0x0,
    0xff, 0xf6, 0x7f, 0xfc, 0x0, 0x0, 0xff, 0xf6,
    0x7f, 0xfc, 0x0, 0x0, 0xff, 0xf5, 0x7f, 0xff,
    0x20, 0x7, 0xff, 0xf2, 0x7f, 0xff, 0xfb, 0xcf,
    0xff, 0xd0, 0x7f, 0xfc, 0xcf, 0xff, 0xff, 0x40,
    0x7f, 0xfc, 0x1a, 0xff, 0xc4, 0x0,

    /* U+0063 "c" */
    0x0, 0x6, 0xcf, 0xfd, 0x80, 0x0, 0xa, 0xff,
    0xff, 0xff, 0xd0, 0x6, 0xff, 0xfb, 0xae, 0xff,
    0x80, 0xdf, 0xf9, 0x0, 0x2f, 0x92, 0x1f, 0xff,
    0x30, 0x0, 0x0, 0x2, 0xff, 0xf3, 0x0, 0x0,
    0x0, 0x2f, 0xff, 0x30, 0x0, 0x0, 0x1, 0xff,
    0xf3, 0x0, 0x1, 0x0, 0xd, 0xff, 0x80, 0x2,
    0xfc, 0x50, 0x6f, 0xff, 0xba, 0xef, 0xf8, 0x0,
    0xaf, 0xff, 0xff, 0xfd, 0x0, 0x0, 0x6c, 0xff,
    0xd8, 0x0,

    /* U+0064 "d" */
    0x0, 0x0, 0x0, 0x0, 0x6f, 0xfd, 0x0, 0x0,
    0x0, 0x0, 0x6f, 0xfd, 0x0, 0x0, 0x0, 0x0,
    0x6f, 0xfd, 0x0, 0x0, 0x0, 0x0, 0x6f, 0xfd,
    0x0, 0x0, 0x0, 0x0, 0x6f, 0xfd, 0x0, 0x19,
    0xef, 0xc4, 0x6f, 0xfd, 0x0, 0xdf, 0xff, 0xff,
    0x9f, 0xfd, 0x7, 0xff, 0xfe, 0xbe, 0xff, 0xfd,
    0xc, 0xff, 0xc0, 0x0, 0xaf, 0xfd, 0xf, 0xff,
    0x60, 0x0, 0x6f, 0xfd, 0xf, 0xff, 0x50, 0x0,
    0x6f, 0xfd, 0xf, 0xff, 0x50, 0x0, 0x6f, 0xfd,
    0xf, 0xff, 0x60, 0x0, 0x6f, 0xfd, 0xc, 0xff,
    0xc0, 0x0, 0xaf, 0xfd, 0x7, 0xff, 0xfe, 0xbd,
    0xff, 0xfd, 0x0, 0xdf, 0xff, 0xff, 0x9f, 0xfd,
    0x0, 0x19, 0xef, 0xc4, 0x6f, 0xfd,

    /* U+0065 "e" */
    0x0, 0x5, 0xcf, 0xfd, 0x91, 0x0, 0x0, 0xaf,
    0xff, 0xff, 0xfe, 0x20, 0x6, 0xff, 0xf9, 0x7d,
    0xff, 0xb0, 0xd, 0xff, 0x80, 0x1, 0xff, 0xf2,
    0x1f, 0xff, 0x30, 0x0, 0xdf, 0xf6, 0x2f, 0xff,
    0xff, 0xff, 0xff, 0xf8, 0x2f, 0xff, 0xff, 0xff,
    0xff, 0xf9, 0x1f, 0xff, 0x30, 0x0, 0x0, 0x0,
    0xd, 0xff, 0x90, 0x0, 0x19, 0x0, 0x5, 0xff,
    0xfc, 0x9a, 0xff, 0xb0, 0x0, 0x9f, 0xff, 0xff,
    0xff, 0xa0, 0x0, 0x5, 0xbf, 0xfe, 0xb4, 0x0,

    /* U+0066 "f" */
    0x0, 0x7, 0xdf, 0xfa, 0x0, 0x6f, 0xff, 0xfa,
    0x0, 0xcf, 0xfb, 0x95, 0x0, 0xef, 0xf5, 0x0,
    0x0, 0xef, 0xf5, 0x0, 0x8f, 0xff, 0xff, 0xfa,
    0x8f, 0xff, 0xff, 0xfa, 0x49, 0xff, 0xfb, 0x96,
    0x0, 0xef, 0xf5, 0x0, 0x0, 0xef, 0xf5, 0x0,
    0x0, 0xef, 0xf5, 0x0, 0x0, 0xef, 0xf5, 0x0,
    0x0, 0xef, 0xf5, 0x0, 0x0, 0xef, 0xf5, 0x0,
    0x0, 0xef, 0xf5, 0x0, 0x0, 0xef, 0xf5, 0x0,
    0x0, 0xef, 0xf5, 0x0,

    /* U+0067 "g" */
    0x0, 0x0, 0x0, 0x0, 0x16, 0x73, 0x0, 0x0,
    0x0, 0x0, 0xd, 0xff, 0x80, 0x0, 0x0, 0x0,
    0x0, 0xff, 0xf8, 0x0, 0x2, 0xae, 0xff, 0xff,
    0x80, 0x0, 0x3, 0xff, 0xff, 0xff, 0xff, 0x70,
    0x0, 0xcf, 0xfa, 0x33, 0xaf, 0xfd, 0x0, 0xe,
    0xff, 0x10, 0x1, 0xff, 0xf0, 0x0, 0xcf, 0xf7,
    0x0, 0x7f, 0xfc, 0x0, 0x5, 0xff, 0xff, 0xff,
    0xff, 0x40, 0x0, 0x5, 0xff, 0xff, 0xfc, 0x40,
    0x0, 0x6, 0xf9, 0x2, 0x20, 0x0, 0x0, 0x0,
    0xff, 0x90, 0x0, 0x0, 0x0, 0x0, 0xf, 0xff,
    0xdd, 0xdd, 0xcb, 0x60, 0x0, 0x8f, 0xff, 0xff,
    0xff, 0xff, 0xa0, 0x2, 0xbf, 0xff, 0xff, 0xff,
    0xff, 0x13, 0xff, 0x10, 0x0, 0x2, 0xef, 0xf3,
    0x7f, 0xf8, 0x33, 0x33, 0x6f, 0xff, 0x3, 0xff,
    0xff, 0xff, 0xff, 0xff, 0x70, 0x3, 0xad, 0xff,
    0xff, 0xd9, 0x30, 0x0,

    /* U+0068 "h" */
    0x7f, 0xfc, 0x0, 0x0, 0x0, 0x7, 0xff, 0xc0,
    0x0, 0x0, 0x0, 0x7f, 0xfc, 0x0, 0x0, 0x0,
    0x7, 0xff, 0xc0, 0x0, 0x0, 0x0, 0x7f, 0xfc,
    0x0, 0x0, 0x0, 0x7, 0xff, 0xc0, 0xaf, 0xfb,
    0x20, 0x7f, 0xfc, 0xbf, 0xff, 0xfe, 0x7, 0xff,
    0xff, 0xbd, 0xff, 0xf6, 0x7f, 0xff, 0x20, 0xc,
    0xff, 0xa7, 0xff, 0xc0, 0x0, 0x8f, 0xfb, 0x7f,
    0xfc, 0x0, 0x8, 0xff, 0xb7, 0xff, 0xc0, 0x0,
    0x8f, 0xfb, 0x7f, 0xfc, 0x0, 0x8, 0xff, 0xb7,
    0xff, 0xc0, 0x0, 0x8f, 0xfb, 0x7f, 0xfc, 0x0,
    0x8, 0xff, 0xb7, 0xff, 0xc0, 0x0, 0x8f, 0xfb,
    0x7f, 0xfc, 0x0, 0x8, 0xff, 0xb0,

    /* U+0069 "i" */
    0x4e, 0xf8, 0xb, 0xff, 0xf0, 0xaf, 0xff, 0x2,
    0xab, 0x50, 0x0, 0x0, 0x7, 0xff, 0xc0, 0x7f,
    0xfc, 0x7, 0xff, 0xc0, 0x7f, 0xfc, 0x7, 0xff,
    0xc0, 0x7f, 0xfc, 0x7, 0xff, 0xc0, 0x7f, 0xfc,
    0x7, 0xff, 0xc0, 0x7f, 0xfc, 0x7, 0xff, 0xc0,
    0x7f, 0xfc, 0x0,

    /* U+006A "j" */
    0x0, 0x4e, 0xf8, 0x0, 0xb, 0xff, 0xf0, 0x0,
    0xaf, 0xff, 0x0, 0x2, 0xab, 0x50, 0x0, 0x0,
    0x0, 0x0, 0x7, 0xff, 0xc0, 0x0, 0x7f, 0xfc,
    0x0, 0x7, 0xff, 0xc0, 0x0, 0x7f, 0xfc, 0x0,
    0x7, 0xff, 0xc0, 0x0, 0x7f, 0xfc, 0x0, 0x7,
    0xff, 0xc0, 0x0, 0x7f, 0xfc, 0x0, 0x7, 0xff,
    0xc0, 0x0, 0x7f, 0xfc, 0x0, 0x7, 0xff, 0xc0,
    0x0, 0x7f, 0xfc, 0x0, 0x7, 0xff, 0xc0, 0x19,
    0xcf, 0xfb, 0x3, 0xff, 0xff, 0x60, 0x3f, 0xfe,
    0x80, 0x0,

    /* U+006B "k" */
    0x7f, 0xfc, 0x0, 0x0, 0x0, 0x0, 0x7f, 0xfc,
    0x0, 0x0, 0x0, 0x0, 0x7f, 0xfc, 0x0, 0x0,
    0x0, 0x0, 0x7f, 0xfc, 0x0, 0x0, 0x0, 0x0,
    0x7f, 0xfc, 0x0, 0x0, 0x0, 0x0, 0x7f, 0xfc,
    0x0, 0xb, 0xff, 0xc0, 0x7f, 0xfc, 0x0, 0x9f,
    0xfe, 0x10, 0x7f, 0xfc, 0x5, 0xff, 0xf3, 0x0,
    0x7f, 0xfc, 0x1f, 0xff, 0x50, 0x0, 0x7f, 0xfc,
    0xbf, 0xf9, 0x0, 0x0, 0x7f, 0xff, 0xff, 0xfe,
    0x0, 0x0, 0x7f, 0xff, 0xff, 0xff, 0x80, 0x0,
    0x7f, 0xff, 0xb7, 0xff, 0xf1, 0x0, 0x7f, 0xfe,
    0x0, 0xef, 0xfa, 0x0, 0x7f, 0xfc, 0x0, 0x7f,
    0xff, 0x30, 0x7f, 0xfc, 0x0, 0xe, 0xff, 0xd0,
    0x7f, 0xfc, 0x0, 0x6, 0xff, 0xf6,

    /* U+006C "l" */
    0x7f, 0xfc, 0x0, 0x7f, 0xfc, 0x0, 0x7f, 0xfc,
    0x0, 0x7f, 0xfc, 0x0, 0x7f, 0xfc, 0x0, 0x7f,
    0xfc, 0x0, 0x7f, 0xfc, 0x0, 0x7f, 0xfc, 0x0,
    0x7f, 0xfc, 0x0, 0x7f, 0xfc, 0x0, 0x7f, 0xfc,
    0x0, 0x7f, 0xfc, 0x0, 0x7f, 0xfc, 0x0, 0x7f,
    0xfc, 0x0, 0x6f, 0xfe, 0x92, 0x2f, 0xff, 0xf3,
    0x4, 0xdf, 0xf3,

    /* U+006D "m" */
    0x7f, 0xfc, 0x1a, 0xff, 0xa1, 0x4, 0xcf, 0xe9,
    0x0, 0x7f, 0xfc, 0xbf, 0xff, 0xfd, 0x4f, 0xff,
    0xff, 0x80, 0x7f, 0xff, 0xfb, 0xef, 0xff, 0xee,
    0xbf, 0xff, 0xf0, 0x7f, 0xff, 0x20, 0x1f, 0xff,
    0xc0, 0x4, 0xff, 0xf3, 0x7f, 0xfc, 0x0, 0xc,
    0xff, 0x80, 0x0, 0xff, 0xf4, 0x7f, 0xfc, 0x0,
    0xb, 0xff, 0x80, 0x0, 0xff, 0xf4, 0x7f, 0xfc,
    0x0, 0xb, 0xff, 0x80, 0x0, 0xff, 0xf4, 0x7f,
    0xfc, 0x0, 0xb, 0xff, 0x80, 0x0, 0xff, 0xf4,
    0x7f, 0xfc, 0x0, 0xb, 0xff, 0x80, 0x0, 0xff,
    0xf4, 0x7f, 0xfc, 0x0, 0xb, 0xff, 0x80, 0x0,
    0xff, 0xf4, 0x7f, 0xfc, 0x0, 0xb, 0xff, 0x80,
    0x0, 0xff, 0xf4, 0x7f, 0xfc, 0x0, 0xb, 0xff,
    0x80, 0x0, 0xff, 0xf4,

    /* U+006E "n" */
    0x7f, 0xfc, 0xa, 0xff, 0xb2, 0x7, 0xff, 0xcb,
    0xff, 0xff, 0xe0, 0x7f, 0xff, 0xfb, 0xdf, 0xff,
    0x67, 0xff, 0xf2, 0x0, 0xcf, 0xfa, 0x7f, 0xfc,
    0x0, 0x8, 0xff, 0xb7, 0xff, 0xc0, 0x0, 0x8f,
    0xfb, 0x7f, 0xfc, 0x0, 0x8, 0xff, 0xb7, 0xff,
    0xc0, 0x0, 0x8f, 0xfb, 0x7f, 0xfc, 0x0, 0x8,
    0xff, 0xb7, 0xff, 0xc0, 0x0, 0x8f, 0xfb, 0x7f,
    0xfc, 0x0, 0x8, 0xff, 0xb7, 0xff, 0xc0, 0x0,
    0x8f, 0xfb,

    /* U+006F "o" */
    0x0, 0x5, 0xcf, 0xfd, 0x81, 0x0, 0x0, 0x9f,
    0xff, 0xff, 0xfe, 0x20, 0x6, 0xff, 0xfb, 0xae,
    0xff, 0xc0, 0xd, 0xff, 0x80, 0x2, 0xff, 0xf3,
    0x1f, 0xff, 0x30, 0x0, 0xcf, 0xf7, 0x2f, 0xff,
    0x30, 0x0, 0xcf, 0xf9, 0x2f, 0xff, 0x30, 0x0,
    0xcf, 0xf9, 0x1f, 0xff, 0x30, 0x0, 0xcf, 0xf7,
    0xd, 0xff, 0x80, 0x2, 0xff, 0xf3, 0x5, 0xff,
    0xfb, 0xae, 0xff, 0xc0, 0x0, 0x9f, 0xff, 0xff,
    0xfe, 0x20, 0x0, 0x5, 0xcf, 0xfd, 0x81, 0x0,

    /* U+0070 "p" */
    0x7f, 0xfc, 0x1a, 0xff, 0xc4, 0x0, 0x7f, 0xfc,
    0xcf, 0xff, 0xff, 0x40, 0x7f, 0xff, 0xfb, 0xcf,
    0xff, 0xd0, 0x7f, 0xff, 0x20, 0x7, 0xff, 0xf2,
    0x7f, 0xfc, 0x0, 0x0, 0xff, 0xf5, 0x7f, 0xfc,
    0x0, 0x0, 0xff, 0xf6, 0x7f, 0xfc, 0x0, 0x0,
    0xff, 0xf6, 0x7f, 0xfc, 0x0, 0x0, 0xff, 0xf5,
    0x7f, 0xff, 0x20, 0x7, 0xff, 0xf2, 0x7f, 0xff,
    0xfb, 0xcf, 0xff, 0xd0, 0x7f, 0xfc, 0xcf, 0xff,
    0xff, 0x40, 0x7f, 0xfc, 0x1a, 0xff, 0xc4, 0x0,
    0x7f, 0xfc, 0x0, 0x0, 0x0, 0x0, 0x7f, 0xfc,
    0x0, 0x0, 0x0, 0x0, 0x7f, 0xfc, 0x0, 0x0,
    0x0, 0x0, 0x7f, 0xfc, 0x0, 0x0, 0x0, 0x0,

    /* U+0071 "q" */
    0x0, 0x19, 0xef, 0xc4, 0x6f, 0xfd, 0x0, 0xdf,
    0xff, 0xff, 0x9f, 0xfd, 0x7, 0xff, 0xfe, 0xbe,
    0xff, 0xfd, 0xc, 0xff, 0xc0, 0x0, 0xaf, 0xfd,
    0xf, 0xff, 0x60, 0x0, 0x6f, 0xfd, 0xf, 0xff,
    0x50, 0x0, 0x6f, 0xfd, 0xf, 0xff, 0x50, 0x0,
    0x6f, 0xfd, 0xf, 0xff, 0x60, 0x0, 0x6f, 0xfd,
    0xc, 0xff, 0xc0, 0x0, 0xaf, 0xfd, 0x7, 0xff,
    0xfe, 0xbd, 0xff, 0xfd, 0x0, 0xdf, 0xff, 0xff,
    0x9f, 0xfd, 0x0, 0x19, 0xef, 0xc4, 0x6f, 0xfd,
    0x0, 0x0, 0x0, 0x0, 0x6f, 0xfd, 0x0, 0x0,
    0x0, 0x0, 0x6f, 0xfd, 0x0, 0x0, 0x0, 0x0,
    0x6f, 0xfd, 0x0, 0x0, 0x0, 0x0, 0x6f, 0xfd,

    /* U+0072 "r" */
    0x7f, 0xfc, 0x1b, 0xf6, 0x7f, 0xfc, 0xbf, 0xf6,
    0x7f, 0xfe, 0xff, 0xf6, 0x7f, 0xff, 0x82, 0x10,
    0x7f, 0xfd, 0x0, 0x0, 0x7f, 0xfc, 0x0, 0x0,
    0x7f, 0xfc, 0x0, 0x0, 0x7f, 0xfc, 0x0, 0x0,
    0x7f, 0xfc, 0x0, 0x0, 0x7f, 0xfc, 0x0, 0x0,
    0x7f, 0xfc, 0x0, 0x0, 0x7f, 0xfc, 0x0, 0x0,

    /* U+0073 "s" */
    0x0, 0x3b, 0xef, 0xfc, 0x60, 0x0, 0x4f, 0xff,
    0xff, 0xff, 0xb0, 0xd, 0xff, 0xc9, 0xbf, 0xf7,
    0x0, 0xff, 0xf1, 0x0, 0x26, 0x0, 0xf, 0xff,
    0xb6, 0x31, 0x0, 0x0, 0x9f, 0xff, 0xff, 0xfb,
    0x20, 0x0, 0x8e, 0xff, 0xff, 0xfe, 0x0, 0x0,
    0x2, 0x58, 0xff, 0xf4, 0x2, 0xc2, 0x0, 0xc,
    0xff, 0x52, 0xef, 0xfb, 0x9b, 0xff, 0xf2, 0xb,
    0xff, 0xff, 0xff, 0xf7, 0x0, 0x6, 0xcf, 0xfe,
    0xb4, 0x0,

    /* U+0074 "t" */
    0x0, 0x8f, 0xf6, 0x0, 0x0, 0x8f, 0xf6, 0x0,
    0x0, 0xbf, 0xf6, 0x0, 0x8f, 0xff, 0xff, 0xfa,
    0x8f, 0xff, 0xff, 0xfa, 0x49, 0xff, 0xfb, 0x96,
    0x0, 0xdf, 0xf6, 0x0, 0x0, 0xdf, 0xf6, 0x0,
    0x0, 0xdf, 0xf6, 0x0, 0x0, 0xdf, 0xf6, 0x0,
    0x0, 0xdf, 0xf6, 0x0, 0x0, 0xdf, 0xf6, 0x0,
    0x0, 0xcf, 0xfb, 0x94, 0x0, 0x6f, 0xff, 0xf8,
    0x0, 0x7, 0xdf, 0xf8,

    /* U+0075 "u" */
    0x9f, 0xfa, 0x0, 0xa, 0xff, 0x99, 0xff, 0xa0,
    0x0, 0xaf, 0xf9, 0x9f, 0xfa, 0x0, 0xa, 0xff,
    0x99, 0xff, 0xa0, 0x0, 0xaf, 0xf9, 0x9f, 0xfa,
    0x0, 0xa, 0xff, 0x99, 0xff, 0xa0, 0x0, 0xaf,
    0xf9, 0x9f, 0xfa, 0x0, 0xa, 0xff, 0x99, 0xff,
    0xa0, 0x0, 0xaf, 0xf9, 0x8f, 0xfe, 0x0, 0x1e,
    0xff, 0x95, 0xff, 0xfd, 0xbf, 0xff, 0xf9, 0xd,
    0xff, 0xff, 0xdb, 0xff, 0x90, 0x2b, 0xff, 0xb2,
    0xaf, 0xf9,

    /* U+0076 "v" */
    0xaf, 0xf8, 0x0, 0x0, 0x9f, 0xf7, 0x5f, 0xfd,
    0x0, 0x0, 0xdf, 0xf2, 0xf, 0xff, 0x20, 0x2,
    0xff, 0xd0, 0xb, 0xff, 0x70, 0x7, 0xff, 0x80,
    0x6, 0xff, 0xb0, 0xb, 0xff, 0x30, 0x1, 0xff,
    0xf0, 0xf, 0xfe, 0x0, 0x0, 0xbf, 0xf4, 0x3f,
    0xf9, 0x0, 0x0, 0x6f, 0xf8, 0x7f, 0xf4, 0x0,
    0x0, 0x1f, 0xfc, 0xbf, 0xf0, 0x0, 0x0, 0xc,
    0xff, 0xff, 0xa0, 0x0, 0x0, 0x7, 0xff, 0xff,
    0x50, 0x0, 0x0, 0x2, 0xff, 0xff, 0x0, 0x0,

    /* U+0077 "w" */
    0x7f, 0xfa, 0x0, 0x5, 0xff, 0xe0, 0x0, 0x1f,
    0xfe, 0x2, 0xff, 0xe0, 0x0, 0x9f, 0xff, 0x30,
    0x4, 0xff, 0xa0, 0xe, 0xff, 0x20, 0xd, 0xff,
    0xf7, 0x0, 0x8f, 0xf6, 0x0, 0xaf, 0xf6, 0x2,
    0xff, 0xff, 0xc0, 0xb, 0xff, 0x20, 0x5, 0xff,
    0x90, 0x6f, 0xf9, 0xff, 0x0, 0xff, 0xe0, 0x0,
    0x1f, 0xfd, 0xb, 0xfc, 0x4f, 0xf4, 0x3f, 0xf9,
    0x0, 0x0, 0xdf, 0xf1, 0xef, 0x80, 0xff, 0x86,
    0xff, 0x50, 0x0, 0x8, 0xff, 0x7f, 0xf3, 0xc,
    0xfc, 0xaf, 0xf1, 0x0, 0x0, 0x4f, 0xfe, 0xff,
    0x0, 0x7f, 0xfe, 0xfd, 0x0, 0x0, 0x0, 0xff,
    0xff, 0xb0, 0x3, 0xff, 0xff, 0x80, 0x0, 0x0,
    0xb, 0xff, 0xf6, 0x0, 0xe, 0xff, 0xf4, 0x0,
    0x0, 0x0, 0x7f, 0xff, 0x20, 0x0, 0xaf, 0xff,
    0x0, 0x0,

    /* U+0078 "x" */
    0x3f, 0xff, 0x60, 0x0, 0xcf, 0xf9, 0x9, 0xff,
    0xe1, 0x5, 0xff, 0xe0, 0x1, 0xef, 0xf9, 0xe,
    0xff, 0x50, 0x0, 0x5f, 0xff, 0xaf, 0xfa, 0x0,
    0x0, 0xa, 0xff, 0xff, 0xf1, 0x0, 0x0, 0x1,
    0xff, 0xff, 0x60, 0x0, 0x0, 0x3, 0xff, 0xff,
    0x60, 0x0, 0x0, 0xc, 0xff, 0xff, 0xf1, 0x0,
    0x0, 0x6f, 0xfb, 0xcf, 0xfa, 0x0, 0x1, 0xff,
    0xf2, 0x3f, 0xff, 0x50, 0xa, 0xff, 0x90, 0x9,
    0xff, 0xe1, 0x4f, 0xff, 0x10, 0x1, 0xff, 0xf9,

    /* U+0079 "y" */
    0xbf, 0xf8, 0x0, 0x0, 0x9f, 0xf7, 0x6f, 0xfd,
    0x0, 0x0, 0xef, 0xf1, 0x1f, 0xff, 0x20, 0x3,
    0xff, 0xc0, 0xb, 0xff, 0x70, 0x8, 0xff, 0x70,
    0x5, 0xff, 0xc0, 0xd, 0xff, 0x10, 0x1, 0xff,
    0xf1, 0x2f, 0xfc, 0x0, 0x0, 0xbf, 0xf5, 0x6f,
    0xf7, 0x0, 0x0, 0x5f, 0xf9, 0xaf, 0xf2, 0x0,
    0x0, 0xf, 0xfd, 0xef, 0xc0, 0x0, 0x0, 0xb,
    0xff, 0xff, 0x70, 0x0, 0x0, 0x5, 0xff, 0xff,
    0x20, 0x0, 0x0, 0x0, 0xff, 0xfc, 0x0, 0x0,
    0x0, 0x0, 0xef, 0xf7, 0x0, 0x0, 0x3, 0x9a,
    0xff, 0xf2, 0x0, 0x0, 0x6, 0xff, 0xff, 0xa0,
    0x0, 0x0, 0x6, 0xff, 0xe9, 0x0, 0x0, 0x0,

    /* U+007A "z" */
    0xf, 0xff, 0xff, 0xff, 0xff, 0x60, 0xff, 0xff,
    0xff, 0xff, 0xf6, 0x8, 0x99, 0x99, 0xdf, 0xff,
    0x50, 0x0, 0x0, 0x3f, 0xff, 0xa0, 0x0, 0x0,
    0x1e, 0xff, 0xc0, 0x0, 0x0, 0xd, 0xff, 0xd1,
    0x0, 0x0, 0xb, 0xff, 0xf2, 0x0, 0x0, 0x8,
    0xff, 0xf4, 0x0, 0x0, 0x6, 0xff, 0xf6, 0x0,
    0x0, 0x1, 0xff, 0xfe, 0x99, 0x99, 0x94, 0x2f,
    0xff, 0xff, 0xff, 0xff, 0x82, 0xff, 0xff, 0xff,
    0xff, 0xf8,

    /* U+007B "{" */
    0x0, 0x9, 0xff, 0xf1, 0x0, 0x5f, 0xff, 0xf1,
    0x0, 0x7f, 0xfb, 0x50, 0x0, 0x7f, 0xf9, 0x0,
    0x0, 0x7f, 0xf9, 0x0, 0x0, 0x7f, 0xf9, 0x0,
    0x0, 0x7f, 0xf9, 0x0, 0x0, 0x8f, 0xf8, 0x0,
    0x4, 0xef, 0xf4, 0x0, 0x9f, 0xff, 0x90, 0x0,
    0x9f, 0xfc, 0x20, 0x0, 0x4c, 0xff, 0xf1, 0x0,
    0x0, 0xbf, 0xf7, 0x0, 0x0, 0x7f, 0xf9, 0x0,
    0x0, 0x7f, 0xf9, 0x0, 0x0, 0x7f, 0xf9, 0x0,
    0x0, 0x7f, 0xf9, 0x0, 0x0, 0x7f, 0xfb, 0x50,
    0x0, 0x5f, 0xff, 0xf1, 0x0, 0xa, 0xff, 0xf1,

    /* U+007C "|" */
    0xff, 0xdf, 0xfd, 0xff, 0xdf, 0xfd, 0xff, 0xdf,
    0xfd, 0xff, 0xdf, 0xfd, 0xff, 0xdf, 0xfd, 0xff,
    0xdf, 0xfd, 0xff, 0xdf, 0xfd, 0xff, 0xdf, 0xfd,
    0xff, 0xdf, 0xfd, 0xff, 0xdf, 0xfd, 0x11, 0x0,

    /* U+007D "}" */
    0xef, 0xfb, 0x10, 0xe, 0xff, 0xf8, 0x0, 0x49,
    0xff, 0x90, 0x0, 0x6f, 0xfa, 0x0, 0x6, 0xff,
    0xa0, 0x0, 0x6f, 0xfa, 0x0, 0x6, 0xff, 0xa0,
    0x0, 0x5f, 0xfb, 0x0, 0x1, 0xff, 0xf6, 0x0,
    0x6, 0xff, 0xfc, 0x0, 0x1a, 0xff, 0xc0, 0xd,
    0xff, 0xd6, 0x4, 0xff, 0xd0, 0x0, 0x6f, 0xfa,
    0x0, 0x6, 0xff, 0xa0, 0x0, 0x6f, 0xfa, 0x0,
    0x6, 0xff, 0xa0, 0x4, 0x9f, 0xfa, 0x0, 0xef,
    0xff, 0x80, 0xe, 0xff, 0xc1, 0x0,

    /* U+007E "~" */
    0x2b, 0xff, 0xc7, 0x10, 0x0, 0x0, 0xaf, 0xff,
    0xff, 0xfb, 0xbe, 0x50, 0x2f, 0xbb, 0xef, 0xff,
    0xff, 0xd0, 0x0, 0x0, 0x5, 0xbf, 0xfc, 0x40,

    /* U+0E01 "ก" */
    0x0, 0x3a, 0xef, 0xfd, 0x81, 0x0, 0x5, 0xff,
    0xff, 0xff, 0xfe, 0x20, 0x1f, 0xff, 0xeb, 0xdf,
    0xff, 0xc0, 0x7f, 0xfc, 0x0, 0x6, 0xff, 0xf2,
    0xaf, 0xff, 0xfd, 0x0, 0xff, 0xf5, 0xbf, 0xff,
    0xfd, 0x0, 0xef, 0xf6, 0x24, 0xbf, 0xc4, 0x0,
    0xef, 0xf6, 0xb, 0xff, 0x20, 0x0, 0xef, 0xf6,
    0x3f, 0xff, 0x0, 0x0, 0xef, 0xf6, 0x6f, 0xfe,
    0x0, 0x0, 0xef, 0xf6, 0x6f, 0xfe, 0x0, 0x0,
    0xef, 0xf6, 0x6f, 0xfe, 0x0, 0x0, 0xef, 0xf6,
    0x6f, 0xfe, 0x0, 0x0, 0xef, 0xf6,

    /* U+0E02 "ข" */
    0xef, 0xff, 0xa0, 0xe, 0xff, 0x6e, 0xff, 0xff,
    0x60, 0xef, 0xf6, 0x78, 0xcf, 0xf8, 0xe, 0xff,
    0x60, 0xa, 0xff, 0x70, 0xef, 0xf6, 0x3, 0xff,
    0xf1, 0xe, 0xff, 0x60, 0xef, 0xf8, 0x0, 0xef,
    0xf6, 0x6f, 0xfe, 0x0, 0xe, 0xff, 0x6a, 0xff,
    0xa0, 0x0, 0xef, 0xf6, 0xbf, 0xf9, 0x0, 0xf,
    0xff, 0x59, 0xff, 0xe1, 0x4, 0xff, 0xf3, 0x5f,
    0xff, 0xfd, 0xff, 0xfe, 0x0, 0xbf, 0xff, 0xff,
    0xff, 0x50, 0x0, 0x7c, 0xff, 0xeb, 0x40, 0x0,

    /* U+0E03 "ฃ" */
    0x4f, 0xf5, 0x7f, 0xf7, 0x7f, 0xfd, 0x4f, 0xf7,
    0xcf, 0xf7, 0x7f, 0xfd, 0x2f, 0xff, 0xbf, 0xf6,
    0x7f, 0xfd, 0x8, 0xeb, 0x9f, 0xf4, 0x7f, 0xfd,
    0x0, 0x5, 0xff, 0xc0, 0x7f, 0xfd, 0x0, 0x4f,
    0xff, 0x20, 0x7f, 0xfd, 0x0, 0xdf, 0xf6, 0x0,
    0x7f, 0xfd, 0x3, 0xff, 0xf1, 0x0, 0x7f, 0xfd,
    0x4, 0xff, 0xf1, 0x0, 0x7f, 0xfd, 0x2, 0xff,
    0xf6, 0x0, 0xcf, 0xfa, 0x0, 0xdf, 0xff, 0xde,
    0xff, 0xf6, 0x0, 0x4f, 0xff, 0xff, 0xff, 0xc0,
    0x0, 0x3, 0xae, 0xff, 0xd8, 0x0,

    /* U+0E04 "ค" */
    0x0, 0x19, 0xdf, 0xfd, 0x92, 0x0, 0x3, 0xff,
    0xff, 0xff, 0xff, 0x30, 0xd, 0xff, 0xfd, 0xdf,
    0xff, 0xe0, 0x4f, 0xff, 0x40, 0x4, 0xff, 0xf5,
    0x7f, 0xfd, 0x0, 0x0, 0xcf, 0xf8, 0x8f, 0xfc,
    0x1a, 0xc0, 0xbf, 0xf9, 0x8f, 0xfc, 0xdf, 0xf0,
    0xbf, 0xf9, 0x8f, 0xff, 0xff, 0xf0, 0xbf, 0xf9,
    0x8f, 0xff, 0x60, 0x0, 0xbf, 0xf9, 0x8f, 0xfc,
    0x0, 0x0, 0xbf, 0xf9, 0x8f, 0xfc, 0x0, 0x0,
    0xbf, 0xf9, 0x8f, 0xfc, 0x0, 0x0, 0xbf, 0xf9,
    0x8f, 0xfc, 0x0, 0x0, 0xbf, 0xf9,

    /* U+0E05 "ฅ" */
    0x0, 0x6d, 0xf6, 0x4f, 0xd8, 0x0, 0x9, 0xff,
    0xff, 0xff, 0xff, 0xb0, 0x2f, 0xff, 0xff, 0xff,
    0xff, 0xf5, 0x7f, 0xfe, 0x8, 0xa0, 0xcf, 0xf9,
    0x8f, 0xfc, 0x0, 0x0, 0x9f, 0xfb, 0x8f, 0xfc,
    0x2a, 0xc0, 0x9f, 0xfb, 0x8f, 0xfc, 0xdf, 0xf0,
    0x9f, 0xfb, 0x8f, 0xff, 0xff, 0xf0, 0x9f, 0xfb,
    0x8f, 0xff, 0x60, 0x0, 0x9f, 0xfb, 0x8f, 0xfc,
    0x0, 0x0, 0x9f, 0xfb, 0x8f, 0xfc, 0x0, 0x0,
    0x9f, 0xfb, 0x8f, 0xfc, 0x0, 0x0, 0x9f, 0xfb,
    0x8f, 0xfc, 0x0, 0x0, 0x9f, 0xfb,

    /* U+0E06 "ฆ" */
    0x2f, 0xf7, 0x2f, 0xfc, 0x8, 0xff, 0xc2, 0xff,
    0x89, 0xff, 0xc0, 0x8f, 0xfc, 0xf, 0xff, 0xde,
    0xfc, 0x8, 0xff, 0xc0, 0x6e, 0xc6, 0xff, 0xa0,
    0x8f, 0xfc, 0x0, 0x2, 0xef, 0xf5, 0x8, 0xff,
    0xc0, 0x1, 0xef, 0xf9, 0x0, 0x8f, 0xfc, 0x0,
    0x9f, 0xfc, 0x0, 0x8, 0xff, 0xc0, 0xe, 0xff,
    0x60, 0x0, 0x8f, 0xfc, 0x0, 0xff, 0xf6, 0x0,
    0xa, 0xff, 0xc0, 0xf, 0xff, 0xd2, 0x1, 0xef,
    0xfa, 0x0, 0xff, 0xff, 0xfe, 0xff, 0xff, 0x70,
    0xf, 0xff, 0x8f, 0xff, 0xff, 0xe1, 0x0, 0xff,
    0xf6, 0x4d, 0xff, 0xb2, 0x0,

    /* U+0E07 "ง" */
    0x4f, 0xfe, 0x0, 0xbf, 0xfe, 0x50, 0xf, 0xff,
    0x20, 0xbf, 0xff, 0xf2, 0xc, 0xff, 0x60, 0x8c,
    0xff, 0xf6, 0x8, 0xff, 0x90, 0x0, 0xcf, 0xf7,
    0x4, 0xff, 0xd0, 0x0, 0xcf, 0xf7, 0x0, 0xff,
    0xf0, 0x0, 0xcf, 0xf7, 0x0, 0xcf, 0xf4, 0x0,
    0xcf, 0xf7, 0x0, 0x7f, 0xf7, 0x0, 0xcf, 0xf6,
    0x0, 0x3f, 0xfb, 0x0, 0xef, 0xf5, 0x0, 0xf,
    0xfe, 0x3, 0xff, 0xf1, 0x0, 0xb, 0xff, 0xae,
    0xff, 0xb0, 0x0, 0x7, 0xff, 0xff, 0xfe, 0x20,
    0x0, 0x3, 0xff, 0xfe, 0xa2, 0x0,

    /* U+0E08 "จ" */
    0x0, 0x29, 0xdf, 0xfd, 0x81, 0x0, 0x5, 0xff,
    0xff, 0xff, 0xfd, 0x10, 0xc, 0xff, 0xfc, 0xdf,
    0xff, 0xa0, 0x0, 0xba, 0x10, 0x6, 0xff, 0xf1,
    0x0, 0x0, 0x0, 0x0, 0xff, 0xf4, 0x7, 0xcc,
    0x90, 0x0, 0xef, 0xf6, 0x9, 0xff, 0xf6, 0x0,
    0xef, 0xf6, 0x9, 0xff, 0xfa, 0x0, 0xef, 0xf6,
    0x0, 0xd, 0xfe, 0x0, 0xff, 0xf4, 0x0, 0xa,
    0xff, 0x14, 0xff, 0xf1, 0x0, 0x6, 0xff, 0xcf,
    0xff, 0xb0, 0x0, 0x3, 0xff, 0xff, 0xfe, 0x20,
    0x0, 0x0, 0xff, 0xfd, 0x91, 0x0,

    /* U+0E09 "ฉ" */
    0x0, 0x18, 0xcf, 0xfe, 0xb5, 0x0, 0x0, 0x2,
    0xef, 0xff, 0xff, 0xff, 0xa0, 0x0, 0xe, 0xff,
    0xfe, 0xef, 0xff, 0xf6, 0x0, 0x4, 0xfd, 0x30,
    0x2, 0xef, 0xfc, 0x0, 0x0, 0x21, 0x0, 0x0,
    0x7f, 0xfe, 0x0, 0x6, 0x99, 0x50, 0x0, 0x5f,
    0xff, 0x0, 0xb, 0xff, 0xf5, 0x0, 0x5f, 0xff,
    0x0, 0xb, 0xff, 0xf9, 0x0, 0x5f, 0xff, 0x0,
    0x0, 0x5f, 0xfa, 0x0, 0x5f, 0xff, 0x0, 0x0,
    0x5f, 0xfa, 0x0, 0x9f, 0xff, 0x0, 0x0, 0x4f,
    0xff, 0xac, 0xff, 0xff, 0x91, 0x0, 0xe, 0xff,
    0xff, 0x8c, 0xff, 0xf2, 0x0, 0x3, 0xcf, 0xe9,
    0x2, 0xdf, 0xf2,

    /* U+0E0A "ช" */
    0x2f, 0xff, 0xd4, 0x1, 0xff, 0xf3, 0x2f, 0xff,
    0xfe, 0x1, 0xff, 0xf1, 0x18, 0x8f, 0xff, 0x4,
    0xff, 0xa0, 0x0, 0x1f, 0xfe, 0x4d, 0xfa, 0x0,
    0x0, 0x8f, 0xfa, 0x9f, 0xff, 0xa0, 0x2, 0xff,
    0xf3, 0x9f, 0xff, 0xf1, 0x8, 0xff, 0xc0, 0x3,
    0xff, 0xf4, 0xb, 0xff, 0x80, 0x0, 0xef, 0xf5,
    0xb, 0xff, 0x80, 0x0, 0xef, 0xf5, 0xa, 0xff,
    0xd0, 0x3, 0xff, 0xf3, 0x5, 0xff, 0xfe, 0xdf,
    0xff, 0xe0, 0x0, 0xbf, 0xff, 0xff, 0xff, 0x50,
    0x0, 0x7, 0xcf, 0xfe, 0xb4, 0x0,

    /* U+0E0B "ซ" */
    0x6f, 0xf4, 0x8f, 0xf5, 0x2f, 0xff, 0x26, 0xff,
    0x7d, 0xff, 0x52, 0xff, 0xf0, 0x4f, 0xff, 0xbf,
    0xf5, 0x4f, 0xfa, 0x0, 0x9e, 0xaa, 0xff, 0x7d,
    0xf9, 0x0, 0x0, 0x5, 0xff, 0xca, 0xff, 0xf6,
    0x0, 0x2, 0xff, 0xf2, 0xaf, 0xff, 0xd0, 0x0,
    0xaf, 0xf8, 0x0, 0x6f, 0xff, 0x0, 0xe, 0xff,
    0x40, 0x2, 0xff, 0xf1, 0x0, 0xff, 0xf4, 0x0,
    0x2f, 0xff, 0x10, 0xe, 0xff, 0x90, 0x7, 0xff,
    0xf0, 0x0, 0x9f, 0xff, 0xed, 0xff, 0xfa, 0x0,
    0x1, 0xef, 0xff, 0xff, 0xff, 0x20, 0x0, 0x1,
    0x9d, 0xff, 0xea, 0x20, 0x0,

    /* U+0E0C "ฌ" */
    0x0, 0x4b, 0xef, 0xfc, 0x70, 0x0, 0x0, 0x6f,
    0xfe, 0x7, 0xff, 0xff, 0xff, 0xfc, 0x0, 0x0,
    0x6f, 0xfe, 0x2f, 0xff, 0xeb, 0xdf, 0xff, 0x80,
    0x0, 0x6f, 0xfe, 0x8f, 0xfb, 0x0, 0x8, 0xff,
    0xe0, 0x0, 0x6f, 0xfe, 0xbf, 0xff, 0xfc, 0x1,
    0xff, 0xf2, 0x0, 0x6f, 0xfe, 0xcf, 0xff, 0xfc,
    0x0, 0xff, 0xf2, 0x0, 0x6f, 0xfe, 0x46, 0xdf,
    0xb4, 0x0, 0xff, 0xf3, 0x0, 0x6f, 0xfe, 0x1e,
    0xff, 0x0, 0x0, 0xff, 0xf3, 0x0, 0x6f, 0xfe,
    0x7f, 0xfc, 0x0, 0x0, 0xff, 0xf3, 0x0, 0x6f,
    0xfe, 0x9f, 0xfb, 0x0, 0x0, 0xff, 0xf6, 0x0,
    0x9f, 0xfd, 0x8f, 0xfe, 0xa6, 0x0, 0xff, 0xff,
    0xcb, 0xff, 0xfa, 0x3f, 0xff, 0xf9, 0x0, 0xff,
    0xf9, 0xff, 0xff, 0xf4, 0x6, 0xdf, 0xf9, 0x0,
    0xff, 0xf3, 0x7e, 0xfd, 0x50,

    /* U+0E0D "ญ" */
    0x0, 0x3a, 0xef, 0xfc, 0x60, 0x0, 0x0, 0x6f,
    0xfe, 0x6, 0xff, 0xff, 0xff, 0xfb, 0x0, 0x0,
    0x6f, 0xfe, 0x2f, 0xff, 0xeb, 0xdf, 0xff, 0x70,
    0x0, 0x6f, 0xfe, 0x8f, 0xfb, 0x0, 0x8, 0xff,
    0xe0, 0x0, 0x6f, 0xfe, 0xbf, 0xff, 0xfc, 0x1,
    0xff, 0xf1, 0x0, 0x6f, 0xfe, 0xcf, 0xff, 0xfc,
    0x0, 0xff, 0xf2, 0x0, 0x6f, 0xfe, 0x46, 0xdf,
    0xb4, 0x0, 0xff, 0xf3, 0x0, 0x6f, 0xfe, 0x1e,
    0xff, 0x0, 0x0, 0xff, 0xf3, 0x0, 0x6f, 0xfe,
    0x7f, 0xfc, 0x0, 0x0, 0xff, 0xf3, 0x0, 0x6f,
    0xfe, 0x9f, 0xfb, 0x0, 0x0, 0xff, 0xf6, 0x0,
    0xaf, 0xfe, 0x8f, 0xfe, 0xa6, 0x0, 0xcf, 0xff,
    0xbd, 0xef, 0xfe, 0x3f, 0xff, 0xf9, 0x0, 0x6f,
    0xff, 0xff, 0x7f, 0xfe, 0x6, 0xdf, 0xf9, 0x0,
    0x7, 0xef, 0xc3, 0x6f, 0xfe, 0x0, 0x0, 0x0,
    0x0, 0x1a, 0x60, 0x0, 0xbf, 0xfc, 0x0, 0x0,
    0x0, 0x1, 0xef, 0xff, 0xde, 0xff, 0xf7, 0x0,
    0x0, 0x0, 0x0, 0x7f, 0xff, 0xff, 0xff, 0xc0,
    0x0, 0x0, 0x0, 0x0, 0x3, 0xae, 0xff, 0xd7,
    0x0,

    /* U+0E0E "ฎ" */
    0x0, 0x2, 0x9d, 0xff, 0xd9, 0x20, 0x0, 0x5,
    0xff, 0xff, 0xff, 0xff, 0x40, 0x1, 0xff, 0xfe,
    0xbc, 0xff, 0xfe, 0x0, 0x7f, 0xfc, 0x0, 0x4,
    0xff, 0xf5, 0xa, 0xff, 0xff, 0xe0, 0xc, 0xff,
    0x80, 0xbf, 0xff, 0xfe, 0x0, 0xbf, 0xf9, 0x1,
    0x27, 0xfe, 0x30, 0xb, 0xff, 0x90, 0x2, 0xff,
    0xa0, 0x0, 0xbf, 0xf9, 0x0, 0x6f, 0xf9, 0x0,
    0xb, 0xff, 0x90, 0x7, 0xff, 0x90, 0x0, 0xbf,
    0xf9, 0x19, 0xcf, 0xf9, 0x0, 0xb, 0xff, 0x92,
    0xff, 0xff, 0x60, 0x0, 0xbf, 0xf9, 0x2f, 0xff,
    0x90, 0x0, 0xb, 0xff, 0x90, 0x0, 0x0, 0x0,
    0x0, 0xbf, 0xf9, 0x0, 0x3a, 0xff, 0xc5, 0xb,
    0xff, 0x90, 0x4f, 0xff, 0xff, 0xf7, 0xbf, 0xf9,
    0xa, 0xff, 0xfb, 0xbe, 0xfe, 0xff, 0x90, 0x9,
    0xb1, 0x0, 0x5, 0xff, 0xf9, 0x0, 0x0, 0x0,
    0x0, 0x0, 0x0, 0x0,

    /* U+0E0F "ฏ" */
    0x0, 0x2, 0x9d, 0xff, 0xd9, 0x20, 0x0, 0x5,
    0xff, 0xff, 0xff, 0xff, 0x40, 0x1, 0xff, 0xfe,
    0xbc, 0xff, 0xfe, 0x0, 0x7f, 0xfc, 0x0, 0x4,
    0xff, 0xf5, 0xa, 0xff, 0xff, 0xe0, 0xc, 0xff,
    0x80, 0xbf, 0xff, 0xfe, 0x0, 0xbf, 0xf9, 0x1,
    0x27, 0xfe, 0x30, 0xb, 0xff, 0x90, 0x2, 0xff,
    0xa0, 0x0, 0xbf, 0xf9, 0x0, 0x6f, 0xf9, 0x0,
    0xb, 0xff, 0x90, 0x7, 0xff, 0x90, 0x0, 0xbf,
    0xf9, 0x19, 0xcf, 0xf9, 0x0, 0xb, 0xff, 0x92,
    0xff, 0xff, 0x60, 0x0, 0xbf, 0xf9, 0x2f, 0xff,
    0x90, 0x0, 0xb, 0xff, 0x90, 0x0, 0x0, 0x0,
    0x0, 0xbf, 0xf9, 0x0, 0x37, 0x0, 0xc8, 0xd,
    0xff, 0x80, 0x5f, 0xfa, 0xcf, 0xfe, 0xff, 0xf5,
    0x4, 0xff, 0xff, 0xcf, 0xff, 0xfe, 0x0, 0x5,
    0xdf, 0xb0, 0x4f, 0xea, 0x20,

    /* U+0E10 "ฐ" */
    0x0, 0x0, 0x0, 0x0, 0x0, 0x56, 0x50, 0x2,
    0x9e, 0xff, 0xc7, 0x8f, 0xfc, 0x4, 0xff, 0xff,
    0xff, 0xff, 0xff, 0xc0, 0xdf, 0xff, 0xce, 0xff,
    0xfa, 0x0, 0x1, 0xca, 0x10, 0x7, 0xff, 0xf0,
    0x0, 0x0, 0x0, 0x0, 0xf, 0xff, 0x40, 0x7,
    0xcc, 0x90, 0x0, 0xef, 0xf6, 0x0, 0x9f, 0xff,
    0x60, 0xe, 0xff, 0x60, 0x9, 0xff, 0xfa, 0x0,
    0xef, 0xf6, 0x0, 0x0, 0xdf, 0xe0, 0xf, 0xff,
    0x40, 0x0, 0xa, 0xff, 0x14, 0xff, 0xf0, 0x0,
    0x0, 0x6f, 0xfc, 0xff, 0xf9, 0x0, 0x0, 0x3,
    0xff, 0xff, 0xfd, 0x10, 0x0, 0x0, 0xf, 0xff,
    0xd8, 0x0, 0x0, 0x0, 0x0, 0x0, 0x0, 0x0,
    0x0, 0x0, 0x0, 0x7, 0x83, 0x2, 0x88, 0x30,
    0x0, 0x4, 0xff, 0xa0, 0x6f, 0xf6, 0x0, 0x9f,
    0xff, 0xfd, 0xbe, 0xff, 0x60, 0x9, 0xff, 0xfc,
    0x5f, 0xff, 0xf2, 0x0, 0x8e, 0xec, 0x30, 0x6d,
    0xd6, 0x0,

    /* U+0E11 "ฑ" */
    0x9f, 0xf1, 0xbf, 0xf2, 0x5e, 0xfa, 0x8, 0xff,
    0x5f, 0xff, 0x6f, 0xff, 0xf7, 0x7f, 0xff, 0xcf,
    0xfe, 0xaf, 0xff, 0xa0, 0xbe, 0x8d, 0xff, 0x70,
    0x9f, 0xfc, 0x0, 0x6, 0xff, 0xc0, 0x8, 0xff,
    0xc0, 0x2, 0xff, 0xf3, 0x0, 0x8f, 0xfc, 0x0,
    0xaf, 0xfb, 0x0, 0x8, 0xff, 0xc0, 0xf, 0xff,
    0x50, 0x0, 0x8f, 0xfc, 0x1, 0xff, 0xf3, 0x0,
    0x8, 0xff, 0xc0, 0x1f, 0xff, 0x30, 0x0, 0x8f,
    0xfc, 0x1, 0xff, 0xf3, 0x0, 0x8, 0xff, 0xc0,
    0x1f, 0xff, 0x30, 0x0, 0x8f, 0xfc, 0x1, 0xff,
    0xf3, 0x0, 0x8, 0xff, 0xc0,

    /* U+0E12 "ฒ" */
    0x0, 0x2a, 0xeb, 0x9, 0xfb, 0x30, 0x0, 0xa,
    0xff, 0xa0, 0x1e, 0xff, 0xfc, 0xff, 0xff, 0x20,
    0x0, 0xaf, 0xfa, 0x7, 0xff, 0xff, 0xff, 0xff,
    0xfa, 0x0, 0xa, 0xff, 0xa0, 0xcf, 0xfa, 0x2e,
    0x57, 0xff, 0xd0, 0x0, 0xaf, 0xfa, 0xe, 0xff,
    0x50, 0x10, 0x4f, 0xfe, 0x0, 0xa, 0xff, 0xa0,
    0xff, 0xf4, 0x0, 0x4, 0xff, 0xe0, 0x0, 0xaf,
    0xfa, 0xf, 0xff, 0x40, 0x0, 0x4f, 0xfe, 0x0,
    0xa, 0xff, 0xa0, 0xff, 0xf4, 0x0, 0x4, 0xff,
    0xe0, 0x0, 0xaf, 0xfa, 0xe, 0xff, 0x50, 0x0,
    0x4f, 0xfe, 0x0, 0xb, 0xff, 0xa0, 0xcf, 0xfb,
    0x0, 0x4, 0xff, 0xf3, 0x0, 0xef, 0xf9, 0x7,
    0xff, 0xfe, 0xa0, 0x4f, 0xff, 0xfc, 0xef, 0xff,
    0x60, 0xd, 0xff, 0xfd, 0x4, 0xff, 0xeb, 0xff,
    0xff, 0xe1, 0x0, 0x19, 0xef, 0xd0, 0x4f, 0xfe,
    0x1a, 0xff, 0xc2, 0x0,

    /* U+0E13 "ณ" */
    0x0, 0x3a, 0xef, 0xfc, 0x70, 0x0, 0x0, 0x6f,
    0xfe, 0x6, 0xff, 0xff, 0xff, 0xfd, 0x0, 0x0,
    0x6f, 0xfe, 0x2f, 0xff, 0xeb, 0xdf, 0xff, 0x90,
    0x0, 0x6f, 0xfe, 0x8f, 0xfb, 0x0, 0x8, 0xff,
    0xe0, 0x0, 0x6f, 0xfe, 0xbf, 0xff, 0xfc, 0x0,
    0xff, 0xf2, 0x0, 0x6f, 0xfe, 0xcf, 0xff, 0xfc,
    0x0, 0xff, 0xf2, 0x0, 0x6f, 0xfe, 0x46, 0xdf,
    0xb4, 0x0, 0xff, 0xf3, 0x0, 0x6f, 0xfe, 0x1e,
    0xff, 0x0, 0x0, 0xff, 0xf3, 0x0, 0x6f, 0xfe,
    0x7f, 0xfc, 0x0, 0x0, 0xff, 0xf3, 0x0, 0x6f,
    0xfe, 0x9f, 0xfb, 0x0, 0x0, 0xff, 0xf6, 0x0,
    0x9f, 0xfe, 0x8f, 0xfe, 0xa6, 0x0, 0xcf, 0xff,
    0xbd, 0xff, 0xfe, 0x3f, 0xff, 0xf9, 0x0, 0x5f,
    0xff, 0xff, 0x9f, 0xfe, 0x6, 0xdf, 0xf9, 0x0,
    0x7, 0xef, 0xd5, 0x6f, 0xfe,

    /* U+0E14 "ด" */
    0x0, 0x3, 0xbe, 0xff, 0xc6, 0x0, 0x0, 0x6,
    0xff, 0xff, 0xff, 0xfb, 0x0, 0x2, 0xff, 0xff,
    0xef, 0xff, 0xf7, 0x0, 0x9f, 0xfd, 0x10, 0x1c,
    0xff, 0xd0, 0xd, 0xff, 0x60, 0x0, 0x5f, 0xff,
    0x0, 0xff, 0xf5, 0x0, 0x3, 0xff, 0xf1, 0x1f,
    0xff, 0x50, 0x0, 0x3f, 0xff, 0x11, 0xff, 0xf5,
    0x0, 0x3, 0xff, 0xf1, 0xf, 0xff, 0x60, 0x0,
    0x3f, 0xff, 0x10, 0xcf, 0xfc, 0x10, 0x3, 0xff,
    0xf1, 0x7, 0xff, 0xff, 0xb0, 0x3f, 0xff, 0x10,
    0xd, 0xff, 0xfd, 0x3, 0xff, 0xf1, 0x0, 0x8,
    0xdf, 0xd0, 0x3f, 0xff, 0x10,

    /* U+0E15 "ต" */
    0x0, 0x9, 0xec, 0x2, 0xfd, 0x60, 0x0, 0xc,
    0xff, 0xfa, 0xdf, 0xff, 0x70, 0x6, 0xff, 0xff,
    0xff, 0xff, 0xff, 0x10, 0xbf, 0xfb, 0x1e, 0xa3,
    0xff, 0xf4, 0xe, 0xff, 0x50, 0x20, 0xf, 0xff,
    0x50, 0xff, 0xf4, 0x0, 0x0, 0xff, 0xf5, 0xf,
    0xff, 0x40, 0x0, 0xf, 0xff, 0x50, 0xff, 0xf4,
    0x0, 0x0, 0xff, 0xf5, 0xe, 0xff, 0x50, 0x0,
    0xf, 0xff, 0x50, 0xcf, 0xfb, 0x0, 0x0, 0xff,
    0xf5, 0x7, 0xff, 0xfe, 0xc1, 0xf, 0xff, 0x50,
    0xd, 0xff, 0xff, 0x10, 0xff, 0xf5, 0x0, 0x19,
    0xef, 0xf1, 0xf, 0xff, 0x50,

    /* U+0E16 "ถ" */
    0x0, 0x3a, 0xef, 0xfd, 0x81, 0x0, 0x6, 0xff,
    0xff, 0xff, 0xfe, 0x20, 0x2f, 0xff, 0xeb, 0xdf,
    0xff, 0xc0, 0x8f, 0xfb, 0x0, 0x6, 0xff, 0xf2,
    0xbf, 0xff, 0xfc, 0x0, 0xff, 0xf5, 0xcf, 0xff,
    0xfc, 0x0, 0xef, 0xf6, 0x35, 0xdf, 0xa3, 0x0,
    0xef, 0xf6, 0x1e, 0xfe, 0x0, 0x0, 0xef, 0xf6,
    0x7f, 0xfb, 0x0, 0x0, 0xef, 0xf6, 0x9f, 0xfb,
    0x0, 0x0, 0xef, 0xf6, 0x8f, 0xfe, 0xa6, 0x0,
    0xef, 0xf6, 0x3f, 0xff, 0xf9, 0x0, 0xef, 0xf6,
    0x6, 0xdf, 0xf9, 0x0, 0xef, 0xf6,

    /* U+0E17 "ท" */
    0x6f, 0xfe, 0x7, 0xef, 0xe8, 0x0, 0x6f, 0xfe,
    0x7f, 0xff, 0xff, 0xa0, 0x6f, 0xff, 0xff, 0xef,
    0xff, 0xf2, 0x6f, 0xff, 0x80, 0x4, 0xff, 0xf6,
    0x6f, 0xff, 0x0, 0x0, 0xef, 0xf7, 0x6f, 0xfe,
    0x0, 0x0, 0xcf, 0xf8, 0x6f, 0xfe, 0x0, 0x0,
    0xcf, 0xf8, 0x6f, 0xfe, 0x0, 0x0, 0xcf, 0xf8,
    0x6f, 0xfe, 0x0, 0x0, 0xcf, 0xf8, 0x6f, 0xfe,
    0x0, 0x0, 0xcf, 0xf8, 0x6f, 0xfe, 0x0, 0x0,
    0xcf, 0xf8, 0x6f, 0xfe, 0x0, 0x0, 0xcf, 0xf8,
    0x6f, 0xfe, 0x0, 0x0, 0xcf, 0xf8,

    /* U+0E18 "ธ" */
    0x1, 0x8d, 0xff, 0xeb, 0x40, 0x1, 0xdf, 0xff,
    0xff, 0xff, 0x90, 0x8f, 0xff, 0xcc, 0xef, 0xfa,
    0xc, 0xff, 0x60, 0x0, 0x79, 0x0, 0xbf, 0xfb,
    0x87, 0x41, 0x0, 0x4, 0xff, 0xff, 0xff, 0xfa,
    0x0, 0x2, 0x8b, 0xdf, 0xff, 0xfb, 0x3, 0x66,
    0x20, 0x4, 0xff, 0xf2, 0x9f, 0xf5, 0x0, 0xc,
    0xff, 0x49, 0xff, 0x50, 0x1, 0xef, 0xf3, 0x9f,
    0xff, 0xcc, 0xff, 0xff, 0x8, 0xff, 0xff, 0xff,
    0xff, 0x60, 0x5, 0xad, 0xff, 0xeb, 0x40, 0x0,

    /* U+0E19 "น" */
    0x8f, 0xfc, 0x0, 0x0, 0xff, 0xf5, 0x8f, 0xfc,
    0x0, 0x0, 0xff, 0xf5, 0x8f, 0xfc, 0x0, 0x0,
    0xff, 0xf5, 0x8f, 0xfc, 0x0, 0x0, 0xff, 0xf5,
    0x8f, 0xfc, 0x0, 0x0, 0xff, 0xf5, 0x8f, 0xfc,
    0x0, 0x0, 0xff, 0xf5, 0x8f, 0xfc, 0x0, 0x0,
    0xff, 0xf5, 0x8f, 0xfc, 0x0, 0x0, 0xff, 0xf5,
    0x7f, 0xfe, 0x0, 0x0, 0xff, 0xf5, 0x6f, 0xff,
    0x40, 0x9, 0xff, 0xf5, 0x2f, 0xff, 0xfe, 0xff,
    0xff, 0xf5, 0xa, 0xff, 0xff, 0xf6, 0xff, 0xf5,
    0x0, 0x8e, 0xfd, 0x60, 0xff, 0xf5,

    /* U+0E1A "บ" */
    0x8f, 0xfc, 0x0, 0x0, 0xff, 0xf4, 0x8f, 0xfc,
    0x0, 0x0, 0xff, 0xf4, 0x8f, 0xfc, 0x0, 0x0,
    0xff, 0xf4, 0x8f, 0xfc, 0x0, 0x0, 0xff, 0xf4,
    0x8f, 0xfc, 0x0, 0x0, 0xff, 0xf4, 0x8f, 0xfc,
    0x0, 0x0, 0xff, 0xf4, 0x8f, 0xfc, 0x0, 0x0,
    0xff, 0xf4, 0x7f, 0xfc, 0x0, 0x0, 0xff, 0xf4,
    0x6f, 0xfd, 0x0, 0x1, 0xff, 0xf3, 0x4f, 0xff,
    0x40, 0x7, 0xff, 0xf0, 0xe, 0xff, 0xfd, 0xef,
    0xff, 0xb0, 0x5, 0xff, 0xff, 0xff, 0xfe, 0x20,
    0x0, 0x3a, 0xef, 0xfd, 0x92, 0x0,

    /* U+0E1B "ป" */
    0x0, 0x0, 0x0, 0x0, 0xff, 0xf4, 0x0, 0x0,
    0x0, 0x0, 0xff, 0xf4, 0x0, 0x0, 0x0, 0x0,
    0xff, 0xf4, 0x0, 0x0, 0x0, 0x0, 0xff, 0xf4,
    0x8f, 0xfc, 0x0, 0x0, 0xff, 0xf4, 0x8f, 0xfc,
    0x0, 0x0, 0xff, 0xf4, 0x8f, 0xfc, 0x0, 0x0,
    0xff, 0xf4, 0x8f, 0xfc, 0x0, 0x0, 0xff, 0xf4,
    0x8f, 0xfc, 0x0, 0x0, 0xff, 0xf4, 0x8f, 0xfc,
    0x0, 0x0, 0xff, 0xf4, 0x8f, 0xfc, 0x0, 0x0,
    0xff, 0xf4, 0x7f, 0xfc, 0x0, 0x0, 0xff, 0xf4,
    0x6f, 0xfd, 0x0, 0x1, 0xff, 0xf3, 0x4f, 0xff,
    0x40, 0x7, 0xff, 0xf1, 0xe, 0xff, 0xfd, 0xdf,
    0xff, 0xb0, 0x5, 0xff, 0xff, 0xff, 0xff, 0x30,
    0x0, 0x3a, 0xef, 0xfd, 0x92, 0x0,

    /* U+0E1C "ผ" */
    0x7, 0xef, 0xff, 0x0, 0x3f, 0xff, 0x13, 0xff,
    0xff, 0xf0, 0x3, 0xff, 0xf1, 0x6f, 0xff, 0xa9,
    0x0, 0x3f, 0xff, 0x17, 0xff, 0xd0, 0x0, 0x3,
    0xff, 0xf1, 0x7f, 0xfd, 0x0, 0x0, 0x3f, 0xff,
    0x17, 0xff, 0xd0, 0x0, 0x3, 0xff, 0xf1, 0x7f,
    0xfd, 0x2, 0xb0, 0x3f, 0xff, 0x17, 0xff, 0xd0,
    0xcf, 0x63, 0xff, 0xf1, 0x7f, 0xfd, 0x6f, 0xfe,
    0x5f, 0xff, 0x17, 0xff, 0xef, 0xf9, 0xfd, 0xff,
    0xf1, 0x7f, 0xff, 0xf7, 0xd, 0xff, 0xff, 0x17,
    0xff, 0xfd, 0x0, 0x4f, 0xff, 0xf1, 0x7f, 0xff,
    0x40, 0x0, 0xaf, 0xff, 0x10,

    /* U+0E1D "ฝ" */
    0x0, 0x0, 0x0, 0x0, 0x3f, 0xff, 0x10, 0x0,
    0x0, 0x0, 0x3, 0xff, 0xf1, 0x0, 0x0, 0x0,
    0x0, 0x3f, 0xff, 0x10, 0x0, 0x0, 0x0, 0x3,
    0xff, 0xf1, 0x7, 0xef, 0xff, 0x0, 0x3f, 0xff,
    0x12, 0xff, 0xff, 0xf0, 0x3, 0xff, 0xf1, 0x6f,
    0xff, 0xa9, 0x0, 0x3f, 0xff, 0x17, 0xff, 0xd0,
    0x0, 0x3, 0xff, 0xf1, 0x7f, 0xfd, 0x0, 0x0,
    0x3f, 0xff, 0x17, 0xff, 0xd0, 0x1, 0x3, 0xff,
    0xf1, 0x7f, 0xfd, 0x3, 0xc0, 0x3f, 0xff, 0x17,
    0xff, 0xd0, 0xdf, 0x73, 0xff, 0xf1, 0x7f, 0xfd,
    0x7f, 0xff, 0x5f, 0xff, 0x17, 0xff, 0xef, 0xf8,
    0xfd, 0xff, 0xf1, 0x7f, 0xff, 0xf7, 0xd, 0xff,
    0xff, 0x17, 0xff, 0xfd, 0x0, 0x3f, 0xff, 0xf1,
    0x7f, 0xff, 0x40, 0x0, 0xaf, 0xff, 0x10,

    /* U+0E1E "พ" */
    0xf, 0xff, 0x10, 0x6f, 0xfd, 0x0, 0xaf, 0xf6,
    0xc, 0xff, 0x20, 0x9f, 0xff, 0x0, 0xbf, 0xf4,
    0xa, 0xff, 0x40, 0xcf, 0xff, 0x30, 0xcf, 0xf2,
    0x8, 0xff, 0x50, 0xff, 0xff, 0x60, 0xdf, 0xf0,
    0x6, 0xff, 0x62, 0xff, 0x9f, 0x90, 0xff, 0xd0,
    0x4, 0xff, 0x75, 0xfd, 0x6f, 0xc0, 0xff, 0xb0,
    0x1, 0xff, 0x98, 0xfa, 0x2f, 0xf1, 0xff, 0x90,
    0x0, 0xff, 0xab, 0xf7, 0xf, 0xf5, 0xff, 0x70,
    0x0, 0xdf, 0xbe, 0xf4, 0xc, 0xf9, 0xff, 0x50,
    0x0, 0xbf, 0xef, 0xf1, 0x9, 0xfe, 0xff, 0x20,
    0x0, 0x8f, 0xff, 0xd0, 0x6, 0xff, 0xff, 0x0,
    0x0, 0x6f, 0xff, 0xa0, 0x3, 0xff, 0xfe, 0x0,
    0x0, 0x4f, 0xff, 0x70, 0x0, 0xff, 0xfc, 0x0,

    /* U+0E1F "ฟ" */
    0x0, 0x0, 0x0, 0x0, 0x0, 0x0, 0xbf, 0xf5,
    0x0, 0x0, 0x0, 0x0, 0x0, 0x0, 0xcf, 0xf3,
    0x0, 0x0, 0x0, 0x0, 0x0, 0x0, 0xdf, 0xf2,
    0x0, 0x0, 0x0, 0x0, 0x0, 0x0, 0xef, 0xf0,
    0xf, 0xff, 0x10, 0x7f, 0xfc, 0x0, 0xff, 0xe0,
    0xc, 0xff, 0x20, 0xaf, 0xff, 0x0, 0xff, 0xc0,
    0xa, 0xff, 0x40, 0xcf, 0xff, 0x21, 0xff, 0xa0,
    0x8, 0xff, 0x50, 0xff, 0xff, 0x52, 0xff, 0x90,
    0x6, 0xff, 0x62, 0xff, 0xaf, 0x83, 0xff, 0x70,
    0x4, 0xff, 0x75, 0xfc, 0x7f, 0xa4, 0xff, 0x50,
    0x1, 0xff, 0x98, 0xf9, 0x4f, 0xd5, 0xff, 0x30,
    0x0, 0xff, 0xab, 0xf6, 0x1f, 0xf6, 0xff, 0x20,
    0x0, 0xdf, 0xbe, 0xf3, 0xe, 0xfa, 0xff, 0x0,
    0x0, 0xbf, 0xef, 0xf0, 0xb, 0xfe, 0xfe, 0x0,
    0x0, 0x8f, 0xff, 0xd0, 0x8, 0xff, 0xfc, 0x0,
    0x0, 0x6f, 0xff, 0xa0, 0x5, 0xff, 0xfa, 0x0,
    0x0, 0x4f, 0xff, 0x70, 0x2, 0xff, 0xf9, 0x0,

    /* U+0E20 "ภ" */
    0x0, 0x2, 0x9d, 0xff, 0xd9, 0x20, 0x0, 0x5,
    0xff, 0xff, 0xff, 0xff, 0x40, 0x1, 0xff, 0xfe,
    0xbc, 0xff, 0xfe, 0x0, 0x7f, 0xfc, 0x0, 0x4,
    0xff, 0xf5, 0xa, 0xff, 0xff, 0xe0, 0xc, 0xff,
    0x80, 0xbf, 0xff, 0xfe, 0x0, 0xbf, 0xf9, 0x1,
    0x27, 0xfe, 0x30, 0xb, 0xff, 0x90, 0x2, 0xff,
    0xa0, 0x0, 0xbf, 0xf9, 0x0, 0x6f, 0xf9, 0x0,
    0xb, 0xff, 0x90, 0x7, 0xff, 0x90, 0x0, 0xbf,
    0xf9, 0x19, 0xcf, 0xf9, 0x0, 0xb, 0xff, 0x92,
    0xff, 0xff, 0x60, 0x0, 0xbf, 0xf9, 0x2f, 0xff,
    0x90, 0x0, 0xb, 0xff, 0x90,

    /* U+0E21 "ม" */
    0x6f, 0xfe, 0x0, 0x0, 0xcf, 0xf8, 0x6f, 0xfe,
    0x0, 0x0, 0xcf, 0xf8, 0x6f, 0xfe, 0x0, 0x0,
    0xcf, 0xf8, 0x6f, 0xfe, 0x0, 0x0, 0xcf, 0xf8,
    0x6f, 0xfe, 0x0, 0x0, 0xcf, 0xf8, 0x6f, 0xfe,
    0x0, 0x0, 0xcf, 0xf8, 0x6f, 0xfe, 0x0, 0x0,
    0xcf, 0xf8, 0x6f, 0xfe, 0x0, 0x0, 0xcf, 0xf8,
    0x6f, 0xff, 0x0, 0x0, 0xdf, 0xf8, 0x6f, 0xff,
    0x80, 0x4, 0xff, 0xf7, 0x6f, 0xff, 0xff, 0xef,
    0xff, 0xf3, 0x6f, 0xfe, 0x9f, 0xff, 0xff, 0xc0,
    0x6f, 0xfe, 0x8, 0xef, 0xe9, 0x10,

    /* U+0E22 "ย" */
    0xa, 0xff, 0xf6, 0x6, 0xff, 0xe8, 0xff, 0xff,
    0x60, 0x6f, 0xfe, 0xaf, 0xfb, 0x83, 0x6, 0xff,
    0xe5, 0xff, 0x70, 0x0, 0x6f, 0xfe, 0x5, 0xce,
    0x30, 0x6, 0xff, 0xe0, 0x9f, 0xff, 0x90, 0x6f,
    0xfe, 0x8f, 0xff, 0xf9, 0x6, 0xff, 0xed, 0xff,
    0x84, 0x20, 0x6f, 0xfe, 0xef, 0xf6, 0x0, 0x7,
    0xff, 0xdd, 0xff, 0xd0, 0x0, 0xdf, 0xfa, 0x8f,
    0xff, 0xfc, 0xff, 0xff, 0x50, 0xcf, 0xff, 0xff,
    0xff, 0xb0, 0x0, 0x6c, 0xef, 0xfc, 0x70, 0x0,

    /* U+0E23 "ร" */
    0x0, 0x6, 0xcf, 0xfe, 0x92, 0x0, 0xa, 0xff,
    0xff, 0xff, 0xf4, 0x4, 0xff, 0xfd, 0xcf, 0xff,
    0x60, 0x7f, 0xfa, 0x0, 0x1b, 0x40, 0x7, 0xff,
    0xc1, 0x0, 0x0, 0x0, 0x2f, 0xff, 0xfe, 0xb7,
    0x10, 0x0, 0x6f, 0xff, 0xff, 0xfe, 0x20, 0x0,
    0x16, 0x9c, 0xff, 0xfa, 0x0, 0x20, 0x0, 0x5,
    0xff, 0xe0, 0x2e, 0xc2, 0x0, 0x4f, 0xfe, 0xe,
    0xff, 0xfd, 0xcf, 0xff, 0xa0, 0x4e, 0xff, 0xff,
    0xff, 0xe2, 0x0, 0x18, 0xdf, 0xfd, 0x91, 0x0,

    /* U+0E24 "ฤ" */
    0x0, 0x29, 0xef, 0xfd, 0x81, 0x0, 0x4, 0xff,
    0xff, 0xff, 0xfe, 0x20, 0x1e, 0xff, 0xfb, 0xdf,
    0xff, 0xc0, 0x6f, 0xfd, 0x10, 0x6, 0xff, 0xf2,
    0xaf, 0xfa, 0x54, 0x0, 0xff, 0xf5, 0xcf, 0xff,
    0xfc, 0x0, 0xef, 0xf6, 0xcf, 0xff, 0xfc, 0x0,
    0xef, 0xf6, 0x5, 0xdf, 0x60, 0x0, 0xef, 0xf6,
    0x4f, 0xfd, 0x0, 0x0, 0xef, 0xf6, 0x9f, 0xfb,
    0x0, 0x0, 0xef, 0xf6, 0x9f, 0xfe, 0xa6, 0x0,
    0xef, 0xf6, 0x4f, 0xff, 0xf9, 0x0, 0xef, 0xf6,
    0x7, 0xdf, 0xf9, 0x0, 0xef, 0xf6, 0x0, 0x0,
    0x0, 0x0, 0xef, 0xf6, 0x0, 0x0, 0x0, 0x0,
    0xef, 0xf6, 0x0, 0x0, 0x0, 0x0, 0xef, 0xf6,
    0x0, 0x0, 0x0, 0x0, 0xef, 0xf6, 0x0, 0x0,
    0x0, 0x0, 0xef, 0xf6,

    /* U+0E25 "ล" */
    0x0, 0x7, 0xcf, 0xfe, 0xb4, 0x0, 0x2, 0xdf,
    0xff, 0xff, 0xff, 0x60, 0xa, 0xff, 0xfd, 0xdf,
    0xff, 0xf1, 0x0, 0xce, 0x20, 0x3, 0xff, 0xf5,
    0x0, 0x2, 0x0, 0x0, 0xdf, 0xf7, 0x0, 0x1,
    0x34, 0x44, 0xdf, 0xf7, 0x0, 0xaf, 0xff, 0xff,
    0xff, 0xf7, 0x9, 0xff, 0xff, 0xff, 0xff, 0xf7,
    0xf, 0xff, 0x60, 0x0, 0xcf, 0xf7, 0xf, 0xff,
    0x40, 0x0, 0xcf, 0xf7, 0xd, 0xff, 0xeb, 0x70,
    0xcf, 0xf7, 0x6, 0xff, 0xff, 0xb0, 0xcf, 0xf7,
    0x0, 0x5c, 0xff, 0xb0, 0xcf, 0xf7,

    /* U+0E26 "ฦ" */
    0x0, 0x2, 0x9d, 0xff, 0xd9, 0x20, 0x0, 0x5,
    0xff, 0xff, 0xff, 0xff, 0x40, 0x1, 0xff, 0xfe,
    0xbc, 0xff, 0xfe, 0x0, 0x7f, 0xfc, 0x0, 0x4,
    0xff, 0xf5, 0xa, 0xff, 0xff, 0xe0, 0xc, 0xff,
    0x80, 0xbf, 0xff, 0xfe, 0x0, 0xbf, 0xf9, 0x1,
    0x27, 0xfe, 0x30, 0xb, 0xff, 0x90, 0x2, 0xff,
    0xa0, 0x0, 0xbf, 0xf9, 0x0, 0x6f, 0xf9, 0x0,
    0xb, 0xff, 0x90, 0x7, 0xff, 0x90, 0x0, 0xbf,
    0xf9, 0x19, 0xcf, 0xf9, 0x0, 0xb, 0xff, 0x92,
    0xff, 0xff, 0x60, 0x0, 0xbf, 0xf9, 0x2f, 0xff,
    0x90, 0x0, 0xb, 0xff, 0x90, 0x0, 0x0, 0x0,
    0x0, 0xbf, 0xf9, 0x0, 0x0, 0x0, 0x0, 0xb,
    0xff, 0x90, 0x0, 0x0, 0x0, 0x0, 0xbf, 0xf9,
    0x0, 0x0, 0x0, 0x0, 0xb, 0xff, 0x90, 0x0,
    0x0, 0x0, 0x0, 0xbf, 0xf9,

    /* U+0E27 "ว" */
    0x0, 0x19, 0xef, 0xfb, 0x40, 0x0, 0x3e, 0xff,
    0xff, 0xff, 0x70, 0xd, 0xff, 0xfd, 0xff, 0xff,
    0x21, 0x9f, 0xf2, 0x1, 0xef, 0xf8, 0x0, 0x14,
    0x0, 0x8, 0xff, 0xc0, 0x0, 0x0, 0x0, 0x7f,
    0xfe, 0x0, 0x0, 0x0, 0x7, 0xff, 0xf0, 0x0,
    0x0, 0x0, 0x7f, 0xfe, 0x0, 0x35, 0x0, 0x8,
    0xff, 0xc1, 0xdf, 0xf2, 0x1, 0xef, 0xf9, 0xd,
    0xff, 0xfd, 0xff, 0xff, 0x20, 0x2e, 0xff, 0xff,
    0xff, 0x70, 0x0, 0x18, 0xdf, 0xfc, 0x40, 0x0,

    /* U+0E28 "ศ" */
    0x0, 0x0, 0x0, 0x0, 0x0, 0x46, 0x60, 0x1,
    0x9d, 0xff, 0xd8, 0x6f, 0xff, 0x3, 0xff, 0xff,
    0xff, 0xff, 0xff, 0xf0, 0xdf, 0xff, 0xee, 0xff,
    0xfe, 0x0, 0x4f, 0xff, 0x60, 0x6, 0xff, 0xf5,
    0x7, 0xff, 0xd0, 0x0, 0xd, 0xff, 0x80, 0x8f,
    0xfc, 0x1a, 0xc0, 0xbf, 0xf9, 0x8, 0xff, 0xcd,
    0xff, 0xb, 0xff, 0x90, 0x8f, 0xff, 0xff, 0xf0,
    0xbf, 0xf9, 0x8, 0xff, 0xf6, 0x0, 0xb, 0xff,
    0x90, 0x8f, 0xfc, 0x0, 0x0, 0xbf, 0xf9, 0x8,
    0xff, 0xc0, 0x0, 0xb, 0xff, 0x90, 0x8f, 0xfc,
    0x0, 0x0, 0xbf, 0xf9, 0x8, 0xff, 0xc0, 0x0,
    0xb, 0xff, 0x90,

    /* U+0E29 "ษ" */
    0x8f, 0xfc, 0x0, 0x0, 0xef, 0xf4, 0x8, 0xff,
    0xc0, 0x0, 0xe, 0xff, 0x40, 0x8f, 0xfc, 0x0,
    0x0, 0xef, 0xf4, 0x8, 0xff, 0xc0, 0x0, 0xe,
    0xff, 0x40, 0x8f, 0xfc, 0x0, 0xff, 0xff, 0xff,
    0xd8, 0xff, 0xc0, 0xf, 0xff, 0xff, 0xfd, 0x8f,
    0xfc, 0x0, 0xcc, 0xff, 0xfd, 0xa7, 0xff, 0xc0,
    0x0, 0xe, 0xff, 0x40, 0x6f, 0xfe, 0x0, 0x0,
    0xff, 0xf3, 0x3, 0xff, 0xf6, 0x0, 0x8f, 0xff,
    0x0, 0xd, 0xff, 0xfe, 0xff, 0xff, 0xa0, 0x0,
    0x3e, 0xff, 0xff, 0xff, 0xd1, 0x0, 0x0, 0x19,
    0xdf, 0xfd, 0x80, 0x0, 0x0,

    /* U+0E2A "ส" */
    0x0, 0x0, 0x0, 0x0, 0x0, 0x46, 0x50, 0x0,
    0x7c, 0xff, 0xe9, 0x8f, 0xfe, 0x2, 0xdf, 0xff,
    0xff, 0xff, 0xff, 0xe0, 0xaf, 0xff, 0xdd, 0xff,
    0xfd, 0x0, 0x1, 0xce, 0x30, 0x3, 0xff, 0xf4,
    0x0, 0x0, 0x20, 0x0, 0xd, 0xff, 0x60, 0x0,
    0x1, 0x34, 0x44, 0xdf, 0xf7, 0x0, 0x9, 0xff,
    0xff, 0xff, 0xff, 0x70, 0x9, 0xff, 0xff, 0xff,
    0xff, 0xf7, 0x0, 0xff, 0xf6, 0x0, 0xc, 0xff,
    0x70, 0xf, 0xff, 0x30, 0x0, 0xcf, 0xf7, 0x0,
    0xdf, 0xfe, 0xb7, 0xc, 0xff, 0x70, 0x6, 0xff,
    0xff, 0xb0, 0xcf, 0xf7, 0x0, 0x5, 0xcf, 0xfb,
    0xc, 0xff, 0x70,

    /* U+0E2B "ห" */
    0x6f, 0xfe, 0x0, 0x5, 0xff, 0xf1, 0x6f, 0xfe,
    0x0, 0x5, 0xff, 0xf0, 0x6f, 0xfe, 0x0, 0x5,
    0xff, 0xd0, 0x6f, 0xfe, 0x0, 0x9, 0xfe, 0x30,
    0x6f, 0xff, 0x77, 0xaf, 0xc2, 0x0, 0x6f, 0xff,
    0xff, 0xff, 0xff, 0x40, 0x6f, 0xff, 0xff, 0xff,
    0xff, 0xd0, 0x6f, 0xfe, 0x0, 0x8, 0xff, 0xf2,
    0x6f, 0xfe, 0x0, 0x0, 0xff, 0xf3, 0x6f, 0xfe,
    0x0, 0x0, 0xff, 0xf3, 0x6f, 0xfe, 0x0, 0x0,
    0xff, 0xf3, 0x6f, 0xfe, 0x0, 0x0, 0xff, 0xf3,
    0x6f, 0xfe, 0x0, 0x0, 0xff, 0xf3,

    /* U+0E2C "ฬ" */
    0x0, 0x0, 0x0, 0x0, 0x0, 0x0, 0x7, 0xff,
    0x60, 0x0, 0x0, 0x0, 0x0, 0x0, 0x1, 0xef,
    0xf1, 0x0, 0x0, 0x0, 0x0, 0x1, 0x89, 0xef,
    0xf7, 0x0, 0x0, 0x0, 0x0, 0x0, 0x3f, 0xff,
    0xf5, 0x0, 0xf, 0xff, 0x10, 0x0, 0x3, 0xff,
    0xff, 0xf0, 0x0, 0xcf, 0xf2, 0x1, 0x33, 0x30,
    0x1e, 0xff, 0x20, 0xa, 0xff, 0x40, 0x7f, 0xfe,
    0x0, 0xbf, 0xf1, 0x0, 0x8f, 0xf5, 0xb, 0xff,
    0xf2, 0xc, 0xff, 0x0, 0x6, 0xff, 0x60, 0xef,
    0xff, 0x60, 0xdf, 0xd0, 0x0, 0x4f, 0xf7, 0x2f,
    0xf9, 0xf9, 0xf, 0xfb, 0x0, 0x1, 0xff, 0x95,
    0xfc, 0x5f, 0xd0, 0xff, 0x90, 0x0, 0xf, 0xfa,
    0x9f, 0x91, 0xff, 0x3f, 0xf6, 0x0, 0x0, 0xdf,
    0xbd, 0xf5, 0xe, 0xf8, 0xff, 0x40, 0x0, 0xb,
    0xfd, 0xff, 0x20, 0xaf, 0xdf, 0xf2, 0x0, 0x0,
    0x8f, 0xff, 0xe0, 0x7, 0xff, 0xff, 0x0, 0x0,
    0x6, 0xff, 0xfb, 0x0, 0x3f, 0xff, 0xe0, 0x0,
    0x0, 0x4f, 0xff, 0x70, 0x0, 0xff, 0xfc, 0x0,
    0x0,

    /* U+0E2D "อ" */
    0x0, 0x6c, 0xff, 0xea, 0x20, 0x0, 0xcf, 0xff,
    0xff, 0xff, 0x50, 0x9f, 0xff, 0xec, 0xff, 0xff,
    0x15, 0xcf, 0xa0, 0x1, 0xef, 0xf8, 0x0, 0x31,
    0x0, 0x9, 0xff, 0xc0, 0x58, 0x99, 0x20, 0x7f,
    0xff, 0x7f, 0xff, 0xf4, 0x7, 0xff, 0xfd, 0xff,
    0xff, 0x40, 0x7f, 0xfe, 0xef, 0xf4, 0x0, 0x8,
    0xff, 0xcd, 0xff, 0x90, 0x0, 0xdf, 0xf7, 0x7f,
    0xff, 0xca, 0xdf, 0xff, 0x10, 0xbf, 0xff, 0xff,
    0xff, 0x40, 0x0, 0x6c, 0xff, 0xea, 0x20, 0x0,

    /* U+0E2E "ฮ" */
    0x0, 0x0, 0x0, 0x0, 0x2, 0x66, 0x10, 0x7,
    0xcf, 0xfd, 0x81, 0xff, 0xf4, 0xc, 0xff, 0xff,
    0xff, 0xef, 0xff, 0x49, 0xff, 0xfe, 0xcf, 0xff,
    0xf1, 0x0, 0x5c, 0xfa, 0x0, 0x1e, 0xff, 0x80,
    0x0, 0x3, 0x10, 0x0, 0x9f, 0xfd, 0x0, 0x5,
    0x89, 0x92, 0x7, 0xff, 0xf0, 0x7, 0xff, 0xff,
    0x40, 0x7f, 0xff, 0x0, 0xdf, 0xff, 0xf4, 0x7,
    0xff, 0xe0, 0xe, 0xff, 0x40, 0x0, 0x8f, 0xfc,
    0x0, 0xdf, 0xf9, 0x0, 0xd, 0xff, 0x70, 0x7,
    0xff, 0xfc, 0xad, 0xff, 0xf1, 0x0, 0xb, 0xff,
    0xff, 0xff, 0xf4, 0x0, 0x0, 0x6, 0xcf, 0xfe,
    0xa2, 0x0, 0x0,

    /* U+0E2F "ฯ" */
    0x1, 0x9e, 0xff, 0x77, 0xff, 0xd0, 0xdf, 0xff,
    0xf7, 0x7f, 0xfd, 0x5f, 0xff, 0xa8, 0x37, 0xff,
    0xd9, 0xff, 0xa0, 0x0, 0xaf, 0xfd, 0x9f, 0xfa,
    0x0, 0x1f, 0xff, 0xd7, 0xff, 0xfa, 0x9e, 0xef,
    0xfd, 0x1e, 0xff, 0xff, 0xe8, 0xff, 0xd0, 0x2b,
    0xff, 0xc2, 0x7f, 0xfd, 0x0, 0x0, 0x0, 0x7,
    0xff, 0xd0, 0x0, 0x0, 0x0, 0x7f, 0xfd, 0x0,
    0x0, 0x0, 0x7, 0xff, 0xd0, 0x0, 0x0, 0x0,
    0x7f, 0xfd, 0x0, 0x0, 0x0, 0x7, 0xff, 0xd0,

    /* U+0E30 "ะ" */
    0x58, 0x84, 0x0, 0x0, 0xaf, 0xf8, 0x0, 0x0,
    0xaf, 0xf8, 0x0, 0x0, 0x8f, 0xff, 0xff, 0xfb,
    0x2f, 0xff, 0xff, 0xfb, 0x4, 0xbd, 0xee, 0xea,
    0x0, 0x0, 0x0, 0x0, 0x7b, 0xb6, 0x0, 0x0,
    0xaf, 0xf8, 0x0, 0x0, 0x9f, 0xff, 0xee, 0xea,
    0x5f, 0xff, 0xff, 0xfb, 0x7, 0xef, 0xff, 0xfb,

    /* U+0E31 "ั" */
    0x68, 0x80, 0x0, 0x0, 0xdf, 0xf1, 0x0, 0x0,
    0xcf, 0xf7, 0x77, 0x73, 0x7f, 0xff, 0xff, 0xf8,
    0x9, 0xef, 0xff, 0xf8,

    /* U+0E32 "า" */
    0x2, 0x9d, 0xff, 0xd7, 0x0, 0x4f, 0xff, 0xff,
    0xff, 0xb0, 0xcf, 0xff, 0xce, 0xff, 0xf5, 0x1c,
    0xc1, 0x0, 0xdf, 0xfa, 0x0, 0x0, 0x0, 0x9f,
    0xfb, 0x0, 0x0, 0x0, 0x8f, 0xfc, 0x0, 0x0,
    0x0, 0x8f, 0xfc, 0x0, 0x0, 0x0, 0x8f, 0xfc,
    0x0, 0x0, 0x0, 0x8f, 0xfc, 0x0, 0x0, 0x0,
    0x8f, 0xfc, 0x0, 0x0, 0x0, 0x8f, 0xfc, 0x0,
    0x0, 0x0, 0x8f, 0xfc, 0x0, 0x0, 0x0, 0x8f,
    0xfc,

    /* U+0E33 "ำ" */
    0x1b, 0xfe, 0x70, 0x0, 0x0, 0x0, 0x0, 0x0,
    0x8f, 0xad, 0xf2, 0x0, 0x0, 0x0, 0x0, 0x0,
    0xaf, 0x6, 0xf4, 0x0, 0x0, 0x0, 0x0, 0x0,
    0x8f, 0xad, 0xf2, 0x0, 0x0, 0x0, 0x0, 0x0,
    0x1b, 0xfe, 0x70, 0x0, 0x0, 0x0, 0x0, 0x0,
    0x0, 0x0, 0x0, 0x0, 0x0, 0x0, 0x0, 0x0,
    0x0, 0x0, 0x0, 0x2, 0x9d, 0xff, 0xd7, 0x0,
    0x0, 0x0, 0x0, 0x4f, 0xff, 0xff, 0xff, 0xb0,
    0x0, 0x0, 0x0, 0xcf, 0xff, 0xce, 0xff, 0xf5,
    0x0, 0x0, 0x0, 0x1c, 0xc1, 0x0, 0xdf, 0xfa,
    0x0, 0x0, 0x0, 0x0, 0x0, 0x0, 0x9f, 0xfb,
    0x0, 0x0, 0x0, 0x0, 0x0, 0x0, 0x8f, 0xfc,
    0x0, 0x0, 0x0, 0x0, 0x0, 0x0, 0x8f, 0xfc,
    0x0, 0x0, 0x0, 0x0, 0x0, 0x0, 0x8f, 0xfc,
    0x0, 0x0, 0x0, 0x0, 0x0, 0x0, 0x8f, 0xfc,
    0x0, 0x0, 0x0, 0x0, 0x0, 0x0, 0x8f, 0xfc,
    0x0, 0x0, 0x0, 0x0, 0x0, 0x0, 0x8f, 0xfc,
    0x0, 0x0, 0x0, 0x0, 0x0, 0x0, 0x8f, 0xfc,
    0x0, 0x0, 0x0, 0x0, 0x0, 0x0, 0x8f, 0xfc,

    /* U+0E34 "ิ" */
    0x17, 0x77, 0x77, 0x77, 0x77, 0x32, 0xff, 0xff,
    0xff, 0xff, 0xf8, 0x2f, 0xff, 0xff, 0xff, 0xff,
    0x80,

    /* U+0E35 "ี" */
    0x0, 0x0, 0x0, 0x7, 0xff, 0x80, 0x0, 0x0,
    0x0, 0x7f, 0xf8, 0x17, 0x77, 0x77, 0x7a, 0xff,
    0x72, 0xff, 0xff, 0xff, 0xff, 0xf2, 0x2f, 0xff,
    0xff, 0xff, 0xd5, 0x0,

    /* U+0E36 "ึ" */
    0x0, 0x0, 0x0, 0x4d, 0xfd, 0x50, 0x0, 0x0,
    0x0, 0xef, 0x9f, 0xf0, 0x17, 0x77, 0x77, 0xfa,
    0xa, 0xf1, 0x3f, 0xff, 0xff, 0xff, 0xaf, 0xf0,
    0x3f, 0xff, 0xff, 0xff, 0xfd, 0x50,

    /* U+0E37 "ื" */
    0x0, 0x0, 0xef, 0xb4, 0xff, 0x80, 0x0, 0xe,
    0xfb, 0x4f, 0xf7, 0x17, 0x77, 0xff, 0xd9, 0xff,
    0x62, 0xff, 0xff, 0xff, 0xff, 0xf2, 0x2f, 0xff,
    0xff, 0xff, 0xd5, 0x0,

    /* U+0E38 "ุ" */
    0x18, 0x87, 0x30, 0x3f, 0xff, 0xf2, 0x3f, 0xff,
    0xf7, 0x0, 0x2f, 0xf8, 0x0, 0x2f, 0xf8, 0x0,
    0x2f, 0xf8,

    /* U+0E39 "ู" */
    0x25, 0x40, 0x4, 0x52, 0x8f, 0xfd, 0xe, 0xf8,
    0x8f, 0xff, 0x2e, 0xf8, 0x3, 0xff, 0x3e, 0xf8,
    0x2, 0xff, 0xef, 0xf6, 0x0, 0x9f, 0xff, 0xc1,

    /* U+0E3A "ฺ" */
    0x5, 0xba, 0x20, 0xff, 0xfa, 0xf, 0xff, 0xb0,
    0x8f, 0xe4,

    /* U+0E3F "฿" */
    0x0, 0x0, 0xe, 0xf9, 0x0, 0x0, 0x0, 0x0,
    0x0, 0xef, 0x90, 0x0, 0x0, 0x3b, 0xbb, 0xbf,
    0xfd, 0xa8, 0x20, 0x5, 0xff, 0xff, 0xff, 0xff,
    0xff, 0x40, 0x5f, 0xff, 0xff, 0xff, 0xff, 0xfe,
    0x5, 0xff, 0xd0, 0xbf, 0x66, 0xff, 0xf2, 0x5f,
    0xfd, 0xb, 0xf6, 0x1f, 0xff, 0x25, 0xff, 0xd0,
    0xbf, 0x62, 0xff, 0xf0, 0x5f, 0xfe, 0x9e, 0xfb,
    0xdf, 0xf6, 0x5, 0xff, 0xff, 0xff, 0xff, 0xd6,
    0x0, 0x5f, 0xff, 0xff, 0xff, 0xff, 0xfd, 0x15,
    0xff, 0xd0, 0xbf, 0x61, 0xcf, 0xf8, 0x5f, 0xfd,
    0xb, 0xf6, 0x8, 0xff, 0xb5, 0xff, 0xd0, 0xbf,
    0x60, 0xaf, 0xfb, 0x5f, 0xff, 0xbe, 0xfc, 0xcf,
    0xff, 0x65, 0xff, 0xff, 0xff, 0xff, 0xff, 0xd0,
    0x5f, 0xff, 0xff, 0xff, 0xff, 0xa1, 0x0, 0x0,
    0x0, 0xef, 0x90, 0x0, 0x0, 0x0, 0x0, 0xe,
    0xf9, 0x0, 0x0, 0x0, 0x0, 0x0, 0x78, 0x40,
    0x0, 0x0,

    /* U+0E40 "เ" */
    0x5f, 0xff, 0x0, 0x5f, 0xff, 0x0, 0x5f, 0xff,
    0x0, 0x5f, 0xff, 0x0, 0x5f, 0xff, 0x0, 0x5f,
    0xff, 0x0, 0x5f, 0xff, 0x0, 0x5f, 0xff, 0x0,
    0x5f, 0xff, 0x0, 0x5f, 0xff, 0x0, 0x4f, 0xff,
    0xc9, 0xe, 0xff, 0xfc, 0x3, 0xcf, 0xfc,

    /* U+0E41 "แ" */
    0x5f, 0xff, 0x0, 0xb, 0xff, 0x90, 0x5, 0xff,
    0xf0, 0x0, 0xbf, 0xf9, 0x0, 0x5f, 0xff, 0x0,
    0xb, 0xff, 0x90, 0x5, 0xff, 0xf0, 0x0, 0xbf,
    0xf9, 0x0, 0x5f, 0xff, 0x0, 0xb, 0xff, 0x90,
    0x5, 0xff, 0xf0, 0x0, 0xbf, 0xf9, 0x0, 0x5f,
    0xff, 0x0, 0xb, 0xff, 0x90, 0x5, 0xff, 0xf0,
    0x0, 0xbf, 0xf9, 0x0, 0x5f, 0xff, 0x0, 0xb,
    0xff, 0x90, 0x5, 0xff, 0xf0, 0x0, 0xbf, 0xf9,
    0x0, 0x4f, 0xff, 0xc9, 0x9, 0xff, 0xec, 0x50,
    0xef, 0xff, 0xc0, 0x5f, 0xff, 0xf7, 0x3, 0xcf,
    0xfc, 0x0, 0x7e, 0xff, 0x70,

    /* U+0E42 "โ" */
    0xcf, 0xff, 0xff, 0xff, 0xf3, 0xcf, 0xff, 0xff,
    0xff, 0xf3, 0xbf, 0xfc, 0xcc, 0xcc, 0xc2, 0x6,
    0xff, 0x70, 0x0, 0x0, 0x0, 0xbf, 0xf3, 0x0,
    0x0, 0x0, 0x6f, 0xfa, 0x0, 0x0, 0x0, 0x5f,
    0xfd, 0x0, 0x0, 0x0, 0x5f, 0xff, 0x0, 0x0,
    0x0, 0x5f, 0xff, 0x0, 0x0, 0x0, 0x5f, 0xff,
    0x0, 0x0, 0x0, 0x5f, 0xff, 0x0, 0x0, 0x0,
    0x5f, 0xff, 0x0, 0x0, 0x0, 0x5f, 0xff, 0x0,
    0x0, 0x0, 0x5f, 0xff, 0x0, 0x0, 0x0, 0x5f,
    0xff, 0x0, 0x0, 0x0, 0x5f, 0xff, 0x0, 0x0,
    0x0, 0x5f, 0xff, 0x0, 0x0, 0x0, 0x4f, 0xff,
    0xcc, 0x0, 0x0, 0xf, 0xff, 0xff, 0x0, 0x0,
    0x3, 0xcf, 0xff, 0x0,

    /* U+0E43 "ใ" */
    0x0, 0x3, 0x77, 0x61, 0x0, 0x1, 0xcf, 0xff,
    0xff, 0x70, 0xd, 0xff, 0xff, 0xff, 0xf4, 0x4f,
    0xfe, 0x42, 0xcf, 0xfa, 0x3, 0xa7, 0x0, 0x6f,
    0xfc, 0x0, 0x0, 0x0, 0x8f, 0xfa, 0x0, 0x2,
    0x59, 0xff, 0xf4, 0x0, 0x7, 0xff, 0xff, 0x70,
    0x0, 0x7, 0xff, 0xe1, 0x0, 0x0, 0x7, 0xff,
    0xd0, 0x0, 0x0, 0x7, 0xff, 0xd0, 0x0, 0x0,
    0x7, 0xff, 0xd0, 0x0, 0x0, 0x7, 0xff, 0xd0,
    0x0, 0x0, 0x7, 0xff, 0xd0, 0x0, 0x0, 0x7,
    0xff, 0xd0, 0x0, 0x0, 0x7, 0xff, 0xd0, 0x0,
    0x0, 0x7, 0xff, 0xd0, 0x0, 0x0, 0x7, 0xff,
    0xd0, 0x0, 0x0, 0x6, 0xff, 0xfc, 0xa0, 0x0,
    0x2, 0xff, 0xff, 0xe0, 0x0, 0x0, 0x5d, 0xff,
    0xe0,

    /* U+0E44 "ไ" */
    0x5f, 0xff, 0xff, 0xff, 0x95, 0xff, 0xff, 0xff,
    0xf9, 0x4d, 0xdd, 0xdf, 0xff, 0x80, 0x0, 0x1c,
    0xfc, 0x20, 0x0, 0xc, 0xff, 0x10, 0x0, 0x4,
    0xff, 0xb0, 0x0, 0x0, 0x8f, 0xf9, 0x0, 0x0,
    0xa, 0xff, 0x90, 0x0, 0x0, 0xbf, 0xf9, 0x0,
    0x0, 0xb, 0xff, 0x90, 0x0, 0x0, 0xbf, 0xf9,
    0x0, 0x0, 0xb, 0xff, 0x90, 0x0, 0x0, 0xbf,
    0xf9, 0x0, 0x0, 0xb, 0xff, 0x90, 0x0, 0x0,
    0xbf, 0xf9, 0x0, 0x0, 0xb, 0xff, 0x90, 0x0,
    0x0, 0xbf, 0xf9, 0x0, 0x0, 0xa, 0xff, 0xec,
    0x70, 0x0, 0x5f, 0xff, 0xfa, 0x0, 0x0, 0x7e,
    0xff, 0xa0,

    /* U+0E45 "ๅ" */
    0x1, 0x9e, 0xff, 0xd7, 0x0, 0x3f, 0xff, 0xff,
    0xff, 0xb0, 0xcf, 0xff, 0xef, 0xff, 0xf6, 0x1c,
    0xe3, 0x0, 0xdf, 0xfb, 0x0, 0x20, 0x0, 0x7f,
    0xfd, 0x0, 0x0, 0x0, 0x6f, 0xfe, 0x0, 0x0,
    0x0, 0x6f, 0xfe, 0x0, 0x0, 0x0, 0x6f, 0xfe,
    0x0, 0x0, 0x0, 0x6f, 0xfe, 0x0, 0x0, 0x0,
    0x6f, 0xfe, 0x0, 0x0, 0x0, 0x6f, 0xfe, 0x0,
    0x0, 0x0, 0x6f, 0xfe, 0x0, 0x0, 0x0, 0x6f,
    0xfe, 0x0, 0x0, 0x0, 0x6f, 0xfe, 0x0, 0x0,
    0x0, 0x6f, 0xfe, 0x0, 0x0, 0x0, 0x6f, 0xfe,
    0x0, 0x0, 0x0, 0x6f, 0xfe, 0x0, 0x0, 0x0,
    0x6f, 0xfe,

    /* U+0E46 "ๆ" */
    0x1, 0xae, 0xe8, 0xfd, 0x80, 0x0, 0xcf, 0xff,
    0xff, 0xff, 0xa0, 0x3f, 0xfd, 0x9e, 0x8f, 0xff,
    0x15, 0xff, 0x80, 0x11, 0xff, 0xf3, 0x5f, 0xfb,
    0x0, 0x1f, 0xff, 0x33, 0xff, 0xff, 0x41, 0xff,
    0xf3, 0xa, 0xff, 0xf4, 0x1f, 0xff, 0x30, 0x5,
    0x9a, 0x21, 0xff, 0xf3, 0x0, 0x0, 0x0, 0x1f,
    0xff, 0x30, 0x0, 0x0, 0x1, 0xff, 0xf3, 0x0,
    0x0, 0x0, 0x1f, 0xff, 0x30, 0x0, 0x0, 0x1,
    0xff, 0xf3, 0x0, 0x0, 0x0, 0x1f, 0xff, 0x30,
    0x0, 0x0, 0x1, 0xff, 0xf3, 0x0, 0x0, 0x0,
    0x1f, 0xff, 0x30, 0x0, 0x0, 0x0, 0x55, 0x51,

    /* U+0E47 "็" */
    0x4, 0xdf, 0xff, 0xff, 0x40, 0xff, 0xdc, 0xcc,
    0xc3, 0x2f, 0xc3, 0xa3, 0x6a, 0x10, 0xff, 0xcf,
    0xad, 0xf1, 0x5, 0xef, 0x76, 0xfb, 0x0,

    /* U+0E48 "่" */
    0x9b, 0xb3, 0xcf, 0xf4, 0xcf, 0xf4, 0xcf, 0xf4,
    0xcf, 0xf4,

    /* U+0E49 "้" */
    0x6f, 0xfc, 0x20, 0x0, 0x6, 0xff, 0xfb, 0x0,
    0x0, 0x27, 0xdf, 0xf7, 0x77, 0x20, 0xb, 0xff,
    0xff, 0xf4, 0x0, 0xbf, 0xff, 0xff, 0x40,

    /* U+0E4A "๊" */
    0x0, 0x0, 0x0, 0x0, 0x0, 0x3, 0xce, 0x59,
    0xf9, 0x0, 0xe, 0xfe, 0xff, 0xff, 0x50, 0x1f,
    0xf3, 0x42, 0x9f, 0x81, 0xe, 0xfe, 0xb2, 0x9f,
    0xff, 0x3, 0xcf, 0xf3, 0x9f, 0xff,

    /* U+0E4B "๋" */
    0x0, 0x7f, 0xf2, 0x0, 0x38, 0xff, 0x42, 0x2f,
    0xff, 0xff, 0xd2, 0xff, 0xff, 0xfd, 0x0, 0x7f,
    0xf2, 0x0, 0x3, 0x88, 0x10,

    /* U+0E4C "์" */
    0x0, 0x46, 0x77, 0x0, 0xcf, 0xff, 0xf1, 0x5f,
    0xff, 0xff, 0x17, 0xff, 0x40, 0x0, 0x8f, 0xf4,
    0x0, 0x0,

    /* U+0E4D "ํ" */
    0x0, 0x10, 0x0, 0x3e, 0xff, 0x90, 0xaf, 0x5a,
    0xf2, 0xae, 0x39, 0xf2, 0x5f, 0xff, 0xc0, 0x1,
    0x43, 0x0,

    /* U+0E4E "๎" */
    0x0, 0xb, 0xff, 0xb0, 0x3, 0xff, 0xfb, 0x2d,
    0xff, 0xc1, 0x8, 0xff, 0xfc, 0x0, 0x9f, 0xe3,
    0x20, 0x9, 0xfd, 0x0, 0x0,

    /* U+0E4F "๏" */
    0x0, 0x5, 0xcf, 0xfc, 0x60, 0x0, 0x0, 0x9f,
    0xff, 0xff, 0xf9, 0x0, 0x5, 0xff, 0x93, 0x39,
    0xff, 0x50, 0xd, 0xfa, 0x4e, 0xe5, 0xaf, 0xc0,
    0xf, 0xf6, 0xcf, 0xfc, 0x6f, 0xf0, 0x1f, 0xf6,
    0xcf, 0xfc, 0x6f, 0xf1, 0xf, 0xf6, 0x9f, 0xf9,
    0x6f, 0xf0, 0xc, 0xfa, 0x5, 0x50, 0xaf, 0xc0,
    0x5, 0xff, 0x93, 0x39, 0xff, 0x50, 0x0, 0x9f,
    0xff, 0xff, 0xf9, 0x0, 0x0, 0x5, 0xcf, 0xfc,
    0x50, 0x0,

    /* U+0E50 "๐" */
    0x0, 0x5, 0xcf, 0xfd, 0x81, 0x0, 0x0, 0x9f,
    0xff, 0xff, 0xfe, 0x20, 0x6, 0xff, 0xfb, 0xae,
    0xff, 0xc0, 0xd, 0xff, 0x80, 0x2, 0xff, 0xf3,
    0x1f, 0xff, 0x30, 0x0, 0xcf, 0xf7, 0x2f, 0xff,
    0x30, 0x0, 0xcf, 0xf9, 0x2f, 0xff, 0x30, 0x0,
    0xcf, 0xf9, 0x1f, 0xff, 0x30, 0x0, 0xcf, 0xf7,
    0xd, 0xff, 0x80, 0x2, 0xff, 0xf3, 0x5, 0xff,
    0xfb, 0xae, 0xff, 0xc0, 0x0, 0x9f, 0xff, 0xff,
    0xfe, 0x20, 0x0, 0x5, 0xcf, 0xfd, 0x81, 0x0,

    /* U+0E51 "๑" */
    0x0, 0x3, 0x79, 0x85, 0x0, 0x0, 0x0, 0xaf,
    0xff, 0xff, 0xe5, 0x0, 0x9, 0xff, 0xff, 0xff,
    0xff, 0x30, 0x1f, 0xff, 0x60, 0x2c, 0xff, 0xa0,
    0x4f, 0xfc, 0x0, 0x5, 0xff, 0xe0, 0x5f, 0xfc,
    0x0, 0x3, 0xff, 0xf0, 0x3f, 0xff, 0x30, 0x4,
    0xff, 0xf0, 0xd, 0xff, 0xfc, 0x6, 0xff, 0xe0,
    0x3, 0xef, 0xfc, 0xb, 0xff, 0x90, 0x0, 0x5,
    0x86, 0x3f, 0xff, 0x30, 0x0, 0x0, 0x1, 0xdf,
    0xfa, 0x0, 0x0, 0x0, 0x1c, 0xff, 0xe1, 0x0,
    0x0, 0x2, 0xdf, 0xfe, 0x20, 0x0,

    /* U+0E52 "๒" */
    0x9f, 0xf7, 0x0, 0x0, 0x0, 0x0, 0x0, 0x9f,
    0xf7, 0x0, 0x0, 0x0, 0x0, 0x0, 0x9f, 0xf7,
    0x0, 0x14, 0x20, 0x53, 0x0, 0x9f, 0xf7, 0x4,
    0xff, 0xe9, 0xff, 0xc0, 0x9f, 0xf7, 0xe, 0xff,
    0xff, 0xff, 0xf8, 0x9f, 0xf7, 0x2f, 0xf9, 0x48,
    0x4f, 0xfd, 0x9f, 0xf7, 0x3f, 0xf7, 0x0, 0x2f,
    0xfe, 0x9f, 0xf7, 0x2f, 0xfb, 0x71, 0x2f, 0xff,
    0x9f, 0xf7, 0xd, 0xff, 0xf3, 0x2f, 0xff, 0x9f,
    0xf7, 0x2, 0xbf, 0xf3, 0x2f, 0xfe, 0x7f, 0xfc,
    0x0, 0x0, 0x0, 0x7f, 0xfc, 0x2f, 0xff, 0xc9,
    0x99, 0x9b, 0xff, 0xf7, 0x9, 0xff, 0xff, 0xff,
    0xff, 0xff, 0xd0, 0x0, 0x5b, 0xef, 0xff, 0xfe,
    0xc7, 0x0,

    /* U+0E53 "๓" */
    0x3, 0xbf, 0xfe, 0x90, 0x1b, 0xfe, 0x80, 0x1f,
    0xff, 0xff, 0xfb, 0x9f, 0xff, 0xf5, 0x7f, 0xfe,
    0xae, 0xff, 0xea, 0xff, 0xf9, 0xaf, 0xf7, 0x7,
    0xff, 0x50, 0x8f, 0xfa, 0xbf, 0xf5, 0x5, 0xff,
    0x40, 0x6f, 0xfa, 0xbf, 0xf5, 0x5, 0xff, 0x40,
    0x6f, 0xfa, 0xbf, 0xf5, 0x5, 0xff, 0x40, 0x6f,
    0xfa, 0xbf, 0xf5, 0x5, 0xff, 0x40, 0x6f, 0xfa,
    0xbf, 0xf5, 0x5, 0xff, 0x40, 0x6f, 0xfa, 0xaf,
    0xfb, 0x50, 0x22, 0x0, 0x6f, 0xfa, 0x5f, 0xff,
    0xa0, 0x0, 0x0, 0x6f, 0xfa, 0x7, 0xef, 0xa0,
    0x0, 0x0, 0x6f, 0xfa,

    /* U+0E54 "๔" */
    0x0, 0x0, 0x0, 0x0, 0xb, 0xff, 0x40, 0x0,
    0x0, 0x0, 0x0, 0xbf, 0xf4, 0x0, 0x0, 0x58,
    0x99, 0x9e, 0xff, 0x30, 0x4, 0xef, 0xff, 0xff,
    0xff, 0xe0, 0x2, 0xff, 0xff, 0xff, 0xff, 0xc3,
    0x0, 0xbf, 0xfc, 0x20, 0x0, 0x0, 0x0, 0xf,
    0xff, 0x40, 0x4, 0x67, 0x50, 0x2, 0xff, 0xf3,
    0xb, 0xff, 0xfd, 0x0, 0x3f, 0xff, 0x31, 0xff,
    0xff, 0xd0, 0x1, 0xff, 0xf3, 0xf, 0xff, 0x0,
    0x0, 0xd, 0xff, 0x80, 0x6f, 0xf3, 0x0, 0x0,
    0x6f, 0xff, 0xb9, 0xae, 0xfa, 0x60, 0x0, 0xaf,
    0xff, 0xff, 0xff, 0xfb, 0x0, 0x0, 0x5c, 0xff,
    0xff, 0xff, 0xb0,

    /* U+0E55 "๕" */
    0x0, 0x0, 0x17, 0x83, 0x1, 0x22, 0x0, 0x0,
    0xe, 0xff, 0xf4, 0x7f, 0xf4, 0x0, 0x4, 0xf7,
    0x3f, 0x97, 0xff, 0x40, 0x0, 0x4f, 0x52, 0xfb,
    0xaf, 0xf2, 0x0, 0x4e, 0xff, 0xff, 0xff, 0xfd,
    0x0, 0x3f, 0xff, 0xff, 0xff, 0xfb, 0x20, 0xb,
    0xff, 0xc2, 0x0, 0x0, 0x0, 0x0, 0xff, 0xf4,
    0x0, 0x46, 0x75, 0x0, 0x2f, 0xff, 0x30, 0xbf,
    0xff, 0xd0, 0x3, 0xff, 0xf3, 0x1f, 0xff, 0xfd,
    0x0, 0x1f, 0xff, 0x30, 0xff, 0xf0, 0x0, 0x0,
    0xdf, 0xf8, 0x6, 0xff, 0x30, 0x0, 0x6, 0xff,
    0xfb, 0x9a, 0xef, 0xa6, 0x0, 0xa, 0xff, 0xff,
    0xff, 0xff, 0xb0, 0x0, 0x6, 0xcf, 0xff, 0xff,
    0xfb, 0x0,

    /* U+0E56 "๖" */
    0x9f, 0xf4, 0x0, 0x0, 0x0, 0x0, 0x6f, 0xf7,
    0x0, 0x0, 0x0, 0x0, 0x3f, 0xf9, 0x1a, 0xff,
    0xc4, 0x0, 0x1f, 0xfc, 0xbf, 0xff, 0xff, 0x40,
    0xe, 0xff, 0xfa, 0xaf, 0xff, 0xd0, 0x8, 0xcc,
    0x40, 0x3, 0xff, 0xf3, 0x0, 0x0, 0x0, 0x0,
    0xef, 0xf6, 0x3, 0xcf, 0xfa, 0x0, 0xef, 0xf7,
    0xc, 0xff, 0xfa, 0x0, 0xef, 0xf7, 0xf, 0xff,
    0x74, 0x0, 0xef, 0xf5, 0xe, 0xff, 0x50, 0x3,
    0xff, 0xf1, 0x8, 0xff, 0xfa, 0xaf, 0xff, 0xa0,
    0x0, 0xcf, 0xff, 0xff, 0xfd, 0x10, 0x0, 0x7,
    0xdf, 0xfd, 0x80, 0x0,

    /* U+0E57 "๗" */
    0x0, 0x0, 0x0, 0x0, 0x0, 0x0, 0x0, 0x7f,
    0xf7, 0x0, 0x0, 0x0, 0x0, 0x0, 0x0, 0x0,
    0x7f, 0xf7, 0x3, 0xcf, 0xfc, 0x40, 0x5e, 0xf9,
    0x0, 0x7f, 0xf7, 0x1f, 0xff, 0xff, 0xf5, 0xff,
    0xff, 0x60, 0x7f, 0xf7, 0x7f, 0xfd, 0xaf, 0xff,
    0xad, 0xff, 0xa0, 0x7f, 0xf7, 0xaf, 0xf4, 0xd,
    0xfc, 0x4, 0xff, 0xb0, 0x7f, 0xf7, 0xbf, 0xf3,
    0xc, 0xfc, 0x4, 0xff, 0xb0, 0x7f, 0xf7, 0xbf,
    0xf3, 0xc, 0xfc, 0x4, 0xff, 0xb0, 0x7f, 0xf7,
    0xbf, 0xf3, 0xc, 0xfc, 0x4, 0xff, 0xb0, 0x7f,
    0xf7, 0xbf, 0xf3, 0xc, 0xfc, 0x4, 0xff, 0xb0,
    0x8f, 0xf6, 0xbf, 0xf3, 0x2, 0x32, 0x4, 0xff,
    0xb0, 0xcf, 0xf5, 0xaf, 0xfa, 0x60, 0x0, 0x4,
    0xff, 0xed, 0xff, 0xf1, 0x5f, 0xff, 0xa0, 0x0,
    0x4, 0xff, 0xff, 0xff, 0x60, 0x7, 0xef, 0xa0,
    0x0, 0x4, 0xff, 0xfe, 0xb4, 0x0,

    /* U+0E58 "๘" */
    0x0, 0x0, 0x0, 0x0, 0xb, 0xff, 0x40, 0x0,
    0x0, 0x0, 0x0, 0xb, 0xff, 0x40, 0x0, 0x5,
    0xcf, 0xff, 0xff, 0xff, 0x20, 0x0, 0x8f, 0xff,
    0xff, 0xff, 0xfb, 0x0, 0x4, 0xff, 0xfb, 0x99,
    0x99, 0x60, 0x0, 0xb, 0xff, 0x60, 0x0, 0x0,
    0x0, 0x0, 0xf, 0xff, 0x10, 0x0, 0x6, 0x63,
    0x0, 0x1f, 0xff, 0x0, 0x0, 0xe, 0xff, 0x60,
    0x2f, 0xff, 0x2, 0xaa, 0x2e, 0xff, 0xe0, 0x1f,
    0xff, 0x6, 0xff, 0x30, 0x9f, 0xf0, 0xe, 0xff,
    0x3a, 0xff, 0x70, 0xaf, 0xf0, 0x9, 0xff, 0xef,
    0xfa, 0xfb, 0xff, 0xe0, 0x1, 0xef, 0xff, 0xf2,
    0xef, 0xff, 0x90, 0x0, 0x2b, 0xfe, 0x60, 0x3d,
    0xfb, 0x10,

    /* U+0E59 "๙" */
    0x0, 0x0, 0x0, 0x0, 0x0, 0xf, 0xf9, 0x0,
    0x0, 0x0, 0x0, 0x0, 0xf, 0xf9, 0x8, 0xef,
    0xa1, 0x2e, 0xe2, 0xf, 0xf9, 0x7f, 0xff, 0xfc,
    0x8f, 0xfb, 0xf, 0xf8, 0xcf, 0xfd, 0xff, 0xed,
    0xff, 0x5f, 0xf6, 0xdf, 0xf1, 0xbf, 0xd0, 0xdf,
    0xff, 0xf1, 0xef, 0xf1, 0x4f, 0xf3, 0x6f, 0xfe,
    0x40, 0xef, 0xf1, 0xd, 0xfa, 0x2, 0x10, 0x0,
    0xef, 0xf1, 0x7, 0xff, 0x10, 0x0, 0x0, 0xef,
    0xf1, 0x1, 0xff, 0x80, 0x0, 0x0, 0xef, 0xf1,
    0x0, 0xaf, 0xe0, 0x0, 0x0, 0xcf, 0xf9, 0x40,
    0x3f, 0xf5, 0x0, 0x0, 0x8f, 0xff, 0x80, 0xd,
    0xfc, 0x0, 0x0, 0x9, 0xef, 0x80, 0x6, 0xff,
    0x30, 0x0,

    /* U+0E5A "๚" */
    0x1, 0x9e, 0xff, 0x77, 0xff, 0xc0, 0xf, 0xff,
    0x30, 0xdf, 0xff, 0xf7, 0x7f, 0xfc, 0x0, 0xff,
    0xf3, 0x6f, 0xff, 0xa8, 0x37, 0xff, 0xc0, 0xf,
    0xff, 0x39, 0xff, 0xa0, 0x0, 0xaf, 0xfc, 0x2,
    0xff, 0xf3, 0x9f, 0xfa, 0x0, 0x1f, 0xff, 0xc0,
    0x9f, 0xff, 0x37, 0xff, 0xfb, 0x9e, 0xef, 0xfe,
    0xce, 0xff, 0xf3, 0x1e, 0xff, 0xff, 0xe7, 0xff,
    0xff, 0x6f, 0xff, 0x30, 0x2b, 0xff, 0xb2, 0x7f,
    0xff, 0x70, 0xff, 0xf3, 0x0, 0x0, 0x0, 0x7,
    0xff, 0xc0, 0xf, 0xff, 0x30, 0x0, 0x0, 0x0,
    0x7f, 0xfc, 0x0, 0xff, 0xf3, 0x0, 0x0, 0x0,
    0x7, 0xff, 0xc0, 0xf, 0xff, 0x30, 0x0, 0x0,
    0x0, 0x7f, 0xfc, 0x0, 0xff, 0xf3, 0x0, 0x0,
    0x0, 0x7, 0xff, 0xc0, 0xf, 0xff, 0x30,

    /* U+0E5B "๛" */
    0x0, 0x37, 0x88, 0x0, 0x0, 0x0, 0x0, 0x0,
    0x0, 0x9, 0xff, 0xff, 0xa, 0xff, 0x37, 0xff,
    0x40, 0x0, 0x5f, 0xff, 0xff, 0xe, 0xff, 0x7b,
    0xff, 0xb0, 0x0, 0xbf, 0xfd, 0x10, 0x3f, 0xff,
    0xbf, 0xff, 0xf2, 0x0, 0xcf, 0xfb, 0x0, 0xaf,
    0xaf, 0xff, 0xcd, 0xff, 0xf2, 0x9f, 0xff, 0xbc,
    0xff, 0x3e, 0xff, 0xa5, 0xff, 0xf2, 0x2f, 0xff,
    0xff, 0xf8, 0xa, 0xff, 0x70, 0x36, 0x71, 0x2,
    0xbf, 0xfd, 0x60, 0x0, 0x11, 0x0, 0x0, 0x0
};


/*---------------------
 *  GLYPH DESCRIPTION
 *--------------------*/

static const lv_font_fmt_txt_glyph_dsc_t glyph_dsc[] = {
    {.bitmap_index = 0, .adv_w = 0, .box_w = 0, .box_h = 0, .ofs_x = 0, .ofs_y = 0} /* id = 0 reserved */,
    {.bitmap_index = 0, .adv_w = 83, .box_w = 0, .box_h = 0, .ofs_x = 0, .ofs_y = 0},
    {.bitmap_index = 0, .adv_w = 113, .box_w = 5, .box_h = 16, .ofs_x = 1, .ofs_y = 0},
    {.bitmap_index = 40, .adv_w = 174, .box_w = 9, .box_h = 8, .ofs_x = 1, .ofs_y = 9},
    {.bitmap_index = 76, .adv_w = 222, .box_w = 14, .box_h = 16, .ofs_x = 0, .ofs_y = 0},
    {.bitmap_index = 188, .adv_w = 212, .box_w = 13, .box_h = 20, .ofs_x = 0, .ofs_y = -2},
    {.bitmap_index = 318, .adv_w = 343, .box_w = 20, .box_h = 16, .ofs_x = 1, .ofs_y = 0},
    {.bitmap_index = 478, .adv_w = 254, .box_w = 15, .box_h = 16, .ofs_x = 1, .ofs_y = 0},
    {.bitmap_index = 598, .adv_w = 94, .box_w = 4, .box_h = 8, .ofs_x = 1, .ofs_y = 9},
    {.bitmap_index = 614, .adv_w = 119, .box_w = 8, .box_h = 21, .ofs_x = 0, .ofs_y = -4},
    {.bitmap_index = 698, .adv_w = 119, .box_w = 8, .box_h = 21, .ofs_x = -1, .ofs_y = -4},
    {.bitmap_index = 782, .adv_w = 212, .box_w = 13, .box_h = 12, .ofs_x = 0, .ofs_y = 5},
    {.bitmap_index = 860, .adv_w = 211, .box_w = 11, .box_h = 11, .ofs_x = 1, .ofs_y = 1},
    {.bitmap_index = 921, .adv_w = 109, .box_w = 6, .box_h = 8, .ofs_x = 0, .ofs_y = -3},
    {.bitmap_index = 945, .adv_w = 142, .box_w = 7, .box_h = 4, .ofs_x = 1, .ofs_y = 5},
    {.bitmap_index = 959, .adv_w = 109, .box_w = 5, .box_h = 5, .ofs_x = 1, .ofs_y = 0},
    {.bitmap_index = 972, .adv_w = 162, .box_w = 10, .box_h = 20, .ofs_x = 0, .ofs_y = -3},
    {.bitmap_index = 1072, .adv_w = 211, .box_w = 13, .box_h = 16, .ofs_x = 0, .ofs_y = 0},
    {.bitmap_index = 1176, .adv_w = 211, .box_w = 13, .box_h = 16, .ofs_x = 0, .ofs_y = 0},
    {.bitmap_index = 1280, .adv_w = 211, .box_w = 13, .box_h = 16, .ofs_x = 0, .ofs_y = 0},
    {.bitmap_index = 1384, .adv_w = 211, .box_w = 12, .box_h = 16, .ofs_x = 0, .ofs_y = 0},
    {.bitmap_index = 1480, .adv_w = 211, .box_w = 13, .box_h = 16, .ofs_x = 0, .ofs_y = 0},
    {.bitmap_index = 1584, .adv_w = 211, .box_w = 12, .box_h = 16, .ofs_x = 1, .ofs_y = 0},
    {.bitmap_index = 1680, .adv_w = 211, .box_w = 13, .box_h = 16, .ofs_x = 0, .ofs_y = 0},
    {.bitmap_index = 1784, .adv_w = 211, .box_w = 12, .box_h = 16, .ofs_x = 1, .ofs_y = 0},
    {.bitmap_index = 1880, .adv_w = 211, .box_w = 13, .box_h = 16, .ofs_x = 0, .ofs_y = 0},
    {.bitmap_index = 1984, .adv_w = 211, .box_w = 13, .box_h = 16, .ofs_x = 0, .ofs_y = 0},
    {.bitmap_index = 2088, .adv_w = 116, .box_w = 5, .box_h = 12, .ofs_x = 1, .ofs_y = 0},
    {.bitmap_index = 2118, .adv_w = 116, .box_w = 5, .box_h = 16, .ofs_x = 1, .ofs_y = -4},
    {.bitmap_index = 2158, .adv_w = 211, .box_w = 9, .box_h = 15, .ofs_x = 2, .ofs_y = -1},
    {.bitmap_index = 2226, .adv_w = 211, .box_w = 11, .box_h = 8, .ofs_x = 1, .ofs_y = 3},
    {.bitmap_index = 2270, .adv_w = 211, .box_w = 9, .box_h = 15, .ofs_x = 2, .ofs_y = -1},
    {.bitmap_index = 2338, .adv_w = 176, .box_w = 11, .box_h = 16, .ofs_x = 0, .ofs_y = 0},
    {.bitmap_index = 2426, .adv_w = 318, .box_w = 18, .box_h = 19, .ofs_x = 1, .ofs_y = -3},
    {.bitmap_index = 2597, .adv_w = 241, .box_w = 15, .box_h = 16, .ofs_x = 0, .ofs_y = 0},
    {.bitmap_index = 2717, .adv_w = 235, .box_w = 13, .box_h = 16, .ofs_x = 1, .ofs_y = 0},
    {.bitmap_index = 2821, .adv_w = 229, .box_w = 13, .box_h = 16, .ofs_x = 1, .ofs_y = 0},
    {.bitmap_index = 2925, .adv_w = 245, .box_w = 14, .box_h = 16, .ofs_x = 1, .ofs_y = 0},
    {.bitmap_index = 3037, .adv_w = 214, .box_w = 12, .box_h = 16, .ofs_x = 1, .ofs_y = 0},
    {.bitmap_index = 3133, .adv_w = 206, .box_w = 11, .box_h = 16, .ofs_x = 1, .ofs_y = 0},
    {.bitmap_index = 3221, .adv_w = 253, .box_w = 14, .box_h = 16, .ofs_x = 1, .ofs_y = 0},
    {.bitmap_index = 3333, .adv_w = 255, .box_w = 14, .box_h = 16, .ofs_x = 1, .ofs_y = 0},
    {.bitmap_index = 3445, .adv_w = 152, .box_w = 8, .box_h = 16, .ofs_x = 1, .ofs_y = 0},
    {.bitmap_index = 3509, .adv_w = 197, .box_w = 11, .box_h = 16, .ofs_x = 0, .ofs_y = 0},
    {.bitmap_index = 3597, .adv_w = 245, .box_w = 15, .box_h = 16, .ofs_x = 1, .ofs_y = 0},
    {.bitmap_index = 3717, .adv_w = 187, .box_w = 10, .box_h = 16, .ofs_x = 1, .ofs_y = 0},
    {.bitmap_index = 3797, .adv_w = 288, .box_w = 16, .box_h = 16, .ofs_x = 1, .ofs_y = 0},
    {.bitmap_index = 3925, .adv_w = 255, .box_w = 14, .box_h = 16, .ofs_x = 1, .ofs_y = 0},
    {.bitmap_index = 4037, .adv_w = 251, .box_w = 14, .box_h = 16, .ofs_x = 1, .ofs_y = 0},
    {.bitmap_index = 4149, .adv_w = 231, .box_w = 13, .box_h = 16, .ofs_x = 1, .ofs_y = 0},
    {.bitmap_index = 4253, .adv_w = 251, .box_w = 14, .box_h = 20, .ofs_x = 1, .ofs_y = -4},
    {.bitmap_index = 4393, .adv_w = 237, .box_w = 13, .box_h = 16, .ofs_x = 1, .ofs_y = 0},
    {.bitmap_index = 4497, .adv_w = 220, .box_w = 13, .box_h = 16, .ofs_x = 0, .ofs_y = 0},
    {.bitmap_index = 4601, .adv_w = 206, .box_w = 13, .box_h = 16, .ofs_x = 0, .ofs_y = 0},
    {.bitmap_index = 4705, .adv_w = 244, .box_w = 13, .box_h = 16, .ofs_x = 1, .ofs_y = 0},
    {.bitmap_index = 4809, .adv_w = 229, .box_w = 14, .box_h = 16, .ofs_x = 0, .ofs_y = 0},
    {.bitmap_index = 4921, .adv_w = 342, .box_w = 21, .box_h = 16, .ofs_x = 0, .ofs_y = 0},
    {.bitmap_index = 5089, .adv_w = 237, .box_w = 15, .box_h = 16, .ofs_x = 0, .ofs_y = 0},
    {.bitmap_index = 5209, .adv_w = 228, .box_w = 15, .box_h = 16, .ofs_x = 0, .ofs_y = 0},
    {.bitmap_index = 5329, .adv_w = 214, .box_w = 13, .box_h = 16, .ofs_x = 0, .ofs_y = 0},
    {.bitmap_index = 5433, .adv_w = 118, .box_w = 6, .box_h = 20, .ofs_x = 1, .ofs_y = -3},
    {.bitmap_index = 5493, .adv_w = 162, .box_w = 11, .box_h = 20, .ofs_x = 0, .ofs_y = -3},
    {.bitmap_index = 5603, .adv_w = 118, .box_w = 5, .box_h = 20, .ofs_x = 1, .ofs_y = -3},
    {.bitmap_index = 5653, .adv_w = 211, .box_w = 13, .box_h = 10, .ofs_x = 0, .ofs_y = 6},
    {.bitmap_index = 5718, .adv_w = 196, .box_w = 12, .box_h = 3, .ofs_x = 0, .ofs_y = -4},
    {.bitmap_index = 5736, .adv_w = 211, .box_w = 6, .box_h = 7, .ofs_x = 3, .ofs_y = 12},
    {.bitmap_index = 5757, .adv_w = 200, .box_w = 12, .box_h = 12, .ofs_x = 0, .ofs_y = 0},
    {.bitmap_index = 5829, .adv_w = 214, .box_w = 12, .box_h = 17, .ofs_x = 1, .ofs_y = 0},
    {.bitmap_index = 5931, .adv_w = 182, .box_w = 11, .box_h = 12, .ofs_x = 0, .ofs_y = 0},
    {.bitmap_index = 5997, .adv_w = 214, .box_w = 12, .box_h = 17, .ofs_x = 0, .ofs_y = 0},
    {.bitmap_index = 6099, .adv_w = 198, .box_w = 12, .box_h = 12, .ofs_x = 0, .ofs_y = 0},
    {.bitmap_index = 6171, .adv_w = 127, .box_w = 8, .box_h = 17, .ofs_x = 0, .ofs_y = 0},
    {.bitmap_index = 6239, .adv_w = 194, .box_w = 13, .box_h = 19, .ofs_x = 0, .ofs_y = -4},
    {.bitmap_index = 6363, .adv_w = 210, .box_w = 11, .box_h = 17, .ofs_x = 1, .ofs_y = 0},
    {.bitmap_index = 6457, .adv_w = 101, .box_w = 5, .box_h = 17, .ofs_x = 1, .ofs_y = 0},
    {.bitmap_index = 6500, .adv_w = 101, .box_w = 7, .box_h = 21, .ofs_x = -1, .ofs_y = -4},
    {.bitmap_index = 6574, .adv_w = 203, .box_w = 12, .box_h = 17, .ofs_x = 1, .ofs_y = 0},
    {.bitmap_index = 6676, .adv_w = 107, .box_w = 6, .box_h = 17, .ofs_x = 1, .ofs_y = 0},
    {.bitmap_index = 6727, .adv_w = 315, .box_w = 18, .box_h = 12, .ofs_x = 1, .ofs_y = 0},
    {.bitmap_index = 6835, .adv_w = 210, .box_w = 11, .box_h = 12, .ofs_x = 1, .ofs_y = 0},
    {.bitmap_index = 6901, .adv_w = 199, .box_w = 12, .box_h = 12, .ofs_x = 0, .ofs_y = 0},
    {.bitmap_index = 6973, .adv_w = 214, .box_w = 12, .box_h = 16, .ofs_x = 1, .ofs_y = -4},
    {.bitmap_index = 7069, .adv_w = 214, .box_w = 12, .box_h = 16, .ofs_x = 0, .ofs_y = -4},
    {.bitmap_index = 7165, .adv_w = 142, .box_w = 8, .box_h = 12, .ofs_x = 1, .ofs_y = 0},
    {.bitmap_index = 7213, .adv_w = 177, .box_w = 11, .box_h = 12, .ofs_x = 0, .ofs_y = 0},
    {.bitmap_index = 7279, .adv_w = 135, .box_w = 8, .box_h = 15, .ofs_x = 0, .ofs_y = 0},
    {.bitmap_index = 7339, .adv_w = 210, .box_w = 11, .box_h = 12, .ofs_x = 1, .ofs_y = 0},
    {.bitmap_index = 7405, .adv_w = 189, .box_w = 12, .box_h = 12, .ofs_x = 0, .ofs_y = 0},
    {.bitmap_index = 7477, .adv_w = 296, .box_w = 19, .box_h = 12, .ofs_x = 0, .ofs_y = 0},
    {.bitmap_index = 7591, .adv_w = 197, .box_w = 12, .box_h = 12, .ofs_x = 0, .ofs_y = 0},
    {.bitmap_index = 7663, .adv_w = 188, .box_w = 12, .box_h = 16, .ofs_x = 0, .ofs_y = -4},
    {.bitmap_index = 7759, .adv_w = 182, .box_w = 11, .box_h = 12, .ofs_x = 0, .ofs_y = 0},
    {.bitmap_index = 7825, .adv_w = 131, .box_w = 8, .box_h = 20, .ofs_x = 0, .ofs_y = -3},
    {.bitmap_index = 7905, .adv_w = 142, .box_w = 3, .box_h = 21, .ofs_x = 3, .ofs_y = -4},
    {.bitmap_index = 7937, .adv_w = 131, .box_w = 7, .box_h = 20, .ofs_x = 1, .ofs_y = -3},
    {.bitmap_index = 8007, .adv_w = 211, .box_w = 12, .box_h = 4, .ofs_x = 1, .ofs_y = 5},
    {.bitmap_index = 8031, .adv_w = 222, .box_w = 12, .box_h = 13, .ofs_x = 1, .ofs_y = 0},
    {.bitmap_index = 8109, .adv_w = 206, .box_w = 11, .box_h = 13, .ofs_x = 1, .ofs_y = 0},
    {.bitmap_index = 8181, .adv_w = 214, .box_w = 12, .box_h = 13, .ofs_x = 0, .ofs_y = 0},
    {.bitmap_index = 8259, .adv_w = 225, .box_w = 12, .box_h = 13, .ofs_x = 1, .ofs_y = 0},
    {.bitmap_index = 8337, .adv_w = 227, .box_w = 12, .box_h = 13, .ofs_x = 1, .ofs_y = 0},
    {.bitmap_index = 8415, .adv_w = 228, .box_w = 13, .box_h = 13, .ofs_x = 0, .ofs_y = 0},
    {.bitmap_index = 8500, .adv_w = 207, .box_w = 12, .box_h = 13, .ofs_x = 0, .ofs_y = 0},
    {.bitmap_index = 8578, .adv_w = 199, .box_w = 12, .box_h = 13, .ofs_x = 0, .ofs_y = 0},
    {.bitmap_index = 8656, .adv_w = 219, .box_w = 14, .box_h = 13, .ofs_x = 0, .ofs_y = 0},
    {.bitmap_index = 8747, .adv_w = 198, .box_w = 12, .box_h = 13, .ofs_x = 0, .ofs_y = 0},
    {.bitmap_index = 8825, .adv_w = 210, .box_w = 13, .box_h = 13, .ofs_x = 0, .ofs_y = 0},
    {.bitmap_index = 8910, .adv_w = 327, .box_w = 18, .box_h = 13, .ofs_x = 1, .ofs_y = 0},
    {.bitmap_index = 9027, .adv_w = 327, .box_w = 18, .box_h = 17, .ofs_x = 1, .ofs_y = -4},
    {.bitmap_index = 9180, .adv_w = 225, .box_w = 13, .box_h = 19, .ofs_x = 0, .ofs_y = -6},
    {.bitmap_index = 9304, .adv_w = 225, .box_w = 13, .box_h = 18, .ofs_x = 0, .ofs_y = -5},
    {.bitmap_index = 9421, .adv_w = 213, .box_w = 13, .box_h = 20, .ofs_x = 0, .ofs_y = -6},
    {.bitmap_index = 9551, .adv_w = 230, .box_w = 13, .box_h = 13, .ofs_x = 0, .ofs_y = 0},
    {.bitmap_index = 9636, .adv_w = 322, .box_w = 19, .box_h = 13, .ofs_x = 0, .ofs_y = 0},
    {.bitmap_index = 9760, .adv_w = 329, .box_w = 18, .box_h = 13, .ofs_x = 1, .ofs_y = 0},
    {.bitmap_index = 9877, .adv_w = 216, .box_w = 13, .box_h = 13, .ofs_x = 0, .ofs_y = 0},
    {.bitmap_index = 9962, .adv_w = 221, .box_w = 13, .box_h = 13, .ofs_x = 0, .ofs_y = 0},
    {.bitmap_index = 10047, .adv_w = 222, .box_w = 12, .box_h = 13, .ofs_x = 1, .ofs_y = 0},
    {.bitmap_index = 10125, .adv_w = 224, .box_w = 12, .box_h = 13, .ofs_x = 1, .ofs_y = 0},
    {.bitmap_index = 10203, .adv_w = 194, .box_w = 11, .box_h = 13, .ofs_x = 1, .ofs_y = 0},
    {.bitmap_index = 10275, .adv_w = 223, .box_w = 12, .box_h = 13, .ofs_x = 1, .ofs_y = 0},
    {.bitmap_index = 10353, .adv_w = 220, .box_w = 12, .box_h = 13, .ofs_x = 1, .ofs_y = 0},
    {.bitmap_index = 10431, .adv_w = 220, .box_w = 12, .box_h = 17, .ofs_x = 1, .ofs_y = 0},
    {.bitmap_index = 10533, .adv_w = 235, .box_w = 13, .box_h = 13, .ofs_x = 1, .ofs_y = 0},
    {.bitmap_index = 10618, .adv_w = 235, .box_w = 13, .box_h = 17, .ofs_x = 1, .ofs_y = 0},
    {.bitmap_index = 10729, .adv_w = 264, .box_w = 16, .box_h = 13, .ofs_x = 0, .ofs_y = 0},
    {.bitmap_index = 10833, .adv_w = 253, .box_w = 16, .box_h = 17, .ofs_x = 0, .ofs_y = 0},
    {.bitmap_index = 10969, .adv_w = 225, .box_w = 13, .box_h = 13, .ofs_x = 0, .ofs_y = 0},
    {.bitmap_index = 11054, .adv_w = 225, .box_w = 12, .box_h = 13, .ofs_x = 1, .ofs_y = 0},
    {.bitmap_index = 11132, .adv_w = 214, .box_w = 11, .box_h = 13, .ofs_x = 1, .ofs_y = 0},
    {.bitmap_index = 11204, .adv_w = 191, .box_w = 11, .box_h = 13, .ofs_x = 0, .ofs_y = 0},
    {.bitmap_index = 11276, .adv_w = 222, .box_w = 12, .box_h = 18, .ofs_x = 1, .ofs_y = -5},
    {.bitmap_index = 11384, .adv_w = 207, .box_w = 12, .box_h = 13, .ofs_x = 0, .ofs_y = 0},
    {.bitmap_index = 11462, .adv_w = 225, .box_w = 13, .box_h = 18, .ofs_x = 0, .ofs_y = -5},
    {.bitmap_index = 11579, .adv_w = 191, .box_w = 11, .box_h = 13, .ofs_x = 0, .ofs_y = 0},
    {.bitmap_index = 11651, .adv_w = 233, .box_w = 13, .box_h = 14, .ofs_x = 1, .ofs_y = 0},
    {.bitmap_index = 11742, .adv_w = 226, .box_w = 13, .box_h = 13, .ofs_x = 1, .ofs_y = 0},
    {.bitmap_index = 11827, .adv_w = 216, .box_w = 13, .box_h = 14, .ofs_x = 0, .ofs_y = 0},
    {.bitmap_index = 11918, .adv_w = 215, .box_w = 12, .box_h = 13, .ofs_x = 1, .ofs_y = 0},
    {.bitmap_index = 11996, .adv_w = 257, .box_w = 17, .box_h = 17, .ofs_x = 0, .ofs_y = 0},
    {.bitmap_index = 12141, .adv_w = 208, .box_w = 11, .box_h = 13, .ofs_x = 1, .ofs_y = 0},
    {.bitmap_index = 12213, .adv_w = 221, .box_w = 13, .box_h = 14, .ofs_x = 1, .ofs_y = 0},
    {.bitmap_index = 12304, .adv_w = 200, .box_w = 11, .box_h = 13, .ofs_x = 0, .ofs_y = 0},
    {.bitmap_index = 12376, .adv_w = 161, .box_w = 8, .box_h = 12, .ofs_x = 1, .ofs_y = 1},
    {.bitmap_index = 12424, .adv_w = 0, .box_w = 8, .box_h = 5, .ofs_x = -7, .ofs_y = 14},
    {.bitmap_index = 12444, .adv_w = 179, .box_w = 10, .box_h = 13, .ofs_x = 0, .ofs_y = 0},
    {.bitmap_index = 12509, .adv_w = 179, .box_w = 16, .box_h = 19, .ofs_x = -6, .ofs_y = 0},
    {.bitmap_index = 12661, .adv_w = 0, .box_w = 11, .box_h = 3, .ofs_x = -12, .ofs_y = 14},
    {.bitmap_index = 12678, .adv_w = 0, .box_w = 11, .box_h = 5, .ofs_x = -12, .ofs_y = 14},
    {.bitmap_index = 12706, .adv_w = 0, .box_w = 12, .box_h = 5, .ofs_x = -12, .ofs_y = 14},
    {.bitmap_index = 12736, .adv_w = 0, .box_w = 11, .box_h = 5, .ofs_x = -12, .ofs_y = 14},
    {.bitmap_index = 12764, .adv_w = 0, .box_w = 6, .box_h = 6, .ofs_x = -7, .ofs_y = -7},
    {.bitmap_index = 12782, .adv_w = 0, .box_w = 8, .box_h = 6, .ofs_x = -9, .ofs_y = -7},
    {.bitmap_index = 12806, .adv_w = 0, .box_w = 5, .box_h = 4, .ofs_x = -6, .ofs_y = -5},
    {.bitmap_index = 12816, .adv_w = 234, .box_w = 13, .box_h = 20, .ofs_x = 1, .ofs_y = -3},
    {.bitmap_index = 12946, .adv_w = 116, .box_w = 6, .box_h = 13, .ofs_x = 1, .ofs_y = 0},
    {.bitmap_index = 12985, .adv_w = 222, .box_w = 13, .box_h = 13, .ofs_x = 1, .ofs_y = 0},
    {.bitmap_index = 13070, .adv_w = 137, .box_w = 10, .box_h = 20, .ofs_x = 0, .ofs_y = 0},
    {.bitmap_index = 13170, .adv_w = 139, .box_w = 10, .box_h = 21, .ofs_x = -1, .ofs_y = 0},
    {.bitmap_index = 13275, .adv_w = 134, .box_w = 9, .box_h = 20, .ofs_x = 0, .ofs_y = 0},
    {.bitmap_index = 13365, .adv_w = 181, .box_w = 10, .box_h = 18, .ofs_x = 0, .ofs_y = -5},
    {.bitmap_index = 13455, .adv_w = 195, .box_w = 11, .box_h = 16, .ofs_x = 0, .ofs_y = -3},
    {.bitmap_index = 13543, .adv_w = 0, .box_w = 9, .box_h = 5, .ofs_x = -11, .ofs_y = 14},
    {.bitmap_index = 13566, .adv_w = 0, .box_w = 4, .box_h = 5, .ofs_x = -5, .ofs_y = 14},
    {.bitmap_index = 13576, .adv_w = 0, .box_w = 9, .box_h = 5, .ofs_x = -9, .ofs_y = 14},
    {.bitmap_index = 13599, .adv_w = 0, .box_w = 10, .box_h = 6, .ofs_x = -10, .ofs_y = 14},
    {.bitmap_index = 13629, .adv_w = 0, .box_w = 7, .box_h = 6, .ofs_x = -7, .ofs_y = 14},
    {.bitmap_index = 13650, .adv_w = 0, .box_w = 7, .box_h = 5, .ofs_x = -7, .ofs_y = 15},
    {.bitmap_index = 13668, .adv_w = 0, .box_w = 6, .box_h = 6, .ofs_x = -6, .ofs_y = 13},
    {.bitmap_index = 13686, .adv_w = 0, .box_w = 7, .box_h = 6, .ofs_x = -7, .ofs_y = 14},
    {.bitmap_index = 13707, .adv_w = 192, .box_w = 12, .box_h = 11, .ofs_x = 0, .ofs_y = 0},
    {.bitmap_index = 13773, .adv_w = 199, .box_w = 12, .box_h = 12, .ofs_x = 0, .ofs_y = 0},
    {.bitmap_index = 13845, .adv_w = 189, .box_w = 12, .box_h = 13, .ofs_x = 0, .ofs_y = 0},
    {.bitmap_index = 13923, .adv_w = 259, .box_w = 14, .box_h = 14, .ofs_x = 1, .ofs_y = 0},
    {.bitmap_index = 14021, .adv_w = 257, .box_w = 14, .box_h = 12, .ofs_x = 1, .ofs_y = 0},
    {.bitmap_index = 14105, .adv_w = 202, .box_w = 13, .box_h = 14, .ofs_x = 0, .ofs_y = 0},
    {.bitmap_index = 14196, .adv_w = 202, .box_w = 13, .box_h = 15, .ofs_x = 0, .ofs_y = 0},
    {.bitmap_index = 14294, .adv_w = 197, .box_w = 12, .box_h = 14, .ofs_x = 0, .ofs_y = 0},
    {.bitmap_index = 14378, .adv_w = 318, .box_w = 18, .box_h = 14, .ofs_x = 1, .ofs_y = 0},
    {.bitmap_index = 14504, .adv_w = 216, .box_w = 14, .box_h = 14, .ofs_x = 0, .ofs_y = 0},
    {.bitmap_index = 14602, .adv_w = 243, .box_w = 14, .box_h = 14, .ofs_x = 1, .ofs_y = 0},
    {.bitmap_index = 14700, .adv_w = 286, .box_w = 17, .box_h = 13, .ofs_x = 0, .ofs_y = 0},
    {.bitmap_index = 14811, .adv_w = 307, .box_w = 18, .box_h = 8, .ofs_x = 1, .ofs_y = 2}
};

/*---------------------
 *  CHARACTER MAPPING
 *--------------------*/



/*Collect the unicode lists and glyph_id offsets*/
static const lv_font_fmt_txt_cmap_t cmaps[] =
{
    {
        .range_start = 32, .range_length = 95, .glyph_id_start = 1,
        .unicode_list = NULL, .glyph_id_ofs_list = NULL, .list_length = 0, .type = LV_FONT_FMT_TXT_CMAP_FORMAT0_TINY
    },
    {
        .range_start = 3585, .range_length = 58, .glyph_id_start = 96,
        .unicode_list = NULL, .glyph_id_ofs_list = NULL, .list_length = 0, .type = LV_FONT_FMT_TXT_CMAP_FORMAT0_TINY
    },
    {
        .range_start = 3647, .range_length = 29, .glyph_id_start = 154,
        .unicode_list = NULL, .glyph_id_ofs_list = NULL, .list_length = 0, .type = LV_FONT_FMT_TXT_CMAP_FORMAT0_TINY
    }
};

/*-----------------
 *    KERNING
 *----------------*/


/*Pair left and right glyphs for kerning*/
static const uint8_t kern_pair_glyph_ids[] =
{
    3, 13,
    3, 15,
    6, 3,
    6, 8,
    6, 11,
    8, 13,
    8, 15,
    11, 13,
    11, 15,
    13, 3,
    13, 8,
    13, 11,
    13, 32,
    15, 3,
    15, 8,
    15, 11,
    15, 32,
    16, 16,
    32, 13,
    32, 15
};

/* Kerning between the respective left and right glyphs
 * 4.4 format which needs to scaled with `kern_scale`*/
static const int8_t kern_pair_values[] =
{
    -32, -32, -21, -21, -21, -32, -32, -32,
    -32, -32, -32, -32, -28, -32, -32, -32,
    -28, -67, -42, -42
};

/*Collect the kern pair's data in one place*/
static const lv_font_fmt_txt_kern_pair_t kern_pairs =
{
    .glyph_ids = kern_pair_glyph_ids,
    .values = kern_pair_values,
    .pair_cnt = 20,
    .glyph_ids_size = 0
};

/*--------------------
 *  ALL CUSTOM DATA
 *--------------------*/

#if LVGL_VERSION_MAJOR == 8
/*Store all the custom data of the font*/
static  lv_font_fmt_txt_glyph_cache_t cache;
#endif

#if LVGL_VERSION_MAJOR >= 8
static const lv_font_fmt_txt_dsc_t font_dsc = {
#else
static lv_font_fmt_txt_dsc_t font_dsc = {
#endif
    .glyph_bitmap = glyph_bitmap,
    .glyph_dsc = glyph_dsc,
    .cmaps = cmaps,
    .kern_dsc = &kern_pairs,
    .kern_scale = 16,
    .cmap_num = 3,
    .bpp = 4,
    .kern_classes = 0,
    .bitmap_format = 0,
#if LVGL_VERSION_MAJOR == 8
    .cache = &cache
#endif

};



/*-----------------
 *  PUBLIC FONT
 *----------------*/

/*Initialize a public general font descriptor*/
#if LVGL_VERSION_MAJOR >= 8
lv_font_t anuphan_bold_22 = {
#else
lv_font_t anuphan_bold_22 = {
#endif
    .get_glyph_dsc = lv_font_get_glyph_dsc_fmt_txt,    /*Function pointer to get glyph's data*/
    .get_glyph_bitmap = lv_font_get_bitmap_fmt_txt,    /*Function pointer to get glyph's bitmap*/
    .line_height = 28,          /*The maximum line height required by the font*/
    .base_line = 7,             /*Baseline measured from the bottom of the line*/
#if !(LVGL_VERSION_MAJOR == 6 && LVGL_VERSION_MINOR == 0)
    .subpx = LV_FONT_SUBPX_NONE,
#endif
#if LV_VERSION_CHECK(7, 4, 0) || LVGL_VERSION_MAJOR >= 8
    .underline_position = -3,
    .underline_thickness = 2,
#endif
    .static_bitmap = 0,
    .dsc = &font_dsc,          /*The custom font data. Will be accessed by `get_glyph_bitmap/dsc` */
#if LV_VERSION_CHECK(8, 2, 0) || LVGL_VERSION_MAJOR >= 9
    .fallback = NULL,
#endif
    .user_data = NULL,
};



#endif /*#if ANUPHAN_BOLD_22*/
