/*******************************************************************************
 * Size: 22 px
 * Bpp: 8
 * Opts: --bpp 8 --size 22 --no-compress --stride 1 --align 1 --font Anuphan-Medium.ttf --range 32-127,3584-3711 --format lvgl -o anuphan_med_22.c
 ******************************************************************************/

#ifdef __has_include
    #if __has_include("lvgl.h")
        #ifndef LV_LVGL_H_INCLUDE_SIMPLE
            #define LV_LVGL_H_INCLUDE_SIMPLE
        #endif
    #endif
#endif

#ifdef LV_LVGL_H_INCLUDE_SIMPLE
    #include "lvgl.h"
#else
    #include "lvgl/lvgl.h"
#endif



#ifndef ANUPHAN_MED_22
#define ANUPHAN_MED_22 1
#endif

#if ANUPHAN_MED_22

/*-----------------
 *    BITMAPS
 *----------------*/

/*Store the image of the glyphs*/
static LV_ATTRIBUTE_LARGE_CONST const uint8_t glyph_bitmap[] = {
    /* U+0020 " " */

    /* U+0021 "!" */
    0x0, 0xf4, 0xff, 0x7c, 0x0, 0xf4, 0xff, 0x7c,
    0x0, 0xf4, 0xff, 0x7c, 0x0, 0xf4, 0xff, 0x7c,
    0x0, 0xf1, 0xff, 0x79, 0x0, 0xda, 0xff, 0x62,
    0x0, 0xbf, 0xff, 0x47, 0x0, 0xa5, 0xff, 0x2d,
    0x0, 0x8a, 0xff, 0x12, 0x0, 0x71, 0xf8, 0x0,
    0x0, 0x56, 0xde, 0x0, 0x0, 0x15, 0x40, 0x0,
    0x0, 0x1e, 0x3b, 0x5, 0x21, 0xf8, 0xff, 0x9e,
    0x46, 0xff, 0xff, 0xca, 0x10, 0xd2, 0xf7, 0x6f,

    /* U+0022 "\"" */
    0x44, 0xff, 0xc4, 0x0, 0x4, 0xff, 0xff, 0x4,
    0x44, 0xff, 0xc4, 0x0, 0x4, 0xff, 0xff, 0x4,
    0x44, 0xff, 0xc4, 0x0, 0x4, 0xff, 0xff, 0x4,
    0x44, 0xff, 0xc4, 0x0, 0x4, 0xff, 0xff, 0x4,
    0x44, 0xff, 0xc4, 0x0, 0x4, 0xff, 0xff, 0x4,
    0x44, 0xff, 0xc4, 0x0, 0x4, 0xff, 0xff, 0x4,
    0x2e, 0xac, 0x84, 0x0, 0x3, 0xac, 0xac, 0x3,

    /* U+0023 "#" */
    0x0, 0x0, 0x0, 0x0, 0x0, 0x9b, 0xfb, 0x7,
    0x0, 0x0, 0x8e, 0xff, 0x13, 0x0, 0x0, 0x0,
    0x0, 0x0, 0x0, 0x0, 0xca, 0xd3, 0x0, 0x0,
    0x0, 0xbe, 0xe2, 0x0, 0x0, 0x0, 0x0, 0x0,
    0x0, 0x0, 0x3, 0xf7, 0xa2, 0x0, 0x0, 0x0,
    0xee, 0xb2, 0x0, 0x0, 0x0, 0x0, 0x0, 0x0,
    0x0, 0x2a, 0xff, 0x72, 0x0, 0x0, 0x1e, 0xff,
    0x82, 0x0, 0x0, 0x0, 0x0, 0x20, 0xff, 0xff,
    0xff, 0xff, 0xff, 0xff, 0xff, 0xff, 0xff, 0xff,
    0xff, 0xff, 0x8, 0x0, 0x13, 0x98, 0x98, 0xd3,
    0xff, 0x9e, 0x98, 0x98, 0xcc, 0xff, 0xa5, 0x98,
    0x98, 0x5, 0x0, 0x0, 0x0, 0x0, 0xa9, 0xf5,
    0x1, 0x0, 0x0, 0x9a, 0xfe, 0x9, 0x0, 0x0,
    0x0, 0x0, 0x0, 0x0, 0x0, 0xcd, 0xd1, 0x0,
    0x0, 0x0, 0xbf, 0xe1, 0x0, 0x0, 0x0, 0x0,
    0x0, 0x0, 0x0, 0x0, 0xf2, 0xab, 0x0, 0x0,
    0x0, 0xe5, 0xbb, 0x0, 0x0, 0x0, 0x0, 0x0,
    0x0, 0x0, 0x16, 0xff, 0x87, 0x0, 0x0, 0xb,
    0xff, 0x96, 0x0, 0x0, 0x0, 0x0, 0x8, 0xff,
    0xff, 0xff, 0xff, 0xff, 0xff, 0xff, 0xff, 0xff,
    0xff, 0xff, 0xff, 0x24, 0x0, 0x5, 0x98, 0x98,
    0xc6, 0xff, 0xab, 0x98, 0x98, 0xc1, 0xff, 0xae,
    0x98, 0x98, 0x15, 0x0, 0x0, 0x0, 0x0, 0x90,
    0xff, 0x10, 0x0, 0x0, 0x83, 0xff, 0x18, 0x0,
    0x0, 0x0, 0x0, 0x0, 0x0, 0x0, 0xbb, 0xe5,
    0x0, 0x0, 0x0, 0xaf, 0xed, 0x0, 0x0, 0x0,
    0x0, 0x0, 0x0, 0x0, 0x0, 0xe7, 0xb8, 0x0,
    0x0, 0x0, 0xdb, 0xc1, 0x0, 0x0, 0x0, 0x0,
    0x0, 0x0, 0x0, 0x13, 0xff, 0x8e, 0x0, 0x0,
    0x9, 0xfe, 0x96, 0x0, 0x0, 0x0, 0x0, 0x0,

    /* U+0024 "$" */
    0x0, 0x0, 0x0, 0x0, 0x0, 0x1b, 0x7c, 0x44,
    0x0, 0x0, 0x0, 0x0, 0x0, 0x0, 0x0, 0x0,
    0x0, 0x0, 0x38, 0xff, 0x8c, 0x0, 0x0, 0x0,
    0x0, 0x0, 0x0, 0x0, 0x0, 0x4, 0x47, 0x98,
    0xff, 0xc9, 0x63, 0x16, 0x0, 0x0, 0x0, 0x0,
    0x0, 0x2f, 0xd9, 0xff, 0xff, 0xff, 0xff, 0xff,
    0xf8, 0x7f, 0x2, 0x0, 0x0, 0x12, 0xea, 0xff,
    0xda, 0x86, 0xff, 0xaf, 0xb2, 0xff, 0xff, 0x8d,
    0x0, 0x0, 0x69, 0xff, 0xdf, 0xc, 0x1c, 0xff,
    0x70, 0x0, 0x55, 0xdd, 0x2e, 0x0, 0x0, 0x8a,
    0xff, 0xa7, 0x0, 0x1c, 0xff, 0x70, 0x0, 0x0,
    0x5, 0x0, 0x0, 0x0, 0x74, 0xff, 0xda, 0x6,
    0x1c, 0xff, 0x70, 0x0, 0x0, 0x0, 0x0, 0x0,
    0x0, 0x22, 0xf9, 0xff, 0xca, 0x6b, 0xff, 0x70,
    0x0, 0x0, 0x0, 0x0, 0x0, 0x0, 0x0, 0x59,
    0xf6, 0xff, 0xff, 0xff, 0xdf, 0x8d, 0x2d, 0x0,
    0x0, 0x0, 0x0, 0x0, 0x0, 0x1e, 0x89, 0xd8,
    0xff, 0xff, 0xff, 0xff, 0x9b, 0x6, 0x0, 0x0,
    0x0, 0x0, 0x0, 0x0, 0x1c, 0xff, 0xa0, 0xa3,
    0xff, 0xff, 0x87, 0x0, 0x0, 0x0, 0x0, 0x0,
    0x0, 0x1c, 0xff, 0x70, 0x0, 0x7f, 0xff, 0xe7,
    0x0, 0x0, 0x0, 0x0, 0x0, 0x0, 0x1c, 0xff,
    0x70, 0x0, 0x31, 0xff, 0xff, 0x2, 0x0, 0x1b,
    0xab, 0x15, 0x0, 0x1c, 0xff, 0x70, 0x0, 0x56,
    0xff, 0xe6, 0x0, 0x0, 0xc5, 0xff, 0xdd, 0x4a,
    0x1e, 0xff, 0x70, 0x35, 0xe2, 0xff, 0x8e, 0x0,
    0x0, 0x28, 0xde, 0xff, 0xff, 0xf1, 0xff, 0xf5,
    0xff, 0xff, 0xcb, 0xd, 0x0, 0x0, 0x0, 0xd,
    0x82, 0xdb, 0xff, 0xff, 0xfe, 0xd5, 0x79, 0x9,
    0x0, 0x0, 0x0, 0x0, 0x0, 0x0, 0x0, 0x3f,
    0xff, 0x8d, 0x0, 0x0, 0x0, 0x0, 0x0, 0x0,
    0x0, 0x0, 0x0, 0x0, 0x38, 0xff, 0x8c, 0x0,
    0x0, 0x0, 0x0, 0x0,

    /* U+0025 "%" */
    0x0, 0x30, 0xbe, 0xf8, 0xf5, 0xb8, 0x27, 0x0,
    0x0, 0x0, 0x0, 0x0, 0x0, 0xad, 0xff, 0x67,
    0x0, 0x0, 0x0, 0x19, 0xee, 0xf5, 0x83, 0x8a,
    0xfb, 0xe5, 0xe, 0x0, 0x0, 0x0, 0x0, 0x58,
    0xff, 0xbb, 0x1, 0x0, 0x0, 0x0, 0x7a, 0xff,
    0x7f, 0x0, 0x0, 0x96, 0xff, 0x64, 0x0, 0x0,
    0x0, 0x17, 0xec, 0xf3, 0x20, 0x0, 0x0, 0x0,
    0x0, 0xa6, 0xff, 0x57, 0x0, 0x0, 0x6b, 0xff,
    0x92, 0x0, 0x0, 0x0, 0xad, 0xff, 0x68, 0x0,
    0x0, 0x0, 0x0, 0x0, 0xac, 0xff, 0x55, 0x0,
    0x0, 0x69, 0xff, 0x98, 0x0, 0x0, 0x58, 0xff,
    0xbc, 0x1, 0x0, 0x0, 0x0, 0x0, 0x0, 0x8a,
    0xff, 0x69, 0x0, 0x0, 0x7f, 0xff, 0x76, 0x0,
    0x17, 0xec, 0xf3, 0x20, 0x0, 0x0, 0x0, 0x0,
    0x0, 0x0, 0x34, 0xfe, 0xd6, 0x33, 0x3a, 0xe4,
    0xfb, 0x23, 0x0, 0xad, 0xff, 0x68, 0x0, 0x1,
    0x16, 0xc, 0x0, 0x0, 0x0, 0x0, 0x6c, 0xf8,
    0xff, 0xff, 0xf5, 0x5d, 0x0, 0x58, 0xff, 0xbe,
    0x1, 0x53, 0xe4, 0xff, 0xfe, 0xb6, 0x17, 0x0,
    0x0, 0x0, 0x12, 0x44, 0x41, 0xf, 0x0, 0x16,
    0xeb, 0xf4, 0x21, 0x31, 0xfc, 0xd9, 0x58, 0x83,
    0xff, 0xbf, 0x0, 0x0, 0x0, 0x0, 0x0, 0x0,
    0x0, 0x0, 0xac, 0xff, 0x6b, 0x0, 0x9a, 0xff,
    0x4f, 0x0, 0x0, 0xc2, 0xff, 0x2a, 0x0, 0x0,
    0x0, 0x0, 0x0, 0x0, 0x57, 0xff, 0xbf, 0x1,
    0x0, 0xcc, 0xff, 0x27, 0x0, 0x0, 0x97, 0xff,
    0x5c, 0x0, 0x0, 0x0, 0x0, 0x0, 0x16, 0xeb,
    0xf5, 0x21, 0x0, 0x0, 0xda, 0xff, 0x24, 0x0,
    0x0, 0x94, 0xff, 0x6a, 0x0, 0x0, 0x0, 0x0,
    0x0, 0xac, 0xff, 0x6c, 0x0, 0x0, 0x0, 0xca,
    0xff, 0x28, 0x0, 0x0, 0x9a, 0xff, 0x5a, 0x0,
    0x0, 0x0, 0x0, 0x56, 0xff, 0xc1, 0x2, 0x0,
    0x0, 0x0, 0x94, 0xff, 0x5a, 0x0, 0x0, 0xcc,
    0xff, 0x22, 0x0, 0x0, 0x0, 0x15, 0xeb, 0xf5,
    0x23, 0x0, 0x0, 0x0, 0x0, 0x26, 0xf7, 0xe7,
    0x78, 0xa1, 0xff, 0xad, 0x0, 0x0, 0x0, 0x0,
    0xab, 0xff, 0x6d, 0x0, 0x0, 0x0, 0x0, 0x0,
    0x0, 0x3d, 0xc9, 0xfb, 0xee, 0x9a, 0xd, 0x0,

    /* U+0026 "&" */
    0x0, 0x0, 0x0, 0x5a, 0xca, 0xf9, 0xf9, 0xc8,
    0x55, 0x0, 0x0, 0x0, 0x0, 0x0, 0x0, 0x0,
    0x0, 0x79, 0xff, 0xff, 0xe8, 0xee, 0xff, 0xff,
    0x64, 0x0, 0x0, 0x0, 0x0, 0x0, 0x0, 0xc,
    0xf8, 0xff, 0x7f, 0x1, 0x4, 0xa1, 0xff, 0xd8,
    0x0, 0x0, 0x0, 0x0, 0x0, 0x0, 0x2b, 0xff,
    0xff, 0xc, 0x0, 0x0, 0x3d, 0xff, 0xe9, 0x0,
    0x0, 0x0, 0x0, 0x0, 0x0, 0xe, 0xf9, 0xff,
    0x20, 0x0, 0x0, 0x68, 0xff, 0xa9, 0x0, 0x0,
    0x0, 0x0, 0x0, 0x0, 0x0, 0x92, 0xff, 0xa1,
    0x0, 0x3e, 0xf3, 0xdd, 0x1a, 0x0, 0x0, 0x0,
    0x0, 0x0, 0x0, 0x0, 0xb, 0xce, 0xff, 0xb4,
    0xfc, 0xa7, 0x12, 0x0, 0x0, 0x0, 0x0, 0x0,
    0x0, 0x0, 0x0, 0x55, 0xed, 0xff, 0xff, 0xd6,
    0x9, 0x0, 0x0, 0x9f, 0xf0, 0xf0, 0x8f, 0x0,
    0x0, 0x6d, 0xff, 0xf3, 0x72, 0xec, 0xff, 0xb0,
    0x3, 0x0, 0xc7, 0xff, 0xff, 0x98, 0x0, 0x23,
    0xfa, 0xff, 0x40, 0x0, 0x3c, 0xf8, 0xff, 0x94,
    0x3, 0xf4, 0xf6, 0x5, 0x0, 0x0, 0x75, 0xff,
    0xce, 0x0, 0x0, 0x0, 0x56, 0xff, 0xff, 0xad,
    0xff, 0xbb, 0x0, 0x0, 0x0, 0x8e, 0xff, 0xbf,
    0x0, 0x0, 0x0, 0x0, 0x77, 0xff, 0xff, 0xff,
    0x66, 0x0, 0x0, 0x0, 0x74, 0xff, 0xeb, 0x9,
    0x0, 0x0, 0x0, 0x0, 0xb8, 0xff, 0xff, 0x46,
    0x0, 0x0, 0x0, 0x25, 0xfd, 0xff, 0xb1, 0x26,
    0x1, 0x1a, 0x84, 0xfd, 0xff, 0xff, 0xe9, 0x1d,
    0x0, 0x0, 0x0, 0x7a, 0xff, 0xff, 0xff, 0xff,
    0xff, 0xff, 0xf7, 0x5f, 0xdd, 0xff, 0xcd, 0x9,
    0x0, 0x0, 0x0, 0x4d, 0xbe, 0xf2, 0xfe, 0xe5,
    0x9f, 0x26, 0x0, 0x30, 0xf7, 0xff, 0xa8, 0x1,

    /* U+0027 "'" */
    0x44, 0xff, 0xc4, 0x44, 0xff, 0xc4, 0x44, 0xff,
    0xc4, 0x44, 0xff, 0xc4, 0x44, 0xff, 0xc4, 0x44,
    0xff, 0xc4, 0x2e, 0xac, 0x84,

    /* U+0028 "(" */
    0x0, 0x0, 0x0, 0x29, 0xe9, 0xeb, 0x2b, 0x0,
    0x0, 0xd, 0xdc, 0xfd, 0x41, 0x0, 0x0, 0x0,
    0x8d, 0xff, 0x91, 0x0, 0x0, 0x0, 0x1b, 0xf9,
    0xf1, 0x11, 0x0, 0x0, 0x0, 0x80, 0xff, 0x8f,
    0x0, 0x0, 0x0, 0x0, 0xd6, 0xff, 0x34, 0x0,
    0x0, 0x0, 0x19, 0xff, 0xee, 0x2, 0x0, 0x0,
    0x0, 0x4a, 0xff, 0xbf, 0x0, 0x0, 0x0, 0x0,
    0x6a, 0xff, 0xa4, 0x0, 0x0, 0x0, 0x0, 0x7c,
    0xff, 0x9c, 0x0, 0x0, 0x0, 0x0, 0x7e, 0xff,
    0x9c, 0x0, 0x0, 0x0, 0x0, 0x70, 0xff, 0xa0,
    0x0, 0x0, 0x0, 0x0, 0x53, 0xff, 0xb4, 0x0,
    0x0, 0x0, 0x0, 0x28, 0xff, 0xdf, 0x0, 0x0,
    0x0, 0x0, 0x1, 0xe8, 0xff, 0x1d, 0x0, 0x0,
    0x0, 0x0, 0x97, 0xff, 0x72, 0x0, 0x0, 0x0,
    0x0, 0x32, 0xff, 0xda, 0x2, 0x0, 0x0, 0x0,
    0x0, 0xb2, 0xff, 0x61, 0x0, 0x0, 0x0, 0x0,
    0x22, 0xf4, 0xec, 0x1a, 0x0, 0x0, 0x0, 0x0,
    0x54, 0xfe, 0xc7, 0xa, 0x0, 0x0, 0x0, 0x0,
    0x32, 0x44, 0x1d,

    /* U+0029 ")" */
    0x4, 0xab, 0xff, 0x76, 0x0, 0x0, 0x0, 0x0,
    0x8, 0xce, 0xff, 0x4c, 0x0, 0x0, 0x0, 0x0,
    0x2d, 0xfc, 0xe6, 0xc, 0x0, 0x0, 0x0, 0x0,
    0x9d, 0xff, 0x77, 0x0, 0x0, 0x0, 0x0, 0x2c,
    0xff, 0xe2, 0x2, 0x0, 0x0, 0x0, 0x0, 0xd2,
    0xff, 0x39, 0x0, 0x0, 0x0, 0x0, 0x8c, 0xff,
    0x7d, 0x0, 0x0, 0x0, 0x0, 0x5c, 0xff, 0xae,
    0x0, 0x0, 0x0, 0x0, 0x40, 0xff, 0xce, 0x0,
    0x0, 0x0, 0x0, 0x38, 0xff, 0xe0, 0x0, 0x0,
    0x0, 0x0, 0x38, 0xff, 0xe2, 0x0, 0x0, 0x0,
    0x0, 0x3c, 0xff, 0xd4, 0x0, 0x0, 0x0, 0x0,
    0x51, 0xff, 0xb7, 0x0, 0x0, 0x0, 0x0, 0x7b,
    0xff, 0x8b, 0x0, 0x0, 0x0, 0x0, 0xbb, 0xff,
    0x4d, 0x0, 0x0, 0x0, 0x14, 0xfa, 0xf2, 0x9,
    0x0, 0x0, 0x0, 0x78, 0xff, 0x96, 0x0, 0x0,
    0x0, 0x11, 0xed, 0xf9, 0x21, 0x0, 0x0, 0x0,
    0xa3, 0xff, 0x7d, 0x0, 0x0, 0x0, 0x6e, 0xff,
    0xb7, 0x3, 0x0, 0x0, 0x4, 0x43, 0x44, 0x8,
    0x0, 0x0, 0x0,

    /* U+002A "*" */
    0x0, 0x0, 0x0, 0x0, 0x78, 0xff, 0x77, 0x0,
    0x0, 0x0, 0x0, 0x0, 0x0, 0x0, 0x0, 0x6d,
    0xff, 0x6d, 0x0, 0x0, 0x0, 0x0, 0x0, 0x6b,
    0x37, 0x0, 0x64, 0xff, 0x64, 0x0, 0x37, 0x6b,
    0x0, 0xb, 0xf7, 0xff, 0xd3, 0xad, 0xff, 0xad,
    0xd3, 0xff, 0xf9, 0xd, 0xc, 0x6b, 0xb4, 0xf7,
    0xff, 0xff, 0xff, 0xf7, 0xb7, 0x6c, 0xd, 0x0,
    0x0, 0x0, 0x29, 0xf9, 0xff, 0xf9, 0x29, 0x0,
    0x0, 0x0, 0x0, 0x0, 0x9, 0xcd, 0xff, 0x8d,
    0xff, 0xcd, 0x8, 0x0, 0x0, 0x0, 0x0, 0xa0,
    0xff, 0xa1, 0x0, 0xa1, 0xff, 0xa0, 0x0, 0x0,
    0x0, 0x2, 0x85, 0xe5, 0x13, 0x0, 0x13, 0xe6,
    0x85, 0x2, 0x0, 0x0, 0x0, 0x0, 0xf, 0x0,
    0x0, 0x0, 0xf, 0x0, 0x0, 0x0,

    /* U+002B "+" */
    0x0, 0x0, 0x0, 0x0, 0x6d, 0xf8, 0x9f, 0x0,
    0x0, 0x0, 0x0, 0x0, 0x0, 0x0, 0x0, 0x70,
    0xff, 0xa4, 0x0, 0x0, 0x0, 0x0, 0x0, 0x0,
    0x0, 0x0, 0x70, 0xff, 0xa4, 0x0, 0x0, 0x0,
    0x0, 0x0, 0x0, 0x0, 0x0, 0x70, 0xff, 0xa4,
    0x0, 0x0, 0x0, 0x0, 0x0, 0x0, 0x0, 0x0,
    0x70, 0xff, 0xa4, 0x0, 0x0, 0x0, 0x0, 0x88,
    0xff, 0xff, 0xff, 0xff, 0xff, 0xff, 0xff, 0xff,
    0xff, 0xb8, 0x7d, 0xec, 0xec, 0xec, 0xf5, 0xff,
    0xf9, 0xec, 0xec, 0xec, 0xaa, 0x0, 0x0, 0x0,
    0x0, 0x70, 0xff, 0xa4, 0x0, 0x0, 0x0, 0x0,
    0x0, 0x0, 0x0, 0x0, 0x70, 0xff, 0xa4, 0x0,
    0x0, 0x0, 0x0, 0x0, 0x0, 0x0, 0x0, 0x70,
    0xff, 0xa4, 0x0, 0x0, 0x0, 0x0, 0x0, 0x0,
    0x0, 0x0, 0x70, 0xff, 0xa4, 0x0, 0x0, 0x0,
    0x0,

    /* U+002C "," */
    0x0, 0x0, 0xe, 0x18, 0x0, 0x0, 0x28, 0xf5,
    0xff, 0x6a, 0x0, 0x62, 0xff, 0xff, 0xae, 0x0,
    0x2d, 0xf6, 0xff, 0x99, 0x0, 0x0, 0x7c, 0xff,
    0x4f, 0x0, 0xf, 0xe4, 0xd1, 0x3, 0x3, 0xb2,
    0xea, 0x27, 0x0,

    /* U+002D "-" */
    0x39, 0x60, 0x60, 0x60, 0x60, 0x60, 0x27, 0x98,
    0xff, 0xff, 0xff, 0xff, 0xff, 0x68, 0x98, 0xff,
    0xff, 0xff, 0xff, 0xff, 0x68,

    /* U+002E "." */
    0x0, 0x2d, 0x3f, 0x3, 0x3f, 0xff, 0xff, 0x7e,
    0x68, 0xff, 0xff, 0xa5, 0x1f, 0xdf, 0xf2, 0x4e,

    /* U+002F "/" */
    0x0, 0x0, 0x0, 0x0, 0x0, 0x9, 0xf5, 0xf3,
    0x7, 0x0, 0x0, 0x0, 0x0, 0x0, 0x4c, 0xff,
    0xac, 0x0, 0x0, 0x0, 0x0, 0x0, 0x0, 0x98,
    0xff, 0x5f, 0x0, 0x0, 0x0, 0x0, 0x0, 0x1,
    0xe5, 0xfd, 0x15, 0x0, 0x0, 0x0, 0x0, 0x0,
    0x32, 0xff, 0xc6, 0x0, 0x0, 0x0, 0x0, 0x0,
    0x0, 0x7e, 0xff, 0x79, 0x0, 0x0, 0x0, 0x0,
    0x0, 0x0, 0xcc, 0xff, 0x2b, 0x0, 0x0, 0x0,
    0x0, 0x0, 0x19, 0xff, 0xdf, 0x0, 0x0, 0x0,
    0x0, 0x0, 0x0, 0x66, 0xff, 0x92, 0x0, 0x0,
    0x0, 0x0, 0x0, 0x0, 0xb2, 0xff, 0x44, 0x0,
    0x0, 0x0, 0x0, 0x0, 0x9, 0xf5, 0xf2, 0x6,
    0x0, 0x0, 0x0, 0x0, 0x0, 0x4c, 0xff, 0xaa,
    0x0, 0x0, 0x0, 0x0, 0x0, 0x0, 0x98, 0xff,
    0x5d, 0x0, 0x0, 0x0, 0x0, 0x0, 0x1, 0xe5,
    0xfd, 0x13, 0x0, 0x0, 0x0, 0x0, 0x0, 0x32,
    0xff, 0xc3, 0x0, 0x0, 0x0, 0x0, 0x0, 0x0,
    0x7e, 0xff, 0x76, 0x0, 0x0, 0x0, 0x0, 0x0,
    0x0, 0xcc, 0xff, 0x2a, 0x0, 0x0, 0x0, 0x0,
    0x0, 0x19, 0xff, 0xdc, 0x0, 0x0, 0x0, 0x0,
    0x0, 0x0, 0x66, 0xff, 0x90, 0x0, 0x0, 0x0,
    0x0, 0x0, 0x0, 0xb2, 0xff, 0x42, 0x0, 0x0,
    0x0, 0x0, 0x0, 0x0,

    /* U+0030 "0" */
    0x0, 0x0, 0x1f, 0x9e, 0xe6, 0xfd, 0xed, 0xb0,
    0x37, 0x0, 0x0, 0x0, 0x0, 0x2a, 0xed, 0xff,
    0xff, 0xff, 0xff, 0xff, 0xfb, 0x4e, 0x0, 0x0,
    0x0, 0xc8, 0xff, 0xe0, 0x45, 0x10, 0x32, 0xc3,
    0xff, 0xec, 0xf, 0x0, 0x3d, 0xff, 0xff, 0x39,
    0x0, 0x0, 0x0, 0x13, 0xf1, 0xff, 0x6d, 0x0,
    0x89, 0xff, 0xd8, 0x0, 0x0, 0x0, 0x0, 0x0,
    0xa4, 0xff, 0xb9, 0x0, 0xbb, 0xff, 0xaa, 0x0,
    0x0, 0x0, 0x0, 0x0, 0x77, 0xff, 0xeb, 0x0,
    0xd9, 0xff, 0x9a, 0x0, 0x0, 0x0, 0x0, 0x0,
    0x66, 0xff, 0xff, 0x8, 0xe6, 0xff, 0x98, 0x0,
    0x0, 0x0, 0x0, 0x0, 0x64, 0xff, 0xff, 0x15,
    0xe6, 0xff, 0x98, 0x0, 0x0, 0x0, 0x0, 0x0,
    0x64, 0xff, 0xff, 0x15, 0xd9, 0xff, 0x9a, 0x0,
    0x0, 0x0, 0x0, 0x0, 0x66, 0xff, 0xff, 0x8,
    0xbb, 0xff, 0xab, 0x0, 0x0, 0x0, 0x0, 0x0,
    0x77, 0xff, 0xeb, 0x0, 0x89, 0xff, 0xda, 0x0,
    0x0, 0x0, 0x0, 0x0, 0xa5, 0xff, 0xb9, 0x0,
    0x3d, 0xff, 0xff, 0x39, 0x0, 0x0, 0x0, 0x13,
    0xf1, 0xff, 0x6d, 0x0, 0x0, 0xc9, 0xff, 0xe0,
    0x44, 0x10, 0x32, 0xc3, 0xff, 0xec, 0xf, 0x0,
    0x0, 0x2a, 0xed, 0xff, 0xff, 0xff, 0xff, 0xff,
    0xfb, 0x4e, 0x0, 0x0, 0x0, 0x0, 0x1f, 0x9f,
    0xe6, 0xfd, 0xee, 0xb0, 0x37, 0x0, 0x0, 0x0,

    /* U+0031 "1" */
    0x0, 0x0, 0x0, 0x80, 0xff, 0xff, 0xff, 0x90,
    0x0, 0x0, 0x0, 0x0, 0x0, 0x0, 0x69, 0xff,
    0xfd, 0xf5, 0xff, 0x90, 0x0, 0x0, 0x0, 0x0,
    0x0, 0x53, 0xfd, 0xff, 0x67, 0xc8, 0xff, 0x90,
    0x0, 0x0, 0x0, 0x0, 0x40, 0xf8, 0xff, 0x7a,
    0x0, 0xc8, 0xff, 0x90, 0x0, 0x0, 0x0, 0x0,
    0xb7, 0xff, 0x8b, 0x0, 0x0, 0xc8, 0xff, 0x90,
    0x0, 0x0, 0x0, 0x0, 0xc, 0x73, 0x1, 0x0,
    0x0, 0xc8, 0xff, 0x90, 0x0, 0x0, 0x0, 0x0,
    0x0, 0x0, 0x0, 0x0, 0x0, 0xc8, 0xff, 0x90,
    0x0, 0x0, 0x0, 0x0, 0x0, 0x0, 0x0, 0x0,
    0x0, 0xc8, 0xff, 0x90, 0x0, 0x0, 0x0, 0x0,
    0x0, 0x0, 0x0, 0x0, 0x0, 0xc8, 0xff, 0x90,
    0x0, 0x0, 0x0, 0x0, 0x0, 0x0, 0x0, 0x0,
    0x0, 0xc8, 0xff, 0x90, 0x0, 0x0, 0x0, 0x0,
    0x0, 0x0, 0x0, 0x0, 0x0, 0xc8, 0xff, 0x90,
    0x0, 0x0, 0x0, 0x0, 0x0, 0x0, 0x0, 0x0,
    0x0, 0xc8, 0xff, 0x90, 0x0, 0x0, 0x0, 0x0,
    0x0, 0x0, 0x0, 0x0, 0x0, 0xc8, 0xff, 0x90,
    0x0, 0x0, 0x0, 0x0, 0x0, 0x8, 0x8, 0x8,
    0x8, 0xca, 0xff, 0x94, 0x8, 0x8, 0x8, 0x2,
    0x4, 0xff, 0xff, 0xff, 0xff, 0xff, 0xff, 0xff,
    0xff, 0xff, 0xff, 0x48, 0x4, 0xff, 0xff, 0xff,
    0xff, 0xff, 0xff, 0xff, 0xff, 0xff, 0xff, 0x48,

    /* U+0032 "2" */
    0x0, 0x0, 0x33, 0xb0, 0xed, 0xfe, 0xeb, 0xac,
    0x31, 0x0, 0x0, 0x0, 0x57, 0xfb, 0xff, 0xff,
    0xff, 0xff, 0xff, 0xf9, 0x49, 0x0, 0x1d, 0xf5,
    0xff, 0xb6, 0x36, 0x1d, 0x57, 0xed, 0xff, 0xe6,
    0x7, 0x83, 0xff, 0xd8, 0x7, 0x0, 0x0, 0x0,
    0x5c, 0xff, 0xff, 0x41, 0x2, 0x44, 0x44, 0x0,
    0x0, 0x0, 0x0, 0x21, 0xff, 0xff, 0x5c, 0x0,
    0x0, 0x0, 0x0, 0x0, 0x0, 0x0, 0x2c, 0xff,
    0xff, 0x4c, 0x0, 0x0, 0x0, 0x0, 0x0, 0x0,
    0x0, 0x7b, 0xff, 0xf9, 0x12, 0x0, 0x0, 0x0,
    0x0, 0x0, 0x0, 0x21, 0xf2, 0xff, 0x92, 0x0,
    0x0, 0x0, 0x0, 0x0, 0x0, 0x12, 0xd4, 0xff,
    0xd4, 0xc, 0x0, 0x0, 0x0, 0x0, 0x0, 0x1a,
    0xd2, 0xff, 0xdc, 0x1b, 0x0, 0x0, 0x0, 0x0,
    0x0, 0x25, 0xdf, 0xff, 0xcf, 0x18, 0x0, 0x0,
    0x0, 0x0, 0x0, 0x32, 0xea, 0xff, 0xbb, 0xd,
    0x0, 0x0, 0x0, 0x0, 0x0, 0x42, 0xf2, 0xff,
    0xa3, 0x6, 0x0, 0x0, 0x0, 0x0, 0x0, 0x44,
    0xf9, 0xff, 0x98, 0x11, 0x10, 0x10, 0x10, 0x10,
    0x10, 0xe, 0x7c, 0xff, 0xff, 0xff, 0xff, 0xff,
    0xff, 0xff, 0xff, 0xff, 0xdc, 0x7c, 0xff, 0xff,
    0xff, 0xff, 0xff, 0xff, 0xff, 0xff, 0xff, 0xdc,

    /* U+0033 "3" */
    0x0, 0x0, 0x2, 0x65, 0xc9, 0xf6, 0xfc, 0xdc,
    0x92, 0x1a, 0x0, 0x0, 0x0, 0x6, 0xb1, 0xff,
    0xff, 0xff, 0xff, 0xff, 0xff, 0xea, 0x2b, 0x0,
    0x0, 0x6f, 0xff, 0xf6, 0x70, 0x1c, 0x16, 0x64,
    0xf7, 0xff, 0xc3, 0x0, 0x0, 0x5, 0xa2, 0x4f,
    0x0, 0x0, 0x0, 0x0, 0x8a, 0xff, 0xff, 0xb,
    0x0, 0x0, 0x0, 0x0, 0x0, 0x0, 0x0, 0x0,
    0x63, 0xff, 0xff, 0x11, 0x0, 0x0, 0x0, 0x0,
    0x0, 0x0, 0x0, 0x0, 0x96, 0xff, 0xd9, 0x0,
    0x0, 0x0, 0x0, 0x0, 0xa, 0xd, 0x20, 0x79,
    0xfd, 0xfa, 0x48, 0x0, 0x0, 0x0, 0x0, 0x0,
    0xd8, 0xff, 0xff, 0xff, 0xbc, 0x37, 0x0, 0x0,
    0x0, 0x0, 0x0, 0x0, 0xd8, 0xff, 0xff, 0xff,
    0xf5, 0x93, 0xa, 0x0, 0x0, 0x0, 0x0, 0x0,
    0x0, 0x0, 0xe, 0x4c, 0xe1, 0xff, 0xb5, 0x0,
    0x0, 0x0, 0x0, 0x0, 0x0, 0x0, 0x0, 0x0,
    0x45, 0xff, 0xff, 0x32, 0x0, 0x0, 0x0, 0x0,
    0x0, 0x0, 0x0, 0x0, 0x1c, 0xff, 0xff, 0x58,
    0x0, 0x4d, 0xba, 0xb, 0x0, 0x0, 0x0, 0x0,
    0x4c, 0xff, 0xff, 0x43, 0x13, 0xef, 0xff, 0xcd,
    0x45, 0x13, 0x18, 0x57, 0xe6, 0xff, 0xe3, 0x7,
    0x0, 0x3a, 0xee, 0xff, 0xff, 0xff, 0xff, 0xff,
    0xff, 0xef, 0x3a, 0x0, 0x0, 0x0, 0x19, 0x91,
    0xdc, 0xfb, 0xfa, 0xd8, 0x8d, 0x19, 0x0, 0x0,

    /* U+0034 "4" */
    0x0, 0x0, 0x0, 0x0, 0x0, 0x0, 0x3b, 0xff,
    0xff, 0xff, 0x30, 0x0, 0x0, 0x0, 0x0, 0x0,
    0x0, 0x0, 0x2, 0xcd, 0xff, 0xff, 0xff, 0x30,
    0x0, 0x0, 0x0, 0x0, 0x0, 0x0, 0x0, 0x63,
    0xff, 0xb2, 0xff, 0xff, 0x30, 0x0, 0x0, 0x0,
    0x0, 0x0, 0x0, 0xf, 0xe9, 0xf7, 0x26, 0xff,
    0xff, 0x30, 0x0, 0x0, 0x0, 0x0, 0x0, 0x0,
    0x8d, 0xff, 0x82, 0x8, 0xff, 0xff, 0x30, 0x0,
    0x0, 0x0, 0x0, 0x0, 0x27, 0xfb, 0xe6, 0xc,
    0x8, 0xff, 0xff, 0x30, 0x0, 0x0, 0x0, 0x0,
    0x0, 0xb8, 0xff, 0x5f, 0x0, 0x8, 0xff, 0xff,
    0x30, 0x0, 0x0, 0x0, 0x0, 0x4b, 0xff, 0xcc,
    0x2, 0x0, 0x8, 0xff, 0xff, 0x30, 0x0, 0x0,
    0x0, 0x6, 0xd9, 0xff, 0x3e, 0x0, 0x0, 0x8,
    0xff, 0xff, 0x30, 0x0, 0x0, 0x0, 0x74, 0xff,
    0xaa, 0x0, 0x0, 0x0, 0x8, 0xff, 0xff, 0x30,
    0x0, 0x0, 0x15, 0xf1, 0xf9, 0x21, 0x0, 0x0,
    0x0, 0x8, 0xff, 0xff, 0x30, 0x0, 0x0, 0x3c,
    0xff, 0xff, 0xff, 0xff, 0xff, 0xff, 0xff, 0xff,
    0xff, 0xff, 0xff, 0x50, 0x36, 0xe8, 0xe8, 0xe8,
    0xe8, 0xe8, 0xe8, 0xe9, 0xff, 0xff, 0xed, 0xe8,
    0x49, 0x0, 0x0, 0x0, 0x0, 0x0, 0x0, 0x0,
    0x8, 0xff, 0xff, 0x30, 0x0, 0x0, 0x0, 0x0,
    0x0, 0x0, 0x0, 0x0, 0x0, 0x8, 0xff, 0xff,
    0x30, 0x0, 0x0, 0x0, 0x0, 0x0, 0x0, 0x0,
    0x0, 0x0, 0x8, 0xff, 0xff, 0x30, 0x0, 0x0,

    /* U+0035 "5" */
    0x0, 0x86, 0xff, 0xff, 0xff, 0xff, 0xff, 0xff,
    0xff, 0xff, 0x20, 0x0, 0x96, 0xff, 0xff, 0xff,
    0xff, 0xff, 0xff, 0xff, 0xff, 0x20, 0x0, 0xa6,
    0xff, 0x5a, 0x18, 0x18, 0x18, 0x18, 0x18, 0x18,
    0x3, 0x0, 0xb6, 0xff, 0x38, 0x0, 0x0, 0x0,
    0x0, 0x0, 0x0, 0x0, 0x0, 0xc6, 0xff, 0x26,
    0x0, 0x0, 0x0, 0x0, 0x0, 0x0, 0x0, 0x0,
    0xd6, 0xff, 0x16, 0x0, 0x0, 0x0, 0x0, 0x0,
    0x0, 0x0, 0x0, 0xe6, 0xff, 0xc, 0x8c, 0xec,
    0xfd, 0xd9, 0x7e, 0x8, 0x0, 0x0, 0xf6, 0xf5,
    0x9a, 0xff, 0xff, 0xff, 0xff, 0xff, 0xbe, 0x5,
    0x5, 0xfe, 0xff, 0xae, 0x21, 0x1, 0x1e, 0xa0,
    0xff, 0xff, 0x6d, 0x0, 0x6, 0x25, 0x1, 0x0,
    0x0, 0x0, 0x2, 0xd5, 0xff, 0xc2, 0x0, 0x0,
    0x0, 0x0, 0x0, 0x0, 0x0, 0x0, 0x97, 0xff,
    0xe4, 0x0, 0x0, 0x2, 0x0, 0x0, 0x0, 0x0,
    0x0, 0x9b, 0xff, 0xdb, 0x5, 0x90, 0xa1, 0x1,
    0x0, 0x0, 0x0, 0x5, 0xdc, 0xff, 0xa9, 0x47,
    0xff, 0xff, 0xa3, 0x2a, 0x10, 0x2f, 0xaf, 0xff,
    0xff, 0x3d, 0x0, 0x77, 0xff, 0xff, 0xff, 0xff,
    0xff, 0xff, 0xff, 0x7c, 0x0, 0x0, 0x0, 0x40,
    0xb4, 0xee, 0xfe, 0xec, 0xb3, 0x41, 0x0, 0x0,

    /* U+0036 "6" */
    0x0, 0x0, 0x0, 0x0, 0x1c, 0xc7, 0xff, 0xf0,
    0x4c, 0x0, 0x0, 0x0, 0x0, 0x0, 0x21, 0xe1,
    0xff, 0xe0, 0x28, 0x0, 0x0, 0x0, 0x0, 0x0,
    0xf, 0xd9, 0xff, 0xdd, 0x1d, 0x0, 0x0, 0x0,
    0x0, 0x0, 0x0, 0xa7, 0xff, 0xed, 0x23, 0x0,
    0x0, 0x0, 0x0, 0x0, 0x0, 0x47, 0xff, 0xff,
    0x51, 0x0, 0x0, 0x0, 0x0, 0x0, 0x0, 0x0,
    0xc6, 0xff, 0xb4, 0x0, 0x0, 0x0, 0x0, 0x0,
    0x0, 0x0, 0x29, 0xff, 0xff, 0x44, 0x81, 0xe5,
    0xfc, 0xe1, 0x8a, 0xc, 0x0, 0x70, 0xff, 0xe8,
    0xa1, 0xff, 0xf0, 0xfc, 0xff, 0xff, 0xcd, 0xb,
    0x9c, 0xff, 0xf3, 0xb4, 0x1c, 0x0, 0xb, 0x80,
    0xff, 0xff, 0x7e, 0xb0, 0xff, 0xf1, 0xc, 0x0,
    0x0, 0x0, 0x0, 0xb8, 0xff, 0xd4, 0xad, 0xff,
    0xbf, 0x0, 0x0, 0x0, 0x0, 0x0, 0x7b, 0xff,
    0xf5, 0x8f, 0xff, 0xc0, 0x0, 0x0, 0x0, 0x0,
    0x0, 0x7c, 0xff, 0xea, 0x4e, 0xff, 0xf2, 0xf,
    0x0, 0x0, 0x0, 0x0, 0xbe, 0xff, 0xb5, 0x4,
    0xd8, 0xff, 0xbf, 0x2c, 0x1, 0x17, 0x8f, 0xff,
    0xff, 0x47, 0x0, 0x31, 0xed, 0xff, 0xff, 0xff,
    0xff, 0xff, 0xff, 0x86, 0x0, 0x0, 0x0, 0x1f,
    0x99, 0xe4, 0xfc, 0xee, 0xba, 0x4b, 0x0, 0x0,

    /* U+0037 "7" */
    0x98, 0xff, 0xff, 0xff, 0xff, 0xff, 0xff, 0xff,
    0xff, 0xff, 0xc0, 0x98, 0xff, 0xff, 0xff, 0xff,
    0xff, 0xff, 0xff, 0xff, 0xff, 0xc0, 0x98, 0xff,
    0x76, 0x4, 0x4, 0x4, 0x4, 0x4, 0xc8, 0xff,
    0x98, 0x98, 0xff, 0x74, 0x0, 0x0, 0x0, 0x0,
    0x2d, 0xff, 0xff, 0x33, 0x93, 0xf8, 0x70, 0x0,
    0x0, 0x0, 0x0, 0x93, 0xff, 0xce, 0x0, 0x0,
    0x0, 0x0, 0x0, 0x0, 0x0, 0xb, 0xf1, 0xff,
    0x69, 0x0, 0x0, 0x0, 0x0, 0x0, 0x0, 0x0,
    0x63, 0xff, 0xf6, 0xf, 0x0, 0x0, 0x0, 0x0,
    0x0, 0x0, 0x0, 0xcb, 0xff, 0xa0, 0x0, 0x0,
    0x0, 0x0, 0x0, 0x0, 0x0, 0x32, 0xff, 0xff,
    0x3a, 0x0, 0x0, 0x0, 0x0, 0x0, 0x0, 0x0,
    0x99, 0xff, 0xd4, 0x0, 0x0, 0x0, 0x0, 0x0,
    0x0, 0x0, 0xd, 0xf3, 0xff, 0x70, 0x0, 0x0,
    0x0, 0x0, 0x0, 0x0, 0x0, 0x68, 0xff, 0xf8,
    0x13, 0x0, 0x0, 0x0, 0x0, 0x0, 0x0, 0x0,
    0xce, 0xff, 0xa6, 0x0, 0x0, 0x0, 0x0, 0x0,
    0x0, 0x0, 0x36, 0xff, 0xff, 0x41, 0x0, 0x0,
    0x0, 0x0, 0x0, 0x0, 0x0, 0x9e, 0xff, 0xda,
    0x1, 0x0, 0x0, 0x0, 0x0, 0x0, 0x0, 0xf,
    0xf5, 0xff, 0x76, 0x0, 0x0, 0x0, 0x0, 0x0,

    /* U+0038 "8" */
    0x0, 0x0, 0x47, 0xb7, 0xec, 0xfe, 0xf3, 0xc3,
    0x62, 0x2, 0x0, 0x0, 0x0, 0x73, 0xff, 0xff,
    0xff, 0xf8, 0xff, 0xff, 0xff, 0xa4, 0x0, 0x0,
    0x1a, 0xfb, 0xff, 0xb4, 0x1e, 0x0, 0x12, 0x8e,
    0xff, 0xff, 0x48, 0x0, 0x58, 0xff, 0xfd, 0x12,
    0x0, 0x0, 0x0, 0x1, 0xda, 0xff, 0x8a, 0x0,
    0x5c, 0xff, 0xee, 0x0, 0x0, 0x0, 0x0, 0x0,
    0xba, 0xff, 0x90, 0x0, 0x26, 0xff, 0xfd, 0x15,
    0x0, 0x0, 0x0, 0x2, 0xdd, 0xff, 0x59, 0x0,
    0x0, 0x91, 0xff, 0xba, 0x2a, 0x4, 0x1c, 0x97,
    0xff, 0xc4, 0x4, 0x0, 0x0, 0x1, 0x6b, 0xf2,
    0xff, 0xff, 0xff, 0xff, 0x8d, 0xc, 0x0, 0x0,
    0x0, 0x37, 0xc5, 0xff, 0xf9, 0xe4, 0xf5, 0xff,
    0xda, 0x57, 0x0, 0x0, 0x37, 0xf8, 0xff, 0x77,
    0x9, 0x0, 0x3, 0x54, 0xf5, 0xff, 0x62, 0x0,
    0xaf, 0xff, 0xbe, 0x0, 0x0, 0x0, 0x0, 0x0,
    0x8a, 0xff, 0xe2, 0x0, 0xd8, 0xff, 0x9e, 0x0,
    0x0, 0x0, 0x0, 0x0, 0x6a, 0xff, 0xff, 0xb,
    0xc3, 0xff, 0xc7, 0x0, 0x0, 0x0, 0x0, 0x0,
    0x93, 0xff, 0xf6, 0x2, 0x6d, 0xff, 0xff, 0x8d,
    0x16, 0x0, 0xd, 0x68, 0xfa, 0xff, 0x9f, 0x0,
    0x4, 0xb2, 0xff, 0xff, 0xff, 0xf8, 0xff, 0xff,
    0xff, 0xd2, 0x13, 0x0, 0x0, 0x2, 0x5d, 0xbd,
    0xee, 0xfd, 0xf3, 0xcb, 0x75, 0xa, 0x0, 0x0,

    /* U+0039 "9" */
    0x0, 0x0, 0x32, 0xa8, 0xe9, 0xfd, 0xec, 0xae,
    0x35, 0x0, 0x0, 0x0, 0x5a, 0xfb, 0xff, 0xff,
    0xff, 0xff, 0xff, 0xfc, 0x57, 0x0, 0x1f, 0xf7,
    0xff, 0xb3, 0x26, 0x1, 0x1c, 0x9a, 0xff, 0xf5,
    0x1c, 0x83, 0xff, 0xe8, 0x8, 0x0, 0x0, 0x0,
    0x1, 0xcc, 0xff, 0x82, 0xb6, 0xff, 0xb0, 0x0,
    0x0, 0x0, 0x0, 0x0, 0x8c, 0xff, 0xc3, 0xc1,
    0xff, 0xaf, 0x0, 0x0, 0x0, 0x0, 0x0, 0x8b,
    0xff, 0xe1, 0xa0, 0xff, 0xe6, 0x6, 0x0, 0x0,
    0x0, 0x0, 0xc8, 0xff, 0xe4, 0x4c, 0xff, 0xff,
    0xa8, 0x17, 0x0, 0xe, 0x8d, 0xf3, 0xff, 0xd0,
    0x0, 0xa8, 0xff, 0xff, 0xff, 0xf0, 0xfd, 0xcd,
    0xbc, 0xff, 0xa3, 0x0, 0x3, 0x72, 0xd6, 0xfd,
    0xee, 0x9f, 0x25, 0xf9, 0xff, 0x5c, 0x0, 0x0,
    0x0, 0x0, 0x0, 0x0, 0x0, 0x7e, 0xff, 0xef,
    0xb, 0x0, 0x0, 0x0, 0x0, 0x0, 0x0, 0x24,
    0xf5, 0xff, 0x7c, 0x0, 0x0, 0x0, 0x0, 0x0,
    0x0, 0xb, 0xce, 0xff, 0xd3, 0x7, 0x0, 0x0,
    0x0, 0x0, 0x0, 0xa, 0xbc, 0xff, 0xf2, 0x2a,
    0x0, 0x0, 0x0, 0x0, 0x0, 0x13, 0xc4, 0xff,
    0xf6, 0x41, 0x0, 0x0, 0x0, 0x0, 0x0, 0x2d,
    0xdc, 0xff, 0xe1, 0x35, 0x0, 0x0, 0x0, 0x0,

    /* U+003A ":" */
    0x6, 0xc3, 0xfa, 0x81, 0x30, 0xff, 0xff, 0xe0,
    0x13, 0xf2, 0xff, 0xb8, 0x0, 0x1d, 0x46, 0xc,
    0x0, 0x0, 0x0, 0x0, 0x0, 0x0, 0x0, 0x0,
    0x0, 0x0, 0x0, 0x0, 0x0, 0x0, 0x0, 0x0,
    0x0, 0x1d, 0x46, 0xc, 0x13, 0xf3, 0xff, 0xba,
    0x30, 0xff, 0xff, 0xe0, 0x6, 0xc2, 0xfa, 0x80,

    /* U+003B ";" */
    0x6, 0xc3, 0xfa, 0x81, 0x30, 0xff, 0xff, 0xe0,
    0x13, 0xf2, 0xff, 0xb8, 0x0, 0x1d, 0x46, 0xc,
    0x0, 0x0, 0x0, 0x0, 0x0, 0x0, 0x0, 0x0,
    0x0, 0x0, 0x0, 0x0, 0x0, 0x0, 0x0, 0x0,
    0x0, 0x0, 0x0, 0x0, 0x4, 0xbf, 0xfa, 0x84,
    0x28, 0xff, 0xff, 0xe4, 0x10, 0xf1, 0xff, 0xd8,
    0x0, 0x4a, 0xff, 0x94, 0x0, 0xa5, 0xfa, 0x26,
    0x5f, 0xff, 0x6b, 0x0, 0x1f, 0x1f, 0x0, 0x0,

    /* U+003C "<" */
    0x0, 0x0, 0x0, 0x0, 0x0, 0x0, 0x0, 0x0,
    0x0, 0x1, 0x0, 0x0, 0x0, 0x0, 0x0, 0x0,
    0x0, 0x1c, 0xaf, 0x20, 0x0, 0x0, 0x0, 0x0,
    0x0, 0x2, 0x6c, 0xf2, 0xff, 0x20, 0x0, 0x0,
    0x0, 0x0, 0x2d, 0xc8, 0xff, 0xff, 0xb1, 0xb,
    0x0, 0x0, 0xa, 0x88, 0xfb, 0xff, 0xe0, 0x4e,
    0x0, 0x0, 0x0, 0x44, 0xdc, 0xff, 0xfa, 0x86,
    0xa, 0x0, 0x0, 0x0, 0x9d, 0xff, 0xff, 0xbf,
    0x28, 0x0, 0x0, 0x0, 0x0, 0x0, 0xf0, 0xff,
    0x97, 0x1, 0x0, 0x0, 0x0, 0x0, 0x0, 0x0,
    0xbb, 0xff, 0xff, 0x9e, 0x14, 0x0, 0x0, 0x0,
    0x0, 0x0, 0x1, 0x64, 0xef, 0xff, 0xee, 0x67,
    0x2, 0x0, 0x0, 0x0, 0x0, 0x0, 0x18, 0xa8,
    0xff, 0xff, 0xc7, 0x31, 0x0, 0x0, 0x0, 0x0,
    0x0, 0x0, 0x48, 0xe0, 0xff, 0xfd, 0x92, 0x7,
    0x0, 0x0, 0x0, 0x0, 0x0, 0xb, 0x8d, 0xfc,
    0xff, 0x20, 0x0, 0x0, 0x0, 0x0, 0x0, 0x0,
    0x0, 0x31, 0xcd, 0x20, 0x0, 0x0, 0x0, 0x0,
    0x0, 0x0, 0x0, 0x0, 0x3, 0x5,

    /* U+003D "=" */
    0x7b, 0xe8, 0xe8, 0xe8, 0xe8, 0xe8, 0xe8, 0xe8,
    0xe8, 0xe8, 0xa7, 0x88, 0xff, 0xff, 0xff, 0xff,
    0xff, 0xff, 0xff, 0xff, 0xff, 0xb8, 0x0, 0x0,
    0x0, 0x0, 0x0, 0x0, 0x0, 0x0, 0x0, 0x0,
    0x0, 0x0, 0x0, 0x0, 0x0, 0x0, 0x0, 0x0,
    0x0, 0x0, 0x0, 0x0, 0x0, 0x0, 0x0, 0x0,
    0x0, 0x0, 0x0, 0x0, 0x0, 0x0, 0x0, 0x7d,
    0xec, 0xec, 0xec, 0xec, 0xec, 0xec, 0xec, 0xec,
    0xec, 0xaa, 0x88, 0xff, 0xff, 0xff, 0xff, 0xff,
    0xff, 0xff, 0xff, 0xff, 0xb8,

    /* U+003E ">" */
    0x1, 0x0, 0x0, 0x0, 0x0, 0x0, 0x0, 0x0,
    0x0, 0x0, 0xbb, 0x30, 0x0, 0x0, 0x0, 0x0,
    0x0, 0x0, 0x0, 0x0, 0xf0, 0xfc, 0x8d, 0xb,
    0x0, 0x0, 0x0, 0x0, 0x0, 0x0, 0x90, 0xfd,
    0xff, 0xe1, 0x4a, 0x0, 0x0, 0x0, 0x0, 0x0,
    0x0, 0x33, 0xc9, 0xff, 0xff, 0xac, 0x18, 0x0,
    0x0, 0x0, 0x0, 0x0, 0x2, 0x68, 0xef, 0xff,
    0xf0, 0x68, 0x2, 0x0, 0x0, 0x0, 0x0, 0x0,
    0x16, 0x9f, 0xff, 0xff, 0xc6, 0xe, 0x0, 0x0,
    0x0, 0x0, 0x0, 0x0, 0x63, 0xff, 0xff, 0x20,
    0x0, 0x0, 0x0, 0x0, 0x7, 0x80, 0xf8, 0xff,
    0xd9, 0x11, 0x0, 0x0, 0x0, 0x47, 0xdb, 0xff,
    0xfa, 0x83, 0x7, 0x0, 0x0, 0x1d, 0xac, 0xff,
    0xff, 0xc4, 0x2a, 0x0, 0x0, 0x0, 0x72, 0xf3,
    0xff, 0xf0, 0x68, 0x2, 0x0, 0x0, 0x0, 0x0,
    0xf0, 0xff, 0xab, 0x18, 0x0, 0x0, 0x0, 0x0,
    0x0, 0x0, 0xd1, 0x4c, 0x0, 0x0, 0x0, 0x0,
    0x0, 0x0, 0x0, 0x0, 0x8, 0x0, 0x0, 0x0,
    0x0, 0x0, 0x0, 0x0, 0x0, 0x0,

    /* U+003F "?" */
    0x0, 0x0, 0x44, 0xbc, 0xf2, 0xfd, 0xdf, 0x8d,
    0x12, 0x0, 0x0, 0x66, 0xff, 0xff, 0xff, 0xff,
    0xff, 0xff, 0xdc, 0x13, 0x21, 0xf9, 0xff, 0x9f,
    0x23, 0x15, 0x69, 0xfc, 0xff, 0x8e, 0x54, 0xf4,
    0xc4, 0x1, 0x0, 0x0, 0x0, 0xa3, 0xff, 0xd8,
    0x0, 0xe, 0x25, 0x0, 0x0, 0x0, 0x0, 0x83,
    0xff, 0xe8, 0x0, 0x0, 0x0, 0x0, 0x0, 0x0,
    0x0, 0xab, 0xff, 0xc7, 0x0, 0x0, 0x0, 0x0,
    0x0, 0x1, 0x64, 0xfe, 0xff, 0x63, 0x0, 0x0,
    0x0, 0x25, 0xb3, 0xe4, 0xff, 0xff, 0x97, 0x1,
    0x0, 0x0, 0x0, 0x38, 0xff, 0xfd, 0xad, 0x45,
    0x0, 0x0, 0x0, 0x0, 0x0, 0x38, 0xff, 0xf0,
    0x0, 0x0, 0x0, 0x0, 0x0, 0x0, 0x0, 0x38,
    0xff, 0xf0, 0x0, 0x0, 0x0, 0x0, 0x0, 0x0,
    0x0, 0x0, 0x0, 0x0, 0x0, 0x0, 0x0, 0x0,
    0x0, 0x0, 0x0, 0x1, 0x36, 0x29, 0x0, 0x0,
    0x0, 0x0, 0x0, 0x0, 0x0, 0x79, 0xff, 0xff,
    0x3f, 0x0, 0x0, 0x0, 0x0, 0x0, 0x0, 0xa6,
    0xff, 0xff, 0x6a, 0x0, 0x0, 0x0, 0x0, 0x0,
    0x0, 0x50, 0xf2, 0xe3, 0x25, 0x0, 0x0, 0x0,

    /* U+0040 "@" */
    0x0, 0x0, 0x0, 0x0, 0x3, 0x54, 0xab, 0xe1,
    0xfa, 0xfc, 0xe6, 0xb5, 0x66, 0xb, 0x0, 0x0,
    0x0, 0x0, 0x0, 0x0, 0x0, 0x2b, 0xd0, 0xff,
    0xf3, 0xb8, 0x98, 0x96, 0xb3, 0xec, 0xff, 0xe7,
    0x4b, 0x0, 0x0, 0x0, 0x0, 0x0, 0x36, 0xf1,
    0xf3, 0x70, 0xa, 0x0, 0x0, 0x0, 0x0, 0x4,
    0x5a, 0xe4, 0xfe, 0x5c, 0x0, 0x0, 0x0, 0x12,
    0xe7, 0xe9, 0x29, 0x0, 0x0, 0x0, 0x0, 0x0,
    0x0, 0x0, 0x0, 0x16, 0xd5, 0xf8, 0x25, 0x0,
    0x0, 0x92, 0xff, 0x3d, 0x0, 0x4, 0x82, 0xe7,
    0xf7, 0xaa, 0x48, 0xff, 0x98, 0x0, 0x29, 0xfb,
    0xa2, 0x0, 0xc, 0xf5, 0xb1, 0x0, 0x0, 0x90,
    0xff, 0xf2, 0xb5, 0xcc, 0xcc, 0xff, 0x98, 0x0,
    0x0, 0xac, 0xf6, 0x7, 0x4d, 0xff, 0x55, 0x0,
    0x17, 0xfc, 0xf3, 0x21, 0x0, 0x0, 0x89, 0xff,
    0x98, 0x0, 0x0, 0x6c, 0xff, 0x33, 0x7c, 0xff,
    0x22, 0x0, 0x55, 0xff, 0xb2, 0x0, 0x0, 0x0,
    0x3e, 0xff, 0x98, 0x0, 0x0, 0x57, 0xff, 0x4d,
    0x93, 0xff, 0x11, 0x0, 0x6d, 0xff, 0xa4, 0x0,
    0x0, 0x0, 0x3c, 0xff, 0x98, 0x0, 0x0, 0x56,
    0xff, 0x50, 0x95, 0xff, 0x11, 0x0, 0x65, 0xff,
    0xa5, 0x0, 0x0, 0x0, 0x3c, 0xff, 0x98, 0x0,
    0x0, 0x67, 0xff, 0x3b, 0x83, 0xff, 0x1d, 0x0,
    0x3f, 0xff, 0xc3, 0x0, 0x0, 0x0, 0x4d, 0xff,
    0x99, 0x0, 0x0, 0xa0, 0xfa, 0xc, 0x59, 0xff,
    0x4b, 0x0, 0x4, 0xe1, 0xff, 0x67, 0x9, 0x26,
    0xb8, 0xfd, 0xca, 0xb, 0x45, 0xf9, 0xa6, 0x0,
    0x17, 0xfd, 0x9f, 0x0, 0x0, 0x40, 0xf5, 0xff,
    0xff, 0xff, 0x61, 0xad, 0xff, 0xff, 0xff, 0xdc,
    0x19, 0x0, 0x0, 0xac, 0xfa, 0x2c, 0x0, 0x0,
    0x20, 0x7b, 0x8d, 0x47, 0x0, 0x9, 0x6e, 0x90,
    0x6a, 0xe, 0x0, 0x0, 0x0, 0x22, 0xf5, 0xdb,
    0x1c, 0x0, 0x0, 0x0, 0x0, 0x0, 0x0, 0x0,
    0x0, 0x0, 0x0, 0x0, 0x0, 0x0, 0x0, 0x0,
    0x50, 0xfb, 0xea, 0x62, 0x7, 0x0, 0x0, 0x0,
    0x0, 0x0, 0x0, 0x0, 0x0, 0x0, 0x0, 0x0,
    0x0, 0x0, 0x0, 0x40, 0xe2, 0xff, 0xf0, 0xb7,
    0x9a, 0x94, 0x94, 0x94, 0x94, 0x84, 0x0, 0x0,
    0x0, 0x0, 0x0, 0x0, 0x0, 0x0, 0x9, 0x66,
    0xb5, 0xe7, 0xfd, 0xff, 0xff, 0xff, 0xff, 0xe4,
    0x0, 0x0, 0x0, 0x0,

    /* U+0041 "A" */
    0x0, 0x0, 0x0, 0x0, 0x0, 0x6e, 0xff, 0xff,
    0xd9, 0x0, 0x0, 0x0, 0x0, 0x0, 0x0, 0x0,
    0x0, 0x0, 0x0, 0xc2, 0xff, 0xff, 0xff, 0x2e,
    0x0, 0x0, 0x0, 0x0, 0x0, 0x0, 0x0, 0x0,
    0x18, 0xfe, 0xfd, 0xd2, 0xff, 0x83, 0x0, 0x0,
    0x0, 0x0, 0x0, 0x0, 0x0, 0x0, 0x6a, 0xff,
    0xc3, 0x6e, 0xff, 0xd7, 0x0, 0x0, 0x0, 0x0,
    0x0, 0x0, 0x0, 0x0, 0xbe, 0xff, 0x76, 0x21,
    0xff, 0xff, 0x2b, 0x0, 0x0, 0x0, 0x0, 0x0,
    0x0, 0x15, 0xfd, 0xff, 0x28, 0x0, 0xd2, 0xff,
    0x7f, 0x0, 0x0, 0x0, 0x0, 0x0, 0x0, 0x67,
    0xff, 0xda, 0x0, 0x0, 0x83, 0xff, 0xd4, 0x0,
    0x0, 0x0, 0x0, 0x0, 0x0, 0xba, 0xff, 0x8c,
    0x0, 0x0, 0x36, 0xff, 0xff, 0x28, 0x0, 0x0,
    0x0, 0x0, 0x12, 0xfc, 0xff, 0x3e, 0x0, 0x0,
    0x1, 0xe6, 0xff, 0x7c, 0x0, 0x0, 0x0, 0x0,
    0x63, 0xff, 0xf2, 0x17, 0x14, 0x14, 0x14, 0xa5,
    0xff, 0xd1, 0x0, 0x0, 0x0, 0x0, 0xb6, 0xff,
    0xff, 0xff, 0xff, 0xff, 0xff, 0xff, 0xff, 0xff,
    0x25, 0x0, 0x0, 0x10, 0xfa, 0xff, 0xff, 0xff,
    0xff, 0xff, 0xff, 0xff, 0xff, 0xff, 0x79, 0x0,
    0x0, 0x5d, 0xff, 0xfc, 0x17, 0x0, 0x0, 0x0,
    0x0, 0x0, 0xbc, 0xff, 0xcd, 0x0, 0x0, 0xb2,
    0xff, 0xbb, 0x0, 0x0, 0x0, 0x0, 0x0, 0x0,
    0x62, 0xff, 0xff, 0x22, 0xd, 0xf9, 0xff, 0x62,
    0x0, 0x0, 0x0, 0x0, 0x0, 0x0, 0x11, 0xf9,
    0xff, 0x75, 0x59, 0xff, 0xf9, 0xf, 0x0, 0x0,
    0x0, 0x0, 0x0, 0x0, 0x0, 0xb1, 0xff, 0xca,

    /* U+0042 "B" */
    0x10, 0xff, 0xff, 0xff, 0xff, 0xff, 0xff, 0xff,
    0xeb, 0x9f, 0x15, 0x0, 0x0, 0x10, 0xff, 0xff,
    0xff, 0xff, 0xff, 0xff, 0xff, 0xff, 0xff, 0xd5,
    0x9, 0x0, 0x10, 0xff, 0xff, 0x53, 0x14, 0x14,
    0x14, 0x1e, 0x84, 0xff, 0xff, 0x67, 0x0, 0x10,
    0xff, 0xff, 0x44, 0x0, 0x0, 0x0, 0x0, 0x0,
    0xde, 0xff, 0xa2, 0x0, 0x10, 0xff, 0xff, 0x44,
    0x0, 0x0, 0x0, 0x0, 0x0, 0xc4, 0xff, 0xad,
    0x0, 0x10, 0xff, 0xff, 0x44, 0x0, 0x0, 0x0,
    0x0, 0x0, 0xda, 0xff, 0x88, 0x0, 0x10, 0xff,
    0xff, 0x47, 0x4, 0x4, 0x4, 0xe, 0x77, 0xff,
    0xf0, 0x21, 0x0, 0x10, 0xff, 0xff, 0xff, 0xff,
    0xff, 0xff, 0xff, 0xff, 0xb4, 0x27, 0x0, 0x0,
    0x10, 0xff, 0xff, 0xff, 0xff, 0xff, 0xff, 0xff,
    0xff, 0xff, 0xb7, 0x17, 0x0, 0x10, 0xff, 0xff,
    0x44, 0x0, 0x0, 0x0, 0x2, 0x2c, 0xd2, 0xff,
    0xc1, 0x0, 0x10, 0xff, 0xff, 0x44, 0x0, 0x0,
    0x0, 0x0, 0x0, 0x4e, 0xff, 0xff, 0x24, 0x10,
    0xff, 0xff, 0x44, 0x0, 0x0, 0x0, 0x0, 0x0,
    0x38, 0xff, 0xff, 0x3e, 0x10, 0xff, 0xff, 0x44,
    0x0, 0x0, 0x0, 0x0, 0x0, 0x52, 0xff, 0xff,
    0x24, 0x10, 0xff, 0xff, 0x53, 0x14, 0x14, 0x14,
    0x16, 0x40, 0xdc, 0xff, 0xd4, 0x0, 0x10, 0xff,
    0xff, 0xff, 0xff, 0xff, 0xff, 0xff, 0xff, 0xff,
    0xfb, 0x41, 0x0, 0x10, 0xff, 0xff, 0xff, 0xff,
    0xff, 0xff, 0xff, 0xfc, 0xc9, 0x40, 0x0, 0x0,

    /* U+0043 "C" */
    0x0, 0x0, 0x0, 0x3c, 0xaa, 0xe8, 0xfc, 0xf0,
    0xbe, 0x5a, 0x1, 0x0, 0x0, 0x0, 0x0, 0x7e,
    0xff, 0xff, 0xff, 0xff, 0xff, 0xff, 0xff, 0xa5,
    0x3, 0x0, 0x0, 0x5c, 0xff, 0xff, 0xbf, 0x4c,
    0x28, 0x3e, 0xa0, 0xff, 0xff, 0x7c, 0x0, 0x7,
    0xe7, 0xff, 0xb4, 0x3, 0x0, 0x0, 0x0, 0x0,
    0x8a, 0xff, 0xc2, 0x1, 0x50, 0xff, 0xff, 0x25,
    0x0, 0x0, 0x0, 0x0, 0x0, 0x9, 0x5e, 0x2,
    0x0, 0x8e, 0xff, 0xd8, 0x0, 0x0, 0x0, 0x0,
    0x0, 0x0, 0x0, 0x0, 0x0, 0x0, 0xb4, 0xff,
    0xbb, 0x0, 0x0, 0x0, 0x0, 0x0, 0x0, 0x0,
    0x0, 0x0, 0x0, 0xc7, 0xff, 0xb8, 0x0, 0x0,
    0x0, 0x0, 0x0, 0x0, 0x0, 0x0, 0x0, 0x0,
    0xc8, 0xff, 0xb8, 0x0, 0x0, 0x0, 0x0, 0x0,
    0x0, 0x0, 0x0, 0x0, 0x0, 0xbb, 0xff, 0xbb,
    0x0, 0x0, 0x0, 0x0, 0x0, 0x0, 0x0, 0x0,
    0x0, 0x0, 0x98, 0xff, 0xd3, 0x0, 0x0, 0x0,
    0x0, 0x0, 0x0, 0x0, 0x0, 0x0, 0x0, 0x5a,
    0xff, 0xfe, 0x1c, 0x0, 0x0, 0x0, 0x0, 0x0,
    0x4, 0x87, 0x14, 0x0, 0xc, 0xef, 0xff, 0xa8,
    0x1, 0x0, 0x0, 0x0, 0x0, 0x81, 0xff, 0xe3,
    0x7, 0x0, 0x6d, 0xff, 0xff, 0xb9, 0x49, 0x28,
    0x3e, 0xa0, 0xff, 0xff, 0x7d, 0x0, 0x0, 0x1,
    0x8f, 0xff, 0xff, 0xff, 0xff, 0xff, 0xff, 0xff,
    0x99, 0x2, 0x0, 0x0, 0x0, 0x0, 0x43, 0xae,
    0xe8, 0xfc, 0xee, 0xb9, 0x4f, 0x0, 0x0, 0x0,

    /* U+0044 "D" */
    0x10, 0xff, 0xff, 0xff, 0xff, 0xff, 0xfd, 0xe5,
    0xa6, 0x36, 0x0, 0x0, 0x0, 0x10, 0xff, 0xff,
    0xff, 0xff, 0xff, 0xff, 0xff, 0xff, 0xfe, 0x78,
    0x0, 0x0, 0x10, 0xff, 0xff, 0x5c, 0x20, 0x20,
    0x24, 0x4e, 0xc1, 0xff, 0xff, 0x58, 0x0, 0x10,
    0xff, 0xff, 0x44, 0x0, 0x0, 0x0, 0x0, 0x3,
    0xb3, 0xff, 0xe2, 0x4, 0x10, 0xff, 0xff, 0x44,
    0x0, 0x0, 0x0, 0x0, 0x0, 0x26, 0xff, 0xff,
    0x46, 0x10, 0xff, 0xff, 0x44, 0x0, 0x0, 0x0,
    0x0, 0x0, 0x0, 0xdf, 0xff, 0x83, 0x10, 0xff,
    0xff, 0x44, 0x0, 0x0, 0x0, 0x0, 0x0, 0x0,
    0xc7, 0xff, 0xa7, 0x10, 0xff, 0xff, 0x44, 0x0,
    0x0, 0x0, 0x0, 0x0, 0x0, 0xc4, 0xff, 0xb7,
    0x10, 0xff, 0xff, 0x44, 0x0, 0x0, 0x0, 0x0,
    0x0, 0x0, 0xc4, 0xff, 0xb7, 0x10, 0xff, 0xff,
    0x44, 0x0, 0x0, 0x0, 0x0, 0x0, 0x0, 0xc7,
    0xff, 0xa7, 0x10, 0xff, 0xff, 0x44, 0x0, 0x0,
    0x0, 0x0, 0x0, 0x0, 0xe0, 0xff, 0x83, 0x10,
    0xff, 0xff, 0x44, 0x0, 0x0, 0x0, 0x0, 0x0,
    0x26, 0xff, 0xff, 0x46, 0x10, 0xff, 0xff, 0x44,
    0x0, 0x0, 0x0, 0x0, 0x3, 0xb4, 0xff, 0xe2,
    0x4, 0x10, 0xff, 0xff, 0x5c, 0x20, 0x20, 0x23,
    0x4e, 0xc0, 0xff, 0xff, 0x58, 0x0, 0x10, 0xff,
    0xff, 0xff, 0xff, 0xff, 0xff, 0xff, 0xff, 0xfe,
    0x78, 0x0, 0x0, 0x10, 0xff, 0xff, 0xff, 0xff,
    0xff, 0xfd, 0xe5, 0xa6, 0x36, 0x0, 0x0, 0x0,

    /* U+0045 "E" */
    0x10, 0xff, 0xff, 0xff, 0xff, 0xff, 0xff, 0xff,
    0xff, 0xff, 0xa8, 0x10, 0xff, 0xff, 0xff, 0xff,
    0xff, 0xff, 0xff, 0xff, 0xff, 0xa8, 0x10, 0xff,
    0xff, 0x5c, 0x20, 0x20, 0x20, 0x20, 0x20, 0x20,
    0x15, 0x10, 0xff, 0xff, 0x44, 0x0, 0x0, 0x0,
    0x0, 0x0, 0x0, 0x0, 0x10, 0xff, 0xff, 0x44,
    0x0, 0x0, 0x0, 0x0, 0x0, 0x0, 0x0, 0x10,
    0xff, 0xff, 0x44, 0x0, 0x0, 0x0, 0x0, 0x0,
    0x0, 0x0, 0x10, 0xff, 0xff, 0x44, 0x0, 0x0,
    0x0, 0x0, 0x0, 0x0, 0x0, 0x10, 0xff, 0xff,
    0xff, 0xff, 0xff, 0xff, 0xff, 0xff, 0xff, 0x4,
    0x10, 0xff, 0xff, 0xff, 0xff, 0xff, 0xff, 0xff,
    0xff, 0xff, 0x4, 0x10, 0xff, 0xff, 0x5c, 0x20,
    0x20, 0x20, 0x20, 0x20, 0x20, 0x1, 0x10, 0xff,
    0xff, 0x44, 0x0, 0x0, 0x0, 0x0, 0x0, 0x0,
    0x0, 0x10, 0xff, 0xff, 0x44, 0x0, 0x0, 0x0,
    0x0, 0x0, 0x0, 0x0, 0x10, 0xff, 0xff, 0x44,
    0x0, 0x0, 0x0, 0x0, 0x0, 0x0, 0x0, 0x10,
    0xff, 0xff, 0x5c, 0x20, 0x20, 0x20, 0x20, 0x20,
    0x20, 0x15, 0x10, 0xff, 0xff, 0xff, 0xff, 0xff,
    0xff, 0xff, 0xff, 0xff, 0xa8, 0x10, 0xff, 0xff,
    0xff, 0xff, 0xff, 0xff, 0xff, 0xff, 0xff, 0xa8,

    /* U+0046 "F" */
    0x10, 0xff, 0xff, 0xff, 0xff, 0xff, 0xff, 0xff,
    0xff, 0xff, 0x6c, 0x10, 0xff, 0xff, 0xff, 0xff,
    0xff, 0xff, 0xff, 0xff, 0xff, 0x6c, 0x10, 0xff,
    0xff, 0x5c, 0x20, 0x20, 0x20, 0x20, 0x20, 0x20,
    0xe, 0x10, 0xff, 0xff, 0x44, 0x0, 0x0, 0x0,
    0x0, 0x0, 0x0, 0x0, 0x10, 0xff, 0xff, 0x44,
    0x0, 0x0, 0x0, 0x0, 0x0, 0x0, 0x0, 0x10,
    0xff, 0xff, 0x44, 0x0, 0x0, 0x0, 0x0, 0x0,
    0x0, 0x0, 0x10, 0xff, 0xff, 0x44, 0x0, 0x0,
    0x0, 0x0, 0x0, 0x0, 0x0, 0x10, 0xff, 0xff,
    0xff, 0xff, 0xff, 0xff, 0xff, 0xff, 0xac, 0x0,
    0x10, 0xff, 0xff, 0xff, 0xff, 0xff, 0xff, 0xff,
    0xff, 0xac, 0x0, 0x10, 0xff, 0xff, 0x5c, 0x20,
    0x20, 0x20, 0x20, 0x20, 0x16, 0x0, 0x10, 0xff,
    0xff, 0x44, 0x0, 0x0, 0x0, 0x0, 0x0, 0x0,
    0x0, 0x10, 0xff, 0xff, 0x44, 0x0, 0x0, 0x0,
    0x0, 0x0, 0x0, 0x0, 0x10, 0xff, 0xff, 0x44,
    0x0, 0x0, 0x0, 0x0, 0x0, 0x0, 0x0, 0x10,
    0xff, 0xff, 0x44, 0x0, 0x0, 0x0, 0x0, 0x0,
    0x0, 0x0, 0x10, 0xff, 0xff, 0x44, 0x0, 0x0,
    0x0, 0x0, 0x0, 0x0, 0x0, 0x10, 0xff, 0xff,
    0x44, 0x0, 0x0, 0x0, 0x0, 0x0, 0x0, 0x0,

    /* U+0047 "G" */
    0x0, 0x0, 0x0, 0x26, 0x97, 0xdd, 0xfa, 0xf6,
    0xd1, 0x85, 0x14, 0x0, 0x0, 0x0, 0x0, 0x5f,
    0xf8, 0xff, 0xff, 0xff, 0xff, 0xff, 0xff, 0xe9,
    0x39, 0x0, 0x0, 0x46, 0xfe, 0xff, 0xcf, 0x5b,
    0x2b, 0x30, 0x68, 0xe1, 0xff, 0xee, 0x1f, 0x3,
    0xdb, 0xff, 0xbc, 0x7, 0x0, 0x0, 0x0, 0x0,
    0x14, 0xdb, 0xe4, 0x42, 0x48, 0xff, 0xff, 0x27,
    0x0, 0x0, 0x0, 0x0, 0x0, 0x0, 0x22, 0x9,
    0x0, 0x8d, 0xff, 0xd8, 0x0, 0x0, 0x0, 0x0,
    0x0, 0x0, 0x0, 0x0, 0x0, 0x0, 0xb4, 0xff,
    0xbb, 0x0, 0x0, 0x0, 0x0, 0x0, 0x0, 0x0,
    0x0, 0x0, 0x0, 0xc7, 0xff, 0xb8, 0x0, 0x0,
    0x0, 0x0, 0x98, 0xff, 0xff, 0xff, 0xff, 0xe0,
    0xc7, 0xff, 0xb8, 0x0, 0x0, 0x0, 0x0, 0x98,
    0xff, 0xff, 0xff, 0xff, 0xe0, 0xb6, 0xff, 0xbb,
    0x0, 0x0, 0x0, 0x0, 0xc, 0x14, 0x14, 0x70,
    0xff, 0xe0, 0x8e, 0xff, 0xd9, 0x0, 0x0, 0x0,
    0x0, 0x0, 0x0, 0x0, 0x66, 0xff, 0xe0, 0x4c,
    0xff, 0xff, 0x2a, 0x0, 0x0, 0x0, 0x0, 0x0,
    0x0, 0x87, 0xff, 0xe0, 0x4, 0xe1, 0xff, 0xc2,
    0x9, 0x0, 0x0, 0x0, 0x0, 0x1b, 0xea, 0xff,
    0xe0, 0x0, 0x4f, 0xff, 0xff, 0xd5, 0x60, 0x2c,
    0x2d, 0x6a, 0xe5, 0xdc, 0xff, 0xe0, 0x0, 0x0,
    0x6e, 0xfc, 0xff, 0xff, 0xff, 0xff, 0xff, 0xf4,
    0x5f, 0xff, 0xe0, 0x0, 0x0, 0x0, 0x31, 0xa6,
    0xe6, 0xfc, 0xec, 0xad, 0x2b, 0x30, 0xff, 0xe0,

    /* U+0048 "H" */
    0x10, 0xff, 0xff, 0x44, 0x0, 0x0, 0x0, 0x0,
    0x0, 0x0, 0x9c, 0xff, 0xc0, 0x10, 0xff, 0xff,
    0x44, 0x0, 0x0, 0x0, 0x0, 0x0, 0x0, 0x9c,
    0xff, 0xc0, 0x10, 0xff, 0xff, 0x44, 0x0, 0x0,
    0x0, 0x0, 0x0, 0x0, 0x9c, 0xff, 0xc0, 0x10,
    0xff, 0xff, 0x44, 0x0, 0x0, 0x0, 0x0, 0x0,
    0x0, 0x9c, 0xff, 0xc0, 0x10, 0xff, 0xff, 0x44,
    0x0, 0x0, 0x0, 0x0, 0x0, 0x0, 0x9c, 0xff,
    0xc0, 0x10, 0xff, 0xff, 0x44, 0x0, 0x0, 0x0,
    0x0, 0x0, 0x0, 0x9c, 0xff, 0xc0, 0x10, 0xff,
    0xff, 0x44, 0x0, 0x0, 0x0, 0x0, 0x0, 0x0,
    0x9c, 0xff, 0xc0, 0x10, 0xff, 0xff, 0xff, 0xff,
    0xff, 0xff, 0xff, 0xff, 0xff, 0xff, 0xff, 0xc0,
    0x10, 0xff, 0xff, 0xff, 0xff, 0xff, 0xff, 0xff,
    0xff, 0xff, 0xff, 0xff, 0xc0, 0x10, 0xff, 0xff,
    0x5c, 0x20, 0x20, 0x20, 0x20, 0x20, 0x20, 0xa9,
    0xff, 0xc0, 0x10, 0xff, 0xff, 0x44, 0x0, 0x0,
    0x0, 0x0, 0x0, 0x0, 0x9c, 0xff, 0xc0, 0x10,
    0xff, 0xff, 0x44, 0x0, 0x0, 0x0, 0x0, 0x0,
    0x0, 0x9c, 0xff, 0xc0, 0x10, 0xff, 0xff, 0x44,
    0x0, 0x0, 0x0, 0x0, 0x0, 0x0, 0x9c, 0xff,
    0xc0, 0x10, 0xff, 0xff, 0x44, 0x0, 0x0, 0x0,
    0x0, 0x0, 0x0, 0x9c, 0xff, 0xc0, 0x10, 0xff,
    0xff, 0x44, 0x0, 0x0, 0x0, 0x0, 0x0, 0x0,
    0x9c, 0xff, 0xc0, 0x10, 0xff, 0xff, 0x44, 0x0,
    0x0, 0x0, 0x0, 0x0, 0x0, 0x9c, 0xff, 0xc0,

    /* U+0049 "I" */
    0xc0, 0xff, 0xff, 0xff, 0xff, 0xff, 0xc8, 0xba,
    0xf8, 0xfd, 0xff, 0xfe, 0xf8, 0xc2, 0x0, 0x0,
    0xa8, 0xff, 0xb4, 0x0, 0x0, 0x0, 0x0, 0xa8,
    0xff, 0xb4, 0x0, 0x0, 0x0, 0x0, 0xa8, 0xff,
    0xb4, 0x0, 0x0, 0x0, 0x0, 0xa8, 0xff, 0xb4,
    0x0, 0x0, 0x0, 0x0, 0xa8, 0xff, 0xb4, 0x0,
    0x0, 0x0, 0x0, 0xa8, 0xff, 0xb4, 0x0, 0x0,
    0x0, 0x0, 0xa8, 0xff, 0xb4, 0x0, 0x0, 0x0,
    0x0, 0xa8, 0xff, 0xb4, 0x0, 0x0, 0x0, 0x0,
    0xa8, 0xff, 0xb4, 0x0, 0x0, 0x0, 0x0, 0xa8,
    0xff, 0xb4, 0x0, 0x0, 0x0, 0x0, 0xa8, 0xff,
    0xb4, 0x0, 0x0, 0x0, 0x0, 0xa8, 0xff, 0xb4,
    0x0, 0x0, 0xba, 0xf8, 0xfd, 0xff, 0xfe, 0xf8,
    0xc2, 0xc0, 0xff, 0xff, 0xff, 0xff, 0xff, 0xc8,

    /* U+004A "J" */
    0x0, 0x0, 0xac, 0xff, 0xff, 0xff, 0xff, 0xff,
    0xff, 0xc0, 0x0, 0x0, 0xac, 0xff, 0xff, 0xff,
    0xff, 0xff, 0xff, 0xc0, 0x0, 0x0, 0x5, 0x8,
    0x8, 0x8, 0x8, 0x9b, 0xff, 0xc0, 0x0, 0x0,
    0x0, 0x0, 0x0, 0x0, 0x0, 0x98, 0xff, 0xc0,
    0x0, 0x0, 0x0, 0x0, 0x0, 0x0, 0x0, 0x98,
    0xff, 0xc0, 0x0, 0x0, 0x0, 0x0, 0x0, 0x0,
    0x0, 0x98, 0xff, 0xc0, 0x0, 0x0, 0x0, 0x0,
    0x0, 0x0, 0x0, 0x98, 0xff, 0xc0, 0x0, 0x0,
    0x0, 0x0, 0x0, 0x0, 0x0, 0x98, 0xff, 0xc0,
    0x0, 0x0, 0x0, 0x0, 0x0, 0x0, 0x0, 0x98,
    0xff, 0xc0, 0x0, 0x0, 0x0, 0x0, 0x0, 0x0,
    0x0, 0x98, 0xff, 0xc0, 0x0, 0x0, 0x0, 0x0,
    0x0, 0x0, 0x0, 0x98, 0xff, 0xc0, 0x0, 0x13,
    0x36, 0x0, 0x0, 0x0, 0x0, 0x9e, 0xff, 0xbf,
    0x47, 0xff, 0xf6, 0x14, 0x0, 0x0, 0x1, 0xd0,
    0xff, 0xa7, 0xa, 0xec, 0xff, 0xc2, 0x3b, 0x2e,
    0x95, 0xff, 0xff, 0x58, 0x0, 0x53, 0xfe, 0xff,
    0xff, 0xff, 0xff, 0xff, 0xb7, 0x2, 0x0, 0x0,
    0x46, 0xc1, 0xf6, 0xfa, 0xd6, 0x79, 0x6, 0x0,

    /* U+004B "K" */
    0x10, 0xff, 0xff, 0x44, 0x0, 0x0, 0x0, 0x0,
    0x0, 0x9a, 0xff, 0xf7, 0x33, 0x10, 0xff, 0xff,
    0x44, 0x0, 0x0, 0x0, 0x0, 0x66, 0xff, 0xff,
    0x59, 0x0, 0x10, 0xff, 0xff, 0x44, 0x0, 0x0,
    0x0, 0x38, 0xf9, 0xff, 0x87, 0x0, 0x0, 0x10,
    0xff, 0xff, 0x44, 0x0, 0x0, 0x18, 0xe5, 0xff,
    0xb4, 0x2, 0x0, 0x0, 0x10, 0xff, 0xff, 0x44,
    0x0, 0x6, 0xc4, 0xff, 0xd5, 0xd, 0x0, 0x0,
    0x0, 0x10, 0xff, 0xff, 0x44, 0x0, 0x93, 0xff,
    0xee, 0x24, 0x0, 0x0, 0x0, 0x0, 0x10, 0xff,
    0xff, 0x44, 0x57, 0xff, 0xff, 0x4a, 0x0, 0x0,
    0x0, 0x0, 0x0, 0x10, 0xff, 0xff, 0x6b, 0xf4,
    0xff, 0xff, 0x81, 0x0, 0x0, 0x0, 0x0, 0x0,
    0x10, 0xff, 0xff, 0xf7, 0xff, 0xc4, 0xff, 0xfa,
    0x2c, 0x0, 0x0, 0x0, 0x0, 0x10, 0xff, 0xff,
    0xff, 0x80, 0xb, 0xe1, 0xff, 0xc9, 0x3, 0x0,
    0x0, 0x0, 0x10, 0xff, 0xff, 0xa5, 0x1, 0x0,
    0x4d, 0xff, 0xff, 0x70, 0x0, 0x0, 0x0, 0x10,
    0xff, 0xff, 0x44, 0x0, 0x0, 0x0, 0xac, 0xff,
    0xf5, 0x20, 0x0, 0x0, 0x10, 0xff, 0xff, 0x44,
    0x0, 0x0, 0x0, 0x19, 0xf1, 0xff, 0xba, 0x0,
    0x0, 0x10, 0xff, 0xff, 0x44, 0x0, 0x0, 0x0,
    0x0, 0x6a, 0xff, 0xff, 0x5f, 0x0, 0x10, 0xff,
    0xff, 0x44, 0x0, 0x0, 0x0, 0x0, 0x2, 0xc6,
    0xff, 0xed, 0x17, 0x10, 0xff, 0xff, 0x44, 0x0,
    0x0, 0x0, 0x0, 0x0, 0x2d, 0xfb, 0xff, 0xa9,

    /* U+004C "L" */
    0x10, 0xff, 0xff, 0x44, 0x0, 0x0, 0x0, 0x0,
    0x0, 0x0, 0x10, 0xff, 0xff, 0x44, 0x0, 0x0,
    0x0, 0x0, 0x0, 0x0, 0x10, 0xff, 0xff, 0x44,
    0x0, 0x0, 0x0, 0x0, 0x0, 0x0, 0x10, 0xff,
    0xff, 0x44, 0x0, 0x0, 0x0, 0x0, 0x0, 0x0,
    0x10, 0xff, 0xff, 0x44, 0x0, 0x0, 0x0, 0x0,
    0x0, 0x0, 0x10, 0xff, 0xff, 0x44, 0x0, 0x0,
    0x0, 0x0, 0x0, 0x0, 0x10, 0xff, 0xff, 0x44,
    0x0, 0x0, 0x0, 0x0, 0x0, 0x0, 0x10, 0xff,
    0xff, 0x44, 0x0, 0x0, 0x0, 0x0, 0x0, 0x0,
    0x10, 0xff, 0xff, 0x44, 0x0, 0x0, 0x0, 0x0,
    0x0, 0x0, 0x10, 0xff, 0xff, 0x44, 0x0, 0x0,
    0x0, 0x0, 0x0, 0x0, 0x10, 0xff, 0xff, 0x44,
    0x0, 0x0, 0x0, 0x0, 0x0, 0x0, 0x10, 0xff,
    0xff, 0x44, 0x0, 0x0, 0x0, 0x0, 0x0, 0x0,
    0x10, 0xff, 0xff, 0x44, 0x0, 0x0, 0x0, 0x0,
    0x0, 0x0, 0x10, 0xff, 0xff, 0x5c, 0x20, 0x20,
    0x20, 0x20, 0x20, 0x13, 0x10, 0xff, 0xff, 0xff,
    0xff, 0xff, 0xff, 0xff, 0xff, 0x94, 0x10, 0xff,
    0xff, 0xff, 0xff, 0xff, 0xff, 0xff, 0xff, 0x94,

    /* U+004D "M" */
    0x10, 0xff, 0xff, 0xf0, 0x10, 0x0, 0x0, 0x0,
    0x0, 0x0, 0x0, 0x14, 0xf4, 0xff, 0xff, 0x10,
    0xff, 0xff, 0xff, 0x84, 0x0, 0x0, 0x0, 0x0,
    0x0, 0x0, 0x8c, 0xff, 0xff, 0xff, 0x10, 0xff,
    0xff, 0xff, 0xf2, 0x12, 0x0, 0x0, 0x0, 0x0,
    0x19, 0xf6, 0xff, 0xff, 0xff, 0x10, 0xff, 0xff,
    0xe5, 0xff, 0x87, 0x0, 0x0, 0x0, 0x0, 0x90,
    0xff, 0xe4, 0xff, 0xff, 0x10, 0xff, 0xff, 0x6e,
    0xff, 0xf4, 0x14, 0x0, 0x0, 0x1b, 0xf8, 0xfe,
    0x6f, 0xff, 0xff, 0x10, 0xff, 0xff, 0x30, 0xc5,
    0xff, 0x8a, 0x0, 0x0, 0x96, 0xff, 0xaf, 0x44,
    0xff, 0xff, 0x10, 0xff, 0xff, 0x30, 0x46, 0xff,
    0xf5, 0x18, 0x1e, 0xfa, 0xfe, 0x30, 0x44, 0xff,
    0xff, 0x10, 0xff, 0xff, 0x30, 0x0, 0xbe, 0xff,
    0x8f, 0x9b, 0xff, 0xa8, 0x0, 0x44, 0xff, 0xff,
    0x10, 0xff, 0xff, 0x30, 0x0, 0x38, 0xff, 0xf8,
    0xfb, 0xfb, 0x25, 0x0, 0x44, 0xff, 0xff, 0x10,
    0xff, 0xff, 0x30, 0x0, 0x0, 0xb1, 0xff, 0xff,
    0x99, 0x0, 0x0, 0x44, 0xff, 0xff, 0x10, 0xff,
    0xff, 0x30, 0x0, 0x0, 0x2b, 0xfd, 0xf7, 0x1b,
    0x0, 0x0, 0x44, 0xff, 0xff, 0x10, 0xff, 0xff,
    0x30, 0x0, 0x0, 0x0, 0xa2, 0x8b, 0x0, 0x0,
    0x0, 0x44, 0xff, 0xff, 0x10, 0xff, 0xff, 0x30,
    0x0, 0x0, 0x0, 0x20, 0x12, 0x0, 0x0, 0x0,
    0x44, 0xff, 0xff, 0x10, 0xff, 0xff, 0x30, 0x0,
    0x0, 0x0, 0x0, 0x0, 0x0, 0x0, 0x0, 0x44,
    0xff, 0xff, 0x10, 0xff, 0xff, 0x30, 0x0, 0x0,
    0x0, 0x0, 0x0, 0x0, 0x0, 0x0, 0x44, 0xff,
    0xff, 0x10, 0xff, 0xff, 0x30, 0x0, 0x0, 0x0,
    0x0, 0x0, 0x0, 0x0, 0x0, 0x44, 0xff, 0xff,

    /* U+004E "N" */
    0x10, 0xff, 0xff, 0xd9, 0x5, 0x0, 0x0, 0x0,
    0x0, 0x0, 0x80, 0xff, 0xc0, 0x10, 0xff, 0xff,
    0xff, 0x6d, 0x0, 0x0, 0x0, 0x0, 0x0, 0x80,
    0xff, 0xc0, 0x10, 0xff, 0xff, 0xff, 0xed, 0x11,
    0x0, 0x0, 0x0, 0x0, 0x80, 0xff, 0xc0, 0x10,
    0xff, 0xff, 0xeb, 0xff, 0x8f, 0x0, 0x0, 0x0,
    0x0, 0x80, 0xff, 0xc0, 0x10, 0xff, 0xff, 0x74,
    0xff, 0xfb, 0x27, 0x0, 0x0, 0x0, 0x80, 0xff,
    0xc0, 0x10, 0xff, 0xff, 0x30, 0xc4, 0xff, 0xb2,
    0x0, 0x0, 0x0, 0x80, 0xff, 0xc0, 0x10, 0xff,
    0xff, 0x30, 0x44, 0xff, 0xff, 0x42, 0x0, 0x0,
    0x80, 0xff, 0xc0, 0x10, 0xff, 0xff, 0x30, 0x0,
    0xb9, 0xff, 0xd0, 0x3, 0x0, 0x80, 0xff, 0xc0,
    0x10, 0xff, 0xff, 0x30, 0x0, 0x2a, 0xfc, 0xff,
    0x65, 0x0, 0x80, 0xff, 0xc0, 0x10, 0xff, 0xff,
    0x30, 0x0, 0x0, 0x96, 0xff, 0xe7, 0x9, 0x80,
    0xff, 0xc0, 0x10, 0xff, 0xff, 0x30, 0x0, 0x0,
    0x15, 0xef, 0xff, 0x70, 0x80, 0xff, 0xc0, 0x10,
    0xff, 0xff, 0x30, 0x0, 0x0, 0x0, 0x72, 0xff,
    0xe8, 0x8a, 0xff, 0xc0, 0x10, 0xff, 0xff, 0x30,
    0x0, 0x0, 0x0, 0x6, 0xdc, 0xff, 0xe9, 0xff,
    0xc0, 0x10, 0xff, 0xff, 0x30, 0x0, 0x0, 0x0,
    0x0, 0x51, 0xff, 0xff, 0xff, 0xc0, 0x10, 0xff,
    0xff, 0x30, 0x0, 0x0, 0x0, 0x0, 0x0, 0xbe,
    0xff, 0xff, 0xc0, 0x10, 0xff, 0xff, 0x30, 0x0,
    0x0, 0x0, 0x0, 0x0, 0x30, 0xfd, 0xff, 0xc0,

    /* U+004F "O" */
    0x0, 0x0, 0x0, 0x2c, 0x9e, 0xe0, 0xfa, 0xf5,
    0xcc, 0x78, 0xd, 0x0, 0x0, 0x0, 0x0, 0x0,
    0x69, 0xfb, 0xff, 0xff, 0xff, 0xff, 0xff, 0xff,
    0xdf, 0x26, 0x0, 0x0, 0x0, 0x51, 0xff, 0xff,
    0xd0, 0x58, 0x2a, 0x34, 0x7c, 0xf4, 0xff, 0xdf,
    0xf, 0x0, 0x5, 0xe1, 0xff, 0xc2, 0x8, 0x0,
    0x0, 0x0, 0x0, 0x33, 0xf6, 0xff, 0x84, 0x0,
    0x4e, 0xff, 0xff, 0x2a, 0x0, 0x0, 0x0, 0x0,
    0x0, 0x0, 0x88, 0xff, 0xe8, 0x2, 0x8e, 0xff,
    0xd9, 0x0, 0x0, 0x0, 0x0, 0x0, 0x0, 0x0,
    0x39, 0xff, 0xff, 0x2b, 0xb6, 0xff, 0xbb, 0x0,
    0x0, 0x0, 0x0, 0x0, 0x0, 0x0, 0x1b, 0xff,
    0xff, 0x52, 0xc7, 0xff, 0xb8, 0x0, 0x0, 0x0,
    0x0, 0x0, 0x0, 0x0, 0x18, 0xff, 0xff, 0x63,
    0xc7, 0xff, 0xb8, 0x0, 0x0, 0x0, 0x0, 0x0,
    0x0, 0x0, 0x18, 0xff, 0xff, 0x63, 0xb6, 0xff,
    0xbb, 0x0, 0x0, 0x0, 0x0, 0x0, 0x0, 0x0,
    0x1b, 0xff, 0xff, 0x52, 0x8e, 0xff, 0xdb, 0x0,
    0x0, 0x0, 0x0, 0x0, 0x0, 0x0, 0x3a, 0xff,
    0xff, 0x2a, 0x4c, 0xff, 0xff, 0x2b, 0x0, 0x0,
    0x0, 0x0, 0x0, 0x0, 0x8c, 0xff, 0xe8, 0x2,
    0x5, 0xe1, 0xff, 0xc3, 0x9, 0x0, 0x0, 0x0,
    0x0, 0x34, 0xf8, 0xff, 0x84, 0x0, 0x0, 0x51,
    0xff, 0xff, 0xd2, 0x59, 0x2a, 0x34, 0x7e, 0xf4,
    0xff, 0xdf, 0xe, 0x0, 0x0, 0x0, 0x69, 0xfb,
    0xff, 0xff, 0xff, 0xff, 0xff, 0xff, 0xdf, 0x26,
    0x0, 0x0, 0x0, 0x0, 0x0, 0x2c, 0x9e, 0xe1,
    0xfa, 0xf5, 0xcc, 0x78, 0xd, 0x0, 0x0, 0x0,

    /* U+0050 "P" */
    0x10, 0xff, 0xff, 0xff, 0xff, 0xff, 0xff, 0xfd,
    0xe1, 0x87, 0xb, 0x0, 0x10, 0xff, 0xff, 0xff,
    0xff, 0xff, 0xff, 0xff, 0xff, 0xff, 0xc1, 0x4,
    0x10, 0xff, 0xff, 0x56, 0x18, 0x18, 0x18, 0x1d,
    0x7a, 0xff, 0xff, 0x5e, 0x10, 0xff, 0xff, 0x44,
    0x0, 0x0, 0x0, 0x0, 0x0, 0xc9, 0xff, 0xae,
    0x10, 0xff, 0xff, 0x44, 0x0, 0x0, 0x0, 0x0,
    0x0, 0xa5, 0xff, 0xd2, 0x10, 0xff, 0xff, 0x44,
    0x0, 0x0, 0x0, 0x0, 0x0, 0xa6, 0xff, 0xd2,
    0x10, 0xff, 0xff, 0x44, 0x0, 0x0, 0x0, 0x0,
    0x0, 0xc9, 0xff, 0xae, 0x10, 0xff, 0xff, 0x59,
    0x1c, 0x1c, 0x1c, 0x21, 0x7b, 0xff, 0xff, 0x5c,
    0x10, 0xff, 0xff, 0xff, 0xff, 0xff, 0xff, 0xff,
    0xff, 0xff, 0xc1, 0x3, 0x10, 0xff, 0xff, 0xff,
    0xff, 0xff, 0xff, 0xfd, 0xe1, 0x88, 0xb, 0x0,
    0x10, 0xff, 0xff, 0x44, 0x0, 0x0, 0x0, 0x0,
    0x0, 0x0, 0x0, 0x0, 0x10, 0xff, 0xff, 0x44,
    0x0, 0x0, 0x0, 0x0, 0x0, 0x0, 0x0, 0x0,
    0x10, 0xff, 0xff, 0x44, 0x0, 0x0, 0x0, 0x0,
    0x0, 0x0, 0x0, 0x0, 0x10, 0xff, 0xff, 0x44,
    0x0, 0x0, 0x0, 0x0, 0x0, 0x0, 0x0, 0x0,
    0x10, 0xff, 0xff, 0x44, 0x0, 0x0, 0x0, 0x0,
    0x0, 0x0, 0x0, 0x0, 0x10, 0xff, 0xff, 0x44,
    0x0, 0x0, 0x0, 0x0, 0x0, 0x0, 0x0, 0x0,

    /* U+0051 "Q" */
    0x0, 0x0, 0x0, 0x28, 0x9b, 0xde, 0xfa, 0xf5,
    0xcc, 0x74, 0xa, 0x0, 0x0, 0x0, 0x0, 0x0,
    0x62, 0xfa, 0xff, 0xff, 0xff, 0xff, 0xff, 0xff,
    0xda, 0x22, 0x0, 0x0, 0x0, 0x48, 0xfe, 0xff,
    0xd4, 0x5a, 0x2b, 0x34, 0x7f, 0xf5, 0xff, 0xda,
    0xb, 0x0, 0x3, 0xda, 0xff, 0xc7, 0x9, 0x0,
    0x0, 0x0, 0x0, 0x39, 0xf9, 0xff, 0x7b, 0x0,
    0x44, 0xff, 0xff, 0x32, 0x0, 0x0, 0x0, 0x0,
    0x0, 0x0, 0x91, 0xff, 0xe2, 0x0, 0x89, 0xff,
    0xde, 0x0, 0x0, 0x0, 0x0, 0x0, 0x0, 0x0,
    0x3f, 0xff, 0xff, 0x25, 0xb0, 0xff, 0xbe, 0x0,
    0x0, 0x0, 0x0, 0x0, 0x0, 0x0, 0x1e, 0xff,
    0xff, 0x4c, 0xc5, 0xff, 0xb8, 0x0, 0x0, 0x0,
    0x0, 0x0, 0x0, 0x0, 0x18, 0xff, 0xff, 0x61,
    0xca, 0xff, 0xb8, 0x0, 0x0, 0x0, 0x0, 0x0,
    0x0, 0x0, 0x18, 0xff, 0xff, 0x66, 0xbd, 0xff,
    0xb9, 0x0, 0x0, 0x0, 0x0, 0x0, 0x0, 0x0,
    0x1a, 0xff, 0xff, 0x59, 0x9d, 0xff, 0xcd, 0x0,
    0x0, 0x0, 0x0, 0x0, 0x0, 0x0, 0x2d, 0xff,
    0xff, 0x38, 0x64, 0xff, 0xfa, 0x12, 0x0, 0x0,
    0x0, 0x0, 0x0, 0x0, 0x6c, 0xff, 0xf7, 0x9,
    0x15, 0xf8, 0xff, 0x8c, 0x0, 0x0, 0x0, 0x0,
    0x0, 0xc, 0xdf, 0xff, 0xaa, 0x0, 0x0, 0x8c,
    0xff, 0xff, 0x80, 0x8, 0x0, 0x0, 0x23, 0xc4,
    0xff, 0xfb, 0x2c, 0x0, 0x0, 0x7, 0xc0, 0xff,
    0xff, 0xf3, 0xcb, 0xd4, 0xfe, 0xff, 0xff, 0x66,
    0x0, 0x0, 0x0, 0x0, 0x8, 0x8c, 0xf6, 0xff,
    0xff, 0xff, 0xff, 0xdb, 0x4b, 0x0, 0x0, 0x0,
    0x0, 0x0, 0x0, 0x0, 0xe, 0x5f, 0xff, 0xff,
    0x3b, 0x1, 0x0, 0x0, 0x0, 0x0, 0x0, 0x0,
    0x0, 0x0, 0x0, 0x23, 0xff, 0xff, 0x10, 0x0,
    0x0, 0x0, 0x0, 0x0, 0x0, 0x0, 0x0, 0x0,
    0x0, 0xa, 0xf6, 0xff, 0xff, 0xff, 0x6c, 0x0,
    0x0, 0x0, 0x0, 0x0, 0x0, 0x0, 0x0, 0x0,
    0x5b, 0xe4, 0xfc, 0xfc, 0x6a, 0x0, 0x0, 0x0,

    /* U+0052 "R" */
    0x10, 0xff, 0xff, 0xff, 0xff, 0xff, 0xff, 0xfd,
    0xe1, 0x8b, 0xc, 0x0, 0x0, 0x10, 0xff, 0xff,
    0xff, 0xff, 0xff, 0xff, 0xff, 0xff, 0xff, 0xc2,
    0x4, 0x0, 0x10, 0xff, 0xff, 0x56, 0x18, 0x18,
    0x18, 0x1d, 0x7a, 0xff, 0xff, 0x60, 0x0, 0x10,
    0xff, 0xff, 0x44, 0x0, 0x0, 0x0, 0x0, 0x0,
    0xc9, 0xff, 0xb0, 0x0, 0x10, 0xff, 0xff, 0x44,
    0x0, 0x0, 0x0, 0x0, 0x0, 0xa6, 0xff, 0xd2,
    0x0, 0x10, 0xff, 0xff, 0x44, 0x0, 0x0, 0x0,
    0x0, 0x0, 0xa5, 0xff, 0xd2, 0x0, 0x10, 0xff,
    0xff, 0x44, 0x0, 0x0, 0x0, 0x0, 0x0, 0xc5,
    0xff, 0xac, 0x0, 0x10, 0xff, 0xff, 0x50, 0x10,
    0x10, 0x10, 0x15, 0x71, 0xff, 0xff, 0x59, 0x0,
    0x10, 0xff, 0xff, 0xff, 0xff, 0xff, 0xff, 0xff,
    0xff, 0xff, 0xb7, 0x2, 0x0, 0x10, 0xff, 0xff,
    0xff, 0xff, 0xff, 0xff, 0xff, 0xfa, 0x76, 0x7,
    0x0, 0x0, 0x10, 0xff, 0xff, 0x44, 0x0, 0x0,
    0x4a, 0xff, 0xff, 0x44, 0x0, 0x0, 0x0, 0x10,
    0xff, 0xff, 0x44, 0x0, 0x0, 0x0, 0xc4, 0xff,
    0xcc, 0x1, 0x0, 0x0, 0x10, 0xff, 0xff, 0x44,
    0x0, 0x0, 0x0, 0x3f, 0xff, 0xff, 0x56, 0x0,
    0x0, 0x10, 0xff, 0xff, 0x44, 0x0, 0x0, 0x0,
    0x0, 0xba, 0xff, 0xda, 0x4, 0x0, 0x10, 0xff,
    0xff, 0x44, 0x0, 0x0, 0x0, 0x0, 0x35, 0xff,
    0xff, 0x67, 0x0, 0x10, 0xff, 0xff, 0x44, 0x0,
    0x0, 0x0, 0x0, 0x0, 0xb0, 0xff, 0xe6, 0xa,

    /* U+0053 "S" */
    0x0, 0x0, 0x0, 0x48, 0xb2, 0xea, 0xfc, 0xf3,
    0xc9, 0x6f, 0x7, 0x0, 0x0, 0x0, 0x88, 0xff,
    0xff, 0xff, 0xff, 0xff, 0xff, 0xff, 0xd3, 0x1d,
    0x0, 0x3d, 0xff, 0xff, 0xac, 0x3b, 0x1f, 0x34,
    0x83, 0xf7, 0xff, 0x92, 0x0, 0x8d, 0xff, 0xdc,
    0x3, 0x0, 0x0, 0x0, 0x0, 0x35, 0x89, 0x3,
    0x0, 0xa0, 0xff, 0xba, 0x0, 0x0, 0x0, 0x0,
    0x0, 0x0, 0x0, 0x0, 0x0, 0x7e, 0xff, 0xf4,
    0x26, 0x0, 0x0, 0x0, 0x0, 0x0, 0x0, 0x0,
    0x0, 0x20, 0xf5, 0xff, 0xf7, 0xa3, 0x62, 0x2e,
    0x2, 0x0, 0x0, 0x0, 0x0, 0x0, 0x45, 0xe8,
    0xff, 0xff, 0xff, 0xff, 0xeb, 0x8e, 0x14, 0x0,
    0x0, 0x0, 0x0, 0xb, 0x60, 0xa8, 0xde, 0xff,
    0xff, 0xff, 0xe3, 0x1e, 0x0, 0x0, 0x0, 0x0,
    0x0, 0x0, 0x0, 0x15, 0x71, 0xf8, 0xff, 0xa4,
    0x0, 0x0, 0x0, 0x0, 0x0, 0x0, 0x0, 0x0,
    0x0, 0x85, 0xff, 0xe8, 0x0, 0x0, 0x8, 0x0,
    0x0, 0x0, 0x0, 0x0, 0x0, 0x63, 0xff, 0xf2,
    0x0, 0x42, 0xe3, 0x3a, 0x0, 0x0, 0x0, 0x0,
    0x0, 0xa7, 0xff, 0xcf, 0x2, 0xd6, 0xff, 0xfa,
    0x92, 0x3f, 0x23, 0x38, 0x99, 0xff, 0xff, 0x6f,
    0x0, 0x1f, 0xcf, 0xff, 0xff, 0xff, 0xff, 0xff,
    0xff, 0xff, 0xae, 0x3, 0x0, 0x0, 0x5, 0x69,
    0xc1, 0xef, 0xfe, 0xee, 0xbd, 0x5b, 0x1, 0x0,

    /* U+0054 "T" */
    0x78, 0xff, 0xff, 0xff, 0xff, 0xff, 0xff, 0xff,
    0xff, 0xff, 0xff, 0xff, 0x24, 0x78, 0xff, 0xff,
    0xff, 0xff, 0xff, 0xff, 0xff, 0xff, 0xff, 0xff,
    0xff, 0x24, 0xf, 0x20, 0x20, 0x20, 0x20, 0xda,
    0xff, 0x90, 0x20, 0x20, 0x20, 0x20, 0x5, 0x0,
    0x0, 0x0, 0x0, 0x0, 0xd4, 0xff, 0x80, 0x0,
    0x0, 0x0, 0x0, 0x0, 0x0, 0x0, 0x0, 0x0,
    0x0, 0xd4, 0xff, 0x80, 0x0, 0x0, 0x0, 0x0,
    0x0, 0x0, 0x0, 0x0, 0x0, 0x0, 0xd4, 0xff,
    0x80, 0x0, 0x0, 0x0, 0x0, 0x0, 0x0, 0x0,
    0x0, 0x0, 0x0, 0xd4, 0xff, 0x80, 0x0, 0x0,
    0x0, 0x0, 0x0, 0x0, 0x0, 0x0, 0x0, 0x0,
    0xd4, 0xff, 0x80, 0x0, 0x0, 0x0, 0x0, 0x0,
    0x0, 0x0, 0x0, 0x0, 0x0, 0xd4, 0xff, 0x80,
    0x0, 0x0, 0x0, 0x0, 0x0, 0x0, 0x0, 0x0,
    0x0, 0x0, 0xd4, 0xff, 0x80, 0x0, 0x0, 0x0,
    0x0, 0x0, 0x0, 0x0, 0x0, 0x0, 0x0, 0xd4,
    0xff, 0x80, 0x0, 0x0, 0x0, 0x0, 0x0, 0x0,
    0x0, 0x0, 0x0, 0x0, 0xd4, 0xff, 0x80, 0x0,
    0x0, 0x0, 0x0, 0x0, 0x0, 0x0, 0x0, 0x0,
    0x0, 0xd4, 0xff, 0x80, 0x0, 0x0, 0x0, 0x0,
    0x0, 0x0, 0x0, 0x0, 0x0, 0x0, 0xd4, 0xff,
    0x80, 0x0, 0x0, 0x0, 0x0, 0x0, 0x0, 0x0,
    0x0, 0x0, 0x0, 0xd4, 0xff, 0x80, 0x0, 0x0,
    0x0, 0x0, 0x0, 0x0, 0x0, 0x0, 0x0, 0x0,
    0xd4, 0xff, 0x80, 0x0, 0x0, 0x0, 0x0, 0x0,

    /* U+0055 "U" */
    0x2c, 0xff, 0xff, 0x24, 0x0, 0x0, 0x0, 0x0,
    0x0, 0x1c, 0xff, 0xff, 0x34, 0x2c, 0xff, 0xff,
    0x24, 0x0, 0x0, 0x0, 0x0, 0x0, 0x1c, 0xff,
    0xff, 0x34, 0x2c, 0xff, 0xff, 0x24, 0x0, 0x0,
    0x0, 0x0, 0x0, 0x1c, 0xff, 0xff, 0x34, 0x2c,
    0xff, 0xff, 0x24, 0x0, 0x0, 0x0, 0x0, 0x0,
    0x1c, 0xff, 0xff, 0x34, 0x2c, 0xff, 0xff, 0x24,
    0x0, 0x0, 0x0, 0x0, 0x0, 0x1c, 0xff, 0xff,
    0x34, 0x2c, 0xff, 0xff, 0x24, 0x0, 0x0, 0x0,
    0x0, 0x0, 0x1c, 0xff, 0xff, 0x34, 0x2c, 0xff,
    0xff, 0x24, 0x0, 0x0, 0x0, 0x0, 0x0, 0x1c,
    0xff, 0xff, 0x34, 0x2c, 0xff, 0xff, 0x24, 0x0,
    0x0, 0x0, 0x0, 0x0, 0x1c, 0xff, 0xff, 0x34,
    0x2c, 0xff, 0xff, 0x24, 0x0, 0x0, 0x0, 0x0,
    0x0, 0x1c, 0xff, 0xff, 0x34, 0x2a, 0xff, 0xff,
    0x24, 0x0, 0x0, 0x0, 0x0, 0x0, 0x1c, 0xff,
    0xff, 0x32, 0x1f, 0xff, 0xff, 0x2e, 0x0, 0x0,
    0x0, 0x0, 0x0, 0x27, 0xff, 0xff, 0x27, 0x6,
    0xfc, 0xff, 0x57, 0x0, 0x0, 0x0, 0x0, 0x0,
    0x4e, 0xff, 0xfe, 0xb, 0x0, 0xcd, 0xff, 0xbb,
    0x1, 0x0, 0x0, 0x0, 0x0, 0xb4, 0xff, 0xd1,
    0x0, 0x0, 0x70, 0xff, 0xff, 0xab, 0x41, 0x26,
    0x40, 0xa8, 0xff, 0xff, 0x72, 0x0, 0x0, 0x5,
    0xbf, 0xff, 0xff, 0xff, 0xff, 0xff, 0xff, 0xff,
    0xbd, 0x5, 0x0, 0x0, 0x0, 0x6, 0x71, 0xc9,
    0xf2, 0xfe, 0xf0, 0xc5, 0x6e, 0x5, 0x0, 0x0,

    /* U+0056 "V" */
    0x73, 0xff, 0xf5, 0x9, 0x0, 0x0, 0x0, 0x0,
    0x0, 0x0, 0x3a, 0xff, 0xff, 0x27, 0x22, 0xff,
    0xff, 0x4e, 0x0, 0x0, 0x0, 0x0, 0x0, 0x0,
    0x86, 0xff, 0xd6, 0x0, 0x0, 0xd2, 0xff, 0x9e,
    0x0, 0x0, 0x0, 0x0, 0x0, 0x0, 0xd6, 0xff,
    0x82, 0x0, 0x0, 0x82, 0xff, 0xeb, 0x3, 0x0,
    0x0, 0x0, 0x0, 0x26, 0xff, 0xff, 0x32, 0x0,
    0x0, 0x2f, 0xff, 0xff, 0x3e, 0x0, 0x0, 0x0,
    0x0, 0x77, 0xff, 0xde, 0x0, 0x0, 0x0, 0x0,
    0xde, 0xff, 0x8c, 0x0, 0x0, 0x0, 0x0, 0xc6,
    0xff, 0x8e, 0x0, 0x0, 0x0, 0x0, 0x8e, 0xff,
    0xda, 0x0, 0x0, 0x0, 0x18, 0xfe, 0xff, 0x3a,
    0x0, 0x0, 0x0, 0x0, 0x3e, 0xff, 0xff, 0x2a,
    0x0, 0x0, 0x66, 0xff, 0xe8, 0x2, 0x0, 0x0,
    0x0, 0x0, 0x3, 0xe8, 0xff, 0x73, 0x0, 0x0,
    0xb0, 0xff, 0x96, 0x0, 0x0, 0x0, 0x0, 0x0,
    0x0, 0x9a, 0xff, 0xb8, 0x0, 0x4, 0xf1, 0xff,
    0x46, 0x0, 0x0, 0x0, 0x0, 0x0, 0x0, 0x4a,
    0xff, 0xf6, 0x6, 0x3a, 0xff, 0xee, 0x4, 0x0,
    0x0, 0x0, 0x0, 0x0, 0x0, 0x7, 0xf3, 0xff,
    0x40, 0x7f, 0xff, 0xa2, 0x0, 0x0, 0x0, 0x0,
    0x0, 0x0, 0x0, 0x0, 0xa7, 0xff, 0x84, 0xc3,
    0xff, 0x4e, 0x0, 0x0, 0x0, 0x0, 0x0, 0x0,
    0x0, 0x0, 0x56, 0xff, 0xd8, 0xfb, 0xf5, 0x9,
    0x0, 0x0, 0x0, 0x0, 0x0, 0x0, 0x0, 0x0,
    0xd, 0xf9, 0xff, 0xff, 0xaa, 0x0, 0x0, 0x0,
    0x0, 0x0, 0x0, 0x0, 0x0, 0x0, 0x0, 0xb5,
    0xff, 0xff, 0x59, 0x0, 0x0, 0x0, 0x0, 0x0,

    /* U+0057 "W" */
    0x63, 0xff, 0xfb, 0x7, 0x0, 0x0, 0x0, 0x0,
    0x53, 0xff, 0xff, 0x8a, 0x0, 0x0, 0x0, 0x0,
    0x0, 0xbc, 0xff, 0x91, 0x28, 0xff, 0xff, 0x37,
    0x0, 0x0, 0x0, 0x0, 0x90, 0xff, 0xff, 0xc6,
    0x0, 0x0, 0x0, 0x0, 0x2, 0xf0, 0xff, 0x54,
    0x1, 0xed, 0xff, 0x6a, 0x0, 0x0, 0x0, 0x0,
    0xcd, 0xff, 0xf8, 0xfa, 0xa, 0x0, 0x0, 0x0,
    0x28, 0xff, 0xff, 0x19, 0x0, 0xb3, 0xff, 0xa0,
    0x0, 0x0, 0x0, 0xe, 0xfd, 0xd6, 0xbd, 0xff,
    0x40, 0x0, 0x0, 0x0, 0x5f, 0xff, 0xdc, 0x0,
    0x0, 0x79, 0xff, 0xd4, 0x0, 0x0, 0x0, 0x48,
    0xff, 0x99, 0x81, 0xff, 0x7d, 0x0, 0x0, 0x0,
    0x96, 0xff, 0x9f, 0x0, 0x0, 0x3e, 0xff, 0xfd,
    0xc, 0x0, 0x0, 0x85, 0xff, 0x5a, 0x45, 0xff,
    0xbb, 0x0, 0x0, 0x0, 0xcc, 0xff, 0x62, 0x0,
    0x0, 0x9, 0xfb, 0xff, 0x3d, 0x0, 0x0, 0xc3,
    0xff, 0x1c, 0xd, 0xfd, 0xf3, 0x3, 0x0, 0x8,
    0xfb, 0xff, 0x25, 0x0, 0x0, 0x0, 0xca, 0xff,
    0x71, 0x0, 0x8, 0xf8, 0xdd, 0x0, 0x0, 0xcd,
    0xff, 0x34, 0x0, 0x39, 0xff, 0xe7, 0x0, 0x0,
    0x0, 0x0, 0x8f, 0xff, 0xa6, 0x0, 0x3c, 0xff,
    0xa0, 0x0, 0x0, 0x90, 0xff, 0x6f, 0x0, 0x6f,
    0xff, 0xac, 0x0, 0x0, 0x0, 0x0, 0x54, 0xff,
    0xdb, 0x0, 0x77, 0xff, 0x60, 0x0, 0x0, 0x52,
    0xff, 0xac, 0x0, 0xa4, 0xff, 0x6f, 0x0, 0x0,
    0x0, 0x0, 0x1a, 0xff, 0xff, 0x11, 0xb4, 0xff,
    0x23, 0x0, 0x0, 0x15, 0xff, 0xe6, 0x0, 0xda,
    0xff, 0x32, 0x0, 0x0, 0x0, 0x0, 0x0, 0xdf,
    0xff, 0x46, 0xef, 0xe4, 0x0, 0x0, 0x0, 0x0,
    0xd6, 0xff, 0x33, 0xff, 0xf2, 0x3, 0x0, 0x0,
    0x0, 0x0, 0x0, 0xa5, 0xff, 0xa6, 0xff, 0xa6,
    0x0, 0x0, 0x0, 0x0, 0x99, 0xff, 0xa1, 0xff,
    0xb8, 0x0, 0x0, 0x0, 0x0, 0x0, 0x0, 0x6a,
    0xff, 0xfc, 0xff, 0x67, 0x0, 0x0, 0x0, 0x0,
    0x5b, 0xff, 0xfc, 0xff, 0x7c, 0x0, 0x0, 0x0,
    0x0, 0x0, 0x0, 0x30, 0xff, 0xff, 0xff, 0x2a,
    0x0, 0x0, 0x0, 0x0, 0x1c, 0xff, 0xff, 0xff,
    0x3f, 0x0, 0x0, 0x0, 0x0, 0x0, 0x0, 0x3,
    0xf3, 0xff, 0xeb, 0x1, 0x0, 0x0, 0x0, 0x0,
    0x0, 0xe0, 0xff, 0xfa, 0x8, 0x0, 0x0, 0x0,

    /* U+0058 "X" */
    0x1c, 0xf3, 0xff, 0xb3, 0x0, 0x0, 0x0, 0x0,
    0x0, 0x0, 0xa1, 0xff, 0xe8, 0x10, 0x0, 0x70,
    0xff, 0xff, 0x49, 0x0, 0x0, 0x0, 0x0, 0x3b,
    0xff, 0xff, 0x58, 0x0, 0x0, 0x3, 0xcf, 0xff,
    0xdb, 0x6, 0x0, 0x0, 0x3, 0xd1, 0xff, 0xb8,
    0x0, 0x0, 0x0, 0x0, 0x37, 0xfe, 0xff, 0x78,
    0x0, 0x0, 0x6e, 0xff, 0xf6, 0x22, 0x0, 0x0,
    0x0, 0x0, 0x0, 0x97, 0xff, 0xf4, 0x1b, 0x16,
    0xf0, 0xff, 0x7b, 0x0, 0x0, 0x0, 0x0, 0x0,
    0x0, 0x10, 0xe8, 0xff, 0xa5, 0xa0, 0xff, 0xd5,
    0x6, 0x0, 0x0, 0x0, 0x0, 0x0, 0x0, 0x0,
    0x5c, 0xff, 0xff, 0xff, 0xff, 0x3c, 0x0, 0x0,
    0x0, 0x0, 0x0, 0x0, 0x0, 0x0, 0x0, 0xc2,
    0xff, 0xff, 0xa2, 0x0, 0x0, 0x0, 0x0, 0x0,
    0x0, 0x0, 0x0, 0x0, 0xf, 0xe8, 0xff, 0xff,
    0xd5, 0x5, 0x0, 0x0, 0x0, 0x0, 0x0, 0x0,
    0x0, 0x0, 0x93, 0xff, 0xe3, 0xfb, 0xff, 0x78,
    0x0, 0x0, 0x0, 0x0, 0x0, 0x0, 0x0, 0x32,
    0xfd, 0xff, 0x4c, 0x8e, 0xff, 0xf6, 0x1f, 0x0,
    0x0, 0x0, 0x0, 0x0, 0x2, 0xc8, 0xff, 0xb7,
    0x0, 0xf, 0xe9, 0xff, 0xb3, 0x0, 0x0, 0x0,
    0x0, 0x0, 0x67, 0xff, 0xfa, 0x26, 0x0, 0x0,
    0x61, 0xff, 0xff, 0x50, 0x0, 0x0, 0x0, 0x15,
    0xee, 0xff, 0x8a, 0x0, 0x0, 0x0, 0x1, 0xc7,
    0xff, 0xe3, 0xb, 0x0, 0x0, 0x9e, 0xff, 0xe7,
    0xd, 0x0, 0x0, 0x0, 0x0, 0x35, 0xfe, 0xff,
    0x8b, 0x0, 0x3c, 0xff, 0xff, 0x5f, 0x0, 0x0,
    0x0, 0x0, 0x0, 0x0, 0x9d, 0xff, 0xfc, 0x2d,

    /* U+0059 "Y" */
    0x76, 0xff, 0xfe, 0x2d, 0x0, 0x0, 0x0, 0x0,
    0x0, 0x0, 0xb0, 0xff, 0xe4, 0xa, 0x9, 0xe4,
    0xff, 0xb1, 0x0, 0x0, 0x0, 0x0, 0x0, 0x34,
    0xff, 0xff, 0x60, 0x0, 0x0, 0x61, 0xff, 0xff,
    0x3a, 0x0, 0x0, 0x0, 0x0, 0xba, 0xff, 0xd0,
    0x2, 0x0, 0x0, 0x3, 0xd5, 0xff, 0xc0, 0x0,
    0x0, 0x0, 0x3e, 0xff, 0xff, 0x46, 0x0, 0x0,
    0x0, 0x0, 0x4d, 0xff, 0xff, 0x46, 0x0, 0x0,
    0xc3, 0xff, 0xb9, 0x0, 0x0, 0x0, 0x0, 0x0,
    0x0, 0xc2, 0xff, 0xce, 0x1, 0x48, 0xff, 0xfd,
    0x2d, 0x0, 0x0, 0x0, 0x0, 0x0, 0x0, 0x3a,
    0xff, 0xff, 0x56, 0xce, 0xff, 0x9e, 0x0, 0x0,
    0x0, 0x0, 0x0, 0x0, 0x0, 0x0, 0xad, 0xff,
    0xf2, 0xff, 0xf6, 0x1b, 0x0, 0x0, 0x0, 0x0,
    0x0, 0x0, 0x0, 0x0, 0x27, 0xfc, 0xff, 0xff,
    0x83, 0x0, 0x0, 0x0, 0x0, 0x0, 0x0, 0x0,
    0x0, 0x0, 0x0, 0x9e, 0xff, 0xf2, 0xd, 0x0,
    0x0, 0x0, 0x0, 0x0, 0x0, 0x0, 0x0, 0x0,
    0x0, 0x7c, 0xff, 0xe0, 0x0, 0x0, 0x0, 0x0,
    0x0, 0x0, 0x0, 0x0, 0x0, 0x0, 0x0, 0x7c,
    0xff, 0xe0, 0x0, 0x0, 0x0, 0x0, 0x0, 0x0,
    0x0, 0x0, 0x0, 0x0, 0x0, 0x7c, 0xff, 0xe0,
    0x0, 0x0, 0x0, 0x0, 0x0, 0x0, 0x0, 0x0,
    0x0, 0x0, 0x0, 0x7c, 0xff, 0xe0, 0x0, 0x0,
    0x0, 0x0, 0x0, 0x0, 0x0, 0x0, 0x0, 0x0,
    0x0, 0x7c, 0xff, 0xe0, 0x0, 0x0, 0x0, 0x0,
    0x0, 0x0, 0x0, 0x0, 0x0, 0x0, 0x0, 0x7c,
    0xff, 0xe0, 0x0, 0x0, 0x0, 0x0, 0x0, 0x0,

    /* U+005A "Z" */
    0x0, 0xc0, 0xff, 0xff, 0xff, 0xff, 0xff, 0xff,
    0xff, 0xff, 0xff, 0xe0, 0x0, 0x0, 0xc0, 0xff,
    0xff, 0xff, 0xff, 0xff, 0xff, 0xff, 0xff, 0xff,
    0xe0, 0x0, 0x0, 0x18, 0x20, 0x20, 0x20, 0x20,
    0x20, 0x20, 0x3c, 0xf6, 0xff, 0xa1, 0x0, 0x0,
    0x0, 0x0, 0x0, 0x0, 0x0, 0x0, 0x2, 0xbf,
    0xff, 0xdd, 0xe, 0x0, 0x0, 0x0, 0x0, 0x0,
    0x0, 0x0, 0x0, 0x79, 0xff, 0xfb, 0x37, 0x0,
    0x0, 0x0, 0x0, 0x0, 0x0, 0x0, 0x0, 0x37,
    0xfb, 0xff, 0x79, 0x0, 0x0, 0x0, 0x0, 0x0,
    0x0, 0x0, 0x0, 0xe, 0xdd, 0xff, 0xbf, 0x2,
    0x0, 0x0, 0x0, 0x0, 0x0, 0x0, 0x0, 0x0,
    0xa3, 0xff, 0xed, 0x1c, 0x0, 0x0, 0x0, 0x0,
    0x0, 0x0, 0x0, 0x0, 0x5a, 0xff, 0xff, 0x51,
    0x0, 0x0, 0x0, 0x0, 0x0, 0x0, 0x0, 0x0,
    0x21, 0xf2, 0xff, 0x98, 0x0, 0x0, 0x0, 0x0,
    0x0, 0x0, 0x0, 0x0, 0x4, 0xc7, 0xff, 0xd5,
    0x9, 0x0, 0x0, 0x0, 0x0, 0x0, 0x0, 0x0,
    0x0, 0x83, 0xff, 0xf8, 0x2e, 0x0, 0x0, 0x0,
    0x0, 0x0, 0x0, 0x0, 0x0, 0x3e, 0xfd, 0xff,
    0x6d, 0x0, 0x0, 0x0, 0x0, 0x0, 0x0, 0x0,
    0x0, 0xe, 0xe3, 0xff, 0xc8, 0x21, 0x20, 0x20,
    0x20, 0x20, 0x20, 0x20, 0x20, 0x5, 0x30, 0xff,
    0xff, 0xff, 0xff, 0xff, 0xff, 0xff, 0xff, 0xff,
    0xff, 0xff, 0x24, 0x30, 0xff, 0xff, 0xff, 0xff,
    0xff, 0xff, 0xff, 0xff, 0xff, 0xff, 0xff, 0x24,

    /* U+005B "[" */
    0x10, 0xff, 0xff, 0xff, 0xdc, 0x10, 0xff, 0xfc,
    0xc0, 0xa5, 0x10, 0xff, 0xf0, 0x0, 0x0, 0x10,
    0xff, 0xf0, 0x0, 0x0, 0x10, 0xff, 0xf0, 0x0,
    0x0, 0x10, 0xff, 0xf0, 0x0, 0x0, 0x10, 0xff,
    0xf0, 0x0, 0x0, 0x10, 0xff, 0xf0, 0x0, 0x0,
    0x10, 0xff, 0xf0, 0x0, 0x0, 0x10, 0xff, 0xf0,
    0x0, 0x0, 0x10, 0xff, 0xf0, 0x0, 0x0, 0x10,
    0xff, 0xf0, 0x0, 0x0, 0x10, 0xff, 0xf0, 0x0,
    0x0, 0x10, 0xff, 0xf0, 0x0, 0x0, 0x10, 0xff,
    0xf0, 0x0, 0x0, 0x10, 0xff, 0xf0, 0x0, 0x0,
    0x10, 0xff, 0xf0, 0x0, 0x0, 0x10, 0xff, 0xf0,
    0x0, 0x0, 0x10, 0xff, 0xfc, 0xbc, 0xa2, 0x10,
    0xff, 0xff, 0xff, 0xdc,

    /* U+005C "\\" */
    0x9, 0xf5, 0xee, 0x4, 0x0, 0x0, 0x0, 0x0,
    0x0, 0x0, 0xb2, 0xff, 0x3f, 0x0, 0x0, 0x0,
    0x0, 0x0, 0x0, 0x66, 0xff, 0x8c, 0x0, 0x0,
    0x0, 0x0, 0x0, 0x0, 0x19, 0xff, 0xd8, 0x0,
    0x0, 0x0, 0x0, 0x0, 0x0, 0x0, 0xcc, 0xff,
    0x26, 0x0, 0x0, 0x0, 0x0, 0x0, 0x0, 0x7f,
    0xff, 0x71, 0x0, 0x0, 0x0, 0x0, 0x0, 0x0,
    0x32, 0xff, 0xbe, 0x0, 0x0, 0x0, 0x0, 0x0,
    0x0, 0x1, 0xe5, 0xfb, 0x10, 0x0, 0x0, 0x0,
    0x0, 0x0, 0x0, 0x99, 0xff, 0x56, 0x0, 0x0,
    0x0, 0x0, 0x0, 0x0, 0x4d, 0xff, 0xa4, 0x0,
    0x0, 0x0, 0x0, 0x0, 0x0, 0x9, 0xf7, 0xed,
    0x3, 0x0, 0x0, 0x0, 0x0, 0x0, 0x0, 0xb3,
    0xff, 0x3d, 0x0, 0x0, 0x0, 0x0, 0x0, 0x0,
    0x66, 0xff, 0x8a, 0x0, 0x0, 0x0, 0x0, 0x0,
    0x0, 0x1b, 0xff, 0xd6, 0x0, 0x0, 0x0, 0x0,
    0x0, 0x0, 0x0, 0xce, 0xff, 0x23, 0x0, 0x0,
    0x0, 0x0, 0x0, 0x0, 0x81, 0xff, 0x6f, 0x0,
    0x0, 0x0, 0x0, 0x0, 0x0, 0x34, 0xff, 0xbc,
    0x0, 0x0, 0x0, 0x0, 0x0, 0x0, 0x1, 0xe7,
    0xfa, 0xd, 0x0, 0x0, 0x0, 0x0, 0x0, 0x0,
    0x9a, 0xff, 0x55, 0x0, 0x0, 0x0, 0x0, 0x0,
    0x0, 0x4e, 0xff, 0xa1,

    /* U+005D "]" */
    0xc0, 0xff, 0xff, 0xff, 0x2c, 0x90, 0xc0, 0xf7,
    0xff, 0x2c, 0x0, 0x0, 0xdc, 0xff, 0x2c, 0x0,
    0x0, 0xdc, 0xff, 0x2c, 0x0, 0x0, 0xdc, 0xff,
    0x2c, 0x0, 0x0, 0xdc, 0xff, 0x2c, 0x0, 0x0,
    0xdc, 0xff, 0x2c, 0x0, 0x0, 0xdc, 0xff, 0x2c,
    0x0, 0x0, 0xdc, 0xff, 0x2c, 0x0, 0x0, 0xdc,
    0xff, 0x2c, 0x0, 0x0, 0xdc, 0xff, 0x2c, 0x0,
    0x0, 0xdc, 0xff, 0x2c, 0x0, 0x0, 0xdc, 0xff,
    0x2c, 0x0, 0x0, 0xdc, 0xff, 0x2c, 0x0, 0x0,
    0xdc, 0xff, 0x2c, 0x0, 0x0, 0xdc, 0xff, 0x2c,
    0x0, 0x0, 0xdc, 0xff, 0x2c, 0x0, 0x0, 0xdc,
    0xff, 0x2c, 0x8d, 0xbc, 0xf6, 0xff, 0x2c, 0xc0,
    0xff, 0xff, 0xff, 0x2c,

    /* U+005E "^" */
    0x0, 0x0, 0x0, 0x0, 0xb9, 0xff, 0xe7, 0xa,
    0x0, 0x0, 0x0, 0x0, 0x0, 0x0, 0x0, 0x45,
    0xff, 0xff, 0xff, 0x7c, 0x0, 0x0, 0x0, 0x0,
    0x0, 0x0, 0x2, 0xce, 0xff, 0xb1, 0xff, 0xf2,
    0x14, 0x0, 0x0, 0x0, 0x0, 0x0, 0x5c, 0xff,
    0xdd, 0x6, 0xbc, 0xff, 0x91, 0x0, 0x0, 0x0,
    0x0, 0x7, 0xdf, 0xff, 0x57, 0x0, 0x31, 0xfe,
    0xfa, 0x22, 0x0, 0x0, 0x0, 0x70, 0xff, 0xc9,
    0x1, 0x0, 0x0, 0xa2, 0xff, 0xa6, 0x0, 0x0,
    0xf, 0xed, 0xff, 0x3f, 0x0, 0x0, 0x0, 0x1f,
    0xf7, 0xfe, 0x32, 0x0, 0x87, 0xff, 0xb2, 0x0,
    0x0, 0x0, 0x0, 0x0, 0x8a, 0xff, 0xbc, 0x0,
    0x86, 0xf5, 0x28, 0x0, 0x0, 0x0, 0x0, 0x0,
    0x10, 0xeb, 0xa8, 0x8, 0x0, 0xf, 0x0, 0x0,
    0x0, 0x0, 0x0, 0x0, 0x0, 0xf, 0x0, 0x0,

    /* U+005F "_" */
    0x55, 0xf8, 0xf8, 0xf8, 0xf8, 0xf8, 0xf8, 0xf8,
    0xf8, 0xf8, 0xf8, 0xae, 0x58, 0xff, 0xff, 0xff,
    0xff, 0xff, 0xff, 0xff, 0xff, 0xff, 0xff, 0xb4,

    /* U+0060 "`" */
    0x0, 0x38, 0xad, 0xf, 0x0, 0x6, 0xdb, 0xff,
    0x7c, 0x0, 0x0, 0x38, 0xfd, 0xed, 0xc, 0x0,
    0x0, 0x87, 0xff, 0x77, 0x0, 0x0, 0x7, 0xa2,
    0x42,

    /* U+0061 "a" */
    0x0, 0x0, 0x1e, 0x9f, 0xe8, 0xfc, 0xf1, 0xba,
    0x45, 0x0, 0x0, 0x0, 0x0, 0x29, 0xea, 0xff,
    0xfe, 0xf0, 0xfe, 0xff, 0xfe, 0x56, 0x0, 0x0,
    0x0, 0x56, 0xfb, 0x95, 0x11, 0x0, 0x15, 0xb7,
    0xff, 0xe2, 0x1, 0x0, 0x0, 0x0, 0x2c, 0x0,
    0x0, 0x0, 0x0, 0x34, 0xff, 0xff, 0x1a, 0x0,
    0x0, 0x0, 0x0, 0x0, 0x0, 0x0, 0x0, 0x20,
    0xff, 0xff, 0x24, 0x0, 0x0, 0x0, 0x50, 0xb8,
    0xec, 0xfe, 0xff, 0xff, 0xff, 0xff, 0x24, 0x0,
    0x0, 0x74, 0xff, 0xfc, 0xb4, 0x8f, 0x8c, 0x9b,
    0xff, 0xff, 0x24, 0x0, 0x3, 0xf0, 0xff, 0x69,
    0x0, 0x0, 0x0, 0x20, 0xff, 0xff, 0x24, 0x0,
    0x14, 0xff, 0xff, 0x3a, 0x0, 0x0, 0x0, 0x2c,
    0xff, 0xff, 0x24, 0x0, 0x4, 0xf4, 0xff, 0x90,
    0x1, 0x0, 0x11, 0xb4, 0xff, 0xff, 0x24, 0x0,
    0x0, 0x89, 0xff, 0xff, 0xe5, 0xd3, 0xf9, 0xb6,
    0xd4, 0xff, 0xef, 0x55, 0x0, 0x4, 0x7c, 0xdf,
    0xfc, 0xea, 0x9a, 0x11, 0x45, 0xe8, 0xff, 0x5c,

    /* U+0062 "b" */
    0x3c, 0xff, 0xff, 0x0, 0x0, 0x0, 0x0, 0x0,
    0x0, 0x0, 0x0, 0x3c, 0xff, 0xff, 0x0, 0x0,
    0x0, 0x0, 0x0, 0x0, 0x0, 0x0, 0x3c, 0xff,
    0xff, 0x0, 0x0, 0x0, 0x0, 0x0, 0x0, 0x0,
    0x0, 0x3c, 0xff, 0xff, 0x0, 0x0, 0x0, 0x0,
    0x0, 0x0, 0x0, 0x0, 0x3c, 0xff, 0xff, 0x0,
    0x0, 0x0, 0x0, 0x0, 0x0, 0x0, 0x0, 0x3c,
    0xff, 0xff, 0x3, 0x80, 0xe4, 0xfc, 0xda, 0x75,
    0x2, 0x0, 0x3c, 0xff, 0xff, 0x86, 0xff, 0xff,
    0xff, 0xff, 0xff, 0x9c, 0x0, 0x3c, 0xff, 0xff,
    0xc1, 0x38, 0x6, 0x1e, 0xa3, 0xff, 0xff, 0x3d,
    0x3c, 0xff, 0xff, 0x1c, 0x0, 0x0, 0x0, 0x2,
    0xcf, 0xff, 0x9b, 0x3c, 0xff, 0xff, 0x0, 0x0,
    0x0, 0x0, 0x0, 0x86, 0xff, 0xd0, 0x3c, 0xff,
    0xff, 0x0, 0x0, 0x0, 0x0, 0x0, 0x78, 0xff,
    0xe7, 0x3c, 0xff, 0xff, 0x0, 0x0, 0x0, 0x0,
    0x0, 0x78, 0xff, 0xe7, 0x3c, 0xff, 0xff, 0x0,
    0x0, 0x0, 0x0, 0x0, 0x86, 0xff, 0xd0, 0x3c,
    0xff, 0xff, 0x1d, 0x0, 0x0, 0x0, 0x2, 0xcf,
    0xff, 0x9a, 0x3c, 0xff, 0xff, 0xc2, 0x34, 0x3,
    0x1a, 0xa0, 0xff, 0xff, 0x3d, 0x3c, 0xff, 0xff,
    0x83, 0xff, 0xff, 0xff, 0xff, 0xff, 0x9c, 0x0,
    0x3c, 0xff, 0xff, 0x2, 0x7c, 0xe5, 0xfc, 0xda,
    0x75, 0x2, 0x0,

    /* U+0063 "c" */
    0x0, 0x0, 0x0, 0x5c, 0xc6, 0xf6, 0xfa, 0xd4,
    0x75, 0x4, 0x0, 0x0, 0x0, 0x90, 0xff, 0xff,
    0xfe, 0xfa, 0xff, 0xff, 0xaf, 0x1, 0x0, 0x44,
    0xff, 0xfe, 0x6f, 0x9, 0x3, 0x4f, 0xf3, 0xff,
    0x4e, 0x0, 0xb0, 0xff, 0xa5, 0x0, 0x0, 0x0,
    0x0, 0x57, 0x4d, 0x1, 0x0, 0xed, 0xff, 0x64,
    0x0, 0x0, 0x0, 0x0, 0x0, 0x0, 0x0, 0x7,
    0xff, 0xff, 0x58, 0x0, 0x0, 0x0, 0x0, 0x0,
    0x0, 0x0, 0x7, 0xff, 0xff, 0x58, 0x0, 0x0,
    0x0, 0x0, 0x0, 0x0, 0x0, 0x0, 0xed, 0xff,
    0x64, 0x0, 0x0, 0x0, 0x0, 0x0, 0x0, 0x0,
    0x0, 0xb0, 0xff, 0xa5, 0x0, 0x0, 0x0, 0x0,
    0x45, 0x7c, 0xc, 0x0, 0x45, 0xff, 0xfe, 0x6c,
    0x7, 0x2, 0x45, 0xea, 0xff, 0x5e, 0x0, 0x0,
    0x90, 0xff, 0xff, 0xfc, 0xf7, 0xff, 0xff, 0xb3,
    0x2, 0x0, 0x0, 0x0, 0x5d, 0xc8, 0xf6, 0xfa,
    0xd3, 0x74, 0x4, 0x0,

    /* U+0064 "d" */
    0x0, 0x0, 0x0, 0x0, 0x0, 0x0, 0x0, 0xc,
    0xff, 0xff, 0x38, 0x0, 0x0, 0x0, 0x0, 0x0,
    0x0, 0x0, 0xc, 0xff, 0xff, 0x38, 0x0, 0x0,
    0x0, 0x0, 0x0, 0x0, 0x0, 0xc, 0xff, 0xff,
    0x38, 0x0, 0x0, 0x0, 0x0, 0x0, 0x0, 0x0,
    0xc, 0xff, 0xff, 0x38, 0x0, 0x0, 0x0, 0x0,
    0x0, 0x0, 0x0, 0xc, 0xff, 0xff, 0x38, 0x0,
    0x3, 0x76, 0xdb, 0xfc, 0xe3, 0x7a, 0xe, 0xff,
    0xff, 0x38, 0x0, 0xa3, 0xff, 0xff, 0xff, 0xff,
    0xff, 0x8b, 0xff, 0xff, 0x38, 0x43, 0xff, 0xff,
    0x9d, 0x1d, 0x7, 0x39, 0xc5, 0xff, 0xff, 0x38,
    0xa0, 0xff, 0xc8, 0x1, 0x0, 0x0, 0x0, 0x27,
    0xff, 0xff, 0x38, 0xd4, 0xff, 0x7d, 0x0, 0x0,
    0x0, 0x0, 0xc, 0xff, 0xff, 0x38, 0xec, 0xff,
    0x70, 0x0, 0x0, 0x0, 0x0, 0xc, 0xff, 0xff,
    0x38, 0xec, 0xff, 0x70, 0x0, 0x0, 0x0, 0x0,
    0xc, 0xff, 0xff, 0x38, 0xd4, 0xff, 0x7d, 0x0,
    0x0, 0x0, 0x0, 0xc, 0xff, 0xff, 0x38, 0xa0,
    0xff, 0xc7, 0x1, 0x0, 0x0, 0x0, 0x29, 0xff,
    0xff, 0x38, 0x43, 0xff, 0xff, 0x9b, 0x19, 0x3,
    0x35, 0xc4, 0xff, 0xff, 0x38, 0x0, 0xa3, 0xff,
    0xff, 0xff, 0xff, 0xff, 0x88, 0xff, 0xff, 0x38,
    0x0, 0x3, 0x76, 0xdb, 0xfc, 0xe2, 0x78, 0xe,
    0xff, 0xff, 0x38,

    /* U+0065 "e" */
    0x0, 0x0, 0x0, 0x4e, 0xc0, 0xf4, 0xfa, 0xd6,
    0x77, 0x5, 0x0, 0x0, 0x0, 0x0, 0x7e, 0xff,
    0xff, 0xeb, 0xdc, 0xff, 0xff, 0xb9, 0x4, 0x0,
    0x0, 0x3a, 0xff, 0xfe, 0x67, 0x2, 0x0, 0x2e,
    0xe5, 0xff, 0x74, 0x0, 0x0, 0xaa, 0xff, 0xa0,
    0x0, 0x0, 0x0, 0x0, 0x64, 0xff, 0xe0, 0x0,
    0x0, 0xea, 0xff, 0x56, 0x0, 0x0, 0x0, 0x0,
    0x2e, 0xff, 0xff, 0x1d, 0x6, 0xff, 0xff, 0xff,
    0xff, 0xff, 0xff, 0xff, 0xff, 0xff, 0xff, 0x35,
    0x6, 0xff, 0xff, 0xbd, 0xa0, 0xa0, 0xa0, 0xa0,
    0xa0, 0xa0, 0xa0, 0x23, 0x0, 0xe9, 0xff, 0x58,
    0x0, 0x0, 0x0, 0x0, 0x0, 0x0, 0x0, 0x0,
    0x0, 0xa9, 0xff, 0xa4, 0x0, 0x0, 0x0, 0x0,
    0x1, 0x60, 0x3, 0x0, 0x0, 0x38, 0xfe, 0xff,
    0x7e, 0xc, 0x0, 0x19, 0x9f, 0xff, 0x8f, 0x0,
    0x0, 0x0, 0x78, 0xff, 0xff, 0xfd, 0xf0, 0xff,
    0xff, 0xe9, 0x2a, 0x0, 0x0, 0x0, 0x0, 0x49,
    0xbc, 0xf2, 0xfc, 0xdd, 0x8e, 0x16, 0x0, 0x0,

    /* U+0066 "f" */
    0x0, 0x0, 0x1, 0x89, 0xed, 0xff, 0xff, 0x4,
    0x0, 0x0, 0x59, 0xff, 0xf9, 0xec, 0xec, 0x4,
    0x0, 0x0, 0x9b, 0xff, 0xa0, 0x0, 0x0, 0x0,
    0x0, 0x0, 0xa4, 0xff, 0xa0, 0x0, 0x0, 0x0,
    0x0, 0x0, 0xa4, 0xff, 0xa0, 0x0, 0x0, 0x0,
    0x6c, 0xff, 0xff, 0xff, 0xff, 0xff, 0xff, 0x4,
    0x64, 0xec, 0xf9, 0xff, 0xf9, 0xec, 0xec, 0x4,
    0x0, 0x0, 0xa4, 0xff, 0xa0, 0x0, 0x0, 0x0,
    0x0, 0x0, 0xa4, 0xff, 0xa0, 0x0, 0x0, 0x0,
    0x0, 0x0, 0xa4, 0xff, 0xa0, 0x0, 0x0, 0x0,
    0x0, 0x0, 0xa4, 0xff, 0xa0, 0x0, 0x0, 0x0,
    0x0, 0x0, 0xa4, 0xff, 0xa0, 0x0, 0x0, 0x0,
    0x0, 0x0, 0xa4, 0xff, 0xa0, 0x0, 0x0, 0x0,
    0x0, 0x0, 0xa4, 0xff, 0xa0, 0x0, 0x0, 0x0,
    0x0, 0x0, 0xa4, 0xff, 0xa0, 0x0, 0x0, 0x0,
    0x0, 0x0, 0xa4, 0xff, 0xa0, 0x0, 0x0, 0x0,
    0x0, 0x0, 0xa4, 0xff, 0xa0, 0x0, 0x0, 0x0,

    /* U+0067 "g" */
    0x0, 0x0, 0x0, 0x0, 0x0, 0x0, 0x0, 0x0,
    0xa3, 0xfe, 0xff, 0x2c, 0x0, 0x0, 0x7, 0x7c,
    0xd6, 0xfa, 0xea, 0x7a, 0xfb, 0xe0, 0xe0, 0x27,
    0x0, 0x3, 0xbb, 0xff, 0xf5, 0xbd, 0xc5, 0xfc,
    0xf9, 0x49, 0x0, 0x0, 0x0, 0x55, 0xff, 0xec,
    0x1d, 0x0, 0x0, 0x3d, 0xff, 0xf1, 0x11, 0x0,
    0x0, 0x91, 0xff, 0xa8, 0x0, 0x0, 0x0, 0x0,
    0xe0, 0xff, 0x56, 0x0, 0x0, 0x93, 0xff, 0xa6,
    0x0, 0x0, 0x0, 0x0, 0xde, 0xff, 0x61, 0x0,
    0x0, 0x57, 0xff, 0xea, 0x1a, 0x0, 0x0, 0x3b,
    0xff, 0xff, 0x2f, 0x0, 0x0, 0x4, 0xc2, 0xff,
    0xf3, 0xb9, 0xc1, 0xfb, 0xff, 0x9f, 0x0, 0x0,
    0x0, 0x0, 0x18, 0xd8, 0xea, 0xfa, 0xf8, 0xce,
    0x6e, 0x3, 0x0, 0x0, 0x0, 0x29, 0xea, 0x91,
    0x1, 0x0, 0x0, 0x0, 0x0, 0x0, 0x0, 0x0,
    0x0, 0x80, 0xff, 0x96, 0x1c, 0x14, 0x14, 0x14,
    0x9, 0x0, 0x0, 0x0, 0x0, 0x55, 0xff, 0xff,
    0xff, 0xff, 0xff, 0xff, 0xff, 0xd7, 0x5b, 0x0,
    0x0, 0x0, 0x9d, 0xff, 0xff, 0xff, 0xff, 0xff,
    0xff, 0xff, 0xff, 0x42, 0x0, 0xa6, 0xf3, 0x21,
    0x0, 0x0, 0x0, 0x2, 0x24, 0xcd, 0xff, 0x9e,
    0x22, 0xff, 0xc3, 0x0, 0x0, 0x0, 0x0, 0x0,
    0x0, 0x78, 0xff, 0xae, 0x27, 0xff, 0xf3, 0x23,
    0x0, 0x0, 0x0, 0x0, 0xf, 0xc9, 0xff, 0x7f,
    0x1, 0xbf, 0xff, 0xf8, 0xc2, 0xb4, 0xb4, 0xc2,
    0xf3, 0xff, 0xd9, 0x12, 0x0, 0xa, 0x7b, 0xc9,
    0xef, 0xfe, 0xfc, 0xeb, 0xc2, 0x77, 0xd, 0x0,

    /* U+0068 "h" */
    0x3c, 0xff, 0xff, 0x0, 0x0, 0x0, 0x0, 0x0,
    0x0, 0x0, 0x0, 0x3c, 0xff, 0xff, 0x0, 0x0,
    0x0, 0x0, 0x0, 0x0, 0x0, 0x0, 0x3c, 0xff,
    0xff, 0x0, 0x0, 0x0, 0x0, 0x0, 0x0, 0x0,
    0x0, 0x3c, 0xff, 0xff, 0x0, 0x0, 0x0, 0x0,
    0x0, 0x0, 0x0, 0x0, 0x3c, 0xff, 0xff, 0x0,
    0x0, 0x0, 0x0, 0x0, 0x0, 0x0, 0x0, 0x3c,
    0xff, 0xff, 0x3, 0x82, 0xe8, 0xfc, 0xd3, 0x55,
    0x0, 0x0, 0x3c, 0xff, 0xff, 0x7f, 0xff, 0xff,
    0xff, 0xff, 0xff, 0x47, 0x0, 0x3c, 0xff, 0xff,
    0xb8, 0x31, 0x5, 0x31, 0xe0, 0xff, 0xc2, 0x0,
    0x3c, 0xff, 0xff, 0x19, 0x0, 0x0, 0x0, 0x64,
    0xff, 0xf9, 0x1, 0x3c, 0xff, 0xff, 0x0, 0x0,
    0x0, 0x0, 0x3a, 0xff, 0xff, 0xd, 0x3c, 0xff,
    0xff, 0x0, 0x0, 0x0, 0x0, 0x34, 0xff, 0xff,
    0x10, 0x3c, 0xff, 0xff, 0x0, 0x0, 0x0, 0x0,
    0x34, 0xff, 0xff, 0x10, 0x3c, 0xff, 0xff, 0x0,
    0x0, 0x0, 0x0, 0x34, 0xff, 0xff, 0x10, 0x3c,
    0xff, 0xff, 0x0, 0x0, 0x0, 0x0, 0x34, 0xff,
    0xff, 0x10, 0x3c, 0xff, 0xff, 0x0, 0x0, 0x0,
    0x0, 0x34, 0xff, 0xff, 0x10, 0x3c, 0xff, 0xff,
    0x0, 0x0, 0x0, 0x0, 0x34, 0xff, 0xff, 0x10,
    0x3c, 0xff, 0xff, 0x0, 0x0, 0x0, 0x0, 0x34,
    0xff, 0xff, 0x10,

    /* U+0069 "i" */
    0x39, 0xf1, 0xdd, 0x11, 0x72, 0xff, 0xff, 0x36,
    0x24, 0xc5, 0xb0, 0x8, 0x0, 0x0, 0x0, 0x0,
    0x0, 0x0, 0x0, 0x0, 0x3c, 0xff, 0xff, 0x0,
    0x3c, 0xff, 0xff, 0x0, 0x3c, 0xff, 0xff, 0x0,
    0x3c, 0xff, 0xff, 0x0, 0x3c, 0xff, 0xff, 0x0,
    0x3c, 0xff, 0xff, 0x0, 0x3c, 0xff, 0xff, 0x0,
    0x3c, 0xff, 0xff, 0x0, 0x3c, 0xff, 0xff, 0x0,
    0x3c, 0xff, 0xff, 0x0, 0x3c, 0xff, 0xff, 0x0,
    0x3c, 0xff, 0xff, 0x0,

    /* U+006A "j" */
    0x0, 0x0, 0x39, 0xf1, 0xdd, 0x11, 0x0, 0x0,
    0x72, 0xff, 0xff, 0x36, 0x0, 0x0, 0x24, 0xc5,
    0xb0, 0x8, 0x0, 0x0, 0x0, 0x0, 0x0, 0x0,
    0x0, 0x0, 0x0, 0x0, 0x0, 0x0, 0x0, 0x0,
    0x3c, 0xff, 0xff, 0x0, 0x0, 0x0, 0x3c, 0xff,
    0xff, 0x0, 0x0, 0x0, 0x3c, 0xff, 0xff, 0x0,
    0x0, 0x0, 0x3c, 0xff, 0xff, 0x0, 0x0, 0x0,
    0x3c, 0xff, 0xff, 0x0, 0x0, 0x0, 0x3c, 0xff,
    0xff, 0x0, 0x0, 0x0, 0x3c, 0xff, 0xff, 0x0,
    0x0, 0x0, 0x3c, 0xff, 0xff, 0x0, 0x0, 0x0,
    0x3c, 0xff, 0xff, 0x0, 0x0, 0x0, 0x3c, 0xff,
    0xff, 0x0, 0x0, 0x0, 0x3c, 0xff, 0xff, 0x0,
    0x0, 0x0, 0x3c, 0xff, 0xff, 0x0, 0x0, 0x0,
    0x3c, 0xff, 0xff, 0x0, 0x0, 0x0, 0x3c, 0xff,
    0xff, 0x0, 0x0, 0x0, 0x3c, 0xff, 0xf4, 0x0,
    0xb, 0xec, 0xf1, 0xff, 0xb7, 0x0, 0xc, 0xff,
    0xfb, 0xc4, 0x21, 0x0,

    /* U+006B "k" */
    0x3c, 0xff, 0xff, 0x0, 0x0, 0x0, 0x0, 0x0,
    0x0, 0x0, 0x0, 0x3c, 0xff, 0xff, 0x0, 0x0,
    0x0, 0x0, 0x0, 0x0, 0x0, 0x0, 0x3c, 0xff,
    0xff, 0x0, 0x0, 0x0, 0x0, 0x0, 0x0, 0x0,
    0x0, 0x3c, 0xff, 0xff, 0x0, 0x0, 0x0, 0x0,
    0x0, 0x0, 0x0, 0x0, 0x3c, 0xff, 0xff, 0x0,
    0x0, 0x0, 0x0, 0x0, 0x0, 0x0, 0x0, 0x3c,
    0xff, 0xff, 0x0, 0x0, 0x0, 0x6, 0xbe, 0xff,
    0xcc, 0xc, 0x3c, 0xff, 0xff, 0x0, 0x0, 0x1,
    0xa0, 0xff, 0xe0, 0x18, 0x0, 0x3c, 0xff, 0xff,
    0x0, 0x0, 0x80, 0xff, 0xef, 0x2a, 0x0, 0x0,
    0x3c, 0xff, 0xff, 0x0, 0x58, 0xff, 0xf9, 0x40,
    0x0, 0x0, 0x0, 0x3c, 0xff, 0xff, 0x2c, 0xf4,
    0xff, 0x6d, 0x0, 0x0, 0x0, 0x0, 0x3c, 0xff,
    0xff, 0xdb, 0xff, 0xff, 0xb0, 0x0, 0x0, 0x0,
    0x0, 0x3c, 0xff, 0xff, 0xff, 0x95, 0xff, 0xff,
    0x50, 0x0, 0x0, 0x0, 0x3c, 0xff, 0xff, 0x7a,
    0x0, 0xa3, 0xff, 0xe1, 0xb, 0x0, 0x0, 0x3c,
    0xff, 0xff, 0x0, 0x0, 0x1a, 0xf3, 0xff, 0x8a,
    0x0, 0x0, 0x3c, 0xff, 0xff, 0x0, 0x0, 0x0,
    0x78, 0xff, 0xfb, 0x2d, 0x0, 0x3c, 0xff, 0xff,
    0x0, 0x0, 0x0, 0x6, 0xdb, 0xff, 0xc6, 0x1,
    0x3c, 0xff, 0xff, 0x0, 0x0, 0x0, 0x0, 0x4c,
    0xff, 0xff, 0x64,

    /* U+006C "l" */
    0x3c, 0xff, 0xff, 0x0, 0x0, 0x3c, 0xff, 0xff,
    0x0, 0x0, 0x3c, 0xff, 0xff, 0x0, 0x0, 0x3c,
    0xff, 0xff, 0x0, 0x0, 0x3c, 0xff, 0xff, 0x0,
    0x0, 0x3c, 0xff, 0xff, 0x0, 0x0, 0x3c, 0xff,
    0xff, 0x0, 0x0, 0x3c, 0xff, 0xff, 0x0, 0x0,
    0x3c, 0xff, 0xff, 0x0, 0x0, 0x3c, 0xff, 0xff,
    0x0, 0x0, 0x3c, 0xff, 0xff, 0x0, 0x0, 0x3c,
    0xff, 0xff, 0x0, 0x0, 0x3c, 0xff, 0xff, 0x0,
    0x0, 0x3c, 0xff, 0xff, 0x0, 0x0, 0x3b, 0xff,
    0xff, 0x0, 0x0, 0x1b, 0xfe, 0xff, 0xec, 0x90,
    0x0, 0x73, 0xef, 0xff, 0x9c,

    /* U+006D "m" */
    0x3c, 0xff, 0xff, 0x4, 0x8f, 0xef, 0xf9, 0xc3,
    0x3a, 0x0, 0x1c, 0xab, 0xf2, 0xf8, 0xbd, 0x2b,
    0x0, 0x3c, 0xff, 0xff, 0x82, 0xff, 0xff, 0xff,
    0xff, 0xf7, 0x33, 0xdb, 0xff, 0xff, 0xff, 0xff,
    0xe7, 0x11, 0x3c, 0xff, 0xff, 0xb3, 0x2b, 0x6,
    0x45, 0xf3, 0xff, 0xeb, 0xa1, 0x1e, 0x8, 0x5d,
    0xfe, 0xff, 0x6f, 0x3c, 0xff, 0xff, 0x18, 0x0,
    0x0, 0x0, 0x92, 0xff, 0xf1, 0x5, 0x0, 0x0,
    0x0, 0xb9, 0xff, 0xa6, 0x3c, 0xff, 0xff, 0x0,
    0x0, 0x0, 0x0, 0x6a, 0xff, 0xe0, 0x0, 0x0,
    0x0, 0x0, 0x8e, 0xff, 0xb9, 0x3c, 0xff, 0xff,
    0x0, 0x0, 0x0, 0x0, 0x64, 0xff, 0xe0, 0x0,
    0x0, 0x0, 0x0, 0x88, 0xff, 0xbc, 0x3c, 0xff,
    0xff, 0x0, 0x0, 0x0, 0x0, 0x64, 0xff, 0xe0,
    0x0, 0x0, 0x0, 0x0, 0x88, 0xff, 0xbc, 0x3c,
    0xff, 0xff, 0x0, 0x0, 0x0, 0x0, 0x64, 0xff,
    0xe0, 0x0, 0x0, 0x0, 0x0, 0x88, 0xff, 0xbc,
    0x3c, 0xff, 0xff, 0x0, 0x0, 0x0, 0x0, 0x64,
    0xff, 0xe0, 0x0, 0x0, 0x0, 0x0, 0x88, 0xff,
    0xbc, 0x3c, 0xff, 0xff, 0x0, 0x0, 0x0, 0x0,
    0x64, 0xff, 0xe0, 0x0, 0x0, 0x0, 0x0, 0x88,
    0xff, 0xbc, 0x3c, 0xff, 0xff, 0x0, 0x0, 0x0,
    0x0, 0x64, 0xff, 0xe0, 0x0, 0x0, 0x0, 0x0,
    0x88, 0xff, 0xbc, 0x3c, 0xff, 0xff, 0x0, 0x0,
    0x0, 0x0, 0x64, 0xff, 0xe0, 0x0, 0x0, 0x0,
    0x0, 0x88, 0xff, 0xbc,

    /* U+006E "n" */
    0x3c, 0xff, 0xff, 0x3, 0x82, 0xe8, 0xfc, 0xd3,
    0x55, 0x0, 0x0, 0x3c, 0xff, 0xff, 0x7f, 0xff,
    0xff, 0xff, 0xff, 0xff, 0x47, 0x0, 0x3c, 0xff,
    0xff, 0xb8, 0x31, 0x5, 0x31, 0xe0, 0xff, 0xc2,
    0x0, 0x3c, 0xff, 0xff, 0x19, 0x0, 0x0, 0x0,
    0x64, 0xff, 0xf9, 0x1, 0x3c, 0xff, 0xff, 0x0,
    0x0, 0x0, 0x0, 0x3a, 0xff, 0xff, 0xd, 0x3c,
    0xff, 0xff, 0x0, 0x0, 0x0, 0x0, 0x34, 0xff,
    0xff, 0x10, 0x3c, 0xff, 0xff, 0x0, 0x0, 0x0,
    0x0, 0x34, 0xff, 0xff, 0x10, 0x3c, 0xff, 0xff,
    0x0, 0x0, 0x0, 0x0, 0x34, 0xff, 0xff, 0x10,
    0x3c, 0xff, 0xff, 0x0, 0x0, 0x0, 0x0, 0x34,
    0xff, 0xff, 0x10, 0x3c, 0xff, 0xff, 0x0, 0x0,
    0x0, 0x0, 0x34, 0xff, 0xff, 0x10, 0x3c, 0xff,
    0xff, 0x0, 0x0, 0x0, 0x0, 0x34, 0xff, 0xff,
    0x10, 0x3c, 0xff, 0xff, 0x0, 0x0, 0x0, 0x0,
    0x34, 0xff, 0xff, 0x10,

    /* U+006F "o" */
    0x0, 0x0, 0x0, 0x49, 0xbc, 0xf2, 0xfa, 0xd6,
    0x79, 0x7, 0x0, 0x0, 0x0, 0x0, 0x78, 0xff,
    0xff, 0xff, 0xfa, 0xff, 0xff, 0xc5, 0x9, 0x0,
    0x0, 0x38, 0xfe, 0xff, 0x79, 0xc, 0x2, 0x41,
    0xe5, 0xff, 0x8d, 0x0, 0x0, 0xa9, 0xff, 0xa8,
    0x0, 0x0, 0x0, 0x0, 0x4e, 0xff, 0xf5, 0xb,
    0x0, 0xe9, 0xff, 0x64, 0x0, 0x0, 0x0, 0x0,
    0xc, 0xff, 0xff, 0x41, 0x6, 0xff, 0xff, 0x58,
    0x0, 0x0, 0x0, 0x0, 0x0, 0xff, 0xff, 0x5e,
    0x6, 0xff, 0xff, 0x58, 0x0, 0x0, 0x0, 0x0,
    0x0, 0xff, 0xff, 0x5e, 0x0, 0xe9, 0xff, 0x64,
    0x0, 0x0, 0x0, 0x0, 0xc, 0xff, 0xff, 0x41,
    0x0, 0xa9, 0xff, 0xa6, 0x0, 0x0, 0x0, 0x0,
    0x4d, 0xff, 0xf5, 0xa, 0x0, 0x38, 0xfe, 0xff,
    0x76, 0xa, 0x1, 0x3e, 0xe3, 0xff, 0x8c, 0x0,
    0x0, 0x0, 0x78, 0xff, 0xff, 0xfd, 0xf7, 0xff,
    0xff, 0xc5, 0x9, 0x0, 0x0, 0x0, 0x0, 0x49,
    0xbc, 0xf2, 0xfa, 0xd6, 0x7a, 0x7, 0x0, 0x0,

    /* U+0070 "p" */
    0x3c, 0xff, 0xff, 0x3, 0x80, 0xe4, 0xfc, 0xda,
    0x75, 0x2, 0x0, 0x3c, 0xff, 0xff, 0x86, 0xff,
    0xff, 0xff, 0xff, 0xff, 0x9c, 0x0, 0x3c, 0xff,
    0xff, 0xc1, 0x38, 0x6, 0x1e, 0xa3, 0xff, 0xff,
    0x3d, 0x3c, 0xff, 0xff, 0x1c, 0x0, 0x0, 0x0,
    0x2, 0xcf, 0xff, 0x9b, 0x3c, 0xff, 0xff, 0x0,
    0x0, 0x0, 0x0, 0x0, 0x86, 0xff, 0xd0, 0x3c,
    0xff, 0xff, 0x0, 0x0, 0x0, 0x0, 0x0, 0x78,
    0xff, 0xe7, 0x3c, 0xff, 0xff, 0x0, 0x0, 0x0,
    0x0, 0x0, 0x78, 0xff, 0xe7, 0x3c, 0xff, 0xff,
    0x0, 0x0, 0x0, 0x0, 0x0, 0x86, 0xff, 0xd0,
    0x3c, 0xff, 0xff, 0x1d, 0x0, 0x0, 0x0, 0x2,
    0xcf, 0xff, 0x9a, 0x3c, 0xff, 0xff, 0xc2, 0x34,
    0x3, 0x1a, 0xa0, 0xff, 0xff, 0x3d, 0x3c, 0xff,
    0xff, 0x83, 0xff, 0xff, 0xff, 0xff, 0xff, 0x9c,
    0x0, 0x3c, 0xff, 0xff, 0x2, 0x7c, 0xe5, 0xfc,
    0xda, 0x75, 0x2, 0x0, 0x3c, 0xff, 0xff, 0x0,
    0x0, 0x0, 0x0, 0x0, 0x0, 0x0, 0x0, 0x3c,
    0xff, 0xff, 0x0, 0x0, 0x0, 0x0, 0x0, 0x0,
    0x0, 0x0, 0x3c, 0xff, 0xff, 0x0, 0x0, 0x0,
    0x0, 0x0, 0x0, 0x0, 0x0, 0x3c, 0xff, 0xff,
    0x0, 0x0, 0x0, 0x0, 0x0, 0x0, 0x0, 0x0,
    0x3c, 0xff, 0xff, 0x0, 0x0, 0x0, 0x0, 0x0,
    0x0, 0x0, 0x0,

    /* U+0071 "q" */
    0x0, 0x3, 0x76, 0xdb, 0xfc, 0xe3, 0x7a, 0xe,
    0xff, 0xff, 0x38, 0x0, 0xa3, 0xff, 0xff, 0xff,
    0xff, 0xff, 0x8b, 0xff, 0xff, 0x38, 0x43, 0xff,
    0xff, 0x9d, 0x1d, 0x7, 0x39, 0xc5, 0xff, 0xff,
    0x38, 0xa0, 0xff, 0xc8, 0x1, 0x0, 0x0, 0x0,
    0x27, 0xff, 0xff, 0x38, 0xd4, 0xff, 0x7d, 0x0,
    0x0, 0x0, 0x0, 0xc, 0xff, 0xff, 0x38, 0xec,
    0xff, 0x70, 0x0, 0x0, 0x0, 0x0, 0xc, 0xff,
    0xff, 0x38, 0xec, 0xff, 0x70, 0x0, 0x0, 0x0,
    0x0, 0xc, 0xff, 0xff, 0x38, 0xd4, 0xff, 0x7d,
    0x0, 0x0, 0x0, 0x0, 0xc, 0xff, 0xff, 0x38,
    0xa0, 0xff, 0xc7, 0x1, 0x0, 0x0, 0x0, 0x29,
    0xff, 0xff, 0x38, 0x43, 0xff, 0xff, 0x9b, 0x19,
    0x3, 0x35, 0xc4, 0xff, 0xff, 0x38, 0x0, 0xa3,
    0xff, 0xff, 0xff, 0xff, 0xff, 0x88, 0xff, 0xff,
    0x38, 0x0, 0x3, 0x76, 0xdb, 0xfc, 0xe2, 0x78,
    0xe, 0xff, 0xff, 0x38, 0x0, 0x0, 0x0, 0x0,
    0x0, 0x0, 0x0, 0xc, 0xff, 0xff, 0x38, 0x0,
    0x0, 0x0, 0x0, 0x0, 0x0, 0x0, 0xc, 0xff,
    0xff, 0x38, 0x0, 0x0, 0x0, 0x0, 0x0, 0x0,
    0x0, 0xc, 0xff, 0xff, 0x38, 0x0, 0x0, 0x0,
    0x0, 0x0, 0x0, 0x0, 0xc, 0xff, 0xff, 0x38,
    0x0, 0x0, 0x0, 0x0, 0x0, 0x0, 0x0, 0xc,
    0xff, 0xff, 0x38,

    /* U+0072 "r" */
    0x3c, 0xff, 0xff, 0x4, 0x85, 0xeb, 0xf0, 0x3c,
    0xff, 0xff, 0x81, 0xff, 0xff, 0xf0, 0x3c, 0xff,
    0xff, 0xd9, 0x73, 0x43, 0x38, 0x3c, 0xff, 0xff,
    0x2c, 0x0, 0x0, 0x0, 0x3c, 0xff, 0xff, 0x0,
    0x0, 0x0, 0x0, 0x3c, 0xff, 0xff, 0x0, 0x0,
    0x0, 0x0, 0x3c, 0xff, 0xff, 0x0, 0x0, 0x0,
    0x0, 0x3c, 0xff, 0xff, 0x0, 0x0, 0x0, 0x0,
    0x3c, 0xff, 0xff, 0x0, 0x0, 0x0, 0x0, 0x3c,
    0xff, 0xff, 0x0, 0x0, 0x0, 0x0, 0x3c, 0xff,
    0xff, 0x0, 0x0, 0x0, 0x0, 0x3c, 0xff, 0xff,
    0x0, 0x0, 0x0, 0x0,

    /* U+0073 "s" */
    0x0, 0x0, 0x37, 0xb2, 0xee, 0xfd, 0xe6, 0x9f,
    0x21, 0x0, 0x0, 0x40, 0xfb, 0xff, 0xfa, 0xec,
    0xff, 0xff, 0xf0, 0x36, 0x0, 0xb9, 0xff, 0xad,
    0xa, 0x0, 0x19, 0x9d, 0xd2, 0x17, 0x0, 0xda,
    0xff, 0x5c, 0x0, 0x0, 0x0, 0x0, 0xb, 0x0,
    0x0, 0xb7, 0xff, 0xd0, 0x41, 0xa, 0x0, 0x0,
    0x0, 0x0, 0x0, 0x34, 0xf3, 0xff, 0xff, 0xfe,
    0xdf, 0xa0, 0x31, 0x0, 0x0, 0x0, 0x1e, 0x89,
    0xca, 0xf2, 0xff, 0xff, 0xfa, 0x3a, 0x0, 0x0,
    0x0, 0x0, 0x0, 0x0, 0x27, 0xcb, 0xff, 0xad,
    0x0, 0x11, 0x38, 0x0, 0x0, 0x0, 0x0, 0x6d,
    0xff, 0xc8, 0x13, 0xd7, 0xf7, 0x6d, 0x9, 0x0,
    0x11, 0xc2, 0xff, 0x9a, 0x1, 0x98, 0xff, 0xff,
    0xfa, 0xe7, 0xfc, 0xff, 0xeb, 0x21, 0x0, 0x0,
    0x52, 0xbf, 0xf2, 0xfd, 0xe5, 0x9e, 0x20, 0x0,

    /* U+0074 "t" */
    0x0, 0x0, 0x60, 0xff, 0xa4, 0x0, 0x0, 0x0,
    0x0, 0x0, 0x60, 0xff, 0xa4, 0x0, 0x0, 0x0,
    0x0, 0x2, 0x89, 0xff, 0xa4, 0x0, 0x0, 0x0,
    0x68, 0xff, 0xff, 0xff, 0xff, 0xff, 0xff, 0x10,
    0x60, 0xec, 0xf9, 0xff, 0xf9, 0xec, 0xec, 0xf,
    0x0, 0x0, 0xa0, 0xff, 0xa4, 0x0, 0x0, 0x0,
    0x0, 0x0, 0xa0, 0xff, 0xa4, 0x0, 0x0, 0x0,
    0x0, 0x0, 0xa0, 0xff, 0xa4, 0x0, 0x0, 0x0,
    0x0, 0x0, 0xa0, 0xff, 0xa4, 0x0, 0x0, 0x0,
    0x0, 0x0, 0xa0, 0xff, 0xa4, 0x0, 0x0, 0x0,
    0x0, 0x0, 0xa0, 0xff, 0xa4, 0x0, 0x0, 0x0,
    0x0, 0x0, 0xa0, 0xff, 0xa4, 0x0, 0x0, 0x0,
    0x0, 0x0, 0x9e, 0xff, 0xa4, 0x0, 0x0, 0x0,
    0x0, 0x0, 0x75, 0xff, 0xf9, 0xec, 0xd2, 0x0,
    0x0, 0x0, 0xb, 0xae, 0xf9, 0xff, 0xe4, 0x0,

    /* U+0075 "u" */
    0x64, 0xff, 0xe0, 0x0, 0x0, 0x0, 0x0, 0x54,
    0xff, 0xe8, 0x64, 0xff, 0xe0, 0x0, 0x0, 0x0,
    0x0, 0x54, 0xff, 0xe8, 0x64, 0xff, 0xe0, 0x0,
    0x0, 0x0, 0x0, 0x54, 0xff, 0xe8, 0x64, 0xff,
    0xe0, 0x0, 0x0, 0x0, 0x0, 0x54, 0xff, 0xe8,
    0x64, 0xff, 0xe0, 0x0, 0x0, 0x0, 0x0, 0x54,
    0xff, 0xe8, 0x64, 0xff, 0xe0, 0x0, 0x0, 0x0,
    0x0, 0x54, 0xff, 0xe8, 0x64, 0xff, 0xe0, 0x0,
    0x0, 0x0, 0x0, 0x54, 0xff, 0xe8, 0x63, 0xff,
    0xe6, 0x0, 0x0, 0x0, 0x0, 0x54, 0xff, 0xe8,
    0x50, 0xff, 0xfe, 0x13, 0x0, 0x0, 0x0, 0x6d,
    0xff, 0xe8, 0x19, 0xfd, 0xff, 0xaa, 0x14, 0x7,
    0x4e, 0xe4, 0xff, 0xe8, 0x0, 0x99, 0xff, 0xff,
    0xff, 0xff, 0xfd, 0x8b, 0xff, 0xe8, 0x0, 0x6,
    0x8a, 0xe8, 0xfc, 0xd8, 0x52, 0x54, 0xff, 0xe8,

    /* U+0076 "v" */
    0x82, 0xff, 0xbe, 0x0, 0x0, 0x0, 0x0, 0x0,
    0x7e, 0xff, 0xaa, 0x2f, 0xff, 0xfc, 0x15, 0x0,
    0x0, 0x0, 0x0, 0xd2, 0xff, 0x56, 0x0, 0xda,
    0xff, 0x63, 0x0, 0x0, 0x0, 0x25, 0xff, 0xf7,
    0xc, 0x0, 0x87, 0xff, 0xb6, 0x0, 0x0, 0x0,
    0x78, 0xff, 0xaf, 0x0, 0x0, 0x33, 0xff, 0xf9,
    0xf, 0x0, 0x0, 0xcb, 0xff, 0x5b, 0x0, 0x0,
    0x1, 0xdf, 0xff, 0x5a, 0x0, 0x1f, 0xff, 0xf9,
    0xf, 0x0, 0x0, 0x0, 0x8d, 0xff, 0xa3, 0x0,
    0x68, 0xff, 0xb3, 0x0, 0x0, 0x0, 0x0, 0x39,
    0xff, 0xe9, 0x1, 0xb0, 0xff, 0x60, 0x0, 0x0,
    0x0, 0x0, 0x1, 0xe5, 0xff, 0x38, 0xf4, 0xfb,
    0x12, 0x0, 0x0, 0x0, 0x0, 0x0, 0x92, 0xff,
    0xc0, 0xff, 0xb9, 0x0, 0x0, 0x0, 0x0, 0x0,
    0x0, 0x3e, 0xff, 0xff, 0xff, 0x66, 0x0, 0x0,
    0x0, 0x0, 0x0, 0x0, 0x2, 0xe8, 0xff, 0xfd,
    0x15, 0x0, 0x0, 0x0,

    /* U+0077 "w" */
    0x47, 0xff, 0xe8, 0x0, 0x0, 0x0, 0x0, 0x6b,
    0xff, 0xe3, 0x0, 0x0, 0x0, 0x0, 0x63, 0xff,
    0xb4, 0xa, 0xfa, 0xff, 0x23, 0x0, 0x0, 0x0,
    0xb1, 0xff, 0xff, 0x2c, 0x0, 0x0, 0x0, 0xa0,
    0xff, 0x71, 0x0, 0xc2, 0xff, 0x5e, 0x0, 0x0,
    0x4, 0xf1, 0xff, 0xff, 0x74, 0x0, 0x0, 0x0,
    0xdc, 0xff, 0x30, 0x0, 0x80, 0xff, 0x99, 0x0,
    0x0, 0x3b, 0xff, 0xb0, 0xff, 0xbc, 0x0, 0x0,
    0x19, 0xff, 0xee, 0x2, 0x0, 0x3e, 0xff, 0xd3,
    0x0, 0x0, 0x81, 0xff, 0x46, 0xe0, 0xf9, 0xb,
    0x0, 0x55, 0xff, 0xae, 0x0, 0x0, 0x6, 0xf6,
    0xfe, 0x10, 0x0, 0xc5, 0xfa, 0xa, 0x9a, 0xff,
    0x4b, 0x0, 0x90, 0xff, 0x6c, 0x0, 0x0, 0x0,
    0xb9, 0xff, 0x49, 0xd, 0xfb, 0xbf, 0x0, 0x55,
    0xff, 0x8f, 0x0, 0xc9, 0xff, 0x2c, 0x0, 0x0,
    0x0, 0x76, 0xff, 0x82, 0x4c, 0xff, 0x7a, 0x0,
    0x12, 0xfd, 0xd3, 0x7, 0xf9, 0xe9, 0x1, 0x0,
    0x0, 0x0, 0x34, 0xff, 0xbd, 0x8f, 0xff, 0x32,
    0x0, 0x0, 0xc9, 0xff, 0x4f, 0xff, 0xa9, 0x0,
    0x0, 0x0, 0x0, 0x3, 0xef, 0xf3, 0xd6, 0xe9,
    0x1, 0x0, 0x0, 0x82, 0xff, 0xcd, 0xff, 0x67,
    0x0, 0x0, 0x0, 0x0, 0x0, 0xb0, 0xff, 0xff,
    0xa3, 0x0, 0x0, 0x0, 0x3d, 0xff, 0xff, 0xff,
    0x25, 0x0, 0x0, 0x0, 0x0, 0x0, 0x6d, 0xff,
    0xff, 0x5d, 0x0, 0x0, 0x0, 0x5, 0xf2, 0xff,
    0xe4, 0x0, 0x0, 0x0,

    /* U+0078 "x" */
    0x23, 0xf5, 0xff, 0x80, 0x0, 0x0, 0x0, 0x1,
    0xbc, 0xff, 0xb5, 0x0, 0x0, 0x6d, 0xff, 0xf9,
    0x27, 0x0, 0x0, 0x60, 0xff, 0xee, 0x1b, 0x0,
    0x0, 0x2, 0xc2, 0xff, 0xbf, 0x1, 0x16, 0xec,
    0xff, 0x5b, 0x0, 0x0, 0x0, 0x0, 0x24, 0xf6,
    0xff, 0x60, 0xa5, 0xff, 0xae, 0x0, 0x0, 0x0,
    0x0, 0x0, 0x0, 0x70, 0xff, 0xf4, 0xff, 0xeb,
    0x17, 0x0, 0x0, 0x0, 0x0, 0x0, 0x0, 0x2,
    0xc4, 0xff, 0xff, 0x58, 0x0, 0x0, 0x0, 0x0,
    0x0, 0x0, 0x0, 0x7, 0xd4, 0xff, 0xff, 0x7d,
    0x0, 0x0, 0x0, 0x0, 0x0, 0x0, 0x0, 0x8b,
    0xff, 0xdb, 0xff, 0xfa, 0x2c, 0x0, 0x0, 0x0,
    0x0, 0x0, 0x38, 0xfd, 0xf8, 0x27, 0xa7, 0xff,
    0xcc, 0x4, 0x0, 0x0, 0x0, 0x9, 0xd8, 0xff,
    0x79, 0x0, 0x18, 0xf1, 0xff, 0x75, 0x0, 0x0,
    0x0, 0x8f, 0xff, 0xd1, 0x5, 0x0, 0x0, 0x6e,
    0xff, 0xf8, 0x28, 0x0, 0x3d, 0xfe, 0xfd, 0x34,
    0x0, 0x0, 0x0, 0x3, 0xcf, 0xff, 0xc5, 0x2,

    /* U+0079 "y" */
    0x8e, 0xff, 0xb4, 0x0, 0x0, 0x0, 0x0, 0x0,
    0x62, 0xff, 0xc6, 0x3c, 0xff, 0xf9, 0xd, 0x0,
    0x0, 0x0, 0x0, 0xb2, 0xff, 0x72, 0x2, 0xe6,
    0xff, 0x56, 0x0, 0x0, 0x0, 0xd, 0xf9, 0xff,
    0x1e, 0x0, 0x95, 0xff, 0xa6, 0x0, 0x0, 0x0,
    0x56, 0xff, 0xca, 0x0, 0x0, 0x42, 0xff, 0xf1,
    0x7, 0x0, 0x0, 0xaa, 0xff, 0x76, 0x0, 0x0,
    0x3, 0xeb, 0xff, 0x49, 0x0, 0x7, 0xf3, 0xff,
    0x23, 0x0, 0x0, 0x0, 0x9a, 0xff, 0x9a, 0x0,
    0x4e, 0xff, 0xce, 0x0, 0x0, 0x0, 0x0, 0x48,
    0xff, 0xe8, 0x1, 0x9d, 0xff, 0x7a, 0x0, 0x0,
    0x0, 0x0, 0x6, 0xef, 0xff, 0x2d, 0xe6, 0xff,
    0x27, 0x0, 0x0, 0x0, 0x0, 0x0, 0xa2, 0xff,
    0x9b, 0xff, 0xd2, 0x0, 0x0, 0x0, 0x0, 0x0,
    0x0, 0x4e, 0xff, 0xff, 0xff, 0x7e, 0x0, 0x0,
    0x0, 0x0, 0x0, 0x0, 0x7, 0xf3, 0xff, 0xff,
    0x2a, 0x0, 0x0, 0x0, 0x0, 0x0, 0x0, 0x0,
    0xa8, 0xff, 0xd6, 0x0, 0x0, 0x0, 0x0, 0x0,
    0x0, 0x0, 0x0, 0xba, 0xff, 0x82, 0x0, 0x0,
    0x0, 0x0, 0x0, 0x0, 0x0, 0x12, 0xfc, 0xff,
    0x2e, 0x0, 0x0, 0x0, 0x0, 0x0, 0x25, 0xec,
    0xf0, 0xff, 0xcc, 0x0, 0x0, 0x0, 0x0, 0x0,
    0x0, 0x28, 0xff, 0xfc, 0xcb, 0x2b, 0x0, 0x0,
    0x0, 0x0, 0x0,

    /* U+007A "z" */
    0x8, 0xff, 0xff, 0xff, 0xff, 0xff, 0xff, 0xff,
    0xff, 0xa8, 0x7, 0xec, 0xec, 0xec, 0xec, 0xec,
    0xed, 0xff, 0xff, 0xa3, 0x0, 0x0, 0x0, 0x0,
    0x0, 0x0, 0x79, 0xff, 0xf4, 0x28, 0x0, 0x0,
    0x0, 0x0, 0x0, 0x3f, 0xfc, 0xff, 0x5a, 0x0,
    0x0, 0x0, 0x0, 0x0, 0x16, 0xe6, 0xff, 0x97,
    0x0, 0x0, 0x0, 0x0, 0x0, 0x3, 0xbd, 0xff,
    0xcd, 0x8, 0x0, 0x0, 0x0, 0x0, 0x0, 0x82,
    0xff, 0xf1, 0x23, 0x0, 0x0, 0x0, 0x0, 0x0,
    0x47, 0xfe, 0xff, 0x51, 0x0, 0x0, 0x0, 0x0,
    0x0, 0x1c, 0xea, 0xff, 0x8f, 0x0, 0x0, 0x0,
    0x0, 0x0, 0x5, 0xc3, 0xff, 0xc7, 0x5, 0x0,
    0x0, 0x0, 0x0, 0x0, 0x3b, 0xff, 0xff, 0xf4,
    0xec, 0xec, 0xec, 0xec, 0xec, 0xc3, 0x3c, 0xff,
    0xff, 0xff, 0xff, 0xff, 0xff, 0xff, 0xff, 0xd4,

    /* U+007B "{" */
    0x0, 0x0, 0x8, 0xb8, 0xfd, 0xff, 0x84, 0x0,
    0x0, 0x57, 0xff, 0xe8, 0xc0, 0x63, 0x0, 0x0,
    0x68, 0xff, 0xa0, 0x0, 0x0, 0x0, 0x0, 0x68,
    0xff, 0xa0, 0x0, 0x0, 0x0, 0x0, 0x68, 0xff,
    0xa0, 0x0, 0x0, 0x0, 0x0, 0x68, 0xff, 0xa0,
    0x0, 0x0, 0x0, 0x0, 0x68, 0xff, 0xa0, 0x0,
    0x0, 0x0, 0x0, 0x79, 0xff, 0x93, 0x0, 0x0,
    0x3, 0x3a, 0xe5, 0xff, 0x3d, 0x0, 0x0, 0x88,
    0xff, 0xe4, 0x5e, 0x0, 0x0, 0x0, 0x88, 0xff,
    0xe0, 0x56, 0x0, 0x0, 0x0, 0x7, 0x43, 0xe9,
    0xfe, 0x3a, 0x0, 0x0, 0x0, 0x0, 0x7b, 0xff,
    0x91, 0x0, 0x0, 0x0, 0x0, 0x68, 0xff, 0xa0,
    0x0, 0x0, 0x0, 0x0, 0x68, 0xff, 0xa0, 0x0,
    0x0, 0x0, 0x0, 0x68, 0xff, 0xa0, 0x0, 0x0,
    0x0, 0x0, 0x68, 0xff, 0xa0, 0x0, 0x0, 0x0,
    0x0, 0x68, 0xff, 0xa0, 0x0, 0x0, 0x0, 0x0,
    0x57, 0xff, 0xe7, 0xbc, 0x61, 0x0, 0x0, 0xa,
    0xb9, 0xfd, 0xff, 0x84,

    /* U+007C "|" */
    0x30, 0xff, 0xbc, 0x30, 0xff, 0xbc, 0x30, 0xff,
    0xbc, 0x30, 0xff, 0xbc, 0x30, 0xff, 0xbc, 0x30,
    0xff, 0xbc, 0x30, 0xff, 0xbc, 0x30, 0xff, 0xbc,
    0x30, 0xff, 0xbc, 0x30, 0xff, 0xbc, 0x30, 0xff,
    0xbc, 0x30, 0xff, 0xbc, 0x30, 0xff, 0xbc, 0x30,
    0xff, 0xbc, 0x30, 0xff, 0xbc, 0x30, 0xff, 0xbc,
    0x30, 0xff, 0xbc, 0x30, 0xff, 0xbc, 0x30, 0xff,
    0xbc, 0x30, 0xff, 0xbc, 0xe, 0x48, 0x35,

    /* U+007D "}" */
    0xc0, 0xff, 0xf8, 0x89, 0x0, 0x0, 0x0, 0x90,
    0xc0, 0xf7, 0xff, 0x1c, 0x0, 0x0, 0x0, 0x0,
    0xdc, 0xff, 0x2c, 0x0, 0x0, 0x0, 0x0, 0xdc,
    0xff, 0x2c, 0x0, 0x0, 0x0, 0x0, 0xdc, 0xff,
    0x2c, 0x0, 0x0, 0x0, 0x0, 0xdc, 0xff, 0x2c,
    0x0, 0x0, 0x0, 0x0, 0xdc, 0xff, 0x2c, 0x0,
    0x0, 0x0, 0x0, 0xce, 0xff, 0x3c, 0x0, 0x0,
    0x0, 0x0, 0x76, 0xff, 0xc2, 0x23, 0x1, 0x0,
    0x0, 0x3, 0x89, 0xf3, 0xff, 0x4c, 0x0, 0x0,
    0x2, 0x80, 0xf1, 0xff, 0x4c, 0x0, 0x0, 0x74,
    0xff, 0xc9, 0x2c, 0x3, 0x0, 0x0, 0xcd, 0xff,
    0x40, 0x0, 0x0, 0x0, 0x0, 0xdc, 0xff, 0x2c,
    0x0, 0x0, 0x0, 0x0, 0xdc, 0xff, 0x2c, 0x0,
    0x0, 0x0, 0x0, 0xdc, 0xff, 0x2c, 0x0, 0x0,
    0x0, 0x0, 0xdc, 0xff, 0x2c, 0x0, 0x0, 0x0,
    0x0, 0xdc, 0xff, 0x2c, 0x0, 0x0, 0x8d, 0xbc,
    0xf6, 0xff, 0x1c, 0x0, 0x0, 0xc0, 0xff, 0xf9,
    0x8c, 0x0, 0x0, 0x0,

    /* U+007E "~" */
    0x5, 0x89, 0xe1, 0xe2, 0x9c, 0x21, 0x0, 0x0,
    0x0, 0x0, 0x0, 0x84, 0xff, 0xff, 0xff, 0xff,
    0xf9, 0x8d, 0x20, 0xa, 0x6a, 0x4d, 0x27, 0x88,
    0x10, 0x12, 0x71, 0xf0, 0xff, 0xff, 0xff, 0xff,
    0xbb, 0x0, 0x0, 0x0, 0x0, 0x0, 0x16, 0x91,
    0xec, 0xf9, 0xb7, 0x1b,

    /* U+0E01 "ก" */
    0x0, 0x0, 0x33, 0xa9, 0xe7, 0xfc, 0xf3, 0xc6,
    0x66, 0x2, 0x0, 0x0, 0x57, 0xfb, 0xff, 0xff,
    0xff, 0xff, 0xff, 0xff, 0xa8, 0x1, 0x13, 0xf3,
    0xff, 0xaa, 0x23, 0x1, 0x1b, 0x92, 0xff, 0xff,
    0x54, 0x64, 0xff, 0xe2, 0x4, 0x0, 0x0, 0x0,
    0x0, 0xc1, 0xff, 0xae, 0x8a, 0xff, 0xe7, 0xa8,
    0xa8, 0x3f, 0x0, 0x0, 0x7c, 0xff, 0xd5, 0x90,
    0xff, 0xff, 0xff, 0xff, 0x60, 0x0, 0x0, 0x70,
    0xff, 0xdc, 0x0, 0x16, 0xb4, 0xd1, 0x2a, 0x1,
    0x0, 0x0, 0x70, 0xff, 0xdc, 0x0, 0xbc, 0xff,
    0x52, 0x0, 0x0, 0x0, 0x0, 0x70, 0xff, 0xdc,
    0x15, 0xff, 0xff, 0x2a, 0x0, 0x0, 0x0, 0x0,
    0x70, 0xff, 0xdc, 0x28, 0xff, 0xff, 0x24, 0x0,
    0x0, 0x0, 0x0, 0x70, 0xff, 0xdc, 0x28, 0xff,
    0xff, 0x24, 0x0, 0x0, 0x0, 0x0, 0x70, 0xff,
    0xdc, 0x28, 0xff, 0xff, 0x24, 0x0, 0x0, 0x0,
    0x0, 0x70, 0xff, 0xdc, 0x28, 0xff, 0xff, 0x24,
    0x0, 0x0, 0x0, 0x0, 0x70, 0xff, 0xdc,

    /* U+0E02 "ข" */
    0xa8, 0xff, 0xfb, 0xcd, 0x2b, 0x0, 0x0, 0x84,
    0xff, 0xcc, 0x96, 0xe4, 0xef, 0xff, 0xac, 0x0,
    0x0, 0x84, 0xff, 0xcc, 0x0, 0x0, 0x69, 0xff,
    0xc6, 0x0, 0x0, 0x84, 0xff, 0xcc, 0x0, 0x0,
    0x88, 0xff, 0xab, 0x0, 0x0, 0x84, 0xff, 0xcc,
    0x0, 0x1f, 0xf0, 0xff, 0x4e, 0x0, 0x0, 0x84,
    0xff, 0xcc, 0x1, 0xc6, 0xff, 0xb1, 0x0, 0x0,
    0x0, 0x84, 0xff, 0xcc, 0x40, 0xff, 0xff, 0x27,
    0x0, 0x0, 0x0, 0x84, 0xff, 0xcc, 0x79, 0xff,
    0xe1, 0x0, 0x0, 0x0, 0x0, 0x84, 0xff, 0xcc,
    0x86, 0xff, 0xd3, 0x0, 0x0, 0x0, 0x0, 0x88,
    0xff, 0xc9, 0x70, 0xff, 0xf2, 0x8, 0x0, 0x0,
    0x0, 0xb5, 0xff, 0xb1, 0x29, 0xff, 0xff, 0x9c,
    0x15, 0x9, 0x69, 0xfe, 0xff, 0x69, 0x0, 0x8e,
    0xff, 0xff, 0xff, 0xff, 0xff, 0xff, 0xd1, 0x8,
    0x0, 0x1, 0x63, 0xcb, 0xf5, 0xfd, 0xde, 0x8e,
    0x11, 0x0,

    /* U+0E03 "ฃ" */
    0x20, 0xff, 0xc4, 0x0, 0x9d, 0xff, 0x7c, 0x0,
    0x40, 0xff, 0xff, 0xc, 0x1f, 0xff, 0xc5, 0x39,
    0xe4, 0xff, 0x7c, 0x0, 0x40, 0xff, 0xff, 0xc,
    0x7, 0xf0, 0xff, 0xf8, 0xa1, 0xff, 0x7b, 0x0,
    0x40, 0xff, 0xff, 0xc, 0x0, 0x3b, 0x8d, 0x3e,
    0xa8, 0xff, 0x5f, 0x0, 0x40, 0xff, 0xff, 0xc,
    0x0, 0x0, 0x0, 0x4e, 0xfe, 0xec, 0xf, 0x0,
    0x40, 0xff, 0xff, 0xc, 0x0, 0x0, 0x3c, 0xf9,
    0xfd, 0x49, 0x0, 0x0, 0x40, 0xff, 0xff, 0xc,
    0x0, 0x1, 0xd7, 0xff, 0x89, 0x0, 0x0, 0x0,
    0x40, 0xff, 0xff, 0xc, 0x0, 0x25, 0xff, 0xff,
    0x25, 0x0, 0x0, 0x0, 0x40, 0xff, 0xff, 0xc,
    0x0, 0x3a, 0xff, 0xff, 0x13, 0x0, 0x0, 0x0,
    0x44, 0xff, 0xff, 0x9, 0x0, 0x26, 0xff, 0xff,
    0x39, 0x0, 0x0, 0x0, 0x71, 0xff, 0xf1, 0x0,
    0x0, 0x1, 0xe0, 0xff, 0xc9, 0x29, 0x4, 0x3e,
    0xea, 0xff, 0xaa, 0x0, 0x0, 0x0, 0x4f, 0xfd,
    0xff, 0xff, 0xff, 0xff, 0xff, 0xf2, 0x2b, 0x0,
    0x0, 0x0, 0x0, 0x3d, 0xb6, 0xee, 0xfe, 0xeb,
    0xaa, 0x2a, 0x0, 0x0,

    /* U+0E04 "ค" */
    0x0, 0x0, 0x1f, 0x9a, 0xe1, 0xfc, 0xf8, 0xd3,
    0x7d, 0xb, 0x0, 0x0, 0x0, 0x2c, 0xee, 0xff,
    0xff, 0xff, 0xff, 0xff, 0xff, 0xcc, 0xb, 0x0,
    0x0, 0xc6, 0xff, 0xeb, 0x4d, 0x9, 0x11, 0x6e,
    0xfb, 0xff, 0x86, 0x0, 0x22, 0xff, 0xff, 0x52,
    0x0, 0x0, 0x0, 0x0, 0x8f, 0xff, 0xe2, 0x0,
    0x49, 0xff, 0xff, 0xb, 0x0, 0x0, 0x0, 0x0,
    0x4c, 0xff, 0xff, 0x9, 0x50, 0xff, 0xfc, 0x0,
    0x0, 0x1c, 0x1c, 0x0, 0x40, 0xff, 0xff, 0x10,
    0x50, 0xff, 0xfc, 0x1c, 0xcf, 0xff, 0xc8, 0x0,
    0x40, 0xff, 0xff, 0x10, 0x50, 0xff, 0xfc, 0xb2,
    0xff, 0xff, 0xc8, 0x0, 0x40, 0xff, 0xff, 0x10,
    0x50, 0xff, 0xff, 0xab, 0x1f, 0x1, 0x0, 0x0,
    0x40, 0xff, 0xff, 0x10, 0x50, 0xff, 0xff, 0xf,
    0x0, 0x0, 0x0, 0x0, 0x40, 0xff, 0xff, 0x10,
    0x50, 0xff, 0xfc, 0x0, 0x0, 0x0, 0x0, 0x0,
    0x40, 0xff, 0xff, 0x10, 0x50, 0xff, 0xfc, 0x0,
    0x0, 0x0, 0x0, 0x0, 0x40, 0xff, 0xff, 0x10,
    0x50, 0xff, 0xfc, 0x0, 0x0, 0x0, 0x0, 0x0,
    0x40, 0xff, 0xff, 0x10,

    /* U+0E05 "ฅ" */
    0x0, 0x6, 0x87, 0xe3, 0xde, 0x19, 0x18, 0xdd,
    0xe4, 0x87, 0x6, 0x0, 0x0, 0x9a, 0xff, 0xff,
    0xff, 0xd0, 0xcf, 0xff, 0xff, 0xff, 0x99, 0x0,
    0x12, 0xfc, 0xff, 0x8e, 0x5f, 0xfd, 0xfd, 0x5f,
    0x8f, 0xff, 0xfc, 0x10, 0x3c, 0xff, 0xff, 0x21,
    0x0, 0x5f, 0x5b, 0x0, 0x24, 0xff, 0xff, 0x38,
    0x44, 0xff, 0xff, 0xd, 0x0, 0x0, 0x0, 0x0,
    0x11, 0xff, 0xff, 0x40, 0x44, 0xff, 0xff, 0xc,
    0x1, 0x1e, 0x21, 0x0, 0x10, 0xff, 0xff, 0x40,
    0x44, 0xff, 0xff, 0x23, 0xce, 0xff, 0xd4, 0x0,
    0x10, 0xff, 0xff, 0x40, 0x44, 0xff, 0xff, 0xb1,
    0xff, 0xff, 0xd4, 0x0, 0x10, 0xff, 0xff, 0x40,
    0x44, 0xff, 0xff, 0xb6, 0x26, 0x2, 0x0, 0x0,
    0x10, 0xff, 0xff, 0x40, 0x44, 0xff, 0xff, 0x1f,
    0x0, 0x0, 0x0, 0x0, 0x10, 0xff, 0xff, 0x40,
    0x44, 0xff, 0xff, 0xc, 0x0, 0x0, 0x0, 0x0,
    0x10, 0xff, 0xff, 0x40, 0x44, 0xff, 0xff, 0xc,
    0x0, 0x0, 0x0, 0x0, 0x10, 0xff, 0xff, 0x40,
    0x44, 0xff, 0xff, 0xc, 0x0, 0x0, 0x0, 0x0,
    0x10, 0xff, 0xff, 0x40,

    /* U+0E06 "ฆ" */
    0x14, 0xff, 0xd8, 0x0, 0x82, 0xff, 0xa0, 0x0,
    0x0, 0x40, 0xff, 0xff, 0x8, 0x13, 0xff, 0xd8,
    0x2e, 0xd6, 0xff, 0xa0, 0x0, 0x0, 0x40, 0xff,
    0xff, 0x8, 0x2, 0xe9, 0xff, 0xfe, 0x95, 0xff,
    0x9f, 0x0, 0x0, 0x40, 0xff, 0xff, 0x8, 0x0,
    0x35, 0x8e, 0x49, 0x7f, 0xff, 0x8b, 0x0, 0x0,
    0x40, 0xff, 0xff, 0x8, 0x0, 0x0, 0x0, 0x25,
    0xf0, 0xff, 0x39, 0x0, 0x0, 0x40, 0xff, 0xff,
    0x8, 0x0, 0x0, 0xe, 0xdc, 0xff, 0x94, 0x0,
    0x0, 0x0, 0x40, 0xff, 0xff, 0x8, 0x0, 0x0,
    0x80, 0xff, 0xda, 0x6, 0x0, 0x0, 0x0, 0x40,
    0xff, 0xff, 0x8, 0x0, 0x0, 0xcd, 0xff, 0x80,
    0x0, 0x0, 0x0, 0x0, 0x40, 0xff, 0xff, 0x8,
    0x0, 0x0, 0xe3, 0xff, 0x6d, 0x0, 0x0, 0x0,
    0x0, 0x4c, 0xff, 0xff, 0x5, 0x0, 0x0, 0xe4,
    0xff, 0x9f, 0x0, 0x0, 0x0, 0x0, 0x82, 0xff,
    0xed, 0x0, 0x0, 0x0, 0xe4, 0xff, 0xf0, 0x90,
    0x28, 0x11, 0x4f, 0xf1, 0xff, 0xaf, 0x0, 0x0,
    0x0, 0xe4, 0xff, 0x7d, 0xed, 0xff, 0xff, 0xff,
    0xff, 0xfb, 0x33, 0x0, 0x0, 0x0, 0xe4, 0xff,
    0x60, 0x2b, 0xbb, 0xf4, 0xf9, 0xc7, 0x42, 0x0,
    0x0,

    /* U+0E07 "ง" */
    0x4f, 0xff, 0xf7, 0x9, 0x0, 0x0, 0xcc, 0xff,
    0xf4, 0x99, 0x3, 0xb, 0xf8, 0xff, 0x47, 0x0,
    0x0, 0xc9, 0xfc, 0xff, 0xff, 0x5e, 0x0, 0xb9,
    0xff, 0x90, 0x0, 0x0, 0x0, 0x0, 0xa0, 0xff,
    0x9e, 0x0, 0x6c, 0xff, 0xd9, 0x0, 0x0, 0x0,
    0x0, 0xa0, 0xff, 0xac, 0x0, 0x21, 0xff, 0xff,
    0x22, 0x0, 0x0, 0x0, 0xa0, 0xff, 0xac, 0x0,
    0x0, 0xd5, 0xff, 0x6a, 0x0, 0x0, 0x0, 0xa0,
    0xff, 0xac, 0x0, 0x0, 0x8a, 0xff, 0xb2, 0x0,
    0x0, 0x0, 0xa0, 0xff, 0xac, 0x0, 0x0, 0x3f,
    0xff, 0xf4, 0x6, 0x0, 0x0, 0xa0, 0xff, 0xa8,
    0x0, 0x0, 0x4, 0xef, 0xff, 0x42, 0x0, 0x0,
    0xa9, 0xff, 0x97, 0x0, 0x0, 0x0, 0xa8, 0xff,
    0x8c, 0x0, 0x0, 0xd2, 0xff, 0x71, 0x0, 0x0,
    0x0, 0x5d, 0xff, 0xd4, 0x1, 0x5e, 0xff, 0xff,
    0x28, 0x0, 0x0, 0x0, 0x14, 0xfd, 0xff, 0xf7,
    0xff, 0xff, 0xa0, 0x0, 0x0, 0x0, 0x0, 0x0,
    0xc6, 0xff, 0xfc, 0xd8, 0x7b, 0x5, 0x0,

    /* U+0E08 "จ" */
    0x0, 0x0, 0x3b, 0xae, 0xea, 0xfd, 0xf0, 0xc0,
    0x5a, 0x0, 0x0, 0x0, 0x0, 0x6d, 0xfe, 0xff,
    0xff, 0xff, 0xff, 0xff, 0xff, 0x96, 0x0, 0x0,
    0x7, 0xe0, 0xff, 0xa3, 0x27, 0x5, 0x1f, 0x94,
    0xff, 0xff, 0x43, 0x0, 0x0, 0x25, 0x88, 0x0,
    0x0, 0x0, 0x0, 0x0, 0xbb, 0xff, 0xa9, 0x0,
    0x0, 0x0, 0x0, 0x0, 0x0, 0x0, 0x0, 0x0,
    0x69, 0xff, 0xe4, 0x0, 0x0, 0x0, 0x0, 0x0,
    0x0, 0x0, 0x0, 0x0, 0x55, 0xff, 0xff, 0x3,
    0x0, 0x74, 0xff, 0xf8, 0x86, 0x0, 0x0, 0x0,
    0x54, 0xff, 0xff, 0xa, 0x0, 0x6f, 0xf4, 0xff,
    0xfd, 0x18, 0x0, 0x0, 0x55, 0xff, 0xfe, 0x3,
    0x0, 0x0, 0x0, 0xc6, 0xff, 0x61, 0x0, 0x0,
    0x65, 0xff, 0xe5, 0x0, 0x0, 0x0, 0x0, 0x7e,
    0xff, 0xa7, 0x0, 0x0, 0xa6, 0xff, 0xad, 0x0,
    0x0, 0x0, 0x0, 0x35, 0xff, 0xeb, 0x3, 0x57,
    0xfd, 0xff, 0x4f, 0x0, 0x0, 0x0, 0x0, 0x2,
    0xed, 0xff, 0xfa, 0xff, 0xff, 0xaf, 0x1, 0x0,
    0x0, 0x0, 0x0, 0x0, 0xa8, 0xff, 0xfa, 0xd6,
    0x78, 0x5, 0x0, 0x0,

    /* U+0E09 "ฉ" */
    0x0, 0x19, 0x8d, 0xd6, 0xf7, 0xfd, 0xe7, 0xa9,
    0x32, 0x0, 0x0, 0x0, 0x36, 0xed, 0xff, 0xff,
    0xff, 0xff, 0xff, 0xff, 0xfb, 0x54, 0x0, 0x0,
    0x8f, 0xff, 0xb4, 0x41, 0x13, 0x13, 0x47, 0xd6,
    0xff, 0xef, 0xe, 0x0, 0x0, 0x42, 0x1, 0x0,
    0x0, 0x0, 0x0, 0x27, 0xff, 0xff, 0x52, 0x0,
    0x0, 0x0, 0x0, 0x0, 0x0, 0x0, 0x0, 0x0,
    0xe2, 0xff, 0x73, 0x0, 0xc0, 0xec, 0xd6, 0x2f,
    0x0, 0x0, 0x0, 0x0, 0xd8, 0xff, 0x78, 0x0,
    0xd0, 0xff, 0xff, 0x93, 0x0, 0x0, 0x0, 0x0,
    0xd8, 0xff, 0x78, 0x0, 0x0, 0x7c, 0xff, 0xa4,
    0x0, 0x0, 0x0, 0x0, 0xd8, 0xff, 0x78, 0x0,
    0x0, 0x7c, 0xff, 0xa4, 0x0, 0x0, 0x0, 0x0,
    0xdb, 0xff, 0x78, 0x0, 0x0, 0x77, 0xff, 0xab,
    0x0, 0x0, 0x0, 0x10, 0xf8, 0xff, 0x78, 0x0,
    0x0, 0x59, 0xff, 0xe5, 0xe, 0x0, 0x13, 0xb5,
    0xf1, 0xff, 0x78, 0x0, 0x0, 0x10, 0xed, 0xff,
    0xec, 0xcf, 0xf9, 0xba, 0x83, 0xff, 0xe2, 0x90,
    0x0, 0x0, 0x3b, 0xcd, 0xfb, 0xeb, 0x98, 0xd,
    0x14, 0xc7, 0xfe, 0xb8,

    /* U+0E0A "ช" */
    0xc0, 0xff, 0xf9, 0xbd, 0x16, 0x0, 0x0, 0x8c,
    0xff, 0xc4, 0xab, 0xe4, 0xf3, 0xff, 0x80, 0x0,
    0x0, 0x97, 0xff, 0x94, 0x0, 0x0, 0x8d, 0xff,
    0x9a, 0x0, 0x15, 0xe3, 0xd0, 0x16, 0x0, 0x0,
    0xaa, 0xff, 0x81, 0x8d, 0xf2, 0xe4, 0x37, 0x0,
    0x0, 0x2e, 0xfa, 0xfe, 0x2a, 0xb4, 0xff, 0xff,
    0xf8, 0x2b, 0x3, 0xd1, 0xff, 0x99, 0x0, 0x1,
    0x2d, 0xe5, 0xff, 0x95, 0x44, 0xff, 0xfe, 0x1c,
    0x0, 0x0, 0x0, 0x8e, 0xff, 0xc1, 0x79, 0xff,
    0xd6, 0x0, 0x0, 0x0, 0x0, 0x7c, 0xff, 0xcc,
    0x86, 0xff, 0xcb, 0x0, 0x0, 0x0, 0x0, 0x80,
    0xff, 0xca, 0x71, 0xff, 0xee, 0x5, 0x0, 0x0,
    0x0, 0xb0, 0xff, 0xb2, 0x29, 0xff, 0xff, 0x97,
    0x15, 0x9, 0x65, 0xfd, 0xff, 0x6e, 0x0, 0x8e,
    0xff, 0xff, 0xff, 0xff, 0xff, 0xff, 0xd3, 0xa,
    0x0, 0x1, 0x63, 0xcb, 0xf6, 0xfd, 0xdd, 0x8e,
    0x11, 0x0,

    /* U+0E0B "ซ" */
    0x50, 0xff, 0x98, 0x0, 0xd1, 0xff, 0x4c, 0x0,
    0x2c, 0xff, 0xff, 0x35, 0x4d, 0xff, 0x9a, 0x5c,
    0xef, 0xff, 0x4c, 0x0, 0x36, 0xff, 0xf4, 0xe,
    0x18, 0xef, 0xff, 0xc6, 0xb3, 0xff, 0x4b, 0x0,
    0x93, 0xf7, 0x5c, 0x0, 0x0, 0x14, 0x35, 0x5,
    0xd4, 0xff, 0x3c, 0xd8, 0xff, 0x7d, 0x1, 0x0,
    0x0, 0x0, 0x0, 0x66, 0xff, 0xd7, 0xe, 0xff,
    0xff, 0xff, 0x7a, 0x0, 0x0, 0x0, 0x3c, 0xfb,
    0xfc, 0x3a, 0x0, 0xb, 0xa3, 0xff, 0xea, 0x1,
    0x0, 0x0, 0xca, 0xff, 0x90, 0x0, 0x0, 0x0,
    0x35, 0xff, 0xff, 0x15, 0x0, 0x13, 0xff, 0xff,
    0x36, 0x0, 0x0, 0x0, 0x24, 0xff, 0xff, 0x20,
    0x0, 0x26, 0xff, 0xff, 0x27, 0x0, 0x0, 0x0,
    0x28, 0xff, 0xff, 0x1e, 0x0, 0x13, 0xff, 0xff,
    0x50, 0x0, 0x0, 0x0, 0x57, 0xff, 0xfd, 0x9,
    0x0, 0x0, 0xcd, 0xff, 0xd6, 0x30, 0x4, 0x32,
    0xdd, 0xff, 0xc2, 0x0, 0x0, 0x0, 0x3f, 0xf9,
    0xff, 0xff, 0xff, 0xff, 0xff, 0xf9, 0x3a, 0x0,
    0x0, 0x0, 0x0, 0x33, 0xb0, 0xed, 0xfe, 0xee,
    0xb1, 0x36, 0x0, 0x0,

    /* U+0E0C "ฌ" */
    0x0, 0x0, 0x55, 0xbe, 0xf0, 0xfe, 0xee, 0xb8,
    0x46, 0x0, 0x0, 0x0, 0x0, 0x0, 0x0, 0x90,
    0xff, 0xc0, 0x0, 0x90, 0xff, 0xff, 0xff, 0xff,
    0xff, 0xff, 0xff, 0x70, 0x0, 0x0, 0x0, 0x0,
    0x0, 0x90, 0xff, 0xc0, 0x3a, 0xff, 0xff, 0x82,
    0x17, 0x1, 0x27, 0xb4, 0xff, 0xfb, 0x22, 0x0,
    0x0, 0x0, 0x0, 0x90, 0xff, 0xc0, 0x8b, 0xff,
    0xb8, 0x0, 0x0, 0x0, 0x0, 0x9, 0xe9, 0xff,
    0x77, 0x0, 0x0, 0x0, 0x0, 0x90, 0xff, 0xc0,
    0xa6, 0xff, 0xff, 0xff, 0xff, 0x4c, 0x0, 0x0,
    0xac, 0xff, 0x9d, 0x0, 0x0, 0x0, 0x0, 0x90,
    0xff, 0xc0, 0x76, 0xb4, 0xd5, 0xff, 0xd1, 0x36,
    0x0, 0x0, 0xa0, 0xff, 0xa4, 0x0, 0x0, 0x0,
    0x0, 0x90, 0xff, 0xc0, 0x0, 0x6b, 0xfc, 0x74,
    0x0, 0x0, 0x0, 0x0, 0xa0, 0xff, 0xa4, 0x0,
    0x0, 0x0, 0x0, 0x90, 0xff, 0xc0, 0x1a, 0xfb,
    0xfb, 0x9, 0x0, 0x0, 0x0, 0x0, 0xa0, 0xff,
    0xa4, 0x0, 0x0, 0x0, 0x0, 0x90, 0xff, 0xc0,
    0x56, 0xff, 0xe3, 0x0, 0x0, 0x0, 0x0, 0x0,
    0xa0, 0xff, 0xa4, 0x0, 0x0, 0x0, 0x0, 0x95,
    0xff, 0xbe, 0x64, 0xff, 0xe0, 0x0, 0x0, 0x0,
    0x0, 0x0, 0xa0, 0xff, 0xbd, 0x0, 0x0, 0x0,
    0x0, 0xb9, 0xff, 0xab, 0x57, 0xff, 0xe0, 0x0,
    0x0, 0x0, 0x0, 0x0, 0xa0, 0xff, 0xfd, 0x7d,
    0xd, 0x1, 0x52, 0xfc, 0xff, 0x71, 0x1c, 0xfb,
    0xfe, 0xf0, 0xec, 0x0, 0x0, 0x0, 0xa0, 0xff,
    0xa7, 0xe4, 0xfe, 0xf8, 0xff, 0xff, 0xe6, 0x11,
    0x0, 0x59, 0xdf, 0xff, 0xfc, 0x0, 0x0, 0x0,
    0xa0, 0xff, 0x98, 0x27, 0xb9, 0xf7, 0xf6, 0xb7,
    0x28, 0x0,

    /* U+0E0D "ญ" */
    0x0, 0x0, 0x54, 0xbd, 0xee, 0xfe, 0xee, 0xb3,
    0x3e, 0x0, 0x0, 0x0, 0x0, 0x0, 0x0, 0x98,
    0xff, 0xb8, 0x0, 0x8e, 0xff, 0xff, 0xff, 0xff,
    0xff, 0xff, 0xfe, 0x5e, 0x0, 0x0, 0x0, 0x0,
    0x0, 0x98, 0xff, 0xb8, 0x39, 0xff, 0xff, 0x82,
    0x17, 0x1, 0x27, 0xb8, 0xff, 0xf4, 0x15, 0x0,
    0x0, 0x0, 0x0, 0x98, 0xff, 0xb8, 0x8a, 0xff,
    0xb8, 0x0, 0x0, 0x0, 0x0, 0xb, 0xee, 0xff,
    0x66, 0x0, 0x0, 0x0, 0x0, 0x98, 0xff, 0xb8,
    0xa6, 0xff, 0xff, 0xff, 0xff, 0x4c, 0x0, 0x0,
    0xb5, 0xff, 0x8e, 0x0, 0x0, 0x0, 0x0, 0x98,
    0xff, 0xb8, 0x76, 0xb4, 0xd5, 0xff, 0xd2, 0x36,
    0x0, 0x0, 0xa8, 0xff, 0x98, 0x0, 0x0, 0x0,
    0x0, 0x98, 0xff, 0xb8, 0x0, 0x6b, 0xfc, 0x78,
    0x0, 0x0, 0x0, 0x0, 0xa8, 0xff, 0x98, 0x0,
    0x0, 0x0, 0x0, 0x98, 0xff, 0xb8, 0x1a, 0xfb,
    0xfb, 0x9, 0x0, 0x0, 0x0, 0x0, 0xa8, 0xff,
    0x98, 0x0, 0x0, 0x0, 0x0, 0x98, 0xff, 0xb8,
    0x56, 0xff, 0xe4, 0x0, 0x0, 0x0, 0x0, 0x0,
    0xa7, 0xff, 0x9b, 0x0, 0x0, 0x0, 0x0, 0x98,
    0xff, 0xb8, 0x64, 0xff, 0xe0, 0x0, 0x0, 0x0,
    0x0, 0x0, 0x96, 0xff, 0xbd, 0x0, 0x0, 0x0,
    0x0, 0xb0, 0xff, 0xb8, 0x57, 0xff, 0xe0, 0x0,
    0x0, 0x0, 0x0, 0x0, 0x60, 0xff, 0xfc, 0x42,
    0x0, 0x1, 0x59, 0xf0, 0xff, 0xb8, 0x1c, 0xfb,
    0xfb, 0xd4, 0xd1, 0x0, 0x0, 0x0, 0xa, 0xde,
    0xff, 0xff, 0xdd, 0xec, 0xdd, 0x9b, 0xff, 0xb8,
    0x0, 0x59, 0xdf, 0xff, 0xfc, 0x0, 0x0, 0x0,
    0x0, 0x1f, 0xaf, 0xf3, 0xf8, 0xb5, 0x1f, 0x93,
    0xff, 0xb5, 0x0, 0x0, 0x0, 0x0, 0x0, 0x0,
    0x0, 0x0, 0x0, 0x31, 0x2, 0x0, 0x0, 0x0,
    0x0, 0xbf, 0xff, 0x9c, 0x0, 0x0, 0x0, 0x0,
    0x0, 0x0, 0x0, 0x0, 0x6a, 0xfd, 0xb8, 0x3c,
    0xd, 0x1a, 0x81, 0xff, 0xff, 0x51, 0x0, 0x0,
    0x0, 0x0, 0x0, 0x0, 0x0, 0x0, 0x34, 0xee,
    0xff, 0xff, 0xff, 0xff, 0xff, 0xff, 0xae, 0x1,
    0x0, 0x0, 0x0, 0x0, 0x0, 0x0, 0x0, 0x0,
    0x0, 0x1d, 0x94, 0xdc, 0xfa, 0xf9, 0xcf, 0x6f,
    0x4, 0x0,

    /* U+0E0E "ฎ" */
    0x0, 0x0, 0x0, 0x23, 0x9e, 0xe4, 0xfd, 0xf6,
    0xd0, 0x7e, 0xc, 0x0, 0x0, 0x0, 0x0, 0x3a,
    0xf3, 0xff, 0xff, 0xff, 0xff, 0xff, 0xff, 0xd1,
    0xe, 0x0, 0x0, 0x5, 0xdf, 0xff, 0xc1, 0x2e,
    0x3, 0x12, 0x6e, 0xfb, 0xff, 0x8e, 0x0, 0x0,
    0x48, 0xff, 0xf8, 0x15, 0x0, 0x0, 0x0, 0x0,
    0x85, 0xff, 0xeb, 0x1, 0x0, 0x78, 0xff, 0xc3,
    0x0, 0x0, 0x0, 0x0, 0x0, 0x3d, 0xff, 0xff,
    0x16, 0x0, 0x87, 0xff, 0xff, 0xff, 0xff, 0x94,
    0x0, 0x0, 0x30, 0xff, 0xff, 0x20, 0x0, 0x55,
    0xa0, 0xa5, 0xee, 0xe1, 0x61, 0x0, 0x0, 0x30,
    0xff, 0xff, 0x20, 0x0, 0x0, 0x8, 0xca, 0xf1,
    0x13, 0x0, 0x0, 0x0, 0x30, 0xff, 0xff, 0x20,
    0x0, 0x0, 0x63, 0xff, 0xbc, 0x0, 0x0, 0x0,
    0x0, 0x30, 0xff, 0xff, 0x20, 0x0, 0x0, 0x83,
    0xff, 0xb0, 0x0, 0x0, 0x0, 0x0, 0x30, 0xff,
    0xff, 0x20, 0x0, 0x0, 0x84, 0xff, 0xaf, 0x0,
    0x0, 0x0, 0x0, 0x30, 0xff, 0xff, 0x20, 0x15,
    0xe4, 0xf2, 0xff, 0x97, 0x0, 0x0, 0x0, 0x0,
    0x30, 0xff, 0xff, 0x20, 0x18, 0xff, 0xfc, 0xce,
    0x25, 0x0, 0x0, 0x0, 0x0, 0x30, 0xff, 0xff,
    0x20, 0x0, 0x0, 0x0, 0x0, 0x0, 0x0, 0x0,
    0x0, 0x0, 0x30, 0xff, 0xff, 0x20, 0x0, 0x0,
    0x0, 0x28, 0xa7, 0xe7, 0xea, 0xaf, 0x2b, 0x30,
    0xff, 0xff, 0x20, 0x0, 0x0, 0x44, 0xf6, 0xff,
    0xff, 0xff, 0xff, 0xf3, 0x65, 0xff, 0xff, 0x20,
    0x0, 0x0, 0xc9, 0xff, 0xc0, 0x31, 0x4, 0x28,
    0xa8, 0xf7, 0xff, 0xff, 0x20, 0x0, 0x0, 0x18,
    0x98, 0x6, 0x0, 0x0, 0x0, 0x0, 0x9f, 0xff,
    0xff, 0x20,

    /* U+0E0F "ฏ" */
    0x0, 0x0, 0x0, 0x32, 0xa8, 0xe5, 0xfd, 0xf6,
    0xd0, 0x7e, 0xc, 0x0, 0x0, 0x0, 0x0, 0x57,
    0xfb, 0xff, 0xff, 0xff, 0xff, 0xff, 0xff, 0xd1,
    0xe, 0x0, 0x0, 0x12, 0xf3, 0xff, 0xab, 0x25,
    0x1, 0x13, 0x72, 0xfb, 0xff, 0x8e, 0x0, 0x0,
    0x5f, 0xff, 0xe8, 0x6, 0x0, 0x0, 0x0, 0x0,
    0x88, 0xff, 0xeb, 0x1, 0x0, 0x82, 0xff, 0xe7,
    0xa0, 0xa0, 0x5d, 0x0, 0x0, 0x3d, 0xff, 0xff,
    0x16, 0x0, 0x88, 0xff, 0xff, 0xff, 0xff, 0x94,
    0x0, 0x0, 0x30, 0xff, 0xff, 0x20, 0x0, 0x0,
    0x0, 0x62, 0xec, 0x5d, 0x4, 0x0, 0x0, 0x30,
    0xff, 0xff, 0x20, 0x0, 0x0, 0x2d, 0xfe, 0xd2,
    0x0, 0x0, 0x0, 0x0, 0x30, 0xff, 0xff, 0x20,
    0x0, 0x0, 0x75, 0xff, 0xb3, 0x0, 0x0, 0x0,
    0x0, 0x30, 0xff, 0xff, 0x20, 0x0, 0x0, 0x84,
    0xff, 0xb0, 0x0, 0x0, 0x0, 0x0, 0x30, 0xff,
    0xff, 0x20, 0x0, 0x0, 0x84, 0xff, 0xad, 0x0,
    0x0, 0x0, 0x0, 0x30, 0xff, 0xff, 0x20, 0x15,
    0xe4, 0xf2, 0xff, 0x8e, 0x0, 0x0, 0x0, 0x0,
    0x30, 0xff, 0xff, 0x20, 0x18, 0xff, 0xfc, 0xc7,
    0x1e, 0x0, 0x0, 0x0, 0x0, 0x30, 0xff, 0xff,
    0x20, 0x0, 0x0, 0x0, 0x0, 0x0, 0x0, 0x0,
    0x0, 0x0, 0x30, 0xff, 0xff, 0x20, 0x0, 0x0,
    0xa, 0x10, 0x0, 0x0, 0x51, 0x1c, 0x0, 0x38,
    0xff, 0xff, 0x1a, 0x0, 0x16, 0xc9, 0xa3, 0x7,
    0x33, 0xf1, 0xe6, 0x41, 0x9d, 0xff, 0xf2, 0x2,
    0x0, 0x34, 0xfd, 0xff, 0xfc, 0xff, 0xc3, 0xfa,
    0xff, 0xff, 0xff, 0x90, 0x0, 0x0, 0x0, 0x56,
    0xdf, 0xfa, 0xb1, 0xd, 0x44, 0xf1, 0xe1, 0x88,
    0x6, 0x0,

    /* U+0E10 "ฐ" */
    0x0, 0x0, 0x43, 0xb5, 0xed, 0xfe, 0xee, 0xb7,
    0x6c, 0xea, 0xff, 0xf4, 0x0, 0x76, 0xff, 0xff,
    0xff, 0xff, 0xff, 0xff, 0xff, 0xfb, 0xdc, 0xd2,
    0x8, 0xe3, 0xff, 0x9a, 0x23, 0x4, 0x24, 0xa3,
    0xff, 0xfe, 0x35, 0x0, 0x0, 0x2c, 0x87, 0x0,
    0x0, 0x0, 0x0, 0x1, 0xc6, 0xff, 0x9d, 0x0,
    0x0, 0x0, 0x0, 0x0, 0x0, 0x0, 0x0, 0x0,
    0x74, 0xff, 0xd8, 0x0, 0x0, 0x0, 0x0, 0x0,
    0x0, 0x0, 0x0, 0x0, 0x5d, 0xff, 0xf5, 0x0,
    0x0, 0x80, 0xff, 0xf8, 0x81, 0x0, 0x0, 0x0,
    0x5c, 0xff, 0xfe, 0x0, 0x0, 0x7a, 0xf4, 0xff,
    0xfb, 0x11, 0x0, 0x0, 0x5d, 0xff, 0xf5, 0x0,
    0x0, 0x0, 0x0, 0xcb, 0xff, 0x54, 0x0, 0x0,
    0x6d, 0xff, 0xd8, 0x0, 0x0, 0x0, 0x0, 0x85,
    0xff, 0x9a, 0x0, 0x0, 0xad, 0xff, 0xa0, 0x0,
    0x0, 0x0, 0x0, 0x3e, 0xff, 0xe1, 0x1, 0x5d,
    0xfe, 0xff, 0x41, 0x0, 0x0, 0x0, 0x0, 0x6,
    0xf4, 0xff, 0xf9, 0xff, 0xff, 0x9e, 0x0, 0x0,
    0x0, 0x0, 0x0, 0x0, 0xb3, 0xff, 0xfa, 0xd2,
    0x6f, 0x2, 0x0, 0x0, 0x0, 0x0, 0x0, 0x0,
    0x0, 0x0, 0x0, 0x0, 0x0, 0x0, 0x0, 0x0,
    0x0, 0x0, 0x0, 0x0, 0x98, 0xcc, 0x51, 0x0,
    0x20, 0xcc, 0xb6, 0x0, 0x0, 0x10, 0x20, 0x25,
    0xf7, 0xee, 0xac, 0x1, 0x46, 0xff, 0xe1, 0x0,
    0x0, 0x7c, 0xff, 0xff, 0xff, 0xac, 0xaf, 0xda,
    0xf1, 0xff, 0xb9, 0x0, 0x0, 0x7c, 0xff, 0xfd,
    0xce, 0x27, 0x19, 0xba, 0xfb, 0xd2, 0x2b, 0x0,

    /* U+0E11 "ฑ" */
    0x48, 0xff, 0xa4, 0x0, 0xc5, 0xff, 0x5c, 0x2b,
    0xc7, 0xfb, 0xcf, 0x2c, 0x0, 0x47, 0xff, 0xa6,
    0x53, 0xf0, 0xff, 0x6b, 0xe4, 0xff, 0xff, 0xff,
    0xcb, 0x0, 0x22, 0xfe, 0xff, 0xec, 0xb2, 0xff,
    0xde, 0x93, 0x18, 0x82, 0xff, 0xff, 0xf, 0x0,
    0x50, 0x8e, 0x32, 0xe2, 0xff, 0xae, 0x1, 0x0,
    0x30, 0xff, 0xff, 0x22, 0x0, 0x0, 0x0, 0x69,
    0xff, 0xea, 0x14, 0x0, 0x0, 0x2c, 0xff, 0xff,
    0x24, 0x0, 0x0, 0x19, 0xf0, 0xff, 0x62, 0x0,
    0x0, 0x0, 0x2c, 0xff, 0xff, 0x24, 0x0, 0x0,
    0x92, 0xff, 0xdc, 0x3, 0x0, 0x0, 0x0, 0x2c,
    0xff, 0xff, 0x24, 0x0, 0x0, 0xd6, 0xff, 0x88,
    0x0, 0x0, 0x0, 0x0, 0x2c, 0xff, 0xff, 0x24,
    0x0, 0x0, 0xe3, 0xff, 0x6d, 0x0, 0x0, 0x0,
    0x0, 0x2c, 0xff, 0xff, 0x24, 0x0, 0x0, 0xe4,
    0xff, 0x6c, 0x0, 0x0, 0x0, 0x0, 0x2c, 0xff,
    0xff, 0x24, 0x0, 0x0, 0xe4, 0xff, 0x6c, 0x0,
    0x0, 0x0, 0x0, 0x2c, 0xff, 0xff, 0x24, 0x0,
    0x0, 0xe4, 0xff, 0x6c, 0x0, 0x0, 0x0, 0x0,
    0x2c, 0xff, 0xff, 0x24, 0x0, 0x0, 0xe4, 0xff,
    0x6c, 0x0, 0x0, 0x0, 0x0, 0x2c, 0xff, 0xff,
    0x24,

    /* U+0E12 "ฒ" */
    0x0, 0x15, 0xa5, 0xf2, 0x89, 0x0, 0x91, 0xf1,
    0xa9, 0x19, 0x0, 0x0, 0x0, 0x0, 0x0, 0xe0,
    0xff, 0x70, 0x3, 0xca, 0xff, 0xff, 0xff, 0xaf,
    0xff, 0xff, 0xff, 0xcb, 0x1, 0x0, 0x0, 0x0,
    0x0, 0xe0, 0xff, 0x70, 0x4f, 0xff, 0xf9, 0x50,
    0xb4, 0xff, 0xab, 0x71, 0xff, 0xff, 0x30, 0x0,
    0x0, 0x0, 0x0, 0xe0, 0xff, 0x70, 0x99, 0xff,
    0xaa, 0x0, 0x9, 0x8c, 0x7, 0x5, 0xfe, 0xff,
    0x4d, 0x0, 0x0, 0x0, 0x0, 0xe0, 0xff, 0x70,
    0xc2, 0xff, 0x7e, 0x0, 0x0, 0x0, 0x0, 0x0,
    0xf5, 0xff, 0x50, 0x0, 0x0, 0x0, 0x0, 0xe0,
    0xff, 0x70, 0xd5, 0xff, 0x74, 0x0, 0x0, 0x0,
    0x0, 0x0, 0xf4, 0xff, 0x50, 0x0, 0x0, 0x0,
    0x0, 0xe0, 0xff, 0x70, 0xdb, 0xff, 0x74, 0x0,
    0x0, 0x0, 0x0, 0x0, 0xf4, 0xff, 0x50, 0x0,
    0x0, 0x0, 0x0, 0xe0, 0xff, 0x70, 0xd2, 0xff,
    0x75, 0x0, 0x0, 0x0, 0x0, 0x0, 0xf4, 0xff,
    0x50, 0x0, 0x0, 0x0, 0x0, 0xe0, 0xff, 0x70,
    0xbc, 0xff, 0x81, 0x0, 0x0, 0x0, 0x0, 0x0,
    0xf4, 0xff, 0x50, 0x0, 0x0, 0x0, 0x0, 0xe6,
    0xff, 0x6e, 0x92, 0xff, 0xb3, 0x0, 0x0, 0x0,
    0x0, 0x0, 0xf4, 0xff, 0x6d, 0x0, 0x0, 0x0,
    0x10, 0xfd, 0xff, 0x5b, 0x48, 0xff, 0xfd, 0x61,
    0x9, 0x0, 0x0, 0x0, 0xf4, 0xff, 0xed, 0x53,
    0x9, 0x13, 0xa2, 0xff, 0xff, 0x22, 0x1, 0xbf,
    0xff, 0xff, 0xff, 0xad, 0x0, 0x0, 0xf4, 0xff,
    0x90, 0xff, 0xff, 0xff, 0xff, 0xff, 0xa7, 0x0,
    0x0, 0xc, 0x8c, 0xe0, 0xfd, 0xb0, 0x0, 0x0,
    0xf4, 0xff, 0x48, 0x57, 0xd7, 0xfc, 0xe8, 0x90,
    0x9, 0x0,

    /* U+0E13 "ณ" */
    0x0, 0x0, 0x55, 0xbe, 0xf0, 0xfe, 0xee, 0xb8,
    0x43, 0x0, 0x0, 0x0, 0x0, 0x0, 0x0, 0x98,
    0xff, 0xb8, 0x0, 0x90, 0xff, 0xff, 0xff, 0xff,
    0xff, 0xff, 0xff, 0x6a, 0x0, 0x0, 0x0, 0x0,
    0x0, 0x98, 0xff, 0xb8, 0x3a, 0xff, 0xff, 0x82,
    0x17, 0x1, 0x27, 0xb5, 0xff, 0xf9, 0x1b, 0x0,
    0x0, 0x0, 0x0, 0x98, 0xff, 0xb8, 0x8b, 0xff,
    0xb8, 0x0, 0x0, 0x0, 0x0, 0xa, 0xea, 0xff,
    0x6d, 0x0, 0x0, 0x0, 0x0, 0x98, 0xff, 0xb8,
    0xa6, 0xff, 0xff, 0xff, 0xff, 0x4c, 0x0, 0x0,
    0xb2, 0xff, 0x91, 0x0, 0x0, 0x0, 0x0, 0x98,
    0xff, 0xb8, 0x76, 0xb4, 0xd5, 0xff, 0xd1, 0x36,
    0x0, 0x0, 0xa8, 0xff, 0x98, 0x0, 0x0, 0x0,
    0x0, 0x98, 0xff, 0xb8, 0x0, 0x6b, 0xfc, 0x74,
    0x0, 0x0, 0x0, 0x0, 0xa8, 0xff, 0x98, 0x0,
    0x0, 0x0, 0x0, 0x98, 0xff, 0xb8, 0x1a, 0xfb,
    0xfb, 0x9, 0x0, 0x0, 0x0, 0x0, 0xa8, 0xff,
    0x98, 0x0, 0x0, 0x0, 0x0, 0x98, 0xff, 0xb8,
    0x56, 0xff, 0xe3, 0x0, 0x0, 0x0, 0x0, 0x0,
    0xa7, 0xff, 0x9c, 0x0, 0x0, 0x0, 0x0, 0x98,
    0xff, 0xb8, 0x64, 0xff, 0xe0, 0x0, 0x0, 0x0,
    0x0, 0x0, 0x96, 0xff, 0xc2, 0x0, 0x0, 0x0,
    0x0, 0xb3, 0xff, 0xb8, 0x57, 0xff, 0xe0, 0x0,
    0x0, 0x0, 0x0, 0x0, 0x60, 0xff, 0xfe, 0x5b,
    0x2, 0xb, 0x76, 0xfc, 0xff, 0xb8, 0x1c, 0xfb,
    0xfe, 0xf0, 0xec, 0x0, 0x0, 0x0, 0xa, 0xde,
    0xff, 0xff, 0xf7, 0xfd, 0xeb, 0xa7, 0xff, 0xb8,
    0x0, 0x59, 0xdf, 0xff, 0xfc, 0x0, 0x0, 0x0,
    0x0, 0x1f, 0xaf, 0xf3, 0xf9, 0xbc, 0x2b, 0x90,
    0xff, 0xb8,

    /* U+0E14 "ด" */
    0x0, 0x0, 0x36, 0xae, 0xeb, 0xfe, 0xee, 0xb7,
    0x42, 0x0, 0x0, 0x0, 0x54, 0xfc, 0xff, 0xff,
    0xff, 0xff, 0xff, 0xfe, 0x5f, 0x0, 0x13, 0xf1,
    0xff, 0xbc, 0x33, 0x11, 0x3a, 0xcd, 0xff, 0xf2,
    0xf, 0x6e, 0xff, 0xe8, 0xb, 0x0, 0x0, 0x0,
    0x20, 0xfe, 0xff, 0x54, 0xad, 0xff, 0x9d, 0x0,
    0x0, 0x0, 0x0, 0x0, 0xda, 0xff, 0x79, 0xd1,
    0xff, 0x86, 0x0, 0x0, 0x0, 0x0, 0x0, 0xcc,
    0xff, 0x80, 0xde, 0xff, 0x84, 0x0, 0x0, 0x0,
    0x0, 0x0, 0xcc, 0xff, 0x80, 0xda, 0xff, 0x84,
    0x0, 0x0, 0x0, 0x0, 0x0, 0xcc, 0xff, 0x80,
    0xc7, 0xff, 0x91, 0x0, 0x0, 0x0, 0x0, 0x0,
    0xcc, 0xff, 0x80, 0x9c, 0xff, 0xcb, 0x0, 0x0,
    0x0, 0x0, 0x0, 0xcc, 0xff, 0x80, 0x4c, 0xff,
    0xff, 0x8d, 0x20, 0xc, 0x0, 0x0, 0xcc, 0xff,
    0x80, 0x2, 0xba, 0xff, 0xff, 0xff, 0xf8, 0x0,
    0x0, 0xcc, 0xff, 0x80, 0x0, 0x9, 0x81, 0xd8,
    0xfa, 0xf8, 0x0, 0x0, 0xcc, 0xff, 0x80,

    /* U+0E15 "ต" */
    0x0, 0xa, 0x90, 0xea, 0xb3, 0x2, 0x49, 0xf6,
    0xc8, 0x49, 0x0, 0x0, 0xb1, 0xff, 0xff, 0xff,
    0x9f, 0xf0, 0xff, 0xff, 0xfc, 0x35, 0x3e, 0xff,
    0xff, 0x6e, 0x88, 0xff, 0xdc, 0x46, 0xe8, 0xff,
    0x9b, 0x8f, 0xff, 0xc6, 0x0, 0x1, 0x8b, 0x22,
    0x0, 0x9e, 0xff, 0xbd, 0xbc, 0xff, 0x8f, 0x0,
    0x0, 0x0, 0x0, 0x0, 0x8d, 0xff, 0xc0, 0xd5,
    0xff, 0x81, 0x0, 0x0, 0x0, 0x0, 0x0, 0x8c,
    0xff, 0xc0, 0xdb, 0xff, 0x80, 0x0, 0x0, 0x0,
    0x0, 0x0, 0x8c, 0xff, 0xc0, 0xd3, 0xff, 0x80,
    0x0, 0x0, 0x0, 0x0, 0x0, 0x8c, 0xff, 0xc0,
    0xbc, 0xff, 0x89, 0x0, 0x0, 0x0, 0x0, 0x0,
    0x8c, 0xff, 0xc0, 0x8f, 0xff, 0xba, 0x0, 0x0,
    0x0, 0x0, 0x0, 0x8c, 0xff, 0xc0, 0x40, 0xff,
    0xff, 0x73, 0x11, 0x0, 0x0, 0x0, 0x8c, 0xff,
    0xc0, 0x0, 0xb0, 0xff, 0xff, 0xff, 0xff, 0x38,
    0x0, 0x8c, 0xff, 0xc0, 0x0, 0x7, 0x7e, 0xd8,
    0xfa, 0xff, 0x38, 0x0, 0x8c, 0xff, 0xc0,

    /* U+0E16 "ถ" */
    0x0, 0x0, 0x42, 0xb3, 0xeb, 0xfe, 0xf3, 0xc3,
    0x61, 0x1, 0x0, 0x0, 0x6e, 0xff, 0xff, 0xff,
    0xff, 0xff, 0xff, 0xff, 0xa1, 0x0, 0x22, 0xfb,
    0xff, 0x9c, 0x1e, 0x2, 0x1e, 0x9b, 0xff, 0xff,
    0x4d, 0x74, 0xff, 0xd1, 0x1, 0x0, 0x0, 0x0,
    0x1, 0xc9, 0xff, 0xaa, 0x97, 0xff, 0xe1, 0xa8,
    0xa8, 0x35, 0x0, 0x0, 0x84, 0xff, 0xd1, 0x9c,
    0xff, 0xff, 0xff, 0xff, 0x50, 0x0, 0x0, 0x78,
    0xff, 0xd8, 0x0, 0x34, 0xd0, 0xb4, 0x1f, 0x1,
    0x0, 0x0, 0x78, 0xff, 0xd8, 0xc, 0xe9, 0xff,
    0x1e, 0x0, 0x0, 0x0, 0x0, 0x78, 0xff, 0xd8,
    0x4c, 0xff, 0xf2, 0x0, 0x0, 0x0, 0x0, 0x0,
    0x78, 0xff, 0xd8, 0x5f, 0xff, 0xec, 0x0, 0x0,
    0x0, 0x0, 0x0, 0x78, 0xff, 0xd8, 0x57, 0xff,
    0xec, 0x0, 0x0, 0x0, 0x0, 0x0, 0x78, 0xff,
    0xd8, 0x1d, 0xfb, 0xff, 0xf0, 0xf0, 0x0, 0x0,
    0x0, 0x78, 0xff, 0xd8, 0x0, 0x5b, 0xe1, 0xff,
    0xff, 0x0, 0x0, 0x0, 0x78, 0xff, 0xd8,

    /* U+0E17 "ท" */
    0x28, 0xff, 0xff, 0x1c, 0x54, 0xd2, 0xfc, 0xf0,
    0xa8, 0x1d, 0x0, 0x28, 0xff, 0xff, 0x65, 0xff,
    0xff, 0xff, 0xff, 0xff, 0xe0, 0x10, 0x28, 0xff,
    0xff, 0xde, 0x69, 0x1f, 0x1d, 0x80, 0xff, 0xff,
    0x7d, 0x28, 0xff, 0xff, 0x59, 0x0, 0x0, 0x0,
    0x0, 0xbb, 0xff, 0xc1, 0x28, 0xff, 0xff, 0x29,
    0x0, 0x0, 0x0, 0x0, 0x7d, 0xff, 0xdd, 0x28,
    0xff, 0xff, 0x28, 0x0, 0x0, 0x0, 0x0, 0x70,
    0xff, 0xe0, 0x28, 0xff, 0xff, 0x28, 0x0, 0x0,
    0x0, 0x0, 0x70, 0xff, 0xe0, 0x28, 0xff, 0xff,
    0x28, 0x0, 0x0, 0x0, 0x0, 0x70, 0xff, 0xe0,
    0x28, 0xff, 0xff, 0x28, 0x0, 0x0, 0x0, 0x0,
    0x70, 0xff, 0xe0, 0x28, 0xff, 0xff, 0x28, 0x0,
    0x0, 0x0, 0x0, 0x70, 0xff, 0xe0, 0x28, 0xff,
    0xff, 0x28, 0x0, 0x0, 0x0, 0x0, 0x70, 0xff,
    0xe0, 0x28, 0xff, 0xff, 0x28, 0x0, 0x0, 0x0,
    0x0, 0x70, 0xff, 0xe0, 0x28, 0xff, 0xff, 0x28,
    0x0, 0x0, 0x0, 0x0, 0x70, 0xff, 0xe0,

    /* U+0E18 "ธ" */
    0x0, 0xd, 0x81, 0xd4, 0xf6, 0xfd, 0xe4, 0xa1,
    0x2b, 0x0, 0xb, 0xd2, 0xff, 0xff, 0xff, 0xff,
    0xff, 0xff, 0xf9, 0x58, 0x6c, 0xff, 0xf2, 0x4e,
    0xa, 0x7, 0x37, 0xb6, 0xfc, 0x63, 0x99, 0xff,
    0xa3, 0x0, 0x0, 0x0, 0x0, 0x3, 0x34, 0x0,
    0x82, 0xff, 0xda, 0x8b, 0x6a, 0x48, 0x21, 0x0,
    0x0, 0x0, 0x14, 0xc4, 0xff, 0xff, 0xff, 0xff,
    0xff, 0xdd, 0x68, 0x0, 0x0, 0x0, 0x24, 0x50,
    0x70, 0x95, 0xcd, 0xff, 0xff, 0x6b, 0x28, 0xac,
    0x9f, 0x0, 0x0, 0x0, 0x0, 0x86, 0xff, 0xd2,
    0x3c, 0xff, 0xec, 0x0, 0x0, 0x0, 0x0, 0x39,
    0xff, 0xf0, 0x3c, 0xff, 0xec, 0x0, 0x0, 0x0,
    0x0, 0x50, 0xff, 0xe3, 0x3c, 0xff, 0xf7, 0x51,
    0xc, 0x2, 0x31, 0xd2, 0xff, 0xa7, 0x2a, 0xf7,
    0xff, 0xff, 0xff, 0xfe, 0xff, 0xff, 0xf0, 0x27,
    0x0, 0x1e, 0x8b, 0xd4, 0xf7, 0xfd, 0xe5, 0x9f,
    0x23, 0x0,

    /* U+0E19 "น" */
    0x44, 0xff, 0xff, 0x8, 0x0, 0x0, 0x0, 0x0,
    0x9c, 0xff, 0xb4, 0x44, 0xff, 0xff, 0x8, 0x0,
    0x0, 0x0, 0x0, 0x9c, 0xff, 0xb4, 0x44, 0xff,
    0xff, 0x8, 0x0, 0x0, 0x0, 0x0, 0x9c, 0xff,
    0xb4, 0x44, 0xff, 0xff, 0x8, 0x0, 0x0, 0x0,
    0x0, 0x9c, 0xff, 0xb4, 0x44, 0xff, 0xff, 0x8,
    0x0, 0x0, 0x0, 0x0, 0x9c, 0xff, 0xb4, 0x44,
    0xff, 0xff, 0x8, 0x0, 0x0, 0x0, 0x0, 0x9c,
    0xff, 0xb4, 0x44, 0xff, 0xff, 0x8, 0x0, 0x0,
    0x0, 0x0, 0x9c, 0xff, 0xb4, 0x44, 0xff, 0xff,
    0x8, 0x0, 0x0, 0x0, 0x0, 0x9c, 0xff, 0xb4,
    0x41, 0xff, 0xff, 0x14, 0x0, 0x0, 0x0, 0x0,
    0x9d, 0xff, 0xb4, 0x25, 0xff, 0xff, 0x53, 0x0,
    0x0, 0x0, 0x0, 0xc9, 0xff, 0xb4, 0x1, 0xe0,
    0xff, 0xe1, 0x44, 0x11, 0x2e, 0xa0, 0xed, 0xff,
    0xb4, 0x0, 0x56, 0xff, 0xff, 0xff, 0xff, 0xff,
    0xd3, 0x96, 0xff, 0xb4, 0x0, 0x0, 0x51, 0xce,
    0xfb, 0xf2, 0xa9, 0x1a, 0x90, 0xff, 0xb4,

    /* U+0E1A "บ" */
    0x44, 0xff, 0xff, 0x8, 0x0, 0x0, 0x0, 0x0,
    0xa0, 0xff, 0xb0, 0x44, 0xff, 0xff, 0x8, 0x0,
    0x0, 0x0, 0x0, 0xa0, 0xff, 0xb0, 0x44, 0xff,
    0xff, 0x8, 0x0, 0x0, 0x0, 0x0, 0xa0, 0xff,
    0xb0, 0x44, 0xff, 0xff, 0x8, 0x0, 0x0, 0x0,
    0x0, 0xa0, 0xff, 0xb0, 0x44, 0xff, 0xff, 0x8,
    0x0, 0x0, 0x0, 0x0, 0xa0, 0xff, 0xb0, 0x44,
    0xff, 0xff, 0x8, 0x0, 0x0, 0x0, 0x0, 0xa0,
    0xff, 0xb0, 0x44, 0xff, 0xff, 0x8, 0x0, 0x0,
    0x0, 0x0, 0xa0, 0xff, 0xb0, 0x44, 0xff, 0xff,
    0x8, 0x0, 0x0, 0x0, 0x0, 0xa0, 0xff, 0xb0,
    0x3c, 0xff, 0xff, 0x14, 0x0, 0x0, 0x0, 0x0,
    0xac, 0xff, 0xa7, 0x19, 0xff, 0xff, 0x52, 0x0,
    0x0, 0x0, 0x4, 0xe3, 0xff, 0x82, 0x0, 0xca,
    0xff, 0xe2, 0x3e, 0x5, 0x1b, 0x9f, 0xff, 0xff,
    0x33, 0x0, 0x3a, 0xf6, 0xff, 0xff, 0xff, 0xff,
    0xff, 0xff, 0x98, 0x0, 0x0, 0x0, 0x2c, 0xa7,
    0xe7, 0xfd, 0xf4, 0xca, 0x64, 0x2, 0x0,

    /* U+0E1B "ป" */
    0x0, 0x0, 0x0, 0x0, 0x0, 0x0, 0x0, 0x0,
    0xa0, 0xff, 0xb0, 0x0, 0x0, 0x0, 0x0, 0x0,
    0x0, 0x0, 0x0, 0xa0, 0xff, 0xb0, 0x0, 0x0,
    0x0, 0x0, 0x0, 0x0, 0x0, 0x0, 0xa0, 0xff,
    0xb0, 0x0, 0x0, 0x0, 0x0, 0x0, 0x0, 0x0,
    0x0, 0xa0, 0xff, 0xb0, 0x44, 0xff, 0xff, 0x8,
    0x0, 0x0, 0x0, 0x0, 0xa0, 0xff, 0xb0, 0x44,
    0xff, 0xff, 0x8, 0x0, 0x0, 0x0, 0x0, 0xa0,
    0xff, 0xb0, 0x44, 0xff, 0xff, 0x8, 0x0, 0x0,
    0x0, 0x0, 0xa0, 0xff, 0xb0, 0x44, 0xff, 0xff,
    0x8, 0x0, 0x0, 0x0, 0x0, 0xa0, 0xff, 0xb0,
    0x44, 0xff, 0xff, 0x8, 0x0, 0x0, 0x0, 0x0,
    0xa0, 0xff, 0xb0, 0x44, 0xff, 0xff, 0x8, 0x0,
    0x0, 0x0, 0x0, 0xa0, 0xff, 0xb0, 0x44, 0xff,
    0xff, 0x8, 0x0, 0x0, 0x0, 0x0, 0xa0, 0xff,
    0xb0, 0x44, 0xff, 0xff, 0x8, 0x0, 0x0, 0x0,
    0x0, 0xa0, 0xff, 0xb0, 0x3c, 0xff, 0xff, 0x14,
    0x0, 0x0, 0x0, 0x0, 0xa9, 0xff, 0xaa, 0x19,
    0xff, 0xff, 0x52, 0x0, 0x0, 0x0, 0x3, 0xdf,
    0xff, 0x89, 0x0, 0xca, 0xff, 0xe2, 0x3e, 0x5,
    0x19, 0x99, 0xff, 0xff, 0x3e, 0x0, 0x3a, 0xf6,
    0xff, 0xff, 0xff, 0xff, 0xff, 0xff, 0xa4, 0x0,
    0x0, 0x0, 0x2c, 0xa7, 0xe7, 0xfd, 0xf5, 0xca,
    0x6a, 0x3, 0x0,

    /* U+0E1C "ผ" */
    0x0, 0x5a, 0xe4, 0xff, 0xff, 0x24, 0x0, 0x0,
    0x20, 0xff, 0xff, 0x2c, 0xc, 0xf5, 0xff, 0xf1,
    0xf0, 0x22, 0x0, 0x0, 0x20, 0xff, 0xff, 0x2c,
    0x37, 0xff, 0xff, 0x8, 0x0, 0x0, 0x0, 0x0,
    0x20, 0xff, 0xff, 0x2c, 0x44, 0xff, 0xff, 0x8,
    0x0, 0x0, 0x0, 0x0, 0x20, 0xff, 0xff, 0x2c,
    0x44, 0xff, 0xff, 0x8, 0x0, 0x0, 0x0, 0x0,
    0x20, 0xff, 0xff, 0x2c, 0x44, 0xff, 0xff, 0x8,
    0x0, 0x4, 0x1, 0x0, 0x20, 0xff, 0xff, 0x2c,
    0x44, 0xff, 0xff, 0x8, 0x0, 0x7d, 0x66, 0x0,
    0x20, 0xff, 0xff, 0x2c, 0x44, 0xff, 0xff, 0x8,
    0x29, 0xf9, 0xf0, 0x1b, 0x20, 0xff, 0xff, 0x2c,
    0x44, 0xff, 0xff, 0xa, 0xc6, 0xf2, 0xfa, 0xb0,
    0x20, 0xff, 0xff, 0x2c, 0x44, 0xff, 0xff, 0x77,
    0xff, 0x66, 0x7e, 0xff, 0x77, 0xff, 0xff, 0x2c,
    0x44, 0xff, 0xff, 0xf8, 0xbd, 0x1, 0x5, 0xd1,
    0xf6, 0xff, 0xff, 0x2c, 0x44, 0xff, 0xff, 0xf5,
    0x22, 0x0, 0x0, 0x33, 0xfc, 0xff, 0xff, 0x2c,
    0x44, 0xff, 0xff, 0x70, 0x0, 0x0, 0x0, 0x0,
    0x88, 0xff, 0xff, 0x2c,

    /* U+0E1D "ฝ" */
    0x0, 0x0, 0x0, 0x0, 0x0, 0x0, 0x0, 0x0,
    0x24, 0xff, 0xff, 0x2c, 0x0, 0x0, 0x0, 0x0,
    0x0, 0x0, 0x0, 0x0, 0x24, 0xff, 0xff, 0x2c,
    0x0, 0x0, 0x0, 0x0, 0x0, 0x0, 0x0, 0x0,
    0x24, 0xff, 0xff, 0x2c, 0x0, 0x0, 0x0, 0x0,
    0x0, 0x0, 0x0, 0x0, 0x24, 0xff, 0xff, 0x2c,
    0x0, 0x5c, 0xe4, 0xff, 0xff, 0x24, 0x0, 0x0,
    0x24, 0xff, 0xff, 0x2c, 0xc, 0xf7, 0xff, 0xf1,
    0xf0, 0x22, 0x0, 0x0, 0x24, 0xff, 0xff, 0x2c,
    0x37, 0xff, 0xff, 0xc, 0x0, 0x0, 0x0, 0x0,
    0x24, 0xff, 0xff, 0x2c, 0x44, 0xff, 0xff, 0xc,
    0x0, 0x0, 0x0, 0x0, 0x24, 0xff, 0xff, 0x2c,
    0x44, 0xff, 0xff, 0xc, 0x0, 0x0, 0x0, 0x0,
    0x24, 0xff, 0xff, 0x2c, 0x44, 0xff, 0xff, 0xc,
    0x0, 0x2, 0x0, 0x0, 0x24, 0xff, 0xff, 0x2c,
    0x44, 0xff, 0xff, 0xc, 0x0, 0x75, 0x5b, 0x0,
    0x24, 0xff, 0xff, 0x2c, 0x44, 0xff, 0xff, 0xc,
    0x27, 0xf8, 0xed, 0x18, 0x24, 0xff, 0xff, 0x2c,
    0x44, 0xff, 0xff, 0xe, 0xc3, 0xf2, 0xfa, 0xae,
    0x24, 0xff, 0xff, 0x2c, 0x44, 0xff, 0xff, 0x7c,
    0xff, 0x68, 0x80, 0xff, 0x7c, 0xff, 0xff, 0x2c,
    0x44, 0xff, 0xff, 0xf9, 0xc2, 0x1, 0x6, 0xd4,
    0xfa, 0xff, 0xff, 0x2c, 0x44, 0xff, 0xff, 0xf8,
    0x27, 0x0, 0x0, 0x3a, 0xfe, 0xff, 0xff, 0x2c,
    0x44, 0xff, 0xff, 0x7a, 0x0, 0x0, 0x0, 0x0,
    0x92, 0xff, 0xff, 0x2c,

    /* U+0E1E "พ" */
    0xbc, 0xff, 0x7d, 0x0, 0x0, 0x34, 0xff, 0xff,
    0x39, 0x0, 0x0, 0x79, 0xff, 0xc0, 0x98, 0xff,
    0x96, 0x0, 0x0, 0x6e, 0xff, 0xff, 0x72, 0x0,
    0x0, 0x92, 0xff, 0x9c, 0x76, 0xff, 0xaf, 0x0,
    0x0, 0xa6, 0xff, 0xff, 0xac, 0x0, 0x0, 0xab,
    0xff, 0x7c, 0x54, 0xff, 0xc8, 0x0, 0x0, 0xe0,
    0xdc, 0xd8, 0xe4, 0x0, 0x0, 0xc5, 0xff, 0x59,
    0x30, 0xff, 0xe2, 0x0, 0x18, 0xff, 0xa2, 0x9e,
    0xff, 0x1e, 0x0, 0xde, 0xff, 0x38, 0x10, 0xff,
    0xf9, 0x1, 0x52, 0xff, 0x69, 0x66, 0xff, 0x58,
    0x0, 0xf7, 0xff, 0x16, 0x0, 0xec, 0xff, 0x14,
    0x8a, 0xff, 0x30, 0x2d, 0xff, 0x90, 0x10, 0xff,
    0xf4, 0x0, 0x0, 0xca, 0xff, 0x2e, 0xc3, 0xf3,
    0x3, 0x2, 0xf1, 0xca, 0x2a, 0xff, 0xd2, 0x0,
    0x0, 0xa8, 0xff, 0x4b, 0xf7, 0xbe, 0x0, 0x0,
    0xbb, 0xfa, 0x4c, 0xff, 0xb0, 0x0, 0x0, 0x84,
    0xff, 0x95, 0xff, 0x84, 0x0, 0x0, 0x80, 0xff,
    0x98, 0xff, 0x90, 0x0, 0x0, 0x63, 0xff, 0xe6,
    0xff, 0x4b, 0x0, 0x0, 0x47, 0xff, 0xea, 0xff,
    0x6c, 0x0, 0x0, 0x40, 0xff, 0xff, 0xff, 0x13,
    0x0, 0x0, 0x10, 0xfe, 0xff, 0xff, 0x4b, 0x0,
    0x0, 0x1d, 0xff, 0xff, 0xd8, 0x0, 0x0, 0x0,
    0x0, 0xd4, 0xff, 0xff, 0x28, 0x0,

    /* U+0E1F "ฟ" */
    0x0, 0x0, 0x0, 0x0, 0x0, 0x0, 0x0, 0x0,
    0x0, 0x0, 0x0, 0x94, 0xff, 0xa4, 0x0, 0x0,
    0x0, 0x0, 0x0, 0x0, 0x0, 0x0, 0x0, 0x0,
    0x0, 0xac, 0xff, 0x87, 0x0, 0x0, 0x0, 0x0,
    0x0, 0x0, 0x0, 0x0, 0x0, 0x0, 0x0, 0xc4,
    0xff, 0x68, 0x0, 0x0, 0x0, 0x0, 0x0, 0x0,
    0x0, 0x0, 0x0, 0x0, 0x0, 0xda, 0xff, 0x49,
    0xdf, 0xff, 0x59, 0x0, 0x0, 0x6c, 0xff, 0xf9,
    0x6, 0x0, 0x0, 0xf2, 0xff, 0x2c, 0xbc, 0xff,
    0x74, 0x0, 0x0, 0xa2, 0xff, 0xff, 0x34, 0x0,
    0xa, 0xff, 0xff, 0xc, 0x98, 0xff, 0x8f, 0x0,
    0x0, 0xd8, 0xff, 0xff, 0x69, 0x0, 0x22, 0xff,
    0xf0, 0x0, 0x75, 0xff, 0xaa, 0x0, 0x10, 0xfe,
    0xb8, 0xff, 0x9e, 0x0, 0x38, 0xff, 0xd0, 0x0,
    0x52, 0xff, 0xc5, 0x0, 0x44, 0xff, 0x70, 0xde,
    0xd2, 0x0, 0x50, 0xff, 0xb2, 0x0, 0x30, 0xff,
    0xdf, 0x0, 0x7c, 0xff, 0x3c, 0xaa, 0xfd, 0xc,
    0x68, 0xff, 0x94, 0x0, 0xc, 0xff, 0xf9, 0x1,
    0xb1, 0xfb, 0x9, 0x75, 0xff, 0x3d, 0x80, 0xff,
    0x74, 0x0, 0x0, 0xe9, 0xff, 0x15, 0xe8, 0xcf,
    0x0, 0x41, 0xff, 0x73, 0x97, 0xff, 0x58, 0x0,
    0x0, 0xc7, 0xff, 0x4d, 0xff, 0x99, 0x0, 0xe,
    0xfe, 0xa8, 0xae, 0xff, 0x38, 0x0, 0x0, 0xa3,
    0xff, 0x9e, 0xff, 0x64, 0x0, 0x0, 0xd8, 0xdd,
    0xc6, 0xff, 0x1a, 0x0, 0x0, 0x80, 0xff, 0xec,
    0xff, 0x2e, 0x0, 0x0, 0xa3, 0xff, 0xee, 0xfa,
    0x2, 0x0, 0x0, 0x5c, 0xff, 0xff, 0xf4, 0x3,
    0x0, 0x0, 0x6f, 0xff, 0xff, 0xdd, 0x0, 0x0,
    0x0, 0x39, 0xff, 0xff, 0xc3, 0x0, 0x0, 0x0,
    0x3c, 0xff, 0xff, 0xc0, 0x0, 0x0,

    /* U+0E20 "ภ" */
    0x0, 0x0, 0x0, 0x32, 0xa8, 0xe5, 0xfd, 0xf7,
    0xd1, 0x80, 0xe, 0x0, 0x0, 0x0, 0x0, 0x57,
    0xfb, 0xff, 0xff, 0xff, 0xff, 0xff, 0xff, 0xd6,
    0x12, 0x0, 0x0, 0x12, 0xf3, 0xff, 0xab, 0x25,
    0x1, 0x12, 0x6e, 0xfb, 0xff, 0x95, 0x0, 0x0,
    0x5f, 0xff, 0xe8, 0x6, 0x0, 0x0, 0x0, 0x0,
    0x85, 0xff, 0xf0, 0x2, 0x0, 0x82, 0xff, 0xe6,
    0x9c, 0x9c, 0x5a, 0x0, 0x0, 0x3d, 0xff, 0xff,
    0x19, 0x0, 0x88, 0xff, 0xff, 0xff, 0xff, 0x94,
    0x0, 0x0, 0x30, 0xff, 0xff, 0x20, 0x0, 0x0,
    0x0, 0x62, 0xed, 0x5b, 0x4, 0x0, 0x0, 0x30,
    0xff, 0xff, 0x20, 0x0, 0x0, 0x2d, 0xfe, 0xd3,
    0x0, 0x0, 0x0, 0x0, 0x30, 0xff, 0xff, 0x20,
    0x0, 0x0, 0x75, 0xff, 0xb3, 0x0, 0x0, 0x0,
    0x0, 0x30, 0xff, 0xff, 0x20, 0x0, 0x0, 0x84,
    0xff, 0xb0, 0x0, 0x0, 0x0, 0x0, 0x30, 0xff,
    0xff, 0x20, 0x0, 0x0, 0x84, 0xff, 0xad, 0x0,
    0x0, 0x0, 0x0, 0x30, 0xff, 0xff, 0x20, 0x15,
    0xe4, 0xf2, 0xff, 0x8e, 0x0, 0x0, 0x0, 0x0,
    0x30, 0xff, 0xff, 0x20, 0x18, 0xff, 0xfc, 0xc7,
    0x1e, 0x0, 0x0, 0x0, 0x0, 0x30, 0xff, 0xff,
    0x20,

    /* U+0E21 "ม" */
    0x28, 0xff, 0xff, 0x28, 0x0, 0x0, 0x0, 0x0,
    0x74, 0xff, 0xdc, 0x28, 0xff, 0xff, 0x28, 0x0,
    0x0, 0x0, 0x0, 0x74, 0xff, 0xdc, 0x28, 0xff,
    0xff, 0x28, 0x0, 0x0, 0x0, 0x0, 0x74, 0xff,
    0xdc, 0x28, 0xff, 0xff, 0x28, 0x0, 0x0, 0x0,
    0x0, 0x74, 0xff, 0xdc, 0x28, 0xff, 0xff, 0x28,
    0x0, 0x0, 0x0, 0x0, 0x74, 0xff, 0xdc, 0x28,
    0xff, 0xff, 0x28, 0x0, 0x0, 0x0, 0x0, 0x74,
    0xff, 0xdc, 0x28, 0xff, 0xff, 0x28, 0x0, 0x0,
    0x0, 0x0, 0x74, 0xff, 0xdc, 0x28, 0xff, 0xff,
    0x28, 0x0, 0x0, 0x0, 0x0, 0x74, 0xff, 0xdc,
    0x28, 0xff, 0xff, 0x29, 0x0, 0x0, 0x0, 0x0,
    0x81, 0xff, 0xd9, 0x28, 0xff, 0xff, 0x56, 0x0,
    0x0, 0x0, 0x0, 0xbe, 0xff, 0xc1, 0x28, 0xff,
    0xff, 0xdd, 0x5e, 0x1a, 0x1b, 0x7e, 0xff, 0xff,
    0x7e, 0x28, 0xff, 0xff, 0x6d, 0xff, 0xff, 0xff,
    0xff, 0xff, 0xe2, 0x11, 0x28, 0xff, 0xff, 0x1c,
    0x5a, 0xd5, 0xfd, 0xf0, 0xa8, 0x1e, 0x0,

    /* U+0E22 "ย" */
    0x3, 0x97, 0xf2, 0xff, 0xff, 0x28, 0x0, 0x0,
    0xfc, 0xff, 0x54, 0x4d, 0xff, 0xf9, 0xe4, 0xe4,
    0x24, 0x0, 0x0, 0xfc, 0xff, 0x54, 0x66, 0xff,
    0xc9, 0x0, 0x0, 0x0, 0x0, 0x0, 0xfc, 0xff,
    0x54, 0x24, 0xf7, 0xf1, 0x5, 0x0, 0x0, 0x0,
    0x0, 0xfc, 0xff, 0x54, 0x0, 0x3d, 0xc0, 0x94,
    0xe, 0x0, 0x0, 0x0, 0xfc, 0xff, 0x54, 0x3,
    0x99, 0xf7, 0xff, 0xff, 0x6c, 0x0, 0x0, 0xfc,
    0xff, 0x54, 0x58, 0xff, 0xf2, 0xd4, 0xd4, 0x59,
    0x0, 0x0, 0xfc, 0xff, 0x54, 0x93, 0xff, 0xac,
    0x0, 0x0, 0x0, 0x0, 0x0, 0xfc, 0xff, 0x54,
    0x9b, 0xff, 0xb0, 0x0, 0x0, 0x0, 0x0, 0x7,
    0xff, 0xff, 0x4b, 0x86, 0xff, 0xe1, 0x3, 0x0,
    0x0, 0x0, 0x42, 0xff, 0xff, 0x26, 0x3e, 0xff,
    0xff, 0x9e, 0x1b, 0x4, 0x37, 0xd8, 0xff, 0xd7,
    0x1, 0x0, 0x9e, 0xff, 0xff, 0xff, 0xff, 0xff,
    0xff, 0xfa, 0x43, 0x0, 0x0, 0x1, 0x63, 0xc5,
    0xf3, 0xfd, 0xea, 0xaf, 0x33, 0x0, 0x0,

    /* U+0E23 "ร" */
    0x0, 0x0, 0xb, 0x81, 0xd7, 0xfb, 0xf4, 0xc6,
    0x5f, 0x1, 0x0, 0x0, 0x5, 0xc5, 0xff, 0xff,
    0xff, 0xff, 0xff, 0xff, 0xad, 0x5, 0x0, 0x56,
    0xff, 0xf5, 0x4e, 0x7, 0x19, 0x81, 0xfc, 0xb1,
    0x9, 0x0, 0x84, 0xff, 0xa9, 0x0, 0x0, 0x0,
    0x0, 0x34, 0x3, 0x0, 0x0, 0x74, 0xff, 0xda,
    0xc, 0x0, 0x0, 0x0, 0x0, 0x0, 0x0, 0x0,
    0x1f, 0xf4, 0xff, 0xe7, 0x9c, 0x78, 0x4b, 0x8,
    0x0, 0x0, 0x0, 0x0, 0x35, 0xc6, 0xff, 0xff,
    0xff, 0xff, 0xeb, 0x45, 0x0, 0x0, 0x0, 0x0,
    0x0, 0x1c, 0x4b, 0x75, 0xd7, 0xff, 0xef, 0xe,
    0x0, 0x0, 0x0, 0x0, 0x0, 0x0, 0x0, 0x14,
    0xf6, 0xff, 0x49, 0x0, 0x1d, 0x98, 0x8, 0x0,
    0x0, 0x0, 0x0, 0xe5, 0xff, 0x51, 0x3, 0xd4,
    0xff, 0xca, 0x3f, 0x5, 0xd, 0x7b, 0xff, 0xfe,
    0x1f, 0x0, 0x3d, 0xee, 0xff, 0xff, 0xff, 0xff,
    0xff, 0xff, 0x8d, 0x0, 0x0, 0x0, 0x19, 0x93,
    0xdf, 0xfc, 0xf6, 0xc9, 0x60, 0x1, 0x0,

    /* U+0E24 "ฤ" */
    0x0, 0x0, 0x31, 0xab, 0xea, 0xfd, 0xf2, 0xc3,
    0x5d, 0x1, 0x0, 0x0, 0x4c, 0xfa, 0xff, 0xff,
    0xff, 0xff, 0xff, 0xff, 0x9a, 0x0, 0xd, 0xec,
    0xff, 0xb5, 0x27, 0x2, 0x1e, 0x9d, 0xff, 0xff,
    0x47, 0x5c, 0xff, 0xeb, 0xb, 0x0, 0x0, 0x0,
    0x2, 0xcd, 0xff, 0xa6, 0x8c, 0xff, 0xa6, 0x0,
    0x0, 0x0, 0x0, 0x0, 0x86, 0xff, 0xce, 0x9b,
    0xff, 0xff, 0xff, 0xff, 0x50, 0x0, 0x0, 0x78,
    0xff, 0xd8, 0x6e, 0xb4, 0xd3, 0xff, 0xce, 0x39,
    0x0, 0x0, 0x78, 0xff, 0xd8, 0x0, 0x7d, 0xfd,
    0x64, 0x0, 0x0, 0x0, 0x0, 0x78, 0xff, 0xd8,
    0x2c, 0xff, 0xf9, 0x4, 0x0, 0x0, 0x0, 0x0,
    0x78, 0xff, 0xd8, 0x5c, 0xff, 0xec, 0x0, 0x0,
    0x0, 0x0, 0x0, 0x78, 0xff, 0xd8, 0x5c, 0xff,
    0xec, 0x0, 0x0, 0x0, 0x0, 0x0, 0x78, 0xff,
    0xd8, 0x29, 0xff, 0xff, 0xf0, 0xf0, 0x0, 0x0,
    0x0, 0x78, 0xff, 0xd8, 0x0, 0x69, 0xe4, 0xff,
    0xff, 0x0, 0x0, 0x0, 0x78, 0xff, 0xd8, 0x0,
    0x0, 0x0, 0x0, 0x0, 0x0, 0x0, 0x0, 0x78,
    0xff, 0xd8, 0x0, 0x0, 0x0, 0x0, 0x0, 0x0,
    0x0, 0x0, 0x78, 0xff, 0xd8, 0x0, 0x0, 0x0,
    0x0, 0x0, 0x0, 0x0, 0x0, 0x78, 0xff, 0xd8,
    0x0, 0x0, 0x0, 0x0, 0x0, 0x0, 0x0, 0x0,
    0x78, 0xff, 0xd8, 0x0, 0x0, 0x0, 0x0, 0x0,
    0x0, 0x0, 0x0, 0x78, 0xff, 0xd8,

    /* U+0E25 "ล" */
    0x0, 0xd, 0x80, 0xd4, 0xf8, 0xfb, 0xde, 0x95,
    0x18, 0x0, 0x1f, 0xdc, 0xff, 0xff, 0xff, 0xff,
    0xff, 0xff, 0xe4, 0x1b, 0x82, 0xff, 0xcf, 0x41,
    0x8, 0xd, 0x5a, 0xf4, 0xff, 0x9b, 0x1, 0x68,
    0xb, 0x0, 0x0, 0x0, 0x0, 0x82, 0xff, 0xe5,
    0x0, 0x0, 0x0, 0x0, 0x0, 0x0, 0x0, 0x4e,
    0xff, 0xfe, 0x0, 0x14, 0x7c, 0xbb, 0xd4, 0xd8,
    0xd8, 0xe4, 0xff, 0xff, 0x27, 0xe9, 0xff, 0xff,
    0xff, 0xff, 0xff, 0xff, 0xff, 0xff, 0xb0, 0xff,
    0xd7, 0x35, 0x4, 0x0, 0x0, 0x48, 0xff, 0xff,
    0xec, 0xff, 0x66, 0x0, 0x0, 0x0, 0x0, 0x48,
    0xff, 0xff, 0xf2, 0xff, 0x65, 0x0, 0x0, 0x0,
    0x0, 0x48, 0xff, 0xff, 0xc7, 0xff, 0xcd, 0x23,
    0x0, 0x0, 0x0, 0x48, 0xff, 0xff, 0x4c, 0xfe,
    0xff, 0xff, 0xfd, 0x8e, 0x0, 0x48, 0xff, 0xff,
    0x0, 0x45, 0xbf, 0xf4, 0xff, 0x90, 0x0, 0x48,
    0xff, 0xff,

    /* U+0E26 "ฦ" */
    0x0, 0x0, 0x0, 0x23, 0x9e, 0xe4, 0xfd, 0xf6,
    0xd0, 0x7e, 0xc, 0x0, 0x0, 0x0, 0x0, 0x3a,
    0xf3, 0xff, 0xff, 0xff, 0xff, 0xff, 0xff, 0xd1,
    0xe, 0x0, 0x0, 0x5, 0xdf, 0xff, 0xc1, 0x2e,
    0x3, 0x13, 0x74, 0xfc, 0xff, 0x8e, 0x0, 0x0,
    0x48, 0xff, 0xf8, 0x15, 0x0, 0x0, 0x0, 0x0,
    0x8a, 0xff, 0xeb, 0x1, 0x0, 0x78, 0xff, 0xc3,
    0x0, 0x0, 0x0, 0x0, 0x0, 0x3f, 0xff, 0xff,
    0x16, 0x0, 0x87, 0xff, 0xff, 0xff, 0xff, 0x94,
    0x0, 0x0, 0x30, 0xff, 0xff, 0x20, 0x0, 0x55,
    0xa0, 0xa5, 0xee, 0xe1, 0x61, 0x0, 0x0, 0x30,
    0xff, 0xff, 0x20, 0x0, 0x0, 0x8, 0xca, 0xf1,
    0x13, 0x0, 0x0, 0x0, 0x30, 0xff, 0xff, 0x20,
    0x0, 0x0, 0x63, 0xff, 0xbc, 0x0, 0x0, 0x0,
    0x0, 0x30, 0xff, 0xff, 0x20, 0x0, 0x0, 0x83,
    0xff, 0xb0, 0x0, 0x0, 0x0, 0x0, 0x30, 0xff,
    0xff, 0x20, 0x0, 0x0, 0x84, 0xff, 0xaf, 0x0,
    0x0, 0x0, 0x0, 0x30, 0xff, 0xff, 0x20, 0x15,
    0xe4, 0xf2, 0xff, 0x97, 0x0, 0x0, 0x0, 0x0,
    0x30, 0xff, 0xff, 0x20, 0x18, 0xff, 0xfc, 0xce,
    0x25, 0x0, 0x0, 0x0, 0x0, 0x30, 0xff, 0xff,
    0x20, 0x0, 0x0, 0x0, 0x0, 0x0, 0x0, 0x0,
    0x0, 0x0, 0x30, 0xff, 0xff, 0x20, 0x0, 0x0,
    0x0, 0x0, 0x0, 0x0, 0x0, 0x0, 0x0, 0x30,
    0xff, 0xff, 0x20, 0x0, 0x0, 0x0, 0x0, 0x0,
    0x0, 0x0, 0x0, 0x0, 0x30, 0xff, 0xff, 0x20,
    0x0, 0x0, 0x0, 0x0, 0x0, 0x0, 0x0, 0x0,
    0x0, 0x30, 0xff, 0xff, 0x20, 0x0, 0x0, 0x0,
    0x0, 0x0, 0x0, 0x0, 0x0, 0x0, 0x30, 0xff,
    0xff, 0x20,

    /* U+0E27 "ว" */
    0x0, 0x0, 0x36, 0xb1, 0xee, 0xfd, 0xe4, 0x9a,
    0x1b, 0x0, 0x0, 0x0, 0x55, 0xfb, 0xff, 0xff,
    0xff, 0xff, 0xff, 0xe7, 0x1e, 0x0, 0xd, 0xf1,
    0xff, 0xb9, 0x26, 0xa, 0x49, 0xe9, 0xff, 0xaf,
    0x0, 0x0, 0x32, 0x98, 0xb, 0x0, 0x0, 0x0,
    0x52, 0xff, 0xfd, 0x14, 0x0, 0x0, 0x0, 0x0,
    0x0, 0x0, 0x0, 0x9, 0xff, 0xff, 0x4c, 0x0,
    0x0, 0x0, 0x0, 0x0, 0x0, 0x0, 0x0, 0xf5,
    0xff, 0x6a, 0x0, 0x0, 0x0, 0x0, 0x0, 0x0,
    0x0, 0x0, 0xf4, 0xff, 0x72, 0x0, 0x0, 0x0,
    0x0, 0x0, 0x0, 0x0, 0x0, 0xf5, 0xff, 0x6a,
    0x0, 0x0, 0x0, 0x0, 0x0, 0x0, 0x0, 0x8,
    0xff, 0xff, 0x4d, 0x1, 0x44, 0xa3, 0x9, 0x0,
    0x0, 0x0, 0x52, 0xff, 0xfe, 0x17, 0x11, 0xf1,
    0xff, 0xb6, 0x2a, 0xe, 0x4c, 0xea, 0xff, 0xb2,
    0x0, 0x0, 0x53, 0xfb, 0xff, 0xff, 0xff, 0xff,
    0xff, 0xea, 0x22, 0x0, 0x0, 0x0, 0x35, 0xaf,
    0xec, 0xfd, 0xe6, 0x9e, 0x1d, 0x0, 0x0,

    /* U+0E28 "ศ" */
    0x0, 0x0, 0x0, 0x0, 0x0, 0x0, 0x0, 0x0,
    0x0, 0x98, 0xdb, 0xdc, 0x3e, 0x0, 0x0, 0x1f,
    0x9a, 0xe1, 0xfc, 0xf6, 0xc8, 0x6b, 0xff, 0xff,
    0xff, 0x48, 0x0, 0x2c, 0xef, 0xff, 0xff, 0xff,
    0xff, 0xff, 0xff, 0xff, 0x10, 0x0, 0x0, 0x0,
    0xc7, 0xff, 0xec, 0x53, 0xd, 0x15, 0x70, 0xfc,
    0xff, 0x77, 0x0, 0x0, 0x22, 0xff, 0xff, 0x58,
    0x0, 0x0, 0x0, 0x0, 0x92, 0xff, 0xdd, 0x0,
    0x0, 0x49, 0xff, 0xff, 0xc, 0x0, 0x0, 0x0,
    0x0, 0x4d, 0xff, 0xff, 0x8, 0x0, 0x50, 0xff,
    0xfc, 0x0, 0x0, 0x1c, 0x1c, 0x0, 0x40, 0xff,
    0xff, 0x10, 0x0, 0x50, 0xff, 0xfc, 0x1c, 0xcf,
    0xff, 0xc8, 0x0, 0x40, 0xff, 0xff, 0x10, 0x0,
    0x50, 0xff, 0xfc, 0xb2, 0xff, 0xff, 0xc8, 0x0,
    0x40, 0xff, 0xff, 0x10, 0x0, 0x50, 0xff, 0xff,
    0xab, 0x1f, 0x1, 0x0, 0x0, 0x40, 0xff, 0xff,
    0x10, 0x0, 0x50, 0xff, 0xff, 0xf, 0x0, 0x0,
    0x0, 0x0, 0x40, 0xff, 0xff, 0x10, 0x0, 0x50,
    0xff, 0xfc, 0x0, 0x0, 0x0, 0x0, 0x0, 0x40,
    0xff, 0xff, 0x10, 0x0, 0x50, 0xff, 0xfc, 0x0,
    0x0, 0x0, 0x0, 0x0, 0x40, 0xff, 0xff, 0x10,
    0x0, 0x50, 0xff, 0xfc, 0x0, 0x0, 0x0, 0x0,
    0x0, 0x40, 0xff, 0xff, 0x10, 0x0,

    /* U+0E29 "ษ" */
    0x44, 0xff, 0xff, 0x8, 0x0, 0x0, 0x0, 0x0,
    0x70, 0xff, 0xd8, 0x0, 0x0, 0x44, 0xff, 0xff,
    0x8, 0x0, 0x0, 0x0, 0x0, 0x70, 0xff, 0xd8,
    0x0, 0x0, 0x44, 0xff, 0xff, 0x8, 0x0, 0x0,
    0x0, 0x0, 0x70, 0xff, 0xd8, 0x0, 0x0, 0x44,
    0xff, 0xff, 0x8, 0x0, 0x0, 0x0, 0x0, 0x70,
    0xff, 0xd8, 0x0, 0x0, 0x44, 0xff, 0xff, 0x8,
    0x0, 0x34, 0xff, 0xff, 0xff, 0xff, 0xff, 0xff,
    0x64, 0x44, 0xff, 0xff, 0x8, 0x0, 0x34, 0xff,
    0xff, 0xff, 0xff, 0xff, 0xff, 0x64, 0x44, 0xff,
    0xff, 0x8, 0x0, 0x0, 0x0, 0x0, 0x70, 0xff,
    0xd8, 0x0, 0x0, 0x44, 0xff, 0xff, 0x8, 0x0,
    0x0, 0x0, 0x0, 0x70, 0xff, 0xd8, 0x0, 0x0,
    0x3d, 0xff, 0xff, 0x13, 0x0, 0x0, 0x0, 0x0,
    0x7b, 0xff, 0xd0, 0x0, 0x0, 0x17, 0xff, 0xff,
    0x5a, 0x0, 0x0, 0x0, 0x0, 0xbe, 0xff, 0xa9,
    0x0, 0x0, 0x0, 0xbf, 0xff, 0xeb, 0x52, 0xf,
    0x1d, 0x8d, 0xff, 0xff, 0x50, 0x0, 0x0, 0x0,
    0x2a, 0xed, 0xff, 0xff, 0xff, 0xff, 0xff, 0xff,
    0xa6, 0x0, 0x0, 0x0, 0x0, 0x0, 0x1e, 0x98,
    0xe1, 0xfd, 0xf5, 0xca, 0x65, 0x2, 0x0, 0x0,
    0x0,

    /* U+0E2A "ส" */
    0x0, 0x0, 0x0, 0x0, 0x0, 0x0, 0x0, 0x0,
    0x73, 0xd9, 0xdc, 0x64, 0x0, 0x4, 0x6e, 0xca,
    0xf5, 0xfc, 0xdd, 0x8d, 0xe9, 0xff, 0xff, 0x74,
    0xd, 0xc2, 0xff, 0xff, 0xff, 0xff, 0xff, 0xff,
    0xff, 0x3a, 0x0, 0x0, 0x5c, 0xff, 0xe2, 0x51,
    0xc, 0x8, 0x46, 0xe5, 0xff, 0xad, 0x0, 0x0,
    0x0, 0x5e, 0x1b, 0x0, 0x0, 0x0, 0x0, 0x5b,
    0xff, 0xfb, 0x9, 0x0, 0x0, 0x0, 0x0, 0x0,
    0x0, 0x0, 0x0, 0x2a, 0xff, 0xff, 0x24, 0x0,
    0x0, 0xa, 0x6d, 0xb4, 0xd1, 0xd8, 0xd8, 0xe1,
    0xff, 0xff, 0x28, 0x0, 0x13, 0xd6, 0xff, 0xff,
    0xff, 0xff, 0xff, 0xff, 0xff, 0xff, 0x28, 0x0,
    0x8a, 0xff, 0xea, 0x47, 0x8, 0x0, 0x0, 0x24,
    0xff, 0xff, 0x28, 0x0, 0xc8, 0xff, 0x8a, 0x0,
    0x0, 0x0, 0x0, 0x24, 0xff, 0xff, 0x28, 0x0,
    0xce, 0xff, 0x89, 0x0, 0x0, 0x0, 0x0, 0x24,
    0xff, 0xff, 0x28, 0x0, 0xa1, 0xff, 0xe2, 0x32,
    0x1, 0x0, 0x0, 0x24, 0xff, 0xff, 0x28, 0x0,
    0x2e, 0xf7, 0xff, 0xff, 0xfe, 0xb1, 0x0, 0x24,
    0xff, 0xff, 0x28, 0x0, 0x0, 0x31, 0xb2, 0xef,
    0xff, 0xb4, 0x0, 0x24, 0xff, 0xff, 0x28, 0x0,

    /* U+0E2B "ห" */
    0x28, 0xff, 0xff, 0x28, 0x0, 0x0, 0x0, 0x0,
    0xd4, 0xff, 0x80, 0x28, 0xff, 0xff, 0x28, 0x0,
    0x0, 0x0, 0x0, 0xd4, 0xff, 0x7f, 0x28, 0xff,
    0xff, 0x28, 0x0, 0x0, 0x0, 0x0, 0xd8, 0xff,
    0x64, 0x28, 0xff, 0xff, 0x28, 0x0, 0x0, 0x0,
    0xa, 0xf8, 0xec, 0x12, 0x28, 0xff, 0xff, 0x28,
    0x0, 0x0, 0x12, 0x9f, 0xce, 0x2f, 0x0, 0x28,
    0xff, 0xff, 0xff, 0xff, 0xff, 0xff, 0xff, 0xc1,
    0x38, 0x0, 0x28, 0xff, 0xff, 0xec, 0xe8, 0xe8,
    0xee, 0xff, 0xff, 0xf4, 0x1f, 0x28, 0xff, 0xff,
    0x28, 0x0, 0x0, 0x0, 0x3a, 0xf8, 0xff, 0x7a,
    0x28, 0xff, 0xff, 0x28, 0x0, 0x0, 0x0, 0x0,
    0xbb, 0xff, 0x99, 0x28, 0xff, 0xff, 0x28, 0x0,
    0x0, 0x0, 0x0, 0xac, 0xff, 0x9c, 0x28, 0xff,
    0xff, 0x28, 0x0, 0x0, 0x0, 0x0, 0xac, 0xff,
    0x9c, 0x28, 0xff, 0xff, 0x28, 0x0, 0x0, 0x0,
    0x0, 0xac, 0xff, 0x9c, 0x28, 0xff, 0xff, 0x28,
    0x0, 0x0, 0x0, 0x0, 0xac, 0xff, 0x9c,

    /* U+0E2C "ฬ" */
    0x0, 0x0, 0x0, 0x0, 0x0, 0x0, 0x0, 0x0,
    0x0, 0x0, 0x0, 0x0, 0x67, 0xff, 0xba, 0x0,
    0x0, 0x0, 0x0, 0x0, 0x0, 0x0, 0x0, 0x0,
    0x0, 0x0, 0x0, 0xc5, 0xff, 0x68, 0x0, 0x0,
    0x0, 0x0, 0x0, 0x0, 0x0, 0x0, 0x0, 0x0,
    0x14, 0x8a, 0xff, 0xc0, 0x7, 0x0, 0x0, 0x0,
    0x0, 0x0, 0x0, 0x0, 0x0, 0x74, 0xff, 0xff,
    0xff, 0xaa, 0x1, 0x0, 0xbc, 0xff, 0x7c, 0x0,
    0x0, 0x0, 0x0, 0x0, 0x5b, 0xc8, 0xdb, 0xff,
    0xff, 0x48, 0x0, 0x98, 0xff, 0x96, 0x0, 0x0,
    0x0, 0x0, 0x0, 0x0, 0x0, 0x1, 0xbb, 0xff,
    0x76, 0x0, 0x76, 0xff, 0xae, 0x0, 0x0, 0x36,
    0xf4, 0xf4, 0x3b, 0x0, 0x0, 0x98, 0xff, 0x6b,
    0x0, 0x54, 0xff, 0xc7, 0x0, 0x0, 0x7e, 0xff,
    0xff, 0x82, 0x0, 0x0, 0xb1, 0xff, 0x4c, 0x0,
    0x30, 0xff, 0xe0, 0x0, 0x0, 0xc2, 0xf7, 0xf5,
    0xc7, 0x0, 0x0, 0xcd, 0xff, 0x2c, 0x0, 0x10,
    0xff, 0xf9, 0x1, 0xe, 0xfb, 0xbb, 0xb6, 0xfd,
    0x11, 0x0, 0xe8, 0xff, 0xc, 0x0, 0x0, 0xec,
    0xff, 0x12, 0x4e, 0xff, 0x76, 0x73, 0xff, 0x54,
    0x6, 0xfe, 0xec, 0x0, 0x0, 0x0, 0xca, 0xff,
    0x2c, 0x94, 0xff, 0x33, 0x2f, 0xff, 0x9a, 0x1f,
    0xff, 0xcb, 0x0, 0x0, 0x0, 0xa8, 0xff, 0x44,
    0xd9, 0xed, 0x2, 0x1, 0xea, 0xe1, 0x3b, 0xff,
    0xa8, 0x0, 0x0, 0x0, 0x84, 0xff, 0x7d, 0xff,
    0xaa, 0x0, 0x0, 0xa7, 0xff, 0x7e, 0xff, 0x88,
    0x0, 0x0, 0x0, 0x63, 0xff, 0xdd, 0xff, 0x66,
    0x0, 0x0, 0x63, 0xff, 0xdf, 0xff, 0x68, 0x0,
    0x0, 0x0, 0x40, 0xff, 0xff, 0xff, 0x22, 0x0,
    0x0, 0x1e, 0xff, 0xff, 0xff, 0x48, 0x0, 0x0,
    0x0, 0x1d, 0xff, 0xff, 0xde, 0x0, 0x0, 0x0,
    0x0, 0xdb, 0xff, 0xff, 0x28, 0x0, 0x0,

    /* U+0E2D "อ" */
    0x0, 0xd, 0x7e, 0xd1, 0xf7, 0xfb, 0xdc, 0x92,
    0x18, 0x0, 0x0, 0x17, 0xd9, 0xff, 0xff, 0xff,
    0xff, 0xff, 0xff, 0xe7, 0x22, 0x0, 0x67, 0xfd,
    0xe5, 0x54, 0xe, 0x9, 0x4c, 0xe5, 0xff, 0xc0,
    0x0, 0x0, 0x29, 0x25, 0x0, 0x0, 0x0, 0x0,
    0x3f, 0xff, 0xff, 0x2a, 0x0, 0x0, 0x0, 0x0,
    0x0, 0x0, 0x0, 0x0, 0xec, 0xff, 0x69, 0x22,
    0xb6, 0xe2, 0xe4, 0x76, 0x0, 0x0, 0x0, 0xd9,
    0xff, 0x89, 0xb9, 0xff, 0xff, 0xff, 0x84, 0x0,
    0x0, 0x0, 0xd8, 0xff, 0x92, 0xe9, 0xff, 0x55,
    0x0, 0x0, 0x0, 0x0, 0x0, 0xd8, 0xff, 0x89,
    0xe2, 0xff, 0x66, 0x0, 0x0, 0x0, 0x0, 0x0,
    0xe6, 0xff, 0x69, 0xb8, 0xff, 0xa6, 0x0, 0x0,
    0x0, 0x0, 0x28, 0xff, 0xff, 0x2c, 0x5a, 0xff,
    0xfd, 0x69, 0x8, 0x0, 0x2d, 0xcf, 0xff, 0xc4,
    0x0, 0x1, 0xa6, 0xff, 0xff, 0xfd, 0xf6, 0xff,
    0xff, 0xea, 0x28, 0x0, 0x0, 0x2, 0x64, 0xc8,
    0xf6, 0xfd, 0xe0, 0x98, 0x1c, 0x0, 0x0,

    /* U+0E2E "ฮ" */
    0x0, 0x0, 0x0, 0x0, 0x0, 0x0, 0x0, 0x0,
    0x66, 0xd8, 0xdc, 0x3e, 0x0, 0xd, 0x80, 0xd4,
    0xf8, 0xfa, 0xd5, 0x7b, 0xda, 0xff, 0xff, 0x48,
    0x17, 0xd9, 0xff, 0xff, 0xff, 0xff, 0xff, 0xff,
    0xff, 0x3f, 0x0, 0x0, 0x67, 0xfd, 0xe5, 0x54,
    0xe, 0x9, 0x4c, 0xe5, 0xff, 0xb1, 0x0, 0x0,
    0x0, 0x29, 0x25, 0x0, 0x0, 0x0, 0x0, 0x3f,
    0xff, 0xff, 0x29, 0x0, 0x0, 0x0, 0x0, 0x0,
    0x0, 0x0, 0x0, 0x0, 0xec, 0xff, 0x69, 0x0,
    0x22, 0xb9, 0xe2, 0xe4, 0x76, 0x0, 0x0, 0x0,
    0xd9, 0xff, 0x89, 0x0, 0xb8, 0xff, 0xff, 0xff,
    0x84, 0x0, 0x0, 0x0, 0xd8, 0xff, 0x92, 0x0,
    0xe8, 0xff, 0x55, 0x0, 0x0, 0x0, 0x0, 0x0,
    0xd8, 0xff, 0x89, 0x0, 0xe5, 0xff, 0x66, 0x0,
    0x0, 0x0, 0x0, 0x0, 0xe6, 0xff, 0x69, 0x0,
    0xbb, 0xff, 0xa6, 0x0, 0x0, 0x0, 0x0, 0x28,
    0xff, 0xff, 0x2c, 0x0, 0x5e, 0xff, 0xfd, 0x69,
    0x8, 0x0, 0x2d, 0xcf, 0xff, 0xc4, 0x0, 0x0,
    0x1, 0xa8, 0xff, 0xff, 0xfd, 0xf6, 0xff, 0xff,
    0xea, 0x28, 0x0, 0x0, 0x0, 0x2, 0x64, 0xc8,
    0xf6, 0xfd, 0xe0, 0x98, 0x1c, 0x0, 0x0, 0x0,

    /* U+0E2F "ฯ" */
    0x0, 0x2, 0x70, 0xd7, 0xfd, 0xff, 0x4c, 0x10,
    0xff, 0xff, 0x3c, 0x0, 0x90, 0xff, 0xff, 0xfb,
    0xf0, 0x47, 0x10, 0xff, 0xff, 0x3c, 0x21, 0xfe,
    0xff, 0x83, 0x6, 0x0, 0x0, 0x11, 0xff, 0xff,
    0x3c, 0x5b, 0xff, 0xf0, 0x2, 0x0, 0x0, 0x0,
    0x28, 0xff, 0xff, 0x3c, 0x61, 0xff, 0xf0, 0x2,
    0x0, 0x0, 0x0, 0x7d, 0xff, 0xff, 0x3c, 0x32,
    0xff, 0xff, 0x83, 0x6, 0x4, 0x60, 0xce, 0xff,
    0xff, 0x3c, 0x0, 0xb8, 0xff, 0xff, 0xfb, 0xf9,
    0xfb, 0x4d, 0xff, 0xff, 0x3c, 0x0, 0xd, 0x98,
    0xec, 0xfc, 0xcd, 0x42, 0x10, 0xff, 0xff, 0x3c,
    0x0, 0x0, 0x0, 0x0, 0x0, 0x0, 0x0, 0x10,
    0xff, 0xff, 0x3c, 0x0, 0x0, 0x0, 0x0, 0x0,
    0x0, 0x0, 0x10, 0xff, 0xff, 0x3c, 0x0, 0x0,
    0x0, 0x0, 0x0, 0x0, 0x0, 0x10, 0xff, 0xff,
    0x3c, 0x0, 0x0, 0x0, 0x0, 0x0, 0x0, 0x0,
    0x10, 0xff, 0xff, 0x3c, 0x0, 0x0, 0x0, 0x0,
    0x0, 0x0, 0x0, 0x10, 0xff, 0xff, 0x3c,

    /* U+0E30 "ะ" */
    0x5a, 0x80, 0x42, 0x0, 0x0, 0x0, 0x0, 0xb4,
    0xff, 0x84, 0x0, 0x0, 0x0, 0x0, 0xa2, 0xff,
    0xff, 0xff, 0xff, 0xff, 0x98, 0x2c, 0xd9, 0xff,
    0xff, 0xff, 0xff, 0x98, 0x0, 0x0, 0xd, 0x10,
    0x10, 0x10, 0xa, 0x0, 0x0, 0x0, 0x0, 0x0,
    0x0, 0x0, 0x38, 0x50, 0x29, 0x0, 0x0, 0x0,
    0x0, 0xb4, 0xff, 0x84, 0x0, 0x0, 0x0, 0x0,
    0xb3, 0xff, 0x8c, 0x10, 0x10, 0x10, 0xa, 0x8d,
    0xff, 0xff, 0xff, 0xff, 0xff, 0x98, 0x15, 0xbe,
    0xfc, 0xff, 0xff, 0xff, 0x98,

    /* U+0E31 "ั" */
    0x44, 0x80, 0x48, 0x0, 0x0, 0x0, 0x0, 0x0,
    0x85, 0xff, 0x90, 0x0, 0x0, 0x0, 0x0, 0x0,
    0x5a, 0xff, 0xeb, 0xd0, 0xd0, 0xd0, 0xd0, 0x6f,
    0x4, 0x98, 0xf0, 0xff, 0xff, 0xff, 0xff, 0x88,

    /* U+0E32 "า" */
    0x0, 0x27, 0xa1, 0xe8, 0xfc, 0xee, 0xae, 0x2b,
    0x0, 0x3c, 0xf4, 0xff, 0xff, 0xff, 0xff, 0xff,
    0xf2, 0x27, 0x8b, 0xff, 0xbd, 0x2c, 0x4, 0x38,
    0xe9, 0xff, 0xa0, 0x1, 0x6a, 0x7, 0x0, 0x0,
    0x0, 0x83, 0xff, 0xd7, 0x0, 0x0, 0x0, 0x0,
    0x0, 0x0, 0x69, 0xff, 0xe4, 0x0, 0x0, 0x0,
    0x0, 0x0, 0x0, 0x68, 0xff, 0xe4, 0x0, 0x0,
    0x0, 0x0, 0x0, 0x0, 0x68, 0xff, 0xe4, 0x0,
    0x0, 0x0, 0x0, 0x0, 0x0, 0x68, 0xff, 0xe4,
    0x0, 0x0, 0x0, 0x0, 0x0, 0x0, 0x68, 0xff,
    0xe4, 0x0, 0x0, 0x0, 0x0, 0x0, 0x0, 0x68,
    0xff, 0xe4, 0x0, 0x0, 0x0, 0x0, 0x0, 0x0,
    0x68, 0xff, 0xe4, 0x0, 0x0, 0x0, 0x0, 0x0,
    0x0, 0x68, 0xff, 0xe4, 0x0, 0x0, 0x0, 0x0,
    0x0, 0x0, 0x68, 0xff, 0xe4,

    /* U+0E33 "ำ" */
    0x0, 0x0, 0xc, 0xe, 0x0, 0x0, 0x0, 0x0,
    0x0, 0x0, 0x0, 0x0, 0x0, 0x0, 0x0, 0x4,
    0xb1, 0xff, 0xff, 0xba, 0x7, 0x0, 0x0, 0x0,
    0x0, 0x0, 0x0, 0x0, 0x0, 0x0, 0x3d, 0xff,
    0x8b, 0x84, 0xff, 0x4c, 0x0, 0x0, 0x0, 0x0,
    0x0, 0x0, 0x0, 0x0, 0x0, 0x43, 0xff, 0x65,
    0x5d, 0xff, 0x53, 0x0, 0x0, 0x0, 0x0, 0x0,
    0x0, 0x0, 0x0, 0x0, 0xa, 0xd7, 0xff, 0xff,
    0xdf, 0x11, 0x0, 0x0, 0x0, 0x0, 0x0, 0x0,
    0x0, 0x0, 0x0, 0x0, 0x7, 0x3b, 0x3e, 0x9,
    0x0, 0x0, 0x0, 0x0, 0x0, 0x0, 0x0, 0x0,
    0x0, 0x0, 0x0, 0x0, 0x0, 0x0, 0x0, 0x0,
    0x0, 0x0, 0x0, 0x0, 0x0, 0x0, 0x0, 0x0,
    0x0, 0x0, 0x0, 0x0, 0x0, 0x0, 0x0, 0x0,
    0x27, 0xa1, 0xe8, 0xfc, 0xee, 0xae, 0x2b, 0x0,
    0x0, 0x0, 0x0, 0x0, 0x0, 0x0, 0x3c, 0xf4,
    0xff, 0xff, 0xff, 0xff, 0xff, 0xf2, 0x27, 0x0,
    0x0, 0x0, 0x0, 0x0, 0x0, 0x8b, 0xff, 0xc3,
    0x30, 0x9, 0x39, 0xe9, 0xff, 0xa0, 0x0, 0x0,
    0x0, 0x0, 0x0, 0x0, 0x1, 0x6b, 0x9, 0x0,
    0x0, 0x0, 0x83, 0xff, 0xd7, 0x0, 0x0, 0x0,
    0x0, 0x0, 0x0, 0x0, 0x0, 0x0, 0x0, 0x0,
    0x0, 0x69, 0xff, 0xe4, 0x0, 0x0, 0x0, 0x0,
    0x0, 0x0, 0x0, 0x0, 0x0, 0x0, 0x0, 0x0,
    0x68, 0xff, 0xe4, 0x0, 0x0, 0x0, 0x0, 0x0,
    0x0, 0x0, 0x0, 0x0, 0x0, 0x0, 0x0, 0x68,
    0xff, 0xe4, 0x0, 0x0, 0x0, 0x0, 0x0, 0x0,
    0x0, 0x0, 0x0, 0x0, 0x0, 0x0, 0x68, 0xff,
    0xe4, 0x0, 0x0, 0x0, 0x0, 0x0, 0x0, 0x0,
    0x0, 0x0, 0x0, 0x0, 0x0, 0x68, 0xff, 0xe4,
    0x0, 0x0, 0x0, 0x0, 0x0, 0x0, 0x0, 0x0,
    0x0, 0x0, 0x0, 0x0, 0x68, 0xff, 0xe4, 0x0,
    0x0, 0x0, 0x0, 0x0, 0x0, 0x0, 0x0, 0x0,
    0x0, 0x0, 0x0, 0x68, 0xff, 0xe4, 0x0, 0x0,
    0x0, 0x0, 0x0, 0x0, 0x0, 0x0, 0x0, 0x0,
    0x0, 0x0, 0x68, 0xff, 0xe4, 0x0, 0x0, 0x0,
    0x0, 0x0, 0x0, 0x0, 0x0, 0x0, 0x0, 0x0,
    0x0, 0x68, 0xff, 0xe4,

    /* U+0E34 "ิ" */
    0xa3, 0xd0, 0xd0, 0xd0, 0xd0, 0xd0, 0xd0, 0xd0,
    0xd0, 0x37, 0xc8, 0xff, 0xff, 0xff, 0xff, 0xff,
    0xff, 0xff, 0xff, 0x44,

    /* U+0E35 "ี" */
    0x0, 0x0, 0x0, 0x0, 0x0, 0x0, 0x0, 0xd0,
    0xff, 0x48, 0x0, 0x0, 0x0, 0x0, 0x0, 0x0,
    0x0, 0xd0, 0xff, 0x47, 0x9f, 0xd0, 0xd0, 0xd0,
    0xd0, 0xd0, 0xd0, 0xf7, 0xff, 0x29, 0xc4, 0xff,
    0xff, 0xff, 0xff, 0xff, 0xff, 0xf3, 0x89, 0x0,

    /* U+0E36 "ึ" */
    0x0, 0x0, 0x0, 0x0, 0x0, 0x0, 0x0, 0x1,
    0x0, 0x0, 0x0, 0x0, 0x0, 0x0, 0x0, 0x10,
    0xc4, 0xff, 0xdb, 0x28, 0x0, 0x0, 0x0, 0x0,
    0x0, 0x63, 0xf3, 0x45, 0xdc, 0x90, 0x7a, 0x9c,
    0x9c, 0x9c, 0x9c, 0xca, 0xee, 0x19, 0xce, 0x95,
    0xc8, 0xff, 0xff, 0xff, 0xff, 0xff, 0xff, 0xff,
    0xf9, 0x3d, 0x29, 0x34, 0x34, 0x34, 0x34, 0x34,
    0x3a, 0x3a, 0x13, 0x0,

    /* U+0E37 "ื" */
    0x0, 0x0, 0x0, 0x0, 0x78, 0xff, 0x68, 0xa0,
    0xff, 0x48, 0x0, 0x0, 0x0, 0x0, 0x78, 0xff,
    0x68, 0xa0, 0xff, 0x47, 0xac, 0xe0, 0xe0, 0xe0,
    0xf0, 0xff, 0xf0, 0xf4, 0xff, 0x29, 0xc4, 0xff,
    0xff, 0xff, 0xff, 0xff, 0xff, 0xf2, 0x88, 0x0,

    /* U+0E38 "ุ" */
    0x15, 0xc0, 0xbc, 0x6e, 0x0, 0x1c, 0xff, 0xff,
    0xff, 0x2b, 0x0, 0x0, 0x9c, 0xff, 0x47, 0x0,
    0x0, 0x9c, 0xff, 0x48, 0x0, 0x0, 0x9c, 0xff,
    0x48,

    /* U+0E39 "ู" */
    0x8c, 0xa5, 0x46, 0x0, 0x59, 0xac, 0x30, 0xd0,
    0xff, 0xf3, 0x5, 0x84, 0xff, 0x48, 0x0, 0xb4,
    0xff, 0x17, 0x84, 0xff, 0x48, 0x0, 0xb1, 0xff,
    0x3c, 0x97, 0xff, 0x47, 0x0, 0x76, 0xff, 0xff,
    0xff, 0xf5, 0x19, 0x0, 0x1, 0x40, 0x54, 0x53,
    0x21, 0x0,

    /* U+0E3A "ฺ" */
    0x0, 0x13, 0x20, 0x0, 0x2e, 0xf9, 0xff, 0x70,
    0x5d, 0xff, 0xff, 0xa5, 0x1e, 0xe0, 0xf4, 0x52,

    /* U+0E3F "฿" */
    0x0, 0x0, 0x0, 0x0, 0x0, 0xcc, 0xf0, 0x0,
    0x0, 0x0, 0x0, 0x0, 0x0, 0x0, 0x0, 0x0,
    0x0, 0x0, 0xcc, 0xf0, 0x0, 0x0, 0x0, 0x0,
    0x0, 0x0, 0x10, 0xfc, 0xfc, 0xfc, 0xfc, 0xff,
    0xff, 0xfb, 0xe4, 0x8e, 0xc, 0x0, 0x0, 0x10,
    0xff, 0xff, 0xff, 0xff, 0xff, 0xff, 0xff, 0xff,
    0xff, 0xbe, 0x2, 0x0, 0x10, 0xff, 0xff, 0x34,
    0x0, 0xb4, 0xe0, 0x5, 0x62, 0xff, 0xff, 0x48,
    0x0, 0x10, 0xff, 0xff, 0x34, 0x0, 0xb4, 0xe0,
    0x0, 0x0, 0xe1, 0xff, 0x82, 0x0, 0x10, 0xff,
    0xff, 0x34, 0x0, 0xb4, 0xe0, 0x0, 0x0, 0xd0,
    0xff, 0x8a, 0x0, 0x10, 0xff, 0xff, 0x34, 0x0,
    0xb4, 0xe0, 0x0, 0x0, 0xe1, 0xff, 0x65, 0x0,
    0x10, 0xff, 0xff, 0x34, 0x0, 0xb4, 0xe0, 0x5,
    0x62, 0xff, 0xdb, 0xd, 0x0, 0x10, 0xff, 0xff,
    0xff, 0xff, 0xff, 0xff, 0xff, 0xfd, 0x98, 0x11,
    0x0, 0x0, 0x10, 0xff, 0xff, 0xea, 0xe4, 0xf8,
    0xfd, 0xe6, 0xfb, 0xff, 0xc0, 0x20, 0x0, 0x10,
    0xff, 0xff, 0x34, 0x0, 0xb4, 0xe0, 0x0, 0xe,
    0xb1, 0xff, 0xc9, 0x0, 0x10, 0xff, 0xff, 0x34,
    0x0, 0xb4, 0xe0, 0x0, 0x0, 0x49, 0xff, 0xff,
    0x12, 0x10, 0xff, 0xff, 0x34, 0x0, 0xb4, 0xe0,
    0x0, 0x0, 0x4c, 0xff, 0xff, 0x12, 0x10, 0xff,
    0xff, 0x34, 0x0, 0xb4, 0xe0, 0x1, 0x22, 0xc2,
    0xff, 0xd4, 0x0, 0x10, 0xff, 0xff, 0xfd, 0xfc,
    0xff, 0xff, 0xfd, 0xff, 0xff, 0xfc, 0x47, 0x0,
    0x10, 0xff, 0xff, 0xff, 0xff, 0xff, 0xff, 0xff,
    0xf9, 0xc7, 0x43, 0x0, 0x0, 0x0, 0x0, 0x0,
    0x0, 0x0, 0xcc, 0xf0, 0x0, 0x0, 0x0, 0x0,
    0x0, 0x0, 0x0, 0x0, 0x0, 0x0, 0x0, 0xcc,
    0xf0, 0x0, 0x0, 0x0, 0x0, 0x0, 0x0, 0x0,
    0x0, 0x0, 0x0, 0x0, 0x66, 0x78, 0x0, 0x0,
    0x0, 0x0, 0x0, 0x0,

    /* U+0E40 "เ" */
    0x10, 0xff, 0xff, 0x40, 0x0, 0x0, 0x10, 0xff,
    0xff, 0x40, 0x0, 0x0, 0x10, 0xff, 0xff, 0x40,
    0x0, 0x0, 0x10, 0xff, 0xff, 0x40, 0x0, 0x0,
    0x10, 0xff, 0xff, 0x40, 0x0, 0x0, 0x10, 0xff,
    0xff, 0x40, 0x0, 0x0, 0x10, 0xff, 0xff, 0x40,
    0x0, 0x0, 0x10, 0xff, 0xff, 0x40, 0x0, 0x0,
    0x10, 0xff, 0xff, 0x40, 0x0, 0x0, 0x10, 0xff,
    0xff, 0x40, 0x0, 0x0, 0xf, 0xff, 0xff, 0x40,
    0x0, 0x0, 0x1, 0xea, 0xff, 0xf7, 0xf4, 0x58,
    0x0, 0x4e, 0xe4, 0xff, 0xff, 0x5c,

    /* U+0E41 "แ" */
    0x10, 0xff, 0xff, 0x40, 0x0, 0x0, 0x0, 0xf8,
    0xff, 0x58, 0x0, 0x0, 0x10, 0xff, 0xff, 0x40,
    0x0, 0x0, 0x0, 0xf8, 0xff, 0x58, 0x0, 0x0,
    0x10, 0xff, 0xff, 0x40, 0x0, 0x0, 0x0, 0xf8,
    0xff, 0x58, 0x0, 0x0, 0x10, 0xff, 0xff, 0x40,
    0x0, 0x0, 0x0, 0xf8, 0xff, 0x58, 0x0, 0x0,
    0x10, 0xff, 0xff, 0x40, 0x0, 0x0, 0x0, 0xf8,
    0xff, 0x58, 0x0, 0x0, 0x10, 0xff, 0xff, 0x40,
    0x0, 0x0, 0x0, 0xf8, 0xff, 0x58, 0x0, 0x0,
    0x10, 0xff, 0xff, 0x40, 0x0, 0x0, 0x0, 0xf8,
    0xff, 0x58, 0x0, 0x0, 0x10, 0xff, 0xff, 0x40,
    0x0, 0x0, 0x0, 0xf8, 0xff, 0x58, 0x0, 0x0,
    0x10, 0xff, 0xff, 0x40, 0x0, 0x0, 0x0, 0xf8,
    0xff, 0x58, 0x0, 0x0, 0x10, 0xff, 0xff, 0x40,
    0x0, 0x0, 0x0, 0xf8, 0xff, 0x58, 0x0, 0x0,
    0xf, 0xff, 0xff, 0x40, 0x0, 0x0, 0x0, 0xf7,
    0xff, 0x58, 0x0, 0x0, 0x1, 0xea, 0xff, 0xf7,
    0xf4, 0x58, 0x0, 0xd3, 0xff, 0xf8, 0xf4, 0x6f,
    0x0, 0x4e, 0xe4, 0xff, 0xff, 0x5c, 0x0, 0x3e,
    0xdc, 0xff, 0xff, 0x74,

    /* U+0E42 "โ" */
    0x50, 0xff, 0xff, 0xff, 0xff, 0xff, 0xff, 0xff,
    0xff, 0xc, 0x4e, 0xff, 0xfd, 0xe8, 0xe8, 0xe8,
    0xe8, 0xe8, 0xe8, 0xb, 0x0, 0x2d, 0xd2, 0xb7,
    0x1a, 0x0, 0x0, 0x0, 0x0, 0x0, 0x0, 0x0,
    0x29, 0xfd, 0xd1, 0x4, 0x0, 0x0, 0x0, 0x0,
    0x0, 0x0, 0x0, 0xbf, 0xff, 0x4e, 0x0, 0x0,
    0x0, 0x0, 0x0, 0x0, 0x0, 0x8f, 0xff, 0x97,
    0x0, 0x0, 0x0, 0x0, 0x0, 0x0, 0x0, 0x7b,
    0xff, 0xc0, 0x0, 0x0, 0x0, 0x0, 0x0, 0x0,
    0x0, 0x78, 0xff, 0xd2, 0x0, 0x0, 0x0, 0x0,
    0x0, 0x0, 0x0, 0x78, 0xff, 0xd8, 0x0, 0x0,
    0x0, 0x0, 0x0, 0x0, 0x0, 0x78, 0xff, 0xd8,
    0x0, 0x0, 0x0, 0x0, 0x0, 0x0, 0x0, 0x78,
    0xff, 0xd8, 0x0, 0x0, 0x0, 0x0, 0x0, 0x0,
    0x0, 0x78, 0xff, 0xd8, 0x0, 0x0, 0x0, 0x0,
    0x0, 0x0, 0x0, 0x78, 0xff, 0xd8, 0x0, 0x0,
    0x0, 0x0, 0x0, 0x0, 0x0, 0x78, 0xff, 0xd8,
    0x0, 0x0, 0x0, 0x0, 0x0, 0x0, 0x0, 0x78,
    0xff, 0xd8, 0x0, 0x0, 0x0, 0x0, 0x0, 0x0,
    0x0, 0x78, 0xff, 0xd8, 0x0, 0x0, 0x0, 0x0,
    0x0, 0x0, 0x0, 0x78, 0xff, 0xd8, 0x0, 0x0,
    0x0, 0x0, 0x0, 0x0, 0x0, 0x77, 0xff, 0xd8,
    0x0, 0x0, 0x0, 0x0, 0x0, 0x0, 0x0, 0x56,
    0xff, 0xfe, 0xf4, 0xf4, 0x4, 0x0, 0x0, 0x0,
    0x0, 0x4, 0xa1, 0xf7, 0xff, 0xff, 0x4, 0x0,

    /* U+0E43 "ใ" */
    0x0, 0x0, 0x6, 0x51, 0x7a, 0x73, 0x38, 0x0,
    0x0, 0x0, 0x23, 0xda, 0xff, 0xff, 0xff, 0xff,
    0xa6, 0x3, 0x2, 0xd0, 0xff, 0xd8, 0x73, 0x91,
    0xfe, 0xff, 0x63, 0x14, 0xc6, 0xf5, 0x19, 0x0,
    0x0, 0xab, 0xff, 0xaa, 0x0, 0x0, 0x2f, 0x0,
    0x0, 0x0, 0x96, 0xff, 0xb0, 0x0, 0x0, 0x0,
    0x0, 0x0, 0x13, 0xe0, 0xff, 0x77, 0x0, 0x0,
    0x0, 0x38, 0x9f, 0xeb, 0xff, 0xd1, 0xb, 0x0,
    0x0, 0x0, 0x68, 0xff, 0xf7, 0x78, 0xb, 0x0,
    0x0, 0x0, 0x0, 0x68, 0xff, 0xe4, 0x0, 0x0,
    0x0, 0x0, 0x0, 0x0, 0x68, 0xff, 0xe4, 0x0,
    0x0, 0x0, 0x0, 0x0, 0x0, 0x68, 0xff, 0xe4,
    0x0, 0x0, 0x0, 0x0, 0x0, 0x0, 0x68, 0xff,
    0xe4, 0x0, 0x0, 0x0, 0x0, 0x0, 0x0, 0x68,
    0xff, 0xe4, 0x0, 0x0, 0x0, 0x0, 0x0, 0x0,
    0x68, 0xff, 0xe4, 0x0, 0x0, 0x0, 0x0, 0x0,
    0x0, 0x68, 0xff, 0xe4, 0x0, 0x0, 0x0, 0x0,
    0x0, 0x0, 0x68, 0xff, 0xe4, 0x0, 0x0, 0x0,
    0x0, 0x0, 0x0, 0x68, 0xff, 0xe4, 0x0, 0x0,
    0x0, 0x0, 0x0, 0x0, 0x68, 0xff, 0xe4, 0x0,
    0x0, 0x0, 0x0, 0x0, 0x0, 0x67, 0xff, 0xe4,
    0x0, 0x0, 0x0, 0x0, 0x0, 0x0, 0x46, 0xff,
    0xff, 0xf4, 0xf4, 0x1b, 0x0, 0x0, 0x0, 0x2,
    0x97, 0xf5, 0xff, 0xff, 0x1c,

    /* U+0E44 "ไ" */
    0x48, 0xff, 0xff, 0xff, 0xff, 0xff, 0xff, 0xff,
    0xc, 0x46, 0xf8, 0xf8, 0xf8, 0xf8, 0xf9, 0xff,
    0xff, 0xc, 0x0, 0x0, 0x0, 0x0, 0x64, 0xe3,
    0x7e, 0xc, 0x0, 0x0, 0x0, 0x0, 0x73, 0xff,
    0x95, 0x0, 0x0, 0x0, 0x0, 0x0, 0x10, 0xf5,
    0xff, 0x1f, 0x0, 0x0, 0x0, 0x0, 0x0, 0x54,
    0xff, 0xdf, 0x0, 0x0, 0x0, 0x0, 0x0, 0x0,
    0x7e, 0xff, 0xc4, 0x0, 0x0, 0x0, 0x0, 0x0,
    0x0, 0x8e, 0xff, 0xc0, 0x0, 0x0, 0x0, 0x0,
    0x0, 0x0, 0x90, 0xff, 0xc0, 0x0, 0x0, 0x0,
    0x0, 0x0, 0x0, 0x90, 0xff, 0xc0, 0x0, 0x0,
    0x0, 0x0, 0x0, 0x0, 0x90, 0xff, 0xc0, 0x0,
    0x0, 0x0, 0x0, 0x0, 0x0, 0x90, 0xff, 0xc0,
    0x0, 0x0, 0x0, 0x0, 0x0, 0x0, 0x90, 0xff,
    0xc0, 0x0, 0x0, 0x0, 0x0, 0x0, 0x0, 0x90,
    0xff, 0xc0, 0x0, 0x0, 0x0, 0x0, 0x0, 0x0,
    0x90, 0xff, 0xc0, 0x0, 0x0, 0x0, 0x0, 0x0,
    0x0, 0x90, 0xff, 0xc0, 0x0, 0x0, 0x0, 0x0,
    0x0, 0x0, 0x90, 0xff, 0xc0, 0x0, 0x0, 0x0,
    0x0, 0x0, 0x0, 0x8f, 0xff, 0xc0, 0x0, 0x0,
    0x0, 0x0, 0x0, 0x0, 0x6d, 0xff, 0xfd, 0xf4,
    0xe9, 0x0, 0x0, 0x0, 0x0, 0xb, 0xb0, 0xf9,
    0xff, 0xf4, 0x0, 0x0,

    /* U+0E45 "ๅ" */
    0x0, 0x24, 0xa1, 0xe8, 0xfc, 0xee, 0xae, 0x2b,
    0x0, 0x3a, 0xf3, 0xff, 0xff, 0xff, 0xff, 0xff,
    0xf2, 0x28, 0x90, 0xff, 0xd0, 0x3c, 0x12, 0x3f,
    0xe8, 0xff, 0xa4, 0x2, 0x7d, 0x10, 0x0, 0x0,
    0x0, 0x7a, 0xff, 0xdf, 0x0, 0x0, 0x0, 0x0,
    0x0, 0x0, 0x5d, 0xff, 0xef, 0x0, 0x0, 0x0,
    0x0, 0x0, 0x0, 0x5c, 0xff, 0xf0, 0x0, 0x0,
    0x0, 0x0, 0x0, 0x0, 0x5c, 0xff, 0xf0, 0x0,
    0x0, 0x0, 0x0, 0x0, 0x0, 0x5c, 0xff, 0xf0,
    0x0, 0x0, 0x0, 0x0, 0x0, 0x0, 0x5c, 0xff,
    0xf0, 0x0, 0x0, 0x0, 0x0, 0x0, 0x0, 0x5c,
    0xff, 0xf0, 0x0, 0x0, 0x0, 0x0, 0x0, 0x0,
    0x5c, 0xff, 0xf0, 0x0, 0x0, 0x0, 0x0, 0x0,
    0x0, 0x5c, 0xff, 0xf0, 0x0, 0x0, 0x0, 0x0,
    0x0, 0x0, 0x5c, 0xff, 0xf0, 0x0, 0x0, 0x0,
    0x0, 0x0, 0x0, 0x5c, 0xff, 0xf0, 0x0, 0x0,
    0x0, 0x0, 0x0, 0x0, 0x5c, 0xff, 0xf0, 0x0,
    0x0, 0x0, 0x0, 0x0, 0x0, 0x5c, 0xff, 0xf0,
    0x0, 0x0, 0x0, 0x0, 0x0, 0x0, 0x5c, 0xff,
    0xf0, 0x0, 0x0, 0x0, 0x0, 0x0, 0x0, 0x5c,
    0xff, 0xf0,

    /* U+0E46 "ๆ" */
    0x0, 0x0, 0x71, 0xde, 0xe2, 0x18, 0x83, 0xf5,
    0xbd, 0x33, 0x0, 0x0, 0x67, 0xff, 0xff, 0xfe,
    0xdc, 0xff, 0xff, 0xff, 0xee, 0x12, 0x0, 0xd4,
    0xff, 0x76, 0x32, 0xf0, 0x96, 0x21, 0xfb, 0xff,
    0x5b, 0x1, 0xfd, 0xff, 0x2e, 0x0, 0x23, 0x1,
    0x0, 0xdf, 0xff, 0x73, 0x1, 0xfe, 0xff, 0x30,
    0x0, 0x0, 0x0, 0x0, 0xdc, 0xff, 0x74, 0x0,
    0xda, 0xff, 0x8c, 0x5, 0x0, 0x0, 0x0, 0xdc,
    0xff, 0x74, 0x0, 0x76, 0xff, 0xff, 0xfb, 0xb3,
    0x0, 0x0, 0xdc, 0xff, 0x74, 0x0, 0x1, 0x76,
    0xda, 0xfc, 0xbc, 0x0, 0x0, 0xdc, 0xff, 0x74,
    0x0, 0x0, 0x0, 0x0, 0x0, 0x0, 0x0, 0x0,
    0xdc, 0xff, 0x74, 0x0, 0x0, 0x0, 0x0, 0x0,
    0x0, 0x0, 0x0, 0xdc, 0xff, 0x74, 0x0, 0x0,
    0x0, 0x0, 0x0, 0x0, 0x0, 0x0, 0xdc, 0xff,
    0x74, 0x0, 0x0, 0x0, 0x0, 0x0, 0x0, 0x0,
    0x0, 0xdc, 0xff, 0x74, 0x0, 0x0, 0x0, 0x0,
    0x0, 0x0, 0x0, 0x0, 0xdc, 0xff, 0x74, 0x0,
    0x0, 0x0, 0x0, 0x0, 0x0, 0x0, 0x0, 0xdc,
    0xff, 0x74, 0x0, 0x0, 0x0, 0x0, 0x0, 0x0,
    0x0, 0x0, 0xdc, 0xff, 0x74, 0x0, 0x0, 0x0,
    0x0, 0x0, 0x0, 0x0, 0x0, 0xd2, 0xf4, 0x6f,

    /* U+0E47 "็" */
    0x0, 0x0, 0x7, 0x1b, 0x1c, 0x1c, 0x1c, 0x1c,
    0x7, 0x0, 0x6d, 0xf5, 0xff, 0xff, 0xff, 0xff,
    0xff, 0x3c, 0x10, 0xfc, 0xcd, 0x5d, 0x78, 0x4f,
    0x68, 0x73, 0x12, 0x15, 0xff, 0xad, 0x7f, 0xef,
    0x3b, 0xb9, 0xdf, 0x0, 0x0, 0x8f, 0xff, 0xff,
    0x75, 0xcf, 0xff, 0xa3, 0x0, 0x0, 0x0, 0x1b,
    0x22, 0x0, 0x8, 0x29, 0x2, 0x0,

    /* U+0E48 "่" */
    0x10, 0x10, 0x3, 0xfc, 0xff, 0x2c, 0xfc, 0xff,
    0x2c, 0xfc, 0xff, 0x2c, 0xfc, 0xff, 0x2c,

    /* U+0E49 "้" */
    0xdc, 0xff, 0xd9, 0x25, 0x0, 0x0, 0x0, 0x0,
    0xac, 0xd7, 0xff, 0x81, 0x0, 0x0, 0x0, 0x0,
    0x0, 0x44, 0xff, 0xec, 0xd0, 0xd0, 0xd0, 0x1d,
    0x0, 0x44, 0xff, 0xff, 0xff, 0xff, 0xff, 0x24,

    /* U+0E4A "๊" */
    0x0, 0xc, 0x1d, 0x0, 0x15, 0x13, 0x0, 0x0,
    0x0, 0x33, 0xec, 0xfa, 0x9d, 0xf0, 0xf7, 0x49,
    0x0, 0x0, 0xb1, 0xff, 0x7e, 0xd9, 0x81, 0xf8,
    0xb5, 0x0, 0x0, 0xba, 0xff, 0x47, 0x1c, 0x0,
    0xe4, 0xc8, 0x20, 0x8, 0x4c, 0xfa, 0xff, 0xdc,
    0x0, 0xe4, 0xff, 0xff, 0x3c, 0x0, 0x1b, 0x4c,
    0x45, 0x0, 0x4e, 0x5c, 0x50, 0x13,

    /* U+0E4B "๋" */
    0x0, 0x0, 0xd0, 0xff, 0xc, 0x0, 0x42, 0xa8,
    0xf2, 0xff, 0xae, 0x69, 0x64, 0xff, 0xff, 0xff,
    0xff, 0xa0, 0x0, 0x0, 0xd0, 0xff, 0xc, 0x0,
    0x0, 0x0, 0x68, 0x80, 0x6, 0x0,

    /* U+0E4C "์" */
    0x0, 0x6c, 0xbe, 0xcc, 0xcc, 0x49, 0x53, 0xff,
    0xff, 0xff, 0xff, 0x5c, 0x89, 0xff, 0x80, 0x0,
    0x0, 0x0, 0x46, 0x80, 0x40, 0x0, 0x0, 0x0,

    /* U+0E4D "ํ" */
    0x0, 0x0, 0x0, 0x1, 0x0, 0x0, 0x3, 0xa1,
    0xf9, 0xf9, 0xaa, 0x6, 0x3c, 0xff, 0x69, 0x63,
    0xff, 0x4c, 0x43, 0xff, 0x39, 0x31, 0xff, 0x53,
    0x9, 0xcd, 0xff, 0xff, 0xd7, 0xf, 0x0, 0x2,
    0x29, 0x2a, 0x3, 0x0,

    /* U+0E4E "๎" */
    0x0, 0x0, 0x26, 0x9b, 0xac, 0x4e, 0x0, 0x0,
    0xb6, 0xff, 0xff, 0x74, 0x54, 0xd2, 0xfa, 0xd4,
    0x0, 0x0, 0xdb, 0xff, 0xb6, 0x95, 0x0, 0x0,
    0xe8, 0xff, 0x8, 0x0, 0x0, 0x0,

    /* U+0E4F "๏" */
    0x0, 0x0, 0x32, 0xaf, 0xee, 0xfc, 0xdc, 0x84,
    0xc, 0x0, 0x0, 0x0, 0x54, 0xfb, 0xfc, 0xc4,
    0xb2, 0xdf, 0xff, 0xd3, 0x12, 0x0, 0x1b, 0xf5,
    0xe4, 0x2a, 0x0, 0x3, 0x1, 0x73, 0xff, 0xa8,
    0x0, 0x81, 0xff, 0x62, 0x33, 0xdf, 0xfe, 0xad,
    0x6, 0xc5, 0xfe, 0x1c, 0xbf, 0xff, 0x30, 0xaf,
    0xff, 0xff, 0xff, 0x4b, 0x95, 0xff, 0x57, 0xd2,
    0xff, 0x2c, 0xc0, 0xff, 0xff, 0xff, 0x5c, 0x90,
    0xff, 0x6a, 0xbf, 0xff, 0x30, 0xae, 0xff, 0xff,
    0xff, 0x4a, 0x94, 0xff, 0x57, 0x84, 0xff, 0x62,
    0x30, 0xd8, 0xf9, 0xa5, 0x4, 0xc5, 0xfe, 0x1d,
    0x1d, 0xf6, 0xe4, 0x29, 0x0, 0x0, 0x1, 0x73,
    0xff, 0xa9, 0x0, 0x0, 0x57, 0xfb, 0xfc, 0xc0,
    0xae, 0xdb, 0xff, 0xd6, 0x15, 0x0, 0x0, 0x0,
    0x35, 0xb0, 0xee, 0xfc, 0xdc, 0x86, 0xc, 0x0,
    0x0,

    /* U+0E50 "๐" */
    0x0, 0x0, 0x0, 0x49, 0xbc, 0xf2, 0xfa, 0xd6,
    0x79, 0x7, 0x0, 0x0, 0x0, 0x0, 0x78, 0xff,
    0xff, 0xfb, 0xf3, 0xff, 0xff, 0xc5, 0x9, 0x0,
    0x0, 0x38, 0xfe, 0xff, 0x72, 0x8, 0x0, 0x3a,
    0xe2, 0xff, 0x8d, 0x0, 0x0, 0xa9, 0xff, 0xa5,
    0x0, 0x0, 0x0, 0x0, 0x4b, 0xff, 0xf5, 0xb,
    0x0, 0xea, 0xff, 0x64, 0x0, 0x0, 0x0, 0x0,
    0xc, 0xff, 0xff, 0x41, 0x6, 0xff, 0xff, 0x58,
    0x0, 0x0, 0x0, 0x0, 0x0, 0xff, 0xff, 0x5e,
    0x6, 0xff, 0xff, 0x58, 0x0, 0x0, 0x0, 0x0,
    0x0, 0xff, 0xff, 0x5e, 0x0, 0xe9, 0xff, 0x64,
    0x0, 0x0, 0x0, 0x0, 0xc, 0xff, 0xff, 0x41,
    0x0, 0xa9, 0xff, 0xa4, 0x0, 0x0, 0x0, 0x0,
    0x4a, 0xff, 0xf5, 0xb, 0x0, 0x39, 0xfe, 0xfe,
    0x70, 0x6, 0x0, 0x35, 0xe1, 0xff, 0x8e, 0x0,
    0x0, 0x0, 0x7a, 0xff, 0xff, 0xf9, 0xf0, 0xff,
    0xff, 0xc8, 0xb, 0x0, 0x0, 0x0, 0x0, 0x4a,
    0xbe, 0xf3, 0xfa, 0xd6, 0x7b, 0x8, 0x0, 0x0,

    /* U+0E51 "๑" */
    0x0, 0x0, 0xb, 0x78, 0xc7, 0xe8, 0xe0, 0xb0,
    0x44, 0x0, 0x0, 0x0, 0x14, 0xd3, 0xff, 0xff,
    0xff, 0xff, 0xff, 0xff, 0x78, 0x0, 0x0, 0xa1,
    0xff, 0xdd, 0x3e, 0x6, 0x15, 0x83, 0xff, 0xfe,
    0x35, 0x7, 0xf9, 0xff, 0x44, 0x0, 0x0, 0x0,
    0x0, 0xbb, 0xff, 0x9d, 0x25, 0xff, 0xff, 0x13,
    0x0, 0x0, 0x0, 0x0, 0x7a, 0xff, 0xd0, 0x1b,
    0xff, 0xff, 0x21, 0x0, 0x0, 0x0, 0x0, 0x6f,
    0xff, 0xe1, 0x1, 0xe5, 0xff, 0x9b, 0x7, 0x0,
    0x0, 0x0, 0x82, 0xff, 0xd3, 0x0, 0x65, 0xff,
    0xff, 0xf9, 0xb8, 0x0, 0x0, 0xb5, 0xff, 0xa6,
    0x0, 0x0, 0x5b, 0xce, 0xf9, 0xc8, 0x0, 0x18,
    0xf9, 0xff, 0x55, 0x0, 0x0, 0x0, 0x0, 0x0,
    0x0, 0x0, 0x9b, 0xff, 0xdc, 0x5, 0x0, 0x0,
    0x0, 0x0, 0x0, 0x0, 0x59, 0xff, 0xff, 0x46,
    0x0, 0x0, 0x0, 0x0, 0x0, 0x0, 0x51, 0xfa,
    0xff, 0x7c, 0x0, 0x0, 0x0, 0x0, 0x0, 0x0,
    0x71, 0xfd, 0xfe, 0x79, 0x0, 0x0, 0x0,

    /* U+0E52 "๒" */
    0x30, 0x80, 0x6a, 0x0, 0x0, 0x0, 0x0, 0x0,
    0x0, 0x0, 0x0, 0x0, 0x0, 0x0, 0x60, 0xff,
    0xd4, 0x0, 0x0, 0x0, 0x0, 0x0, 0x0, 0x0,
    0x0, 0x0, 0x0, 0x0, 0x60, 0xff, 0xd4, 0x0,
    0x0, 0x0, 0x0, 0x0, 0x0, 0x0, 0x0, 0x0,
    0x0, 0x0, 0x60, 0xff, 0xd4, 0x0, 0x0, 0x30,
    0xba, 0xda, 0x22, 0x62, 0xe0, 0x9e, 0x13, 0x0,
    0x60, 0xff, 0xd4, 0x0, 0x8, 0xe8, 0xff, 0xff,
    0xdd, 0xfa, 0xff, 0xff, 0xb6, 0x0, 0x60, 0xff,
    0xd4, 0x0, 0x46, 0xff, 0xd3, 0x2a, 0xe7, 0xab,
    0x2b, 0xff, 0xff, 0x16, 0x60, 0xff, 0xd4, 0x0,
    0x61, 0xff, 0xad, 0x0, 0x25, 0x7, 0x0, 0xf9,
    0xff, 0x33, 0x60, 0xff, 0xd4, 0x0, 0x64, 0xff,
    0xac, 0x0, 0x0, 0x0, 0x0, 0xf8, 0xff, 0x38,
    0x60, 0xff, 0xd4, 0x0, 0x61, 0xff, 0xac, 0x0,
    0x0, 0x0, 0x0, 0xf8, 0xff, 0x38, 0x60, 0xff,
    0xd4, 0x0, 0x39, 0xff, 0xf4, 0xdc, 0x90, 0x0,
    0x0, 0xf8, 0xff, 0x38, 0x5b, 0xff, 0xd7, 0x0,
    0x0, 0x88, 0xf0, 0xff, 0xa8, 0x0, 0x1, 0xfb,
    0xff, 0x33, 0x41, 0xff, 0xf4, 0x7, 0x0, 0x0,
    0x0, 0x0, 0x0, 0x0, 0x23, 0xff, 0xff, 0x17,
    0x9, 0xf2, 0xff, 0x8a, 0x7, 0x0, 0x0, 0x0,
    0x0, 0xf, 0xad, 0xff, 0xd1, 0x0, 0x0, 0x6f,
    0xff, 0xff, 0xfa, 0xec, 0xec, 0xec, 0xed, 0xfc,
    0xff, 0xfc, 0x47, 0x0, 0x0, 0x0, 0x55, 0xc5,
    0xf5, 0xff, 0xff, 0xff, 0xff, 0xee, 0xb2, 0x3a,
    0x0, 0x0,

    /* U+0E53 "๓" */
    0x0, 0x1a, 0x9f, 0xe1, 0xeb, 0xc4, 0x4c, 0x0,
    0x5d, 0xd9, 0xe9, 0xa7, 0x11, 0x4, 0xd5, 0xff,
    0xff, 0xff, 0xff, 0xfd, 0x64, 0xfd, 0xff, 0xff,
    0xff, 0x97, 0x47, 0xff, 0xf6, 0x35, 0xd, 0xae,
    0xff, 0xf5, 0x39, 0xc, 0xae, 0xff, 0xdd, 0x6e,
    0xff, 0xc4, 0x0, 0x0, 0x54, 0xff, 0xc5, 0x0,
    0x0, 0x50, 0xff, 0xeb, 0x74, 0xff, 0xbc, 0x0,
    0x0, 0x4c, 0xff, 0xc0, 0x0, 0x0, 0x48, 0xff,
    0xec, 0x74, 0xff, 0xbc, 0x0, 0x0, 0x4c, 0xff,
    0xc0, 0x0, 0x0, 0x48, 0xff, 0xec, 0x74, 0xff,
    0xbc, 0x0, 0x0, 0x4c, 0xff, 0xc0, 0x0, 0x0,
    0x48, 0xff, 0xec, 0x74, 0xff, 0xbc, 0x0, 0x0,
    0x4c, 0xff, 0xc0, 0x0, 0x0, 0x48, 0xff, 0xec,
    0x74, 0xff, 0xbc, 0x0, 0x0, 0x4c, 0xff, 0xc0,
    0x0, 0x0, 0x48, 0xff, 0xec, 0x73, 0xff, 0xbc,
    0x0, 0x0, 0x7, 0x18, 0x12, 0x0, 0x0, 0x48,
    0xff, 0xec, 0x51, 0xff, 0xf9, 0xe4, 0x64, 0x0,
    0x0, 0x0, 0x0, 0x0, 0x48, 0xff, 0xec, 0x3,
    0x9f, 0xf7, 0xff, 0x70, 0x0, 0x0, 0x0, 0x0,
    0x0, 0x48, 0xff, 0xec,

    /* U+0E54 "๔" */
    0x0, 0x0, 0x0, 0x0, 0x0, 0x0, 0x0, 0x0,
    0x0, 0x38, 0x80, 0x52, 0x0, 0x0, 0x0, 0x0,
    0x0, 0x0, 0x0, 0x0, 0x0, 0x70, 0xff, 0xa4,
    0x0, 0x0, 0x0, 0x0, 0x0, 0x0, 0x0, 0x0,
    0x0, 0x70, 0xff, 0xa3, 0x0, 0x0, 0x0, 0x43,
    0xae, 0xdd, 0xe8, 0xe8, 0xe8, 0xf3, 0xff, 0x88,
    0x0, 0x0, 0x7b, 0xff, 0xff, 0xff, 0xff, 0xff,
    0xff, 0xfc, 0xbf, 0x17, 0x0, 0x3c, 0xff, 0xff,
    0x7a, 0x12, 0x0, 0x0, 0x0, 0x0, 0x0, 0x0,
    0x0, 0xaa, 0xff, 0xaa, 0x0, 0x0, 0x0, 0x0,
    0x0, 0x0, 0x0, 0x0, 0x0, 0xea, 0xff, 0x66,
    0x0, 0x0, 0x0, 0x0, 0x0, 0x0, 0x0, 0x0,
    0x6, 0xff, 0xff, 0x58, 0x0, 0x0, 0x3d, 0xbb,
    0xd7, 0xd8, 0x54, 0x0, 0x7, 0xff, 0xff, 0x58,
    0x0, 0x2, 0xe9, 0xff, 0xff, 0xff, 0x64, 0x0,
    0x0, 0xef, 0xff, 0x63, 0x0, 0xc, 0xff, 0xff,
    0x23, 0x0, 0x0, 0x0, 0x0, 0xb3, 0xff, 0x9e,
    0x0, 0x0, 0xd3, 0xff, 0x46, 0x0, 0x0, 0x0,
    0x0, 0x48, 0xff, 0xfd, 0x66, 0x6, 0x21, 0xb7,
    0xc2, 0x16, 0x0, 0x0, 0x0, 0x0, 0x91, 0xff,
    0xff, 0xf9, 0xec, 0xec, 0xfa, 0xfe, 0xed, 0x5c,
    0x0, 0x0, 0x0, 0x5b, 0xc6, 0xf5, 0xff, 0xff,
    0xff, 0xff, 0xff, 0x64,

    /* U+0E55 "๕" */
    0x0, 0x0, 0x0, 0x0, 0x0, 0x1, 0x8, 0x0,
    0x0, 0x3, 0xc, 0x8, 0x0, 0x0, 0x0, 0x0,
    0x48, 0xe9, 0xff, 0xe5, 0x3f, 0x48, 0xff, 0xa4,
    0x0, 0x0, 0x0, 0x0, 0xc2, 0xce, 0x45, 0xdb,
    0xb5, 0x48, 0xff, 0xa4, 0x0, 0x0, 0x0, 0x4b,
    0xeb, 0xec, 0x85, 0xf0, 0xf5, 0xe0, 0xff, 0x8e,
    0x0, 0x0, 0x7d, 0xff, 0xff, 0xff, 0xff, 0xff,
    0xff, 0xfc, 0xc4, 0x1d, 0x0, 0x3a, 0xff, 0xff,
    0x7a, 0x12, 0x0, 0x0, 0x0, 0x0, 0x0, 0x0,
    0x0, 0xaa, 0xff, 0xa9, 0x0, 0x0, 0x0, 0x0,
    0x0, 0x0, 0x0, 0x0, 0x0, 0xea, 0xff, 0x66,
    0x0, 0x0, 0x0, 0x0, 0x0, 0x0, 0x0, 0x0,
    0x6, 0xff, 0xff, 0x58, 0x0, 0x0, 0x3d, 0xbb,
    0xd7, 0xd8, 0x54, 0x0, 0x8, 0xff, 0xff, 0x58,
    0x0, 0x2, 0xe9, 0xff, 0xff, 0xff, 0x64, 0x0,
    0x0, 0xed, 0xff, 0x63, 0x0, 0xc, 0xff, 0xff,
    0x23, 0x0, 0x0, 0x0, 0x0, 0xb1, 0xff, 0x9e,
    0x0, 0x0, 0xd3, 0xff, 0x46, 0x0, 0x0, 0x0,
    0x0, 0x45, 0xff, 0xfd, 0x66, 0x6, 0x21, 0xb7,
    0xc2, 0x16, 0x0, 0x0, 0x0, 0x0, 0x8e, 0xff,
    0xff, 0xf9, 0xec, 0xec, 0xfa, 0xfe, 0xed, 0x5c,
    0x0, 0x0, 0x0, 0x5b, 0xc6, 0xf6, 0xff, 0xff,
    0xff, 0xff, 0xff, 0x64,

    /* U+0E56 "๖" */
    0x2a, 0xc0, 0x9f, 0x0, 0x0, 0x0, 0x0, 0x0,
    0x0, 0x0, 0x0, 0x0, 0xf, 0xff, 0xf8, 0x3,
    0x0, 0x0, 0x0, 0x0, 0x0, 0x0, 0x0, 0x0,
    0x0, 0xde, 0xff, 0x28, 0x0, 0x0, 0x0, 0x0,
    0x0, 0x0, 0x0, 0x0, 0x0, 0xae, 0xff, 0x54,
    0x2c, 0xbf, 0xf9, 0xf2, 0xb0, 0x27, 0x0, 0x0,
    0x0, 0x7e, 0xff, 0x91, 0xea, 0xfa, 0xf3, 0xff,
    0xff, 0xed, 0x22, 0x0, 0x0, 0x4e, 0xff, 0xf4,
    0x5f, 0x6, 0x0, 0x36, 0xe4, 0xff, 0xae, 0x0,
    0x0, 0x0, 0x0, 0x0, 0x0, 0x0, 0x0, 0x0,
    0x57, 0xff, 0xfc, 0x10, 0x0, 0x0, 0x0, 0x0,
    0x0, 0x0, 0x0, 0x0, 0x18, 0xff, 0xff, 0x41,
    0x0, 0x0, 0x0, 0x0, 0x0, 0x0, 0x0, 0x0,
    0xc, 0xff, 0xff, 0x58, 0x0, 0x1d, 0xc9, 0xfd,
    0xff, 0x74, 0x0, 0x0, 0xc, 0xff, 0xff, 0x56,
    0x0, 0x85, 0xff, 0xe9, 0xd4, 0x60, 0x0, 0x0,
    0x18, 0xff, 0xff, 0x3a, 0x0, 0x90, 0xff, 0x8d,
    0x0, 0x0, 0x0, 0x0, 0x53, 0xff, 0xf2, 0x8,
    0x0, 0x50, 0xff, 0xf1, 0x4c, 0x2, 0x0, 0x36,
    0xe2, 0xff, 0x8c, 0x0, 0x0, 0x1, 0xa8, 0xff,
    0xff, 0xf5, 0xf1, 0xff, 0xff, 0xc7, 0x9, 0x0,
    0x0, 0x0, 0x2, 0x65, 0xca, 0xf6, 0xfa, 0xd4,
    0x7b, 0x8, 0x0, 0x0,

    /* U+0E57 "๗" */
    0x0, 0x0, 0x0, 0x0, 0x0, 0x0, 0x0, 0x0,
    0x0, 0x0, 0x0, 0x0, 0x0, 0x0, 0x80, 0x80,
    0x12, 0x0, 0x0, 0x0, 0x0, 0x0, 0x0, 0x0,
    0x0, 0x0, 0x0, 0x0, 0x0, 0x0, 0x0, 0xff,
    0xff, 0x24, 0x0, 0x0, 0x0, 0x0, 0x0, 0x0,
    0x0, 0x0, 0x0, 0x0, 0x0, 0x0, 0x0, 0x0,
    0xff, 0xff, 0x24, 0x0, 0x22, 0xaf, 0xe8, 0xe0,
    0x91, 0xa, 0x1b, 0xba, 0xea, 0xa8, 0xd, 0x0,
    0x0, 0xff, 0xff, 0x24, 0x6, 0xde, 0xff, 0xff,
    0xff, 0xff, 0x9b, 0xb3, 0xff, 0xff, 0xff, 0x89,
    0x0, 0x0, 0xff, 0xff, 0x24, 0x48, 0xff, 0xee,
    0x24, 0x31, 0xf9, 0xfb, 0x8c, 0xa, 0xa0, 0xff,
    0xcd, 0x0, 0x0, 0xff, 0xff, 0x24, 0x6e, 0xff,
    0xb9, 0x0, 0x0, 0xd1, 0xff, 0x3d, 0x0, 0x4d,
    0xff, 0xdf, 0x0, 0x0, 0xff, 0xff, 0x24, 0x74,
    0xff, 0xb4, 0x0, 0x0, 0xcc, 0xff, 0x3c, 0x0,
    0x48, 0xff, 0xe0, 0x0, 0x0, 0xff, 0xff, 0x24,
    0x74, 0xff, 0xb4, 0x0, 0x0, 0xcc, 0xff, 0x3c,
    0x0, 0x48, 0xff, 0xe0, 0x0, 0x0, 0xff, 0xff,
    0x24, 0x74, 0xff, 0xb4, 0x0, 0x0, 0xcc, 0xff,
    0x3c, 0x0, 0x48, 0xff, 0xe0, 0x0, 0x0, 0xff,
    0xff, 0x24, 0x74, 0xff, 0xb4, 0x0, 0x0, 0xcc,
    0xff, 0x3c, 0x0, 0x48, 0xff, 0xe0, 0x0, 0x1,
    0xff, 0xff, 0x23, 0x74, 0xff, 0xb4, 0x0, 0x0,
    0x26, 0x30, 0xb, 0x0, 0x48, 0xff, 0xe0, 0x0,
    0x1b, 0xff, 0xff, 0x12, 0x73, 0xff, 0xb4, 0x0,
    0x0, 0x0, 0x0, 0x0, 0x0, 0x48, 0xff, 0xe0,
    0x9, 0x95, 0xff, 0xdb, 0x0, 0x51, 0xff, 0xf7,
    0xe0, 0x62, 0x0, 0x0, 0x0, 0x0, 0x48, 0xff,
    0xff, 0xf9, 0xff, 0xff, 0x5b, 0x0, 0x3, 0x9f,
    0xf7, 0xff, 0x70, 0x0, 0x0, 0x0, 0x0, 0x48,
    0xff, 0xff, 0xf3, 0xc2, 0x52, 0x0, 0x0,

    /* U+0E58 "๘" */
    0x0, 0x0, 0x0, 0x0, 0x0, 0x0, 0x0, 0x0,
    0x0, 0xa, 0x80, 0x7e, 0x0, 0x0, 0x0, 0x0,
    0x0, 0x0, 0x0, 0x0, 0x0, 0x0, 0x14, 0xff,
    0xfc, 0x0, 0x0, 0x0, 0x0, 0x0, 0x0, 0x0,
    0x0, 0x0, 0x0, 0x14, 0xff, 0xfb, 0x0, 0x0,
    0x0, 0x0, 0x3a, 0xa8, 0xdc, 0xe8, 0xe8, 0xe8,
    0xea, 0xff, 0xdf, 0x0, 0x0, 0x0, 0x6a, 0xfe,
    0xff, 0xff, 0xff, 0xff, 0xff, 0xff, 0xe0, 0x4b,
    0x0, 0x0, 0x2f, 0xfc, 0xfd, 0x74, 0x12, 0x0,
    0x0, 0x0, 0x0, 0x0, 0x0, 0x0, 0x0, 0x9e,
    0xff, 0x9b, 0x0, 0x0, 0x0, 0x0, 0x0, 0x0,
    0x0, 0x0, 0x0, 0x0, 0xe0, 0xff, 0x59, 0x0,
    0x0, 0x0, 0x0, 0x0, 0x0, 0x0, 0x0, 0x0,
    0x1, 0xfe, 0xff, 0x4c, 0x0, 0x0, 0x0, 0x0,
    0x0, 0x9b, 0xd5, 0x9d, 0xd, 0x6, 0xff, 0xff,
    0x4c, 0x0, 0x0, 0x52, 0x4a, 0x0, 0xb8, 0xff,
    0xff, 0x86, 0x0, 0xf3, 0xff, 0x50, 0x0, 0x29,
    0xff, 0xe9, 0x0, 0x0, 0x34, 0xff, 0xbf, 0x0,
    0xc8, 0xff, 0x76, 0x0, 0x73, 0xff, 0xfa, 0xf,
    0x0, 0x37, 0xff, 0xc9, 0x0, 0x78, 0xff, 0xdd,
    0x13, 0xbc, 0xfe, 0xb0, 0x72, 0x0, 0x73, 0xff,
    0xb1, 0x0, 0xe, 0xe2, 0xff, 0xf2, 0xfc, 0xc6,
    0x4c, 0xff, 0xe2, 0xfe, 0xff, 0x63, 0x0, 0x0,
    0x24, 0xbc, 0xf8, 0xe0, 0x39, 0x0, 0x76, 0xeb,
    0xf4, 0x91, 0x3,

    /* U+0E59 "๙" */
    0x0, 0x0, 0x0, 0x0, 0x0, 0x0, 0x0, 0x0,
    0x0, 0x0, 0x0, 0x54, 0x80, 0x2c, 0x0, 0x0,
    0x0, 0x0, 0x0, 0x0, 0x0, 0x0, 0x0, 0x0,
    0x0, 0xa8, 0xff, 0x58, 0x0, 0x0, 0x0, 0x0,
    0x0, 0x0, 0x0, 0x0, 0x0, 0x0, 0x0, 0xa8,
    0xff, 0x58, 0x0, 0x4e, 0xd7, 0xf7, 0xc5, 0x2f,
    0x1c, 0xda, 0xe1, 0x2e, 0x0, 0xa8, 0xff, 0x58,
    0x1d, 0xf8, 0xff, 0xff, 0xff, 0xe6, 0x93, 0xff,
    0xff, 0xbd, 0x0, 0xa9, 0xff, 0x56, 0x65, 0xff,
    0xdc, 0xf, 0x99, 0xff, 0xaf, 0x10, 0xd2, 0xff,
    0x2e, 0xc8, 0xff, 0x40, 0x7d, 0xff, 0xab, 0x0,
    0x1d, 0xfd, 0xd8, 0x0, 0x56, 0xff, 0xe3, 0xff,
    0xeb, 0x8, 0x80, 0xff, 0xa8, 0x0, 0x0, 0xb8,
    0xff, 0x3b, 0x4, 0xe4, 0xff, 0xde, 0x40, 0x0,
    0x80, 0xff, 0xa8, 0x0, 0x0, 0x58, 0xff, 0x9e,
    0x0, 0x10, 0x14, 0x0, 0x0, 0x0, 0x80, 0xff,
    0xa8, 0x0, 0x0, 0x8, 0xf0, 0xf4, 0xc, 0x0,
    0x0, 0x0, 0x0, 0x0, 0x80, 0xff, 0xa8, 0x0,
    0x0, 0x0, 0x94, 0xff, 0x64, 0x0, 0x0, 0x0,
    0x0, 0x0, 0x80, 0xff, 0xa8, 0x0, 0x0, 0x0,
    0x34, 0xff, 0xc6, 0x0, 0x0, 0x0, 0x0, 0x0,
    0x7f, 0xff, 0xa8, 0x0, 0x0, 0x0, 0x0, 0xd4,
    0xff, 0x28, 0x0, 0x0, 0x0, 0x0, 0x5d, 0xff,
    0xf6, 0xe4, 0x56, 0x0, 0x0, 0x72, 0xff, 0x8c,
    0x0, 0x0, 0x0, 0x0, 0x6, 0xa7, 0xf8, 0xff,
    0x60, 0x0, 0x0, 0x15, 0xfb, 0xe9, 0x5, 0x0,
    0x0, 0x0,

    /* U+0E5A "๚" */
    0x0, 0x3, 0x75, 0xda, 0xfd, 0xff, 0x4c, 0x10,
    0xff, 0xff, 0x34, 0x0, 0x10, 0xff, 0xff, 0x34,
    0x0, 0x97, 0xff, 0xff, 0xfb, 0xf0, 0x47, 0x10,
    0xff, 0xff, 0x34, 0x0, 0x10, 0xff, 0xff, 0x34,
    0x25, 0xff, 0xff, 0x85, 0x7, 0x0, 0x0, 0x11,
    0xff, 0xff, 0x34, 0x0, 0x11, 0xff, 0xff, 0x34,
    0x5e, 0xff, 0xf1, 0x3, 0x0, 0x0, 0x0, 0x28,
    0xff, 0xff, 0x34, 0x0, 0x2c, 0xff, 0xff, 0x34,
    0x61, 0xff, 0xf0, 0x2, 0x0, 0x0, 0x0, 0x7d,
    0xff, 0xff, 0x34, 0x0, 0x86, 0xff, 0xff, 0x34,
    0x32, 0xff, 0xff, 0x83, 0x6, 0x4, 0x60, 0xce,
    0xff, 0xff, 0x3a, 0x67, 0xbc, 0xff, 0xff, 0x34,
    0x0, 0xb8, 0xff, 0xff, 0xfb, 0xf9, 0xfb, 0x4d,
    0xff, 0xff, 0xfe, 0xf6, 0x3c, 0xff, 0xff, 0x34,
    0x0, 0xd, 0x99, 0xed, 0xfc, 0xca, 0x41, 0x10,
    0xff, 0xff, 0xcd, 0x39, 0x10, 0xff, 0xff, 0x34,
    0x0, 0x0, 0x0, 0x0, 0x0, 0x0, 0x0, 0x10,
    0xff, 0xff, 0x34, 0x0, 0x10, 0xff, 0xff, 0x34,
    0x0, 0x0, 0x0, 0x0, 0x0, 0x0, 0x0, 0x10,
    0xff, 0xff, 0x34, 0x0, 0x10, 0xff, 0xff, 0x34,
    0x0, 0x0, 0x0, 0x0, 0x0, 0x0, 0x0, 0x10,
    0xff, 0xff, 0x34, 0x0, 0x10, 0xff, 0xff, 0x34,
    0x0, 0x0, 0x0, 0x0, 0x0, 0x0, 0x0, 0x10,
    0xff, 0xff, 0x34, 0x0, 0x10, 0xff, 0xff, 0x34,
    0x0, 0x0, 0x0, 0x0, 0x0, 0x0, 0x0, 0x10,
    0xff, 0xff, 0x34, 0x0, 0x10, 0xff, 0xff, 0x34,

    /* U+0E5B "๛" */
    0x0, 0x13, 0x89, 0xc6, 0xd0, 0x4e, 0x0, 0x0,
    0x0, 0x0, 0x0, 0x0, 0x0, 0x0, 0x0, 0x0,
    0x0, 0x15, 0xde, 0xff, 0xff, 0xff, 0x60, 0x0,
    0xa0, 0xe0, 0x84, 0x0, 0x6c, 0xe0, 0x8e, 0x0,
    0x0, 0x0, 0x8c, 0xff, 0xe1, 0x32, 0x2, 0x0,
    0x3, 0xf0, 0xff, 0xd6, 0x0, 0xb7, 0xff, 0xf2,
    0xa, 0x0, 0x0, 0xca, 0xff, 0x74, 0x0, 0x0,
    0x0, 0x40, 0xff, 0xea, 0xff, 0x20, 0xf3, 0xea,
    0xff, 0x5c, 0x0, 0x0, 0xd4, 0xff, 0x6d, 0x0,
    0x0, 0x0, 0xa7, 0xff, 0x64, 0xff, 0x97, 0xff,
    0x64, 0xf7, 0xbc, 0x0, 0x0, 0xa5, 0xff, 0xd1,
    0x14, 0x0, 0x5b, 0xfe, 0xc2, 0x3, 0xef, 0xfb,
    0xff, 0x15, 0xa0, 0xff, 0xff, 0xb4, 0x31, 0xf8,
    0xff, 0xf8, 0xeb, 0xff, 0xf5, 0x2f, 0x0, 0xab,
    0xff, 0xd4, 0x0, 0x11, 0x95, 0xb7, 0x81, 0x0,
    0x3b, 0xc1, 0xf9, 0xf4, 0xb5, 0x2e, 0x0, 0x0,
    0x0, 0x0, 0x0, 0x0, 0x0, 0x0, 0x0, 0x0
};


/*---------------------
 *  GLYPH DESCRIPTION
 *--------------------*/

static const lv_font_fmt_txt_glyph_dsc_t glyph_dsc[] = {
    {.bitmap_index = 0, .adv_w = 0, .box_w = 0, .box_h = 0, .ofs_x = 0, .ofs_y = 0} /* id = 0 reserved */,
    {.bitmap_index = 0, .adv_w = 83, .box_w = 0, .box_h = 0, .ofs_x = 0, .ofs_y = 0},
    {.bitmap_index = 0, .adv_w = 104, .box_w = 4, .box_h = 16, .ofs_x = 1, .ofs_y = 0},
    {.bitmap_index = 64, .adv_w = 156, .box_w = 8, .box_h = 7, .ofs_x = 1, .ofs_y = 10},
    {.bitmap_index = 120, .adv_w = 241, .box_w = 15, .box_h = 16, .ofs_x = 0, .ofs_y = 0},
    {.bitmap_index = 360, .adv_w = 211, .box_w = 13, .box_h = 20, .ofs_x = 0, .ofs_y = -2},
    {.bitmap_index = 620, .adv_w = 332, .box_w = 19, .box_h = 16, .ofs_x = 1, .ofs_y = 0},
    {.bitmap_index = 924, .adv_w = 247, .box_w = 15, .box_h = 16, .ofs_x = 1, .ofs_y = 0},
    {.bitmap_index = 1164, .adv_w = 88, .box_w = 3, .box_h = 7, .ofs_x = 1, .ofs_y = 10},
    {.bitmap_index = 1185, .adv_w = 118, .box_w = 7, .box_h = 21, .ofs_x = 1, .ofs_y = -4},
    {.bitmap_index = 1332, .adv_w = 118, .box_w = 7, .box_h = 21, .ofs_x = -1, .ofs_y = -4},
    {.bitmap_index = 1479, .adv_w = 176, .box_w = 11, .box_h = 10, .ofs_x = 0, .ofs_y = 7},
    {.bitmap_index = 1589, .adv_w = 211, .box_w = 11, .box_h = 11, .ofs_x = 1, .ofs_y = 1},
    {.bitmap_index = 1710, .adv_w = 100, .box_w = 5, .box_h = 7, .ofs_x = 0, .ofs_y = -3},
    {.bitmap_index = 1745, .adv_w = 141, .box_w = 7, .box_h = 3, .ofs_x = 1, .ofs_y = 6},
    {.bitmap_index = 1766, .adv_w = 100, .box_w = 4, .box_h = 4, .ofs_x = 1, .ofs_y = 0},
    {.bitmap_index = 1782, .adv_w = 144, .box_w = 9, .box_h = 20, .ofs_x = 0, .ofs_y = -3},
    {.bitmap_index = 1962, .adv_w = 211, .box_w = 12, .box_h = 16, .ofs_x = 1, .ofs_y = 0},
    {.bitmap_index = 2154, .adv_w = 211, .box_w = 12, .box_h = 16, .ofs_x = 1, .ofs_y = 0},
    {.bitmap_index = 2346, .adv_w = 211, .box_w = 11, .box_h = 16, .ofs_x = 1, .ofs_y = 0},
    {.bitmap_index = 2522, .adv_w = 211, .box_w = 12, .box_h = 16, .ofs_x = 0, .ofs_y = 0},
    {.bitmap_index = 2714, .adv_w = 211, .box_w = 13, .box_h = 16, .ofs_x = 0, .ofs_y = 0},
    {.bitmap_index = 2922, .adv_w = 211, .box_w = 11, .box_h = 16, .ofs_x = 1, .ofs_y = 0},
    {.bitmap_index = 3098, .adv_w = 211, .box_w = 11, .box_h = 16, .ofs_x = 1, .ofs_y = 0},
    {.bitmap_index = 3274, .adv_w = 211, .box_w = 11, .box_h = 16, .ofs_x = 1, .ofs_y = 0},
    {.bitmap_index = 3450, .adv_w = 211, .box_w = 12, .box_h = 16, .ofs_x = 1, .ofs_y = 0},
    {.bitmap_index = 3642, .adv_w = 211, .box_w = 11, .box_h = 16, .ofs_x = 1, .ofs_y = 0},
    {.bitmap_index = 3818, .adv_w = 107, .box_w = 4, .box_h = 12, .ofs_x = 1, .ofs_y = 0},
    {.bitmap_index = 3866, .adv_w = 107, .box_w = 4, .box_h = 16, .ofs_x = 1, .ofs_y = -4},
    {.bitmap_index = 3930, .adv_w = 211, .box_w = 10, .box_h = 15, .ofs_x = 2, .ofs_y = -1},
    {.bitmap_index = 4080, .adv_w = 211, .box_w = 11, .box_h = 7, .ofs_x = 1, .ofs_y = 4},
    {.bitmap_index = 4157, .adv_w = 211, .box_w = 10, .box_h = 15, .ofs_x = 2, .ofs_y = -1},
    {.bitmap_index = 4307, .adv_w = 171, .box_w = 10, .box_h = 16, .ofs_x = 0, .ofs_y = 0},
    {.bitmap_index = 4467, .adv_w = 315, .box_w = 18, .box_h = 18, .ofs_x = 1, .ofs_y = -2},
    {.bitmap_index = 4791, .adv_w = 231, .box_w = 14, .box_h = 16, .ofs_x = 0, .ofs_y = 0},
    {.bitmap_index = 5015, .adv_w = 232, .box_w = 13, .box_h = 16, .ofs_x = 1, .ofs_y = 0},
    {.bitmap_index = 5223, .adv_w = 222, .box_w = 13, .box_h = 16, .ofs_x = 1, .ofs_y = 0},
    {.bitmap_index = 5431, .adv_w = 239, .box_w = 13, .box_h = 16, .ofs_x = 1, .ofs_y = 0},
    {.bitmap_index = 5639, .adv_w = 208, .box_w = 11, .box_h = 16, .ofs_x = 1, .ofs_y = 0},
    {.bitmap_index = 5815, .adv_w = 200, .box_w = 11, .box_h = 16, .ofs_x = 1, .ofs_y = 0},
    {.bitmap_index = 5991, .adv_w = 247, .box_w = 13, .box_h = 16, .ofs_x = 1, .ofs_y = 0},
    {.bitmap_index = 6199, .adv_w = 251, .box_w = 13, .box_h = 16, .ofs_x = 1, .ofs_y = 0},
    {.bitmap_index = 6407, .adv_w = 145, .box_w = 7, .box_h = 16, .ofs_x = 1, .ofs_y = 0},
    {.bitmap_index = 6519, .adv_w = 185, .box_w = 10, .box_h = 16, .ofs_x = 0, .ofs_y = 0},
    {.bitmap_index = 6679, .adv_w = 231, .box_w = 13, .box_h = 16, .ofs_x = 1, .ofs_y = 0},
    {.bitmap_index = 6887, .adv_w = 180, .box_w = 10, .box_h = 16, .ofs_x = 1, .ofs_y = 0},
    {.bitmap_index = 7047, .adv_w = 287, .box_w = 15, .box_h = 16, .ofs_x = 1, .ofs_y = 0},
    {.bitmap_index = 7287, .adv_w = 251, .box_w = 13, .box_h = 16, .ofs_x = 1, .ofs_y = 0},
    {.bitmap_index = 7495, .adv_w = 250, .box_w = 14, .box_h = 16, .ofs_x = 1, .ofs_y = 0},
    {.bitmap_index = 7719, .adv_w = 219, .box_w = 12, .box_h = 16, .ofs_x = 1, .ofs_y = 0},
    {.bitmap_index = 7911, .adv_w = 250, .box_w = 14, .box_h = 20, .ofs_x = 1, .ofs_y = -4},
    {.bitmap_index = 8191, .adv_w = 229, .box_w = 13, .box_h = 16, .ofs_x = 1, .ofs_y = 0},
    {.bitmap_index = 8399, .adv_w = 209, .box_w = 12, .box_h = 16, .ofs_x = 0, .ofs_y = 0},
    {.bitmap_index = 8591, .adv_w = 203, .box_w = 13, .box_h = 16, .ofs_x = 0, .ofs_y = 0},
    {.bitmap_index = 8799, .adv_w = 240, .box_w = 13, .box_h = 16, .ofs_x = 1, .ofs_y = 0},
    {.bitmap_index = 9007, .adv_w = 219, .box_w = 14, .box_h = 16, .ofs_x = 0, .ofs_y = 0},
    {.bitmap_index = 9231, .adv_w = 323, .box_w = 20, .box_h = 16, .ofs_x = 0, .ofs_y = 0},
    {.bitmap_index = 9551, .adv_w = 223, .box_w = 14, .box_h = 16, .ofs_x = 0, .ofs_y = 0},
    {.bitmap_index = 9775, .adv_w = 215, .box_w = 14, .box_h = 16, .ofs_x = 0, .ofs_y = 0},
    {.bitmap_index = 9999, .adv_w = 207, .box_w = 13, .box_h = 16, .ofs_x = 0, .ofs_y = 0},
    {.bitmap_index = 10207, .adv_w = 114, .box_w = 5, .box_h = 20, .ofs_x = 1, .ofs_y = -3},
    {.bitmap_index = 10307, .adv_w = 144, .box_w = 9, .box_h = 20, .ofs_x = 0, .ofs_y = -3},
    {.bitmap_index = 10487, .adv_w = 114, .box_w = 5, .box_h = 20, .ofs_x = 1, .ofs_y = -3},
    {.bitmap_index = 10587, .adv_w = 211, .box_w = 12, .box_h = 10, .ofs_x = 1, .ofs_y = 6},
    {.bitmap_index = 10707, .adv_w = 198, .box_w = 12, .box_h = 2, .ofs_x = 0, .ofs_y = -4},
    {.bitmap_index = 10731, .adv_w = 211, .box_w = 5, .box_h = 5, .ofs_x = 3, .ofs_y = 13},
    {.bitmap_index = 10756, .adv_w = 192, .box_w = 12, .box_h = 12, .ofs_x = 0, .ofs_y = 0},
    {.bitmap_index = 10900, .adv_w = 207, .box_w = 11, .box_h = 17, .ofs_x = 1, .ofs_y = 0},
    {.bitmap_index = 11087, .adv_w = 179, .box_w = 11, .box_h = 12, .ofs_x = 0, .ofs_y = 0},
    {.bitmap_index = 11219, .adv_w = 207, .box_w = 11, .box_h = 17, .ofs_x = 1, .ofs_y = 0},
    {.bitmap_index = 11406, .adv_w = 195, .box_w = 12, .box_h = 12, .ofs_x = 0, .ofs_y = 0},
    {.bitmap_index = 11550, .adv_w = 118, .box_w = 8, .box_h = 17, .ofs_x = 0, .ofs_y = 0},
    {.bitmap_index = 11686, .adv_w = 189, .box_w = 12, .box_h = 18, .ofs_x = 0, .ofs_y = -5},
    {.bitmap_index = 11902, .adv_w = 203, .box_w = 11, .box_h = 17, .ofs_x = 1, .ofs_y = 0},
    {.bitmap_index = 12089, .adv_w = 92, .box_w = 4, .box_h = 17, .ofs_x = 1, .ofs_y = 0},
    {.bitmap_index = 12157, .adv_w = 92, .box_w = 6, .box_h = 22, .ofs_x = -1, .ofs_y = -5},
    {.bitmap_index = 12289, .adv_w = 191, .box_w = 11, .box_h = 17, .ofs_x = 1, .ofs_y = 0},
    {.bitmap_index = 12476, .adv_w = 99, .box_w = 5, .box_h = 17, .ofs_x = 1, .ofs_y = 0},
    {.bitmap_index = 12561, .adv_w = 310, .box_w = 17, .box_h = 12, .ofs_x = 1, .ofs_y = 0},
    {.bitmap_index = 12765, .adv_w = 203, .box_w = 11, .box_h = 12, .ofs_x = 1, .ofs_y = 0},
    {.bitmap_index = 12897, .adv_w = 197, .box_w = 12, .box_h = 12, .ofs_x = 0, .ofs_y = 0},
    {.bitmap_index = 13041, .adv_w = 207, .box_w = 11, .box_h = 17, .ofs_x = 1, .ofs_y = -5},
    {.bitmap_index = 13228, .adv_w = 207, .box_w = 11, .box_h = 17, .ofs_x = 1, .ofs_y = -5},
    {.bitmap_index = 13415, .adv_w = 133, .box_w = 7, .box_h = 12, .ofs_x = 1, .ofs_y = 0},
    {.bitmap_index = 13499, .adv_w = 174, .box_w = 10, .box_h = 12, .ofs_x = 0, .ofs_y = 0},
    {.bitmap_index = 13619, .adv_w = 127, .box_w = 8, .box_h = 15, .ofs_x = 0, .ofs_y = 0},
    {.bitmap_index = 13739, .adv_w = 203, .box_w = 10, .box_h = 12, .ofs_x = 1, .ofs_y = 0},
    {.bitmap_index = 13859, .adv_w = 178, .box_w = 11, .box_h = 12, .ofs_x = 0, .ofs_y = 0},
    {.bitmap_index = 13991, .adv_w = 279, .box_w = 17, .box_h = 12, .ofs_x = 0, .ofs_y = 0},
    {.bitmap_index = 14195, .adv_w = 185, .box_w = 12, .box_h = 12, .ofs_x = 0, .ofs_y = 0},
    {.bitmap_index = 14339, .adv_w = 180, .box_w = 11, .box_h = 17, .ofs_x = 0, .ofs_y = -5},
    {.bitmap_index = 14526, .adv_w = 170, .box_w = 10, .box_h = 12, .ofs_x = 0, .ofs_y = 0},
    {.bitmap_index = 14646, .adv_w = 124, .box_w = 7, .box_h = 20, .ofs_x = 0, .ofs_y = -3},
    {.bitmap_index = 14786, .adv_w = 121, .box_w = 3, .box_h = 21, .ofs_x = 2, .ofs_y = -4},
    {.bitmap_index = 14849, .adv_w = 124, .box_w = 7, .box_h = 20, .ofs_x = 1, .ofs_y = -3},
    {.bitmap_index = 14989, .adv_w = 211, .box_w = 11, .box_h = 4, .ofs_x = 1, .ofs_y = 5},
    {.bitmap_index = 15033, .adv_w = 217, .box_w = 11, .box_h = 13, .ofs_x = 1, .ofs_y = 0},
    {.bitmap_index = 15176, .adv_w = 200, .box_w = 10, .box_h = 13, .ofs_x = 1, .ofs_y = 0},
    {.bitmap_index = 15306, .adv_w = 205, .box_w = 12, .box_h = 13, .ofs_x = 0, .ofs_y = 0},
    {.bitmap_index = 15462, .adv_w = 220, .box_w = 12, .box_h = 13, .ofs_x = 1, .ofs_y = 0},
    {.bitmap_index = 15618, .adv_w = 224, .box_w = 12, .box_h = 13, .ofs_x = 1, .ofs_y = 0},
    {.bitmap_index = 15774, .adv_w = 220, .box_w = 13, .box_h = 13, .ofs_x = 0, .ofs_y = 0},
    {.bitmap_index = 15943, .adv_w = 195, .box_w = 11, .box_h = 13, .ofs_x = 0, .ofs_y = 0},
    {.bitmap_index = 16086, .adv_w = 195, .box_w = 12, .box_h = 13, .ofs_x = 0, .ofs_y = 0},
    {.bitmap_index = 16242, .adv_w = 212, .box_w = 12, .box_h = 13, .ofs_x = 1, .ofs_y = 0},
    {.bitmap_index = 16398, .adv_w = 195, .box_w = 10, .box_h = 13, .ofs_x = 1, .ofs_y = 0},
    {.bitmap_index = 16528, .adv_w = 200, .box_w = 12, .box_h = 13, .ofs_x = 0, .ofs_y = 0},
    {.bitmap_index = 16684, .adv_w = 328, .box_w = 18, .box_h = 13, .ofs_x = 1, .ofs_y = 0},
    {.bitmap_index = 16918, .adv_w = 327, .box_w = 18, .box_h = 17, .ofs_x = 1, .ofs_y = -4},
    {.bitmap_index = 17224, .adv_w = 221, .box_w = 13, .box_h = 18, .ofs_x = 0, .ofs_y = -5},
    {.bitmap_index = 17458, .adv_w = 221, .box_w = 13, .box_h = 18, .ofs_x = 0, .ofs_y = -5},
    {.bitmap_index = 17692, .adv_w = 202, .box_w = 12, .box_h = 18, .ofs_x = 0, .ofs_y = -5},
    {.bitmap_index = 17908, .adv_w = 223, .box_w = 13, .box_h = 13, .ofs_x = 0, .ofs_y = 0},
    {.bitmap_index = 18077, .adv_w = 322, .box_w = 18, .box_h = 13, .ofs_x = 1, .ofs_y = 0},
    {.bitmap_index = 18311, .adv_w = 329, .box_w = 18, .box_h = 13, .ofs_x = 1, .ofs_y = 0},
    {.bitmap_index = 18545, .adv_w = 212, .box_w = 11, .box_h = 13, .ofs_x = 1, .ofs_y = 0},
    {.bitmap_index = 18688, .adv_w = 216, .box_w = 11, .box_h = 13, .ofs_x = 1, .ofs_y = 0},
    {.bitmap_index = 18831, .adv_w = 216, .box_w = 11, .box_h = 13, .ofs_x = 1, .ofs_y = 0},
    {.bitmap_index = 18974, .adv_w = 218, .box_w = 11, .box_h = 13, .ofs_x = 1, .ofs_y = 0},
    {.bitmap_index = 19117, .adv_w = 193, .box_w = 10, .box_h = 13, .ofs_x = 1, .ofs_y = 0},
    {.bitmap_index = 19247, .adv_w = 217, .box_w = 11, .box_h = 13, .ofs_x = 1, .ofs_y = 0},
    {.bitmap_index = 19390, .adv_w = 214, .box_w = 11, .box_h = 13, .ofs_x = 1, .ofs_y = 0},
    {.bitmap_index = 19533, .adv_w = 214, .box_w = 11, .box_h = 17, .ofs_x = 1, .ofs_y = 0},
    {.bitmap_index = 19720, .adv_w = 224, .box_w = 12, .box_h = 13, .ofs_x = 1, .ofs_y = 0},
    {.bitmap_index = 19876, .adv_w = 224, .box_w = 12, .box_h = 17, .ofs_x = 1, .ofs_y = 0},
    {.bitmap_index = 20080, .adv_w = 256, .box_w = 14, .box_h = 13, .ofs_x = 1, .ofs_y = 0},
    {.bitmap_index = 20262, .adv_w = 244, .box_w = 14, .box_h = 17, .ofs_x = 1, .ofs_y = 0},
    {.bitmap_index = 20500, .adv_w = 221, .box_w = 13, .box_h = 13, .ofs_x = 0, .ofs_y = 0},
    {.bitmap_index = 20669, .adv_w = 217, .box_w = 11, .box_h = 13, .ofs_x = 1, .ofs_y = 0},
    {.bitmap_index = 20812, .adv_w = 209, .box_w = 11, .box_h = 13, .ofs_x = 1, .ofs_y = 0},
    {.bitmap_index = 20955, .adv_w = 182, .box_w = 11, .box_h = 13, .ofs_x = 0, .ofs_y = 0},
    {.bitmap_index = 21098, .adv_w = 216, .box_w = 11, .box_h = 18, .ofs_x = 1, .ofs_y = -5},
    {.bitmap_index = 21296, .adv_w = 203, .box_w = 10, .box_h = 13, .ofs_x = 1, .ofs_y = 0},
    {.bitmap_index = 21426, .adv_w = 221, .box_w = 13, .box_h = 18, .ofs_x = 0, .ofs_y = -5},
    {.bitmap_index = 21660, .adv_w = 184, .box_w = 11, .box_h = 13, .ofs_x = 0, .ofs_y = 0},
    {.bitmap_index = 21803, .adv_w = 225, .box_w = 13, .box_h = 14, .ofs_x = 1, .ofs_y = 0},
    {.bitmap_index = 21985, .adv_w = 221, .box_w = 13, .box_h = 13, .ofs_x = 1, .ofs_y = 0},
    {.bitmap_index = 22154, .adv_w = 212, .box_w = 12, .box_h = 14, .ofs_x = 1, .ofs_y = 0},
    {.bitmap_index = 22322, .adv_w = 211, .box_w = 11, .box_h = 13, .ofs_x = 1, .ofs_y = 0},
    {.bitmap_index = 22465, .adv_w = 249, .box_w = 15, .box_h = 17, .ofs_x = 1, .ofs_y = 0},
    {.bitmap_index = 22720, .adv_w = 202, .box_w = 11, .box_h = 13, .ofs_x = 1, .ofs_y = 0},
    {.bitmap_index = 22863, .adv_w = 208, .box_w = 12, .box_h = 14, .ofs_x = 1, .ofs_y = 0},
    {.bitmap_index = 23031, .adv_w = 194, .box_w = 11, .box_h = 13, .ofs_x = 0, .ofs_y = 0},
    {.bitmap_index = 23174, .adv_w = 137, .box_w = 7, .box_h = 11, .ofs_x = 1, .ofs_y = 1},
    {.bitmap_index = 23251, .adv_w = 0, .box_w = 8, .box_h = 4, .ofs_x = -7, .ofs_y = 14},
    {.bitmap_index = 23283, .adv_w = 170, .box_w = 9, .box_h = 13, .ofs_x = 0, .ofs_y = 0},
    {.bitmap_index = 23400, .adv_w = 170, .box_w = 15, .box_h = 20, .ofs_x = -6, .ofs_y = 0},
    {.bitmap_index = 23700, .adv_w = 0, .box_w = 10, .box_h = 2, .ofs_x = -11, .ofs_y = 14},
    {.bitmap_index = 23720, .adv_w = 0, .box_w = 10, .box_h = 4, .ofs_x = -11, .ofs_y = 14},
    {.bitmap_index = 23760, .adv_w = 0, .box_w = 10, .box_h = 6, .ofs_x = -11, .ofs_y = 14},
    {.bitmap_index = 23820, .adv_w = 0, .box_w = 10, .box_h = 4, .ofs_x = -11, .ofs_y = 14},
    {.bitmap_index = 23860, .adv_w = 0, .box_w = 5, .box_h = 5, .ofs_x = -6, .ofs_y = -6},
    {.bitmap_index = 23885, .adv_w = 0, .box_w = 7, .box_h = 6, .ofs_x = -8, .ofs_y = -7},
    {.bitmap_index = 23927, .adv_w = 0, .box_w = 4, .box_h = 4, .ofs_x = -5, .ofs_y = -5},
    {.bitmap_index = 23943, .adv_w = 229, .box_w = 13, .box_h = 20, .ofs_x = 1, .ofs_y = -3},
    {.bitmap_index = 24203, .adv_w = 108, .box_w = 6, .box_h = 13, .ofs_x = 1, .ofs_y = 0},
    {.bitmap_index = 24281, .adv_w = 205, .box_w = 12, .box_h = 13, .ofs_x = 1, .ofs_y = 0},
    {.bitmap_index = 24437, .adv_w = 119, .box_w = 10, .box_h = 20, .ofs_x = -1, .ofs_y = 0},
    {.bitmap_index = 24637, .adv_w = 123, .box_w = 9, .box_h = 21, .ofs_x = -1, .ofs_y = 0},
    {.bitmap_index = 24826, .adv_w = 118, .box_w = 9, .box_h = 20, .ofs_x = 0, .ofs_y = 0},
    {.bitmap_index = 25006, .adv_w = 170, .box_w = 9, .box_h = 18, .ofs_x = 0, .ofs_y = -5},
    {.bitmap_index = 25168, .adv_w = 200, .box_w = 11, .box_h = 16, .ofs_x = 0, .ofs_y = -3},
    {.bitmap_index = 25344, .adv_w = 0, .box_w = 9, .box_h = 6, .ofs_x = -11, .ofs_y = 13},
    {.bitmap_index = 25398, .adv_w = 0, .box_w = 3, .box_h = 5, .ofs_x = -4, .ofs_y = 14},
    {.bitmap_index = 25413, .adv_w = 0, .box_w = 8, .box_h = 4, .ofs_x = -8, .ofs_y = 14},
    {.bitmap_index = 25445, .adv_w = 0, .box_w = 9, .box_h = 6, .ofs_x = -9, .ofs_y = 14},
    {.bitmap_index = 25499, .adv_w = 0, .box_w = 6, .box_h = 5, .ofs_x = -6, .ofs_y = 14},
    {.bitmap_index = 25529, .adv_w = 0, .box_w = 6, .box_h = 4, .ofs_x = -6, .ofs_y = 14},
    {.bitmap_index = 25553, .adv_w = 0, .box_w = 6, .box_h = 6, .ofs_x = -6, .ofs_y = 14},
    {.bitmap_index = 25589, .adv_w = 0, .box_w = 6, .box_h = 5, .ofs_x = -7, .ofs_y = 14},
    {.bitmap_index = 25619, .adv_w = 202, .box_w = 11, .box_h = 11, .ofs_x = 1, .ofs_y = 0},
    {.bitmap_index = 25740, .adv_w = 197, .box_w = 12, .box_h = 12, .ofs_x = 0, .ofs_y = 0},
    {.bitmap_index = 25884, .adv_w = 189, .box_w = 11, .box_h = 13, .ofs_x = 0, .ofs_y = 0},
    {.bitmap_index = 26027, .adv_w = 252, .box_w = 14, .box_h = 15, .ofs_x = 1, .ofs_y = 0},
    {.bitmap_index = 26237, .adv_w = 249, .box_w = 13, .box_h = 12, .ofs_x = 1, .ofs_y = 0},
    {.bitmap_index = 26393, .adv_w = 197, .box_w = 12, .box_h = 15, .ofs_x = 0, .ofs_y = 0},
    {.bitmap_index = 26573, .adv_w = 197, .box_w = 12, .box_h = 15, .ofs_x = 0, .ofs_y = 0},
    {.bitmap_index = 26753, .adv_w = 197, .box_w = 12, .box_h = 15, .ofs_x = 0, .ofs_y = 0},
    {.bitmap_index = 26933, .adv_w = 301, .box_w = 17, .box_h = 15, .ofs_x = 1, .ofs_y = 0},
    {.bitmap_index = 27188, .adv_w = 214, .box_w = 13, .box_h = 15, .ofs_x = 0, .ofs_y = 0},
    {.bitmap_index = 27383, .adv_w = 234, .box_w = 14, .box_h = 15, .ofs_x = 1, .ofs_y = 0},
    {.bitmap_index = 27593, .adv_w = 273, .box_w = 16, .box_h = 13, .ofs_x = 0, .ofs_y = 0},
    {.bitmap_index = 27801, .adv_w = 319, .box_w = 17, .box_h = 8, .ofs_x = 2, .ofs_y = 2}
};

/*---------------------
 *  CHARACTER MAPPING
 *--------------------*/



/*Collect the unicode lists and glyph_id offsets*/
static const lv_font_fmt_txt_cmap_t cmaps[] =
{
    {
        .range_start = 32, .range_length = 95, .glyph_id_start = 1,
        .unicode_list = NULL, .glyph_id_ofs_list = NULL, .list_length = 0, .type = LV_FONT_FMT_TXT_CMAP_FORMAT0_TINY
    },
    {
        .range_start = 3585, .range_length = 58, .glyph_id_start = 96,
        .unicode_list = NULL, .glyph_id_ofs_list = NULL, .list_length = 0, .type = LV_FONT_FMT_TXT_CMAP_FORMAT0_TINY
    },
    {
        .range_start = 3647, .range_length = 29, .glyph_id_start = 154,
        .unicode_list = NULL, .glyph_id_ofs_list = NULL, .list_length = 0, .type = LV_FONT_FMT_TXT_CMAP_FORMAT0_TINY
    }
};

/*-----------------
 *    KERNING
 *----------------*/


/*Pair left and right glyphs for kerning*/
static const uint8_t kern_pair_glyph_ids[] =
{
    3, 13,
    3, 15,
    6, 3,
    6, 8,
    6, 11,
    8, 13,
    8, 15,
    11, 13,
    11, 15,
    13, 3,
    13, 8,
    13, 11,
    13, 32,
    15, 3,
    15, 8,
    15, 11,
    15, 32,
    16, 16,
    32, 13,
    32, 15
};

/* Kerning between the respective left and right glyphs
 * 4.4 format which needs to scaled with `kern_scale`*/
static const int8_t kern_pair_values[] =
{
    -32, -32, -21, -21, -21, -32, -32, -32,
    -32, -32, -32, -32, -27, -32, -32, -32,
    -27, -50, -41, -41
};

/*Collect the kern pair's data in one place*/
static const lv_font_fmt_txt_kern_pair_t kern_pairs =
{
    .glyph_ids = kern_pair_glyph_ids,
    .values = kern_pair_values,
    .pair_cnt = 20,
    .glyph_ids_size = 0
};

/*--------------------
 *  ALL CUSTOM DATA
 *--------------------*/

#if LVGL_VERSION_MAJOR == 8
/*Store all the custom data of the font*/
static  lv_font_fmt_txt_glyph_cache_t cache;
#endif

#if LVGL_VERSION_MAJOR >= 8
static const lv_font_fmt_txt_dsc_t font_dsc = {
#else
static lv_font_fmt_txt_dsc_t font_dsc = {
#endif
    .glyph_bitmap = glyph_bitmap,
    .glyph_dsc = glyph_dsc,
    .cmaps = cmaps,
    .kern_dsc = &kern_pairs,
    .kern_scale = 16,
    .cmap_num = 3,
    .bpp = 8,
    .kern_classes = 0,
    .bitmap_format = 0,
#if LVGL_VERSION_MAJOR == 8
    .cache = &cache
#endif

};



/*-----------------
 *  PUBLIC FONT
 *----------------*/

/*Initialize a public general font descriptor*/
#if LVGL_VERSION_MAJOR >= 8
lv_font_t anuphan_med_22 = {
#else
lv_font_t anuphan_med_22 = {
#endif
    .get_glyph_dsc = lv_font_get_glyph_dsc_fmt_txt,    /*Function pointer to get glyph's data*/
    .get_glyph_bitmap = lv_font_get_bitmap_fmt_txt,    /*Function pointer to get glyph's bitmap*/
    .line_height = 28,          /*The maximum line height required by the font*/
    .base_line = 7,             /*Baseline measured from the bottom of the line*/
#if !(LVGL_VERSION_MAJOR == 6 && LVGL_VERSION_MINOR == 0)
    .subpx = LV_FONT_SUBPX_NONE,
#endif
#if LV_VERSION_CHECK(7, 4, 0) || LVGL_VERSION_MAJOR >= 8
    .underline_position = -3,
    .underline_thickness = 2,
#endif
    .static_bitmap = 0,
    .dsc = &font_dsc,          /*The custom font data. Will be accessed by `get_glyph_bitmap/dsc` */
#if LV_VERSION_CHECK(8, 2, 0) || LVGL_VERSION_MAJOR >= 9
    .fallback = NULL,
#endif
    .user_data = NULL,
};



#endif /*#if ANUPHAN_MED_22*/
