/*******************************************************************************
 * Size: 24 px
 * Bpp: 4
 * Opts: --bpp 4 --size 24 --no-compress --stride 1 --align 1 --font Anuphan-Bold.ttf --range 32-127,3584-3711 --format lvgl -o anuphan_bold_24.c
 ******************************************************************************/

#ifdef __has_include
    #if __has_include("lvgl.h")
        #ifndef LV_LVGL_H_INCLUDE_SIMPLE
            #define LV_LVGL_H_INCLUDE_SIMPLE
        #endif
    #endif
#endif

#ifdef LV_LVGL_H_INCLUDE_SIMPLE
    #include "lvgl.h"
#else
    #include "lvgl/lvgl.h"
#endif



#ifndef ANUPHAN_BOLD_24
#define ANUPHAN_BOLD_24 1
#endif

#if ANUPHAN_BOLD_24

/*-----------------
 *    BITMAPS
 *----------------*/

/*Store the image of the glyphs*/
static LV_ATTRIBUTE_LARGE_CONST const uint8_t glyph_bitmap[] = {
    /* U+0020 " " */

    /* U+0021 "!" */
    0xf, 0xff, 0xb0, 0xff, 0xfb, 0xf, 0xff, 0xb0,
    0xff, 0xfb, 0xf, 0xff, 0xb0, 0xef, 0xf9, 0xb,
    0xff, 0x70, 0x8f, 0xf4, 0x6, 0xff, 0x10, 0x3f,
    0xf0, 0x0, 0xfc, 0x0, 0x8, 0x60, 0x0, 0x33,
    0x0, 0xdf, 0xf9, 0x4f, 0xff, 0xf3, 0xff, 0xfe,
    0xa, 0xfe, 0x60,

    /* U+0022 "\"" */
    0x6f, 0xfc, 0x0, 0xff, 0xf3, 0x6f, 0xfc, 0x0,
    0xff, 0xf3, 0x6f, 0xfc, 0x0, 0xff, 0xf3, 0x6f,
    0xfc, 0x0, 0xff, 0xf3, 0x6f, 0xfc, 0x0, 0xff,
    0xf3, 0x6f, 0xfc, 0x0, 0xff, 0xf3, 0x6f, 0xfc,
    0x0, 0xff, 0xf3, 0x5e, 0xeb, 0x0, 0xde, 0xe2,

    /* U+0023 "#" */
    0x0, 0x0, 0x3f, 0xf0, 0x0, 0x2f, 0xf1, 0x0,
    0x0, 0x6, 0xfd, 0x0, 0x5, 0xfe, 0x0, 0x0,
    0x0, 0x9f, 0xa0, 0x0, 0x8f, 0xc0, 0x0, 0x0,
    0xc, 0xf7, 0x0, 0xb, 0xf9, 0x0, 0xa, 0xff,
    0xff, 0xff, 0xff, 0xff, 0xff, 0xe0, 0xaf, 0xff,
    0xff, 0xff, 0xff, 0xff, 0xfe, 0x1, 0x26, 0xff,
    0x22, 0x25, 0xff, 0x32, 0x20, 0x0, 0x6f, 0xd0,
    0x0, 0x5f, 0xe0, 0x0, 0x0, 0x9, 0xfa, 0x0,
    0x8, 0xfc, 0x0, 0x0, 0x0, 0xbf, 0x80, 0x0,
    0xaf, 0x90, 0x0, 0x22, 0x2e, 0xf7, 0x22, 0x2d,
    0xf8, 0x22, 0xb, 0xff, 0xff, 0xff, 0xff, 0xff,
    0xff, 0xd0, 0xbf, 0xff, 0xff, 0xff, 0xff, 0xff,
    0xfd, 0x0, 0x6, 0xfd, 0x0, 0x4, 0xfe, 0x0,
    0x0, 0x0, 0x9f, 0xa0, 0x0, 0x7f, 0xb0, 0x0,
    0x0, 0xc, 0xf7, 0x0, 0xa, 0xf9, 0x0, 0x0,
    0x0, 0xff, 0x40, 0x0, 0xdf, 0x60, 0x0, 0x0,

    /* U+0024 "$" */
    0x0, 0x0, 0x0, 0xdd, 0xa0, 0x0, 0x0, 0x0,
    0x0, 0x0, 0xff, 0xb0, 0x0, 0x0, 0x0, 0x0,
    0x48, 0xff, 0xe7, 0x20, 0x0, 0x0, 0x2d, 0xff,
    0xff, 0xff, 0xfb, 0x10, 0x1, 0xef, 0xff, 0xff,
    0xff, 0xff, 0xd0, 0x8, 0xff, 0xf6, 0xbf, 0x97,
    0xfe, 0x30, 0xb, 0xff, 0xa0, 0xbf, 0x70, 0x32,
    0x0, 0xb, 0xff, 0xb0, 0xbf, 0x70, 0x0, 0x0,
    0x7, 0xff, 0xfa, 0xdf, 0x70, 0x0, 0x0, 0x1,
    0xef, 0xff, 0xff, 0xe9, 0x30, 0x0, 0x0, 0x1b,
    0xff, 0xff, 0xff, 0xfb, 0x10, 0x0, 0x0, 0x38,
    0xef, 0xff, 0xff, 0xc0, 0x0, 0x0, 0x0, 0xbf,
    0x9b, 0xff, 0xf3, 0x0, 0x0, 0x0, 0xbf, 0x70,
    0xff, 0xf6, 0x0, 0x54, 0x0, 0xbf, 0x70, 0xff,
    0xf5, 0x7, 0xff, 0x82, 0xbf, 0x89, 0xff, 0xf1,
    0xd, 0xff, 0xff, 0xff, 0xff, 0xff, 0x80, 0x1,
    0xaf, 0xff, 0xff, 0xff, 0xf9, 0x0, 0x0, 0x2,
    0x8b, 0xff, 0xe8, 0x20, 0x0, 0x0, 0x0, 0x0,
    0xff, 0xb0, 0x0, 0x0, 0x0, 0x0, 0x0, 0xff,
    0xb0, 0x0, 0x0,

    /* U+0025 "%" */
    0x1, 0x9e, 0xfe, 0xa1, 0x0, 0x0, 0x0, 0x6f,
    0xfb, 0x0, 0x0, 0x1e, 0xff, 0xff, 0xfe, 0x10,
    0x0, 0x2, 0xff, 0xf1, 0x0, 0x0, 0x7f, 0xfa,
    0x1a, 0xff, 0x80, 0x0, 0xc, 0xff, 0x50, 0x0,
    0x0, 0xbf, 0xf4, 0x4, 0xff, 0xc0, 0x0, 0x7f,
    0xfb, 0x0, 0x0, 0x0, 0xcf, 0xf4, 0x3, 0xff,
    0xd0, 0x3, 0xff, 0xe1, 0x0, 0x0, 0x0, 0xbf,
    0xf4, 0x4, 0xff, 0xc0, 0xd, 0xff, 0x50, 0x0,
    0x0, 0x0, 0x7f, 0xf9, 0x9, 0xff, 0x80, 0x8f,
    0xfa, 0x0, 0x0, 0x0, 0x0, 0x1e, 0xff, 0xff,
    0xfe, 0x13, 0xff, 0xe1, 0x6d, 0xff, 0xb3, 0x0,
    0x2, 0xbf, 0xff, 0xb2, 0xd, 0xff, 0x47, 0xff,
    0xff, 0xff, 0x30, 0x0, 0x0, 0x10, 0x0, 0x9f,
    0xf9, 0x1f, 0xfe, 0x36, 0xff, 0xc0, 0x0, 0x0,
    0x0, 0x4, 0xff, 0xd0, 0x5f, 0xfa, 0x0, 0xff,
    0xf0, 0x0, 0x0, 0x0, 0x1e, 0xff, 0x30, 0x7f,
    0xf9, 0x0, 0xef, 0xf2, 0x0, 0x0, 0x0, 0xaf,
    0xf8, 0x0, 0x7f, 0xf9, 0x0, 0xef, 0xf2, 0x0,
    0x0, 0x5, 0xff, 0xd0, 0x0, 0x5f, 0xfa, 0x0,
    0xff, 0xf0, 0x0, 0x0, 0x1e, 0xff, 0x30, 0x0,
    0x1f, 0xff, 0x36, 0xff, 0xc0, 0x0, 0x0, 0xaf,
    0xf7, 0x0, 0x0, 0x7, 0xff, 0xff, 0xff, 0x30,
    0x0, 0x5, 0xff, 0xc0, 0x0, 0x0, 0x0, 0x6d,
    0xff, 0xb3, 0x0,

    /* U+0026 "&" */
    0x0, 0x3, 0xae, 0xff, 0xc7, 0x0, 0x0, 0x0,
    0x0, 0x6, 0xff, 0xff, 0xff, 0xfb, 0x0, 0x0,
    0x0, 0x1, 0xff, 0xff, 0xce, 0xff, 0xf5, 0x0,
    0x0, 0x0, 0x4f, 0xff, 0x40, 0x1f, 0xff, 0x80,
    0x0, 0x0, 0x2, 0xff, 0xf2, 0x0, 0xef, 0xf5,
    0x0, 0x0, 0x0, 0xc, 0xff, 0xa0, 0x5f, 0xfc,
    0x0, 0x0, 0x0, 0x0, 0x2e, 0xff, 0xbf, 0xfb,
    0x10, 0x0, 0x0, 0x0, 0x2, 0xcf, 0xff, 0xf8,
    0x0, 0x8f, 0xff, 0x70, 0x3, 0xef, 0xff, 0xff,
    0xe2, 0xb, 0xff, 0xf7, 0x1, 0xff, 0xfc, 0x7f,
    0xff, 0xd1, 0xef, 0xff, 0x70, 0x8f, 0xff, 0x10,
    0x8f, 0xff, 0xef, 0xfd, 0x0, 0xc, 0xff, 0xd0,
    0x0, 0xaf, 0xff, 0xff, 0x80, 0x0, 0xcf, 0xff,
    0x0, 0x0, 0xcf, 0xff, 0xf2, 0x0, 0x9, 0xff,
    0xfa, 0x10, 0x29, 0xff, 0xff, 0x50, 0x0, 0x3f,
    0xff, 0xff, 0xff, 0xff, 0xff, 0xff, 0x30, 0x0,
    0x6f, 0xff, 0xff, 0xff, 0xfb, 0xff, 0xfe, 0x10,
    0x0, 0x3a, 0xef, 0xfd, 0x93, 0x7, 0xff, 0xfc,
    0x0,

    /* U+0027 "'" */
    0x6f, 0xfc, 0x6f, 0xfc, 0x6f, 0xfc, 0x6f, 0xfc,
    0x6f, 0xfc, 0x6f, 0xfc, 0x6f, 0xfc, 0x5e, 0xeb,

    /* U+0028 "(" */
    0x0, 0x0, 0x6f, 0xfd, 0x10, 0x0, 0x4f, 0xff,
    0x20, 0x0, 0xe, 0xff, 0x50, 0x0, 0x7, 0xff,
    0xc0, 0x0, 0x0, 0xef, 0xf5, 0x0, 0x0, 0x4f,
    0xfe, 0x0, 0x0, 0x9, 0xff, 0xa0, 0x0, 0x0,
    0xcf, 0xf7, 0x0, 0x0, 0xf, 0xff, 0x50, 0x0,
    0x0, 0xff, 0xf4, 0x0, 0x0, 0x1f, 0xff, 0x40,
    0x0, 0x1, 0xff, 0xf4, 0x0, 0x0, 0xf, 0xff,
    0x40, 0x0, 0x0, 0xef, 0xf5, 0x0, 0x0, 0xb,
    0xff, 0x80, 0x0, 0x0, 0x7f, 0xfb, 0x0, 0x0,
    0x2, 0xff, 0xf0, 0x0, 0x0, 0xc, 0xff, 0x60,
    0x0, 0x0, 0x5f, 0xfe, 0x0, 0x0, 0x0, 0xcf,
    0xf8, 0x0, 0x0, 0x2, 0xef, 0xf4, 0x0, 0x0,
    0x3, 0xbb, 0xb1,

    /* U+0029 ")" */
    0xc, 0xff, 0x80, 0x0, 0x0, 0x1e, 0xff, 0x60,
    0x0, 0x0, 0x3f, 0xff, 0x10, 0x0, 0x0, 0xaf,
    0xf9, 0x0, 0x0, 0x3, 0xff, 0xf1, 0x0, 0x0,
    0xd, 0xff, 0x60, 0x0, 0x0, 0x8f, 0xfa, 0x0,
    0x0, 0x5, 0xff, 0xe0, 0x0, 0x0, 0x3f, 0xff,
    0x10, 0x0, 0x2, 0xff, 0xf2, 0x0, 0x0, 0x2f,
    0xff, 0x30, 0x0, 0x2, 0xff, 0xf3, 0x0, 0x0,
    0x2f, 0xff, 0x20, 0x0, 0x3, 0xff, 0xf0, 0x0,
    0x0, 0x6f, 0xfd, 0x0, 0x0, 0x9, 0xff, 0x90,
    0x0, 0x0, 0xef, 0xf4, 0x0, 0x0, 0x5f, 0xfe,
    0x0, 0x0, 0xc, 0xff, 0x70, 0x0, 0x6, 0xff,
    0xd0, 0x0, 0x3, 0xff, 0xf3, 0x0, 0x0, 0xab,
    0xb5, 0x0, 0x0,

    /* U+002A "*" */
    0x0, 0x0, 0x5, 0xff, 0xb0, 0x0, 0x0, 0x0,
    0x0, 0x4, 0xff, 0xb0, 0x0, 0x0, 0x0, 0x0,
    0x3, 0xff, 0xa0, 0x0, 0x0, 0x8, 0xd6, 0x2,
    0xff, 0x90, 0x3a, 0xe0, 0xd, 0xff, 0xfa, 0xff,
    0xcc, 0xff, 0xf4, 0x1d, 0xff, 0xff, 0xff, 0xff,
    0xff, 0xe6, 0x0, 0x16, 0xbf, 0xff, 0xfd, 0x83,
    0x0, 0x0, 0x0, 0x5f, 0xff, 0xfb, 0x0, 0x0,
    0x0, 0x2, 0xff, 0xfc, 0xff, 0x80, 0x0, 0x0,
    0x1e, 0xff, 0x71, 0xff, 0xf5, 0x0, 0x0, 0xaf,
    0xfc, 0x0, 0x6f, 0xff, 0x10, 0x0, 0x9, 0xf2,
    0x0, 0xb, 0xc2, 0x0, 0x0, 0x0, 0x10, 0x0,
    0x1, 0x0, 0x0,

    /* U+002B "+" */
    0x0, 0x0, 0x4c, 0xc8, 0x0, 0x0, 0x0, 0x0,
    0x5f, 0xfb, 0x0, 0x0, 0x0, 0x0, 0x5f, 0xfb,
    0x0, 0x0, 0x0, 0x0, 0x5f, 0xfb, 0x0, 0x0,
    0x0, 0x0, 0x5f, 0xfb, 0x0, 0x0, 0x6f, 0xff,
    0xff, 0xff, 0xff, 0xfc, 0x6f, 0xff, 0xff, 0xff,
    0xff, 0xfc, 0x5d, 0xdd, 0xef, 0xff, 0xdd, 0xda,
    0x0, 0x0, 0x5f, 0xfb, 0x0, 0x0, 0x0, 0x0,
    0x5f, 0xfb, 0x0, 0x0, 0x0, 0x0, 0x5f, 0xfb,
    0x0, 0x0, 0x0, 0x0, 0x5f, 0xfb, 0x0, 0x0,

    /* U+002C "," */
    0x0, 0x5a, 0x81, 0x2, 0xff, 0xfb, 0x5, 0xff,
    0xfd, 0x3, 0xff, 0xfd, 0x0, 0x5e, 0xf9, 0x0,
    0x1f, 0xf3, 0x0, 0xbf, 0xa0, 0x9, 0xfc, 0x0,

    /* U+002D "-" */
    0x57, 0x77, 0x77, 0x73, 0xbf, 0xff, 0xff, 0xf6,
    0xbf, 0xff, 0xff, 0xf6, 0xbf, 0xff, 0xff, 0xf6,

    /* U+002E "." */
    0x1, 0x53, 0x1, 0xff, 0xf8, 0x6f, 0xff, 0xd5,
    0xff, 0xfc, 0xb, 0xfe, 0x40,

    /* U+002F "/" */
    0x0, 0x0, 0x0, 0xe, 0xff, 0x0, 0x0, 0x0,
    0x4, 0xff, 0xa0, 0x0, 0x0, 0x0, 0x9f, 0xf5,
    0x0, 0x0, 0x0, 0xe, 0xff, 0x0, 0x0, 0x0,
    0x4, 0xff, 0xa0, 0x0, 0x0, 0x0, 0x9f, 0xf5,
    0x0, 0x0, 0x0, 0xe, 0xff, 0x0, 0x0, 0x0,
    0x4, 0xff, 0xa0, 0x0, 0x0, 0x0, 0x9f, 0xf5,
    0x0, 0x0, 0x0, 0xe, 0xff, 0x0, 0x0, 0x0,
    0x4, 0xff, 0xa0, 0x0, 0x0, 0x0, 0x9f, 0xf5,
    0x0, 0x0, 0x0, 0xe, 0xff, 0x0, 0x0, 0x0,
    0x4, 0xff, 0xa0, 0x0, 0x0, 0x0, 0x9f, 0xf5,
    0x0, 0x0, 0x0, 0xe, 0xff, 0x0, 0x0, 0x0,
    0x4, 0xff, 0xa0, 0x0, 0x0, 0x0, 0x9f, 0xf5,
    0x0, 0x0, 0x0, 0xe, 0xff, 0x0, 0x0, 0x0,
    0x4, 0xff, 0xa0, 0x0, 0x0, 0x0, 0x9f, 0xf5,
    0x0, 0x0, 0x0, 0x6, 0x88, 0x0, 0x0, 0x0,
    0x0,

    /* U+0030 "0" */
    0x0, 0x0, 0x7c, 0xff, 0xea, 0x30, 0x0, 0x0,
    0x2d, 0xff, 0xff, 0xff, 0xf6, 0x0, 0x0, 0xcf,
    0xff, 0xff, 0xff, 0xff, 0x30, 0x5, 0xff, 0xfb,
    0x21, 0x6f, 0xff, 0xc0, 0xb, 0xff, 0xf1, 0x0,
    0xa, 0xff, 0xf2, 0xf, 0xff, 0xc0, 0x0, 0x5,
    0xff, 0xf6, 0x2f, 0xff, 0xa0, 0x0, 0x4, 0xff,
    0xf8, 0x3f, 0xff, 0xa0, 0x0, 0x4, 0xff, 0xfa,
    0x3f, 0xff, 0xa0, 0x0, 0x4, 0xff, 0xfa, 0x3f,
    0xff, 0xa0, 0x0, 0x4, 0xff, 0xfa, 0x2f, 0xff,
    0xa0, 0x0, 0x4, 0xff, 0xf8, 0xf, 0xff, 0xc0,
    0x0, 0x5, 0xff, 0xf6, 0xb, 0xff, 0xf1, 0x0,
    0xa, 0xff, 0xf2, 0x5, 0xff, 0xfb, 0x21, 0x6f,
    0xff, 0xc0, 0x0, 0xcf, 0xff, 0xff, 0xff, 0xff,
    0x30, 0x0, 0x2d, 0xff, 0xff, 0xff, 0xf6, 0x0,
    0x0, 0x0, 0x7c, 0xff, 0xea, 0x30, 0x0,

    /* U+0031 "1" */
    0x0, 0x0, 0x8f, 0xff, 0xff, 0x60, 0x0, 0x0,
    0x4, 0xff, 0xff, 0xff, 0x60, 0x0, 0x0, 0x1e,
    0xff, 0xef, 0xff, 0x60, 0x0, 0x0, 0xcf, 0xfd,
    0x4f, 0xff, 0x60, 0x0, 0x8, 0xff, 0xf2, 0x3f,
    0xff, 0x60, 0x0, 0xd, 0xff, 0x60, 0x3f, 0xff,
    0x60, 0x0, 0x0, 0xaa, 0x0, 0x3f, 0xff, 0x60,
    0x0, 0x0, 0x0, 0x0, 0x3f, 0xff, 0x60, 0x0,
    0x0, 0x0, 0x0, 0x3f, 0xff, 0x60, 0x0, 0x0,
    0x0, 0x0, 0x3f, 0xff, 0x60, 0x0, 0x0, 0x0,
    0x0, 0x3f, 0xff, 0x60, 0x0, 0x0, 0x0, 0x0,
    0x3f, 0xff, 0x60, 0x0, 0x0, 0x0, 0x0, 0x3f,
    0xff, 0x60, 0x0, 0x0, 0x0, 0x0, 0x3f, 0xff,
    0x60, 0x0, 0x0, 0xbe, 0xee, 0xff, 0xff, 0xfe,
    0xed, 0x0, 0xcf, 0xff, 0xff, 0xff, 0xff, 0xfe,
    0x0, 0xcf, 0xff, 0xff, 0xff, 0xff, 0xfe,

    /* U+0032 "2" */
    0x0, 0x18, 0xdf, 0xfe, 0xa3, 0x0, 0x0, 0x3e,
    0xff, 0xff, 0xff, 0xf7, 0x0, 0x2f, 0xff, 0xff,
    0xff, 0xff, 0xf3, 0xa, 0xff, 0xf8, 0x34, 0xcf,
    0xff, 0xa0, 0x7d, 0xf9, 0x0, 0x1, 0xff, 0xfd,
    0x0, 0x3, 0x10, 0x0, 0xf, 0xff, 0xd0, 0x0,
    0x0, 0x0, 0x2, 0xff, 0xfb, 0x0, 0x0, 0x0,
    0x0, 0xbf, 0xff, 0x40, 0x0, 0x0, 0x0, 0x9f,
    0xff, 0xa0, 0x0, 0x0, 0x0, 0xaf, 0xff, 0xb0,
    0x0, 0x0, 0x1, 0xcf, 0xff, 0xa0, 0x0, 0x0,
    0x2, 0xef, 0xff, 0x70, 0x0, 0x0, 0x4, 0xff,
    0xfe, 0x40, 0x0, 0x0, 0x5, 0xff, 0xfc, 0x20,
    0x0, 0x0, 0x0, 0xaf, 0xff, 0xff, 0xff, 0xff,
    0xff, 0x3a, 0xff, 0xff, 0xff, 0xff, 0xff, 0xf3,
    0xaf, 0xff, 0xff, 0xff, 0xff, 0xff, 0x30,

    /* U+0033 "3" */
    0x0, 0x5, 0xbe, 0xff, 0xd9, 0x30, 0x0, 0xb,
    0xff, 0xff, 0xff, 0xff, 0x80, 0xb, 0xff, 0xff,
    0xff, 0xff, 0xff, 0x40, 0x4e, 0xf7, 0x10, 0x1a,
    0xff, 0xf9, 0x0, 0x13, 0x0, 0x0, 0x2f, 0xff,
    0x90, 0x0, 0x0, 0x0, 0x2a, 0xff, 0xf4, 0x0,
    0x0, 0x4f, 0xff, 0xff, 0xf6, 0x0, 0x0, 0x4,
    0xff, 0xff, 0xd4, 0x0, 0x0, 0x0, 0x4f, 0xff,
    0xff, 0xf9, 0x0, 0x0, 0x0, 0x0, 0x3b, 0xff,
    0xf6, 0x0, 0x0, 0x0, 0x0, 0xf, 0xff, 0xc0,
    0x2, 0x10, 0x0, 0x0, 0xdf, 0xfe, 0x4, 0xfb,
    0x0, 0x0, 0xf, 0xff, 0xd4, 0xff, 0xfa, 0x10,
    0x1b, 0xff, 0xfa, 0x1e, 0xff, 0xff, 0xff, 0xff,
    0xff, 0x20, 0x2e, 0xff, 0xff, 0xff, 0xfe, 0x40,
    0x0, 0x7, 0xcf, 0xff, 0xc8, 0x10, 0x0,

    /* U+0034 "4" */
    0x0, 0x0, 0x0, 0x1f, 0xff, 0xf8, 0x0, 0x0,
    0x0, 0x0, 0xaf, 0xff, 0xf8, 0x0, 0x0, 0x0,
    0x4, 0xff, 0xff, 0xf8, 0x0, 0x0, 0x0, 0xd,
    0xff, 0xff, 0xf8, 0x0, 0x0, 0x0, 0x8f, 0xf6,
    0xef, 0xf8, 0x0, 0x0, 0x2, 0xff, 0xc0, 0xef,
    0xf8, 0x0, 0x0, 0xb, 0xff, 0x30, 0xef, 0xf8,
    0x0, 0x0, 0x5f, 0xfa, 0x0, 0xef, 0xf8, 0x0,
    0x0, 0xef, 0xf1, 0x0, 0xef, 0xf8, 0x0, 0x8,
    0xff, 0x70, 0x0, 0xef, 0xf8, 0x0, 0x2f, 0xfd,
    0x0, 0x0, 0xef, 0xf8, 0x0, 0x4f, 0xff, 0xff,
    0xff, 0xff, 0xff, 0xfa, 0x4f, 0xff, 0xff, 0xff,
    0xff, 0xff, 0xfa, 0x3c, 0xcc, 0xcc, 0xcc, 0xff,
    0xfe, 0xc8, 0x0, 0x0, 0x0, 0x0, 0xef, 0xf8,
    0x0, 0x0, 0x0, 0x0, 0x0, 0xef, 0xf8, 0x0,
    0x0, 0x0, 0x0, 0x0, 0xef, 0xf8, 0x0,

    /* U+0035 "5" */
    0xc, 0xff, 0xff, 0xff, 0xff, 0xf8, 0x0, 0xdf,
    0xff, 0xff, 0xff, 0xff, 0x80, 0xe, 0xff, 0xff,
    0xff, 0xff, 0xf8, 0x0, 0xff, 0xe2, 0x22, 0x22,
    0x22, 0x10, 0xf, 0xfd, 0x0, 0x0, 0x0, 0x0,
    0x1, 0xff, 0xc0, 0x0, 0x0, 0x0, 0x0, 0x2f,
    0xfb, 0x9, 0xef, 0xe9, 0x10, 0x3, 0xff, 0xa9,
    0xff, 0xff, 0xfe, 0x20, 0x4f, 0xfc, 0xff, 0xff,
    0xff, 0xfd, 0x3, 0xce, 0xf6, 0x0, 0x4e, 0xff,
    0xf4, 0x0, 0x0, 0x0, 0x0, 0x6f, 0xff, 0x70,
    0x0, 0x0, 0x0, 0x4, 0xff, 0xf7, 0x4, 0xe3,
    0x0, 0x0, 0x7f, 0xff, 0x67, 0xff, 0xf5, 0x0,
    0x4e, 0xff, 0xf1, 0x6f, 0xff, 0xff, 0xff, 0xff,
    0xf8, 0x0, 0x7f, 0xff, 0xff, 0xff, 0xfa, 0x0,
    0x0, 0x29, 0xdf, 0xfe, 0xa4, 0x0, 0x0,

    /* U+0036 "6" */
    0x0, 0x0, 0xa, 0xff, 0xff, 0x50, 0x0, 0x0,
    0x1c, 0xff, 0xfd, 0x20, 0x0, 0x0, 0xc, 0xff,
    0xfb, 0x10, 0x0, 0x0, 0x9, 0xff, 0xfa, 0x0,
    0x0, 0x0, 0x4, 0xff, 0xfc, 0x0, 0x0, 0x0,
    0x0, 0xdf, 0xfe, 0x10, 0x0, 0x0, 0x0, 0x4f,
    0xff, 0x76, 0xdf, 0xea, 0x20, 0x9, 0xff, 0xf7,
    0xff, 0xff, 0xff, 0x40, 0xdf, 0xfe, 0xee, 0xcf,
    0xff, 0xfe, 0xf, 0xff, 0xf7, 0x0, 0x1c, 0xff,
    0xf5, 0xff, 0xfd, 0x0, 0x0, 0x4f, 0xff, 0x8e,
    0xff, 0xc0, 0x0, 0x2, 0xff, 0xf8, 0xbf, 0xfd,
    0x0, 0x0, 0x4f, 0xff, 0x66, 0xff, 0xf7, 0x0,
    0x1c, 0xff, 0xf2, 0xd, 0xff, 0xff, 0xdf, 0xff,
    0xf9, 0x0, 0x2d, 0xff, 0xff, 0xff, 0xfa, 0x0,
    0x0, 0x7, 0xcf, 0xfe, 0xb4, 0x0, 0x0,

    /* U+0037 "7" */
    0xbf, 0xff, 0xff, 0xff, 0xff, 0xff, 0x2b, 0xff,
    0xff, 0xff, 0xff, 0xff, 0xf2, 0xbf, 0xff, 0xff,
    0xff, 0xff, 0xff, 0x2b, 0xff, 0x60, 0x0, 0xa,
    0xff, 0xf0, 0xbf, 0xf6, 0x0, 0x1, 0xff, 0xfa,
    0xb, 0xff, 0x60, 0x0, 0x6f, 0xff, 0x40, 0x0,
    0x0, 0x0, 0xd, 0xff, 0xd0, 0x0, 0x0, 0x0,
    0x3, 0xff, 0xf7, 0x0, 0x0, 0x0, 0x0, 0xaf,
    0xff, 0x10, 0x0, 0x0, 0x0, 0x1f, 0xff, 0xb0,
    0x0, 0x0, 0x0, 0x6, 0xff, 0xf4, 0x0, 0x0,
    0x0, 0x0, 0xdf, 0xfe, 0x0, 0x0, 0x0, 0x0,
    0x3f, 0xff, 0x80, 0x0, 0x0, 0x0, 0x9, 0xff,
    0xf2, 0x0, 0x0, 0x0, 0x0, 0xff, 0xfc, 0x0,
    0x0, 0x0, 0x0, 0x6f, 0xff, 0x50, 0x0, 0x0,
    0x0, 0xd, 0xff, 0xf0, 0x0, 0x0, 0x0,

    /* U+0038 "8" */
    0x0, 0x2, 0x9d, 0xff, 0xeb, 0x50, 0x0, 0x0,
    0x5f, 0xff, 0xff, 0xff, 0xfb, 0x0, 0x1, 0xff,
    0xff, 0xdc, 0xff, 0xff, 0x70, 0x7, 0xff, 0xf5,
    0x0, 0x1d, 0xff, 0xd0, 0x8, 0xff, 0xe0, 0x0,
    0x7, 0xff, 0xe0, 0x5, 0xff, 0xe0, 0x0, 0x8,
    0xff, 0xc0, 0x0, 0xdf, 0xf8, 0x10, 0x4e, 0xff,
    0x40, 0x0, 0x1b, 0xff, 0xff, 0xff, 0xe4, 0x0,
    0x0, 0x7, 0xef, 0xff, 0xff, 0xa3, 0x0, 0x1,
    0xdf, 0xff, 0xcb, 0xef, 0xff, 0x60, 0xa, 0xff,
    0xf3, 0x0, 0xb, 0xff, 0xf1, 0xf, 0xff, 0xc0,
    0x0, 0x5, 0xff, 0xf5, 0xf, 0xff, 0xc0, 0x0,
    0x6, 0xff, 0xf6, 0xd, 0xff, 0xf4, 0x0, 0x1c,
    0xff, 0xf3, 0x6, 0xff, 0xff, 0xed, 0xff, 0xff,
    0xc0, 0x0, 0x8f, 0xff, 0xff, 0xff, 0xfc, 0x10,
    0x0, 0x3, 0x9d, 0xff, 0xeb, 0x60, 0x0,

    /* U+0039 "9" */
    0x0, 0x1, 0x8d, 0xff, 0xd9, 0x20, 0x0, 0x0,
    0x5f, 0xff, 0xff, 0xff, 0xf6, 0x0, 0x3, 0xff,
    0xff, 0xed, 0xff, 0xff, 0x40, 0xb, 0xff, 0xf5,
    0x0, 0x2e, 0xff, 0xc0, 0xf, 0xff, 0xa0, 0x0,
    0x7, 0xff, 0xf2, 0x2f, 0xff, 0x90, 0x0, 0x5,
    0xff, 0xf5, 0x2f, 0xff, 0xa0, 0x0, 0x7, 0xff,
    0xf6, 0xf, 0xff, 0xf4, 0x0, 0x2e, 0xff, 0xf5,
    0x8, 0xff, 0xff, 0xdd, 0xfd, 0xff, 0xf3, 0x0,
    0xcf, 0xff, 0xff, 0xca, 0xff, 0xf0, 0x0, 0x7,
    0xdf, 0xe9, 0x2f, 0xff, 0xa0, 0x0, 0x0, 0x0,
    0x0, 0xaf, 0xff, 0x30, 0x0, 0x0, 0x0, 0x6,
    0xff, 0xfa, 0x0, 0x0, 0x0, 0x0, 0x5f, 0xff,
    0xe1, 0x0, 0x0, 0x0, 0x6, 0xff, 0xff, 0x30,
    0x0, 0x0, 0x0, 0x9f, 0xff, 0xf4, 0x0, 0x0,
    0x0, 0x2c, 0xff, 0xfd, 0x30, 0x0, 0x0,

    /* U+003A ":" */
    0x8, 0xfe, 0x70, 0x1f, 0xff, 0xf0, 0x2f, 0xff,
    0xf1, 0xc, 0xff, 0xb0, 0x0, 0x54, 0x0, 0x0,
    0x0, 0x0, 0x0, 0x0, 0x0, 0x0, 0x0, 0x0,
    0x0, 0x54, 0x0, 0xd, 0xff, 0xc0, 0x2f, 0xff,
    0xf1, 0x1f, 0xff, 0xf0, 0x8, 0xfe, 0x70,

    /* U+003B ";" */
    0x8, 0xfe, 0x70, 0x1f, 0xff, 0xf0, 0x2f, 0xff,
    0xf1, 0xc, 0xff, 0xb0, 0x0, 0x54, 0x0, 0x0,
    0x0, 0x0, 0x0, 0x0, 0x0, 0x0, 0x0, 0x0,
    0x0, 0x0, 0x0, 0x7, 0xff, 0x70, 0xf, 0xff,
    0xf1, 0x1f, 0xff, 0xf1, 0xc, 0xff, 0xf0, 0x0,
    0xbf, 0xc0, 0x1, 0xff, 0x50, 0xc, 0xfa, 0x0,
    0x5a, 0x90, 0x0,

    /* U+003C "<" */
    0x0, 0x0, 0x0, 0x0, 0x4, 0x0, 0x0, 0x0,
    0x1, 0xae, 0x0, 0x0, 0x0, 0x5e, 0xfe, 0x0,
    0x0, 0x1b, 0xff, 0xfe, 0x0, 0x5, 0xef, 0xff,
    0xd4, 0x1, 0xbf, 0xff, 0xf8, 0x0, 0x4e, 0xff,
    0xfc, 0x30, 0x0, 0x8f, 0xff, 0x80, 0x0, 0x0,
    0x7f, 0xff, 0xf6, 0x0, 0x0, 0x7, 0xff, 0xff,
    0xc2, 0x0, 0x0, 0x2c, 0xff, 0xff, 0x70, 0x0,
    0x0, 0x7f, 0xff, 0xfc, 0x0, 0x0, 0x2, 0xcf,
    0xfe, 0x0, 0x0, 0x0, 0x6, 0xfe, 0x0, 0x0,
    0x0, 0x0, 0x2a, 0x0, 0x0, 0x0, 0x0, 0x0,

    /* U+003D "=" */
    0x5d, 0xdd, 0xdd, 0xdd, 0xdd, 0xda, 0x6f, 0xff,
    0xff, 0xff, 0xff, 0xfc, 0x6f, 0xff, 0xff, 0xff,
    0xff, 0xfc, 0x0, 0x0, 0x0, 0x0, 0x0, 0x0,
    0x0, 0x0, 0x0, 0x0, 0x0, 0x0, 0x0, 0x0,
    0x0, 0x0, 0x0, 0x0, 0x5d, 0xdd, 0xdd, 0xdd,
    0xdd, 0xda, 0x6f, 0xff, 0xff, 0xff, 0xff, 0xfc,
    0x6f, 0xff, 0xff, 0xff, 0xff, 0xfc,

    /* U+003E ">" */
    0x30, 0x0, 0x0, 0x0, 0x0, 0x8e, 0x40, 0x0,
    0x0, 0x0, 0x8f, 0xfa, 0x10, 0x0, 0x0, 0x8f,
    0xff, 0xe4, 0x0, 0x0, 0x1a, 0xff, 0xff, 0xa1,
    0x0, 0x0, 0x4d, 0xff, 0xfe, 0x50, 0x0, 0x0,
    0x8f, 0xff, 0xfa, 0x0, 0x0, 0x3, 0xff, 0xfe,
    0x0, 0x0, 0x2c, 0xff, 0xfd, 0x0, 0x8, 0xff,
    0xff, 0xa1, 0x3, 0xdf, 0xff, 0xe5, 0x0, 0x6f,
    0xff, 0xfb, 0x10, 0x0, 0x8f, 0xfe, 0x50, 0x0,
    0x0, 0x8f, 0xb1, 0x0, 0x0, 0x0, 0x75, 0x0,
    0x0, 0x0, 0x0, 0x0, 0x0, 0x0, 0x0, 0x0,

    /* U+003F "?" */
    0x0, 0x2a, 0xef, 0xfc, 0x70, 0x0, 0x4, 0xff,
    0xff, 0xff, 0xfd, 0x20, 0x1f, 0xff, 0xff, 0xff,
    0xff, 0xc0, 0x7f, 0xff, 0x51, 0x3d, 0xff, 0xf3,
    0x3, 0x96, 0x0, 0x7, 0xff, 0xf5, 0x0, 0x0,
    0x0, 0x7, 0xff, 0xf4, 0x0, 0x0, 0x0, 0x3e,
    0xff, 0xf0, 0x0, 0x2, 0xce, 0xff, 0xff, 0x50,
    0x0, 0x3, 0xff, 0xff, 0xd4, 0x0, 0x0, 0x3,
    0xff, 0xf4, 0x0, 0x0, 0x0, 0x3, 0xff, 0xf2,
    0x0, 0x0, 0x0, 0x0, 0x0, 0x0, 0x0, 0x0,
    0x0, 0x0, 0x14, 0x10, 0x0, 0x0, 0x0, 0x4,
    0xff, 0xf4, 0x0, 0x0, 0x0, 0x9, 0xff, 0xfa,
    0x0, 0x0, 0x0, 0x8, 0xff, 0xf9, 0x0, 0x0,
    0x0, 0x2, 0xdf, 0xd2, 0x0, 0x0,

    /* U+0040 "@" */
    0x0, 0x0, 0x0, 0x6b, 0xef, 0xfe, 0xc7, 0x10,
    0x0, 0x0, 0x0, 0x0, 0x6e, 0xff, 0xff, 0xff,
    0xff, 0xf8, 0x0, 0x0, 0x0, 0x9, 0xff, 0xe8,
    0x42, 0x23, 0x7d, 0xff, 0xb0, 0x0, 0x0, 0x7f,
    0xf8, 0x0, 0x0, 0x0, 0x0, 0x6f, 0xfa, 0x0,
    0x2, 0xff, 0x70, 0x0, 0x0, 0x0, 0x0, 0x5,
    0xff, 0x40, 0xa, 0xfc, 0x0, 0x1a, 0xfe, 0x77,
    0xff, 0x30, 0xaf, 0xb0, 0xf, 0xf4, 0x0, 0xdf,
    0xff, 0xfb, 0xff, 0x30, 0x4f, 0xf0, 0x4f, 0xf0,
    0x5, 0xff, 0xc4, 0x5e, 0xff, 0x30, 0xf, 0xf3,
    0x6f, 0xc0, 0xa, 0xff, 0x20, 0x7, 0xff, 0x30,
    0xe, 0xf4, 0x8f, 0xb0, 0xb, 0xff, 0x0, 0x7,
    0xff, 0x30, 0xe, 0xf4, 0x8f, 0xb0, 0xc, 0xff,
    0x0, 0x7, 0xff, 0x30, 0xf, 0xf3, 0x7f, 0xc0,
    0xa, 0xff, 0x10, 0x7, 0xff, 0x30, 0x3f, 0xf0,
    0x5f, 0xe0, 0x6, 0xff, 0xa1, 0x2d, 0xff, 0x61,
    0xbf, 0xa0, 0x1f, 0xf3, 0x0, 0xef, 0xff, 0xf8,
    0xff, 0xff, 0xff, 0x20, 0xc, 0xfa, 0x0, 0x2c,
    0xff, 0xa0, 0x4e, 0xff, 0xc2, 0x0, 0x4, 0xff,
    0x50, 0x0, 0x11, 0x0, 0x0, 0x11, 0x0, 0x0,
    0x0, 0xbf, 0xf6, 0x0, 0x0, 0x0, 0x0, 0x0,
    0x0, 0x0, 0x0, 0xc, 0xff, 0xc6, 0x20, 0x0,
    0x0, 0x0, 0x0, 0x0, 0x0, 0x0, 0x9f, 0xff,
    0xff, 0xff, 0xff, 0xf2, 0x0, 0x0, 0x0, 0x0,
    0x2, 0x9d, 0xff, 0xff, 0xff, 0xf2, 0x0, 0x0,
    0x0, 0x0, 0x0, 0x0, 0x1, 0x22, 0x22, 0x20,
    0x0, 0x0,

    /* U+0041 "A" */
    0x0, 0x0, 0x2, 0xff, 0xff, 0xa0, 0x0, 0x0,
    0x0, 0x0, 0x7, 0xff, 0xff, 0xf0, 0x0, 0x0,
    0x0, 0x0, 0xd, 0xff, 0xff, 0xf5, 0x0, 0x0,
    0x0, 0x0, 0x2f, 0xff, 0xdf, 0xfa, 0x0, 0x0,
    0x0, 0x0, 0x7f, 0xfc, 0x7f, 0xfe, 0x0, 0x0,
    0x0, 0x0, 0xcf, 0xf7, 0x3f, 0xff, 0x40, 0x0,
    0x0, 0x1, 0xff, 0xf3, 0xe, 0xff, 0x90, 0x0,
    0x0, 0x6, 0xff, 0xe0, 0x9, 0xff, 0xe0, 0x0,
    0x0, 0xc, 0xff, 0xa0, 0x5, 0xff, 0xf3, 0x0,
    0x0, 0x1f, 0xff, 0x72, 0x22, 0xff, 0xf8, 0x0,
    0x0, 0x6f, 0xff, 0xff, 0xff, 0xff, 0xfd, 0x0,
    0x0, 0xbf, 0xff, 0xff, 0xff, 0xff, 0xff, 0x30,
    0x1, 0xff, 0xff, 0xff, 0xff, 0xff, 0xff, 0x80,
    0x6, 0xff, 0xf3, 0x0, 0x0, 0xe, 0xff, 0xd0,
    0xb, 0xff, 0xe0, 0x0, 0x0, 0x9, 0xff, 0xf2,
    0xf, 0xff, 0x90, 0x0, 0x0, 0x4, 0xff, 0xf7,
    0x5f, 0xff, 0x50, 0x0, 0x0, 0x0, 0xff, 0xfc,

    /* U+0042 "B" */
    0x2f, 0xff, 0xff, 0xff, 0xff, 0xc5, 0x0, 0x2,
    0xff, 0xff, 0xff, 0xff, 0xff, 0xf7, 0x0, 0x2f,
    0xff, 0xff, 0xff, 0xff, 0xff, 0xf1, 0x2, 0xff,
    0xf8, 0x11, 0x12, 0xcf, 0xff, 0x50, 0x2f, 0xff,
    0x80, 0x0, 0x5, 0xff, 0xf6, 0x2, 0xff, 0xf8,
    0x0, 0x0, 0x5f, 0xff, 0x40, 0x2f, 0xff, 0x80,
    0x0, 0x1b, 0xff, 0xe0, 0x2, 0xff, 0xff, 0xff,
    0xff, 0xff, 0xc3, 0x0, 0x2f, 0xff, 0xff, 0xff,
    0xff, 0xd9, 0x20, 0x2, 0xff, 0xff, 0xff, 0xff,
    0xff, 0xff, 0x30, 0x2f, 0xff, 0x80, 0x0, 0x3,
    0xff, 0xfc, 0x2, 0xff, 0xf8, 0x0, 0x0, 0xc,
    0xff, 0xf0, 0x2f, 0xff, 0x80, 0x0, 0x0, 0xcf,
    0xff, 0x2, 0xff, 0xf8, 0x11, 0x11, 0x5f, 0xff,
    0xe0, 0x2f, 0xff, 0xff, 0xff, 0xff, 0xff, 0xf8,
    0x2, 0xff, 0xff, 0xff, 0xff, 0xff, 0xfd, 0x0,
    0x2f, 0xff, 0xff, 0xff, 0xff, 0xe9, 0x0, 0x0,

    /* U+0043 "C" */
    0x0, 0x0, 0x6b, 0xef, 0xfc, 0x71, 0x0, 0x0,
    0x2d, 0xff, 0xff, 0xff, 0xfe, 0x30, 0x1, 0xef,
    0xff, 0xff, 0xff, 0xff, 0xe1, 0xa, 0xff, 0xfd,
    0x64, 0x5c, 0xff, 0xfa, 0x2f, 0xff, 0xd0, 0x0,
    0x0, 0xcf, 0xa2, 0x6f, 0xff, 0x50, 0x0, 0x0,
    0x22, 0x0, 0xaf, 0xff, 0x10, 0x0, 0x0, 0x0,
    0x0, 0xbf, 0xff, 0x10, 0x0, 0x0, 0x0, 0x0,
    0xcf, 0xff, 0x10, 0x0, 0x0, 0x0, 0x0, 0xcf,
    0xff, 0x10, 0x0, 0x0, 0x0, 0x0, 0xaf, 0xff,
    0x10, 0x0, 0x0, 0x0, 0x0, 0x7f, 0xff, 0x50,
    0x0, 0x0, 0x26, 0x0, 0x2f, 0xff, 0xd0, 0x0,
    0x0, 0xbf, 0xd4, 0xb, 0xff, 0xfd, 0x74, 0x6c,
    0xff, 0xfa, 0x2, 0xff, 0xff, 0xff, 0xff, 0xff,
    0xe1, 0x0, 0x3e, 0xff, 0xff, 0xff, 0xfd, 0x20,
    0x0, 0x0, 0x6b, 0xef, 0xfc, 0x70, 0x0,

    /* U+0044 "D" */
    0x2f, 0xff, 0xff, 0xff, 0xea, 0x40, 0x0, 0x2,
    0xff, 0xff, 0xff, 0xff, 0xff, 0xb1, 0x0, 0x2f,
    0xff, 0xff, 0xff, 0xff, 0xff, 0xc0, 0x2, 0xff,
    0xfa, 0x44, 0x47, 0xef, 0xff, 0x70, 0x2f, 0xff,
    0x80, 0x0, 0x2, 0xff, 0xfe, 0x2, 0xff, 0xf8,
    0x0, 0x0, 0x9, 0xff, 0xf3, 0x2f, 0xff, 0x80,
    0x0, 0x0, 0x6f, 0xff, 0x62, 0xff, 0xf8, 0x0,
    0x0, 0x5, 0xff, 0xf7, 0x2f, 0xff, 0x80, 0x0,
    0x0, 0x5f, 0xff, 0x82, 0xff, 0xf8, 0x0, 0x0,
    0x5, 0xff, 0xf7, 0x2f, 0xff, 0x80, 0x0, 0x0,
    0x6f, 0xff, 0x62, 0xff, 0xf8, 0x0, 0x0, 0x9,
    0xff, 0xf3, 0x2f, 0xff, 0x80, 0x0, 0x2, 0xff,
    0xfe, 0x2, 0xff, 0xfa, 0x44, 0x47, 0xef, 0xff,
    0x70, 0x2f, 0xff, 0xff, 0xff, 0xff, 0xff, 0xc0,
    0x2, 0xff, 0xff, 0xff, 0xff, 0xff, 0xb1, 0x0,
    0x2f, 0xff, 0xff, 0xff, 0xea, 0x40, 0x0, 0x0,

    /* U+0045 "E" */
    0x2f, 0xff, 0xff, 0xff, 0xff, 0xff, 0x42, 0xff,
    0xff, 0xff, 0xff, 0xff, 0xf4, 0x2f, 0xff, 0xff,
    0xff, 0xff, 0xff, 0x42, 0xff, 0xfa, 0x44, 0x44,
    0x44, 0x41, 0x2f, 0xff, 0x80, 0x0, 0x0, 0x0,
    0x2, 0xff, 0xf8, 0x0, 0x0, 0x0, 0x0, 0x2f,
    0xff, 0xa4, 0x44, 0x44, 0x40, 0x2, 0xff, 0xff,
    0xff, 0xff, 0xff, 0x20, 0x2f, 0xff, 0xff, 0xff,
    0xff, 0xf2, 0x2, 0xff, 0xff, 0xff, 0xff, 0xff,
    0x20, 0x2f, 0xff, 0x80, 0x0, 0x0, 0x0, 0x2,
    0xff, 0xf8, 0x0, 0x0, 0x0, 0x0, 0x2f, 0xff,
    0x80, 0x0, 0x0, 0x0, 0x2, 0xff, 0xfa, 0x44,
    0x44, 0x44, 0x41, 0x2f, 0xff, 0xff, 0xff, 0xff,
    0xff, 0x42, 0xff, 0xff, 0xff, 0xff, 0xff, 0xf4,
    0x2f, 0xff, 0xff, 0xff, 0xff, 0xff, 0x40,

    /* U+0046 "F" */
    0x2f, 0xff, 0xff, 0xff, 0xff, 0xff, 0x2f, 0xff,
    0xff, 0xff, 0xff, 0xff, 0x2f, 0xff, 0xff, 0xff,
    0xff, 0xff, 0x2f, 0xff, 0xa4, 0x44, 0x44, 0x44,
    0x2f, 0xff, 0x80, 0x0, 0x0, 0x0, 0x2f, 0xff,
    0x80, 0x0, 0x0, 0x0, 0x2f, 0xff, 0xa4, 0x44,
    0x44, 0x30, 0x2f, 0xff, 0xff, 0xff, 0xff, 0xd0,
    0x2f, 0xff, 0xff, 0xff, 0xff, 0xd0, 0x2f, 0xff,
    0xff, 0xff, 0xff, 0xd0, 0x2f, 0xff, 0x80, 0x0,
    0x0, 0x0, 0x2f, 0xff, 0x80, 0x0, 0x0, 0x0,
    0x2f, 0xff, 0x80, 0x0, 0x0, 0x0, 0x2f, 0xff,
    0x80, 0x0, 0x0, 0x0, 0x2f, 0xff, 0x80, 0x0,
    0x0, 0x0, 0x2f, 0xff, 0x80, 0x0, 0x0, 0x0,
    0x2f, 0xff, 0x80, 0x0, 0x0, 0x0,

    /* U+0047 "G" */
    0x0, 0x0, 0x5b, 0xef, 0xfd, 0x82, 0x0, 0x0,
    0x1, 0xcf, 0xff, 0xff, 0xff, 0xf6, 0x0, 0x1,
    0xdf, 0xff, 0xff, 0xff, 0xff, 0xf6, 0x0, 0xaf,
    0xff, 0xd7, 0x45, 0x9f, 0xff, 0xf1, 0x1f, 0xff,
    0xd0, 0x0, 0x0, 0x4f, 0xa2, 0x6, 0xff, 0xf5,
    0x0, 0x0, 0x0, 0x10, 0x0, 0xaf, 0xff, 0x10,
    0x0, 0x0, 0x0, 0x0, 0xb, 0xff, 0xf1, 0x0,
    0xf, 0xff, 0xff, 0xf8, 0xcf, 0xff, 0x10, 0x0,
    0xff, 0xff, 0xff, 0x8c, 0xff, 0xf1, 0x0, 0xf,
    0xff, 0xff, 0xf8, 0xaf, 0xff, 0x10, 0x0, 0x11,
    0x1e, 0xff, 0x87, 0xff, 0xf5, 0x0, 0x0, 0x0,
    0xff, 0xf8, 0x2f, 0xff, 0xd0, 0x0, 0x0, 0x6f,
    0xff, 0x80, 0xbf, 0xff, 0xd7, 0x45, 0xaf, 0xff,
    0xf8, 0x2, 0xff, 0xff, 0xff, 0xff, 0xfc, 0xff,
    0x80, 0x3, 0xef, 0xff, 0xff, 0xfb, 0x8f, 0xf8,
    0x0, 0x1, 0x7d, 0xff, 0xd7, 0x8, 0xff, 0x80,

    /* U+0048 "H" */
    0x2f, 0xff, 0x80, 0x0, 0x0, 0x2f, 0xff, 0x82,
    0xff, 0xf8, 0x0, 0x0, 0x2, 0xff, 0xf8, 0x2f,
    0xff, 0x80, 0x0, 0x0, 0x2f, 0xff, 0x82, 0xff,
    0xf8, 0x0, 0x0, 0x2, 0xff, 0xf8, 0x2f, 0xff,
    0x80, 0x0, 0x0, 0x2f, 0xff, 0x82, 0xff, 0xf8,
    0x0, 0x0, 0x2, 0xff, 0xf8, 0x2f, 0xff, 0xa4,
    0x44, 0x44, 0x5f, 0xff, 0x82, 0xff, 0xff, 0xff,
    0xff, 0xff, 0xff, 0xf8, 0x2f, 0xff, 0xff, 0xff,
    0xff, 0xff, 0xff, 0x82, 0xff, 0xff, 0xff, 0xff,
    0xff, 0xff, 0xf8, 0x2f, 0xff, 0x80, 0x0, 0x0,
    0x2f, 0xff, 0x82, 0xff, 0xf8, 0x0, 0x0, 0x2,
    0xff, 0xf8, 0x2f, 0xff, 0x80, 0x0, 0x0, 0x2f,
    0xff, 0x82, 0xff, 0xf8, 0x0, 0x0, 0x2, 0xff,
    0xf8, 0x2f, 0xff, 0x80, 0x0, 0x0, 0x2f, 0xff,
    0x82, 0xff, 0xf8, 0x0, 0x0, 0x2, 0xff, 0xf8,
    0x2f, 0xff, 0x80, 0x0, 0x0, 0x2f, 0xff, 0x80,

    /* U+0049 "I" */
    0xcf, 0xff, 0xff, 0xff, 0x2c, 0xff, 0xff, 0xff,
    0xf2, 0xbe, 0xff, 0xff, 0xee, 0x20, 0xa, 0xff,
    0xf0, 0x0, 0x0, 0xaf, 0xff, 0x0, 0x0, 0xa,
    0xff, 0xf0, 0x0, 0x0, 0xaf, 0xff, 0x0, 0x0,
    0xa, 0xff, 0xf0, 0x0, 0x0, 0xaf, 0xff, 0x0,
    0x0, 0xa, 0xff, 0xf0, 0x0, 0x0, 0xaf, 0xff,
    0x0, 0x0, 0xa, 0xff, 0xf0, 0x0, 0x0, 0xaf,
    0xff, 0x0, 0x0, 0xa, 0xff, 0xf0, 0x0, 0xbe,
    0xff, 0xff, 0xee, 0x2c, 0xff, 0xff, 0xff, 0xf2,
    0xcf, 0xff, 0xff, 0xff, 0x20,

    /* U+004A "J" */
    0x0, 0x1f, 0xff, 0xff, 0xff, 0xfa, 0x0, 0x1f,
    0xff, 0xff, 0xff, 0xfa, 0x0, 0x1f, 0xff, 0xff,
    0xff, 0xfa, 0x0, 0x0, 0x0, 0x0, 0xff, 0xfa,
    0x0, 0x0, 0x0, 0x0, 0xff, 0xfa, 0x0, 0x0,
    0x0, 0x0, 0xff, 0xfa, 0x0, 0x0, 0x0, 0x0,
    0xff, 0xfa, 0x0, 0x0, 0x0, 0x0, 0xff, 0xfa,
    0x0, 0x0, 0x0, 0x0, 0xff, 0xfa, 0x0, 0x0,
    0x0, 0x0, 0xff, 0xfa, 0x0, 0x0, 0x0, 0x0,
    0xff, 0xfa, 0x0, 0x14, 0x0, 0x0, 0xff, 0xfa,
    0x4e, 0xff, 0x40, 0x1, 0xff, 0xf9, 0x1f, 0xff,
    0xe5, 0x4c, 0xff, 0xf6, 0x9, 0xff, 0xff, 0xff,
    0xff, 0xf1, 0x0, 0xcf, 0xff, 0xff, 0xff, 0x40,
    0x0, 0x7, 0xdf, 0xfe, 0x92, 0x0,

    /* U+004B "K" */
    0x2f, 0xff, 0x80, 0x0, 0x0, 0x9f, 0xff, 0x80,
    0x2f, 0xff, 0x80, 0x0, 0x6, 0xff, 0xfb, 0x0,
    0x2f, 0xff, 0x80, 0x0, 0x3f, 0xff, 0xd0, 0x0,
    0x2f, 0xff, 0x80, 0x1, 0xef, 0xff, 0x20, 0x0,
    0x2f, 0xff, 0x80, 0xb, 0xff, 0xf4, 0x0, 0x0,
    0x2f, 0xff, 0x80, 0x7f, 0xff, 0x70, 0x0, 0x0,
    0x2f, 0xff, 0x83, 0xff, 0xfa, 0x0, 0x0, 0x0,
    0x2f, 0xff, 0x9e, 0xff, 0xf9, 0x0, 0x0, 0x0,
    0x2f, 0xff, 0xff, 0xff, 0xff, 0x30, 0x0, 0x0,
    0x2f, 0xff, 0xff, 0xef, 0xff, 0xc0, 0x0, 0x0,
    0x2f, 0xff, 0xfd, 0x1c, 0xff, 0xf6, 0x0, 0x0,
    0x2f, 0xff, 0xf2, 0x2, 0xff, 0xff, 0x10, 0x0,
    0x2f, 0xff, 0x80, 0x0, 0x9f, 0xff, 0xa0, 0x0,
    0x2f, 0xff, 0x80, 0x0, 0xe, 0xff, 0xf4, 0x0,
    0x2f, 0xff, 0x80, 0x0, 0x6, 0xff, 0xfd, 0x0,
    0x2f, 0xff, 0x80, 0x0, 0x0, 0xcf, 0xff, 0x80,
    0x2f, 0xff, 0x80, 0x0, 0x0, 0x3f, 0xff, 0xf2,

    /* U+004C "L" */
    0x2f, 0xff, 0x80, 0x0, 0x0, 0x2, 0xff, 0xf8,
    0x0, 0x0, 0x0, 0x2f, 0xff, 0x80, 0x0, 0x0,
    0x2, 0xff, 0xf8, 0x0, 0x0, 0x0, 0x2f, 0xff,
    0x80, 0x0, 0x0, 0x2, 0xff, 0xf8, 0x0, 0x0,
    0x0, 0x2f, 0xff, 0x80, 0x0, 0x0, 0x2, 0xff,
    0xf8, 0x0, 0x0, 0x0, 0x2f, 0xff, 0x80, 0x0,
    0x0, 0x2, 0xff, 0xf8, 0x0, 0x0, 0x0, 0x2f,
    0xff, 0x80, 0x0, 0x0, 0x2, 0xff, 0xf8, 0x0,
    0x0, 0x0, 0x2f, 0xff, 0x80, 0x0, 0x0, 0x2,
    0xff, 0xfa, 0x44, 0x44, 0x43, 0x2f, 0xff, 0xff,
    0xff, 0xff, 0xe2, 0xff, 0xff, 0xff, 0xff, 0xfe,
    0x2f, 0xff, 0xff, 0xff, 0xff, 0xe0,

    /* U+004D "M" */
    0x2f, 0xff, 0xe0, 0x0, 0x0, 0x0, 0x5f, 0xff,
    0xd2, 0xff, 0xff, 0x70, 0x0, 0x0, 0xd, 0xff,
    0xfd, 0x2f, 0xff, 0xff, 0x10, 0x0, 0x5, 0xff,
    0xff, 0xd2, 0xff, 0xff, 0xf8, 0x0, 0x0, 0xdf,
    0xff, 0xfd, 0x2f, 0xff, 0xff, 0xf1, 0x0, 0x6f,
    0xff, 0xff, 0xd2, 0xff, 0xff, 0xff, 0x80, 0xd,
    0xff, 0xff, 0xfd, 0x2f, 0xff, 0x8f, 0xff, 0x16,
    0xff, 0xea, 0xff, 0xd2, 0xff, 0xf4, 0xcf, 0xf9,
    0xef, 0xf7, 0xaf, 0xfd, 0x2f, 0xff, 0x44, 0xff,
    0xff, 0xfe, 0xa, 0xff, 0xd2, 0xff, 0xf4, 0xc,
    0xff, 0xff, 0x70, 0xaf, 0xfd, 0x2f, 0xff, 0x40,
    0x3f, 0xff, 0xd0, 0xa, 0xff, 0xd2, 0xff, 0xf4,
    0x0, 0xbf, 0xf5, 0x0, 0xaf, 0xfd, 0x2f, 0xff,
    0x40, 0x2, 0xfc, 0x0, 0xa, 0xff, 0xd2, 0xff,
    0xf4, 0x0, 0xa, 0x40, 0x0, 0xaf, 0xfd, 0x2f,
    0xff, 0x40, 0x0, 0x10, 0x0, 0xa, 0xff, 0xd2,
    0xff, 0xf4, 0x0, 0x0, 0x0, 0x0, 0xaf, 0xfd,
    0x2f, 0xff, 0x40, 0x0, 0x0, 0x0, 0xa, 0xff,
    0xd0,

    /* U+004E "N" */
    0x2f, 0xff, 0xf2, 0x0, 0x0, 0xe, 0xff, 0x82,
    0xff, 0xff, 0xa0, 0x0, 0x0, 0xef, 0xf8, 0x2f,
    0xff, 0xff, 0x40, 0x0, 0xe, 0xff, 0x82, 0xff,
    0xff, 0xfd, 0x0, 0x0, 0xef, 0xf8, 0x2f, 0xff,
    0xff, 0xf6, 0x0, 0xe, 0xff, 0x82, 0xff, 0xfe,
    0xff, 0xe0, 0x0, 0xef, 0xf8, 0x2f, 0xff, 0x7f,
    0xff, 0x80, 0xe, 0xff, 0x82, 0xff, 0xf4, 0xbf,
    0xff, 0x20, 0xef, 0xf8, 0x2f, 0xff, 0x44, 0xff,
    0xfa, 0xe, 0xff, 0x82, 0xff, 0xf4, 0xb, 0xff,
    0xf2, 0xef, 0xf8, 0x2f, 0xff, 0x40, 0x2f, 0xff,
    0x9e, 0xff, 0x82, 0xff, 0xf4, 0x0, 0x9f, 0xff,
    0xff, 0xf8, 0x2f, 0xff, 0x40, 0x1, 0xff, 0xff,
    0xff, 0x82, 0xff, 0xf4, 0x0, 0x7, 0xff, 0xff,
    0xf8, 0x2f, 0xff, 0x40, 0x0, 0xd, 0xff, 0xff,
    0x82, 0xff, 0xf4, 0x0, 0x0, 0x4f, 0xff, 0xf8,
    0x2f, 0xff, 0x40, 0x0, 0x0, 0xbf, 0xff, 0x80,

    /* U+004F "O" */
    0x0, 0x0, 0x6b, 0xef, 0xfc, 0x71, 0x0, 0x0,
    0x2, 0xdf, 0xff, 0xff, 0xff, 0xe4, 0x0, 0x1,
    0xef, 0xff, 0xff, 0xff, 0xff, 0xf3, 0x0, 0xbf,
    0xff, 0xd6, 0x46, 0xcf, 0xff, 0xd0, 0x2f, 0xff,
    0xd0, 0x0, 0x0, 0xbf, 0xff, 0x47, 0xff, 0xf5,
    0x0, 0x0, 0x3, 0xff, 0xf9, 0xaf, 0xff, 0x10,
    0x0, 0x0, 0xf, 0xff, 0xcc, 0xff, 0xf1, 0x0,
    0x0, 0x0, 0xef, 0xfe, 0xcf, 0xff, 0x10, 0x0,
    0x0, 0xe, 0xff, 0xec, 0xff, 0xf1, 0x0, 0x0,
    0x0, 0xef, 0xfe, 0xaf, 0xff, 0x10, 0x0, 0x0,
    0xf, 0xff, 0xc7, 0xff, 0xf5, 0x0, 0x0, 0x3,
    0xff, 0xf9, 0x2f, 0xff, 0xd0, 0x0, 0x0, 0xbf,
    0xff, 0x40, 0xbf, 0xff, 0xd6, 0x46, 0xcf, 0xff,
    0xd0, 0x1, 0xef, 0xff, 0xff, 0xff, 0xff, 0xf3,
    0x0, 0x2, 0xdf, 0xff, 0xff, 0xff, 0xe4, 0x0,
    0x0, 0x0, 0x6b, 0xef, 0xfc, 0x71, 0x0, 0x0,

    /* U+0050 "P" */
    0x2f, 0xff, 0xff, 0xff, 0xff, 0xb4, 0x0, 0x2f,
    0xff, 0xff, 0xff, 0xff, 0xff, 0x60, 0x2f, 0xff,
    0xff, 0xff, 0xff, 0xff, 0xf2, 0x2f, 0xff, 0x93,
    0x33, 0x39, 0xff, 0xf9, 0x2f, 0xff, 0x80, 0x0,
    0x0, 0xff, 0xfc, 0x2f, 0xff, 0x80, 0x0, 0x0,
    0xef, 0xfd, 0x2f, 0xff, 0x80, 0x0, 0x0, 0xff,
    0xfc, 0x2f, 0xff, 0x93, 0x33, 0x39, 0xff, 0xf8,
    0x2f, 0xff, 0xff, 0xff, 0xff, 0xff, 0xf2, 0x2f,
    0xff, 0xff, 0xff, 0xff, 0xff, 0x60, 0x2f, 0xff,
    0xff, 0xff, 0xff, 0xb4, 0x0, 0x2f, 0xff, 0x80,
    0x0, 0x0, 0x0, 0x0, 0x2f, 0xff, 0x80, 0x0,
    0x0, 0x0, 0x0, 0x2f, 0xff, 0x80, 0x0, 0x0,
    0x0, 0x0, 0x2f, 0xff, 0x80, 0x0, 0x0, 0x0,
    0x0, 0x2f, 0xff, 0x80, 0x0, 0x0, 0x0, 0x0,
    0x2f, 0xff, 0x80, 0x0, 0x0, 0x0, 0x0,

    /* U+0051 "Q" */
    0x0, 0x0, 0x6b, 0xef, 0xfc, 0x70, 0x0, 0x0,
    0x2, 0xdf, 0xff, 0xff, 0xff, 0xe3, 0x0, 0x1,
    0xef, 0xff, 0xff, 0xff, 0xff, 0xf2, 0x0, 0x9f,
    0xff, 0xd6, 0x46, 0xcf, 0xff, 0xc0, 0x1f, 0xff,
    0xd1, 0x0, 0x0, 0xcf, 0xff, 0x36, 0xff, 0xf6,
    0x0, 0x0, 0x4, 0xff, 0xf8, 0x9f, 0xff, 0x20,
    0x0, 0x0, 0xf, 0xff, 0xbb, 0xff, 0xf1, 0x0,
    0x0, 0x0, 0xef, 0xfd, 0xcf, 0xff, 0x10, 0x0,
    0x0, 0xe, 0xff, 0xec, 0xff, 0xf1, 0x0, 0x0,
    0x0, 0xef, 0xfe, 0xbf, 0xff, 0x10, 0x0, 0x0,
    0xf, 0xff, 0xd9, 0xff, 0xf3, 0x0, 0x0, 0x0,
    0xff, 0xfb, 0x5f, 0xff, 0x80, 0x0, 0x0, 0x5f,
    0xff, 0x70, 0xff, 0xff, 0x30, 0x0, 0x2e, 0xff,
    0xf2, 0x8, 0xff, 0xff, 0xb9, 0xaf, 0xff, 0xfa,
    0x0, 0xc, 0xff, 0xff, 0xff, 0xff, 0xfd, 0x10,
    0x0, 0xa, 0xff, 0xff, 0xff, 0xfc, 0x10, 0x0,
    0x0, 0x3, 0x8f, 0xff, 0xb4, 0x0, 0x0, 0x0,
    0x0, 0x0, 0xff, 0xf7, 0x0, 0x0, 0x0, 0x0,
    0x0, 0xd, 0xff, 0xff, 0xf0, 0x0, 0x0, 0x0,
    0x0, 0x7f, 0xff, 0xff, 0x0, 0x0, 0x0, 0x0,
    0x0, 0x7d, 0xff, 0xf0, 0x0,

    /* U+0052 "R" */
    0x2f, 0xff, 0xff, 0xff, 0xff, 0xb4, 0x0, 0x2,
    0xff, 0xff, 0xff, 0xff, 0xff, 0xf6, 0x0, 0x2f,
    0xff, 0xff, 0xff, 0xff, 0xff, 0xf2, 0x2, 0xff,
    0xf9, 0x33, 0x33, 0x9f, 0xff, 0x90, 0x2f, 0xff,
    0x80, 0x0, 0x0, 0xff, 0xfc, 0x2, 0xff, 0xf8,
    0x0, 0x0, 0xe, 0xff, 0xd0, 0x2f, 0xff, 0x80,
    0x0, 0x0, 0xff, 0xfc, 0x2, 0xff, 0xf8, 0x11,
    0x11, 0x8f, 0xff, 0x90, 0x2f, 0xff, 0xff, 0xff,
    0xff, 0xff, 0xf2, 0x2, 0xff, 0xff, 0xff, 0xff,
    0xff, 0xf6, 0x0, 0x2f, 0xff, 0xff, 0xff, 0xff,
    0xf3, 0x0, 0x2, 0xff, 0xf8, 0x0, 0xaf, 0xff,
    0x40, 0x0, 0x2f, 0xff, 0x80, 0x2, 0xff, 0xfc,
    0x0, 0x2, 0xff, 0xf8, 0x0, 0xa, 0xff, 0xf5,
    0x0, 0x2f, 0xff, 0x80, 0x0, 0x2f, 0xff, 0xd0,
    0x2, 0xff, 0xf8, 0x0, 0x0, 0xbf, 0xff, 0x50,
    0x2f, 0xff, 0x80, 0x0, 0x3, 0xff, 0xfd, 0x0,

    /* U+0053 "S" */
    0x0, 0x0, 0x6c, 0xef, 0xfd, 0x92, 0x0, 0x0,
    0x2d, 0xff, 0xff, 0xff, 0xff, 0x80, 0x0, 0xdf,
    0xff, 0xff, 0xff, 0xff, 0xf3, 0x5, 0xff, 0xfc,
    0x54, 0x5a, 0xff, 0x60, 0x8, 0xff, 0xf2, 0x0,
    0x0, 0x46, 0x0, 0x8, 0xff, 0xf3, 0x0, 0x0,
    0x0, 0x0, 0x5, 0xff, 0xfe, 0x85, 0x30, 0x0,
    0x0, 0x0, 0xdf, 0xff, 0xff, 0xff, 0xb4, 0x0,
    0x0, 0x2d, 0xff, 0xff, 0xff, 0xff, 0x90, 0x0,
    0x0, 0x59, 0xdf, 0xff, 0xff, 0xf5, 0x0, 0x0,
    0x0, 0x0, 0x17, 0xff, 0xfa, 0x0, 0x0, 0x0,
    0x0, 0x0, 0xef, 0xfc, 0x0, 0x5c, 0x20, 0x0,
    0x0, 0xff, 0xfb, 0x5, 0xff, 0xf9, 0x54, 0x5c,
    0xff, 0xf7, 0xc, 0xff, 0xff, 0xff, 0xff, 0xff,
    0xe1, 0x0, 0x9f, 0xff, 0xff, 0xff, 0xfe, 0x30,
    0x0, 0x3, 0x9d, 0xff, 0xec, 0x70, 0x0,

    /* U+0054 "T" */
    0x5f, 0xff, 0xff, 0xff, 0xff, 0xff, 0xf6, 0x5f,
    0xff, 0xff, 0xff, 0xff, 0xff, 0xf6, 0x5f, 0xff,
    0xff, 0xff, 0xff, 0xff, 0xf6, 0x14, 0x44, 0x4d,
    0xff, 0xe4, 0x44, 0x41, 0x0, 0x0, 0xd, 0xff,
    0xd0, 0x0, 0x0, 0x0, 0x0, 0xd, 0xff, 0xd0,
    0x0, 0x0, 0x0, 0x0, 0xd, 0xff, 0xd0, 0x0,
    0x0, 0x0, 0x0, 0xd, 0xff, 0xd0, 0x0, 0x0,
    0x0, 0x0, 0xd, 0xff, 0xd0, 0x0, 0x0, 0x0,
    0x0, 0xd, 0xff, 0xd0, 0x0, 0x0, 0x0, 0x0,
    0xd, 0xff, 0xd0, 0x0, 0x0, 0x0, 0x0, 0xd,
    0xff, 0xd0, 0x0, 0x0, 0x0, 0x0, 0xd, 0xff,
    0xd0, 0x0, 0x0, 0x0, 0x0, 0xd, 0xff, 0xd0,
    0x0, 0x0, 0x0, 0x0, 0xd, 0xff, 0xd0, 0x0,
    0x0, 0x0, 0x0, 0xd, 0xff, 0xd0, 0x0, 0x0,
    0x0, 0x0, 0xd, 0xff, 0xd0, 0x0, 0x0,

    /* U+0055 "U" */
    0x4f, 0xff, 0x40, 0x0, 0x0, 0xaf, 0xfe, 0x4f,
    0xff, 0x40, 0x0, 0x0, 0xaf, 0xfe, 0x4f, 0xff,
    0x40, 0x0, 0x0, 0xaf, 0xfe, 0x4f, 0xff, 0x40,
    0x0, 0x0, 0xaf, 0xfe, 0x4f, 0xff, 0x40, 0x0,
    0x0, 0xaf, 0xfe, 0x4f, 0xff, 0x40, 0x0, 0x0,
    0xaf, 0xfe, 0x4f, 0xff, 0x40, 0x0, 0x0, 0xaf,
    0xfe, 0x4f, 0xff, 0x40, 0x0, 0x0, 0xaf, 0xfe,
    0x4f, 0xff, 0x40, 0x0, 0x0, 0xaf, 0xfe, 0x4f,
    0xff, 0x40, 0x0, 0x0, 0xaf, 0xfe, 0x3f, 0xff,
    0x40, 0x0, 0x0, 0xaf, 0xfe, 0x2f, 0xff, 0x60,
    0x0, 0x0, 0xcf, 0xfd, 0xf, 0xff, 0xc0, 0x0,
    0x2, 0xff, 0xfa, 0xb, 0xff, 0xfb, 0x54, 0x7e,
    0xff, 0xf6, 0x4, 0xff, 0xff, 0xff, 0xff, 0xff,
    0xe0, 0x0, 0x8f, 0xff, 0xff, 0xff, 0xfe, 0x30,
    0x0, 0x3, 0xad, 0xff, 0xfc, 0x81, 0x0,

    /* U+0056 "V" */
    0x7f, 0xff, 0x20, 0x0, 0x0, 0x7, 0xff, 0xf1,
    0x2f, 0xff, 0x70, 0x0, 0x0, 0xc, 0xff, 0xc0,
    0xd, 0xff, 0xc0, 0x0, 0x0, 0x1f, 0xff, 0x70,
    0x8, 0xff, 0xf1, 0x0, 0x0, 0x6f, 0xff, 0x20,
    0x3, 0xff, 0xf6, 0x0, 0x0, 0xbf, 0xfd, 0x0,
    0x0, 0xef, 0xfb, 0x0, 0x0, 0xff, 0xf8, 0x0,
    0x0, 0x9f, 0xff, 0x0, 0x4, 0xff, 0xf2, 0x0,
    0x0, 0x4f, 0xff, 0x50, 0x9, 0xff, 0xd0, 0x0,
    0x0, 0xf, 0xff, 0x90, 0xe, 0xff, 0x80, 0x0,
    0x0, 0xa, 0xff, 0xd0, 0x2f, 0xff, 0x30, 0x0,
    0x0, 0x5, 0xff, 0xf1, 0x5f, 0xfe, 0x0, 0x0,
    0x0, 0x0, 0xff, 0xf5, 0x9f, 0xf9, 0x0, 0x0,
    0x0, 0x0, 0xbf, 0xf9, 0xdf, 0xf4, 0x0, 0x0,
    0x0, 0x0, 0x6f, 0xfe, 0xff, 0xe0, 0x0, 0x0,
    0x0, 0x0, 0x1f, 0xff, 0xff, 0x90, 0x0, 0x0,
    0x0, 0x0, 0xb, 0xff, 0xff, 0x40, 0x0, 0x0,
    0x0, 0x0, 0x6, 0xff, 0xff, 0x0, 0x0, 0x0,

    /* U+0057 "W" */
    0x3f, 0xff, 0x60, 0x0, 0x5, 0xff, 0xfd, 0x0,
    0x0, 0xe, 0xff, 0x80, 0xff, 0xf9, 0x0, 0x0,
    0x9f, 0xff, 0xf1, 0x0, 0x1, 0xff, 0xf5, 0xb,
    0xff, 0xc0, 0x0, 0xd, 0xff, 0xff, 0x40, 0x0,
    0x4f, 0xff, 0x10, 0x8f, 0xff, 0x0, 0x0, 0xff,
    0xff, 0xf8, 0x0, 0x7, 0xff, 0xd0, 0x4, 0xff,
    0xf2, 0x0, 0x4f, 0xfb, 0xff, 0xc0, 0x0, 0xaf,
    0xfa, 0x0, 0x1f, 0xff, 0x50, 0x8, 0xff, 0x5f,
    0xff, 0x0, 0xe, 0xff, 0x60, 0x0, 0xdf, 0xf8,
    0x0, 0xbf, 0xf1, 0xcf, 0xf3, 0x1, 0xff, 0xf2,
    0x0, 0xa, 0xff, 0xb0, 0xf, 0xfd, 0x9, 0xff,
    0x70, 0x4f, 0xfe, 0x0, 0x0, 0x6f, 0xfe, 0x2,
    0xff, 0x90, 0x5f, 0xfa, 0x7, 0xff, 0xb0, 0x0,
    0x2, 0xff, 0xf2, 0x6f, 0xf6, 0x1, 0xff, 0xe0,
    0xaf, 0xf7, 0x0, 0x0, 0xf, 0xff, 0x5a, 0xff,
    0x20, 0xe, 0xff, 0x1d, 0xff, 0x40, 0x0, 0x0,
    0xbf, 0xf8, 0xdf, 0xe0, 0x0, 0xaf, 0xf5, 0xff,
    0xf0, 0x0, 0x0, 0x8, 0xff, 0xcf, 0xfb, 0x0,
    0x6, 0xff, 0xcf, 0xfc, 0x0, 0x0, 0x0, 0x4f,
    0xff, 0xff, 0x70, 0x0, 0x3f, 0xff, 0xff, 0x90,
    0x0, 0x0, 0x1, 0xff, 0xff, 0xf3, 0x0, 0x0,
    0xff, 0xff, 0xf5, 0x0, 0x0, 0x0, 0xd, 0xff,
    0xff, 0x0, 0x0, 0xb, 0xff, 0xff, 0x10, 0x0,
    0x0, 0x0, 0xaf, 0xff, 0xc0, 0x0, 0x0, 0x8f,
    0xff, 0xe0, 0x0, 0x0,

    /* U+0058 "X" */
    0x1f, 0xff, 0xf3, 0x0, 0x0, 0xb, 0xff, 0xf3,
    0x6, 0xff, 0xfb, 0x0, 0x0, 0x5f, 0xff, 0x80,
    0x0, 0xcf, 0xff, 0x40, 0x0, 0xdf, 0xfe, 0x0,
    0x0, 0x3f, 0xff, 0xd0, 0x7, 0xff, 0xf4, 0x0,
    0x0, 0x8, 0xff, 0xf7, 0x1f, 0xff, 0xa0, 0x0,
    0x0, 0x0, 0xef, 0xfe, 0xaf, 0xff, 0x10, 0x0,
    0x0, 0x0, 0x4f, 0xff, 0xff, 0xf6, 0x0, 0x0,
    0x0, 0x0, 0xa, 0xff, 0xff, 0xc0, 0x0, 0x0,
    0x0, 0x0, 0x7, 0xff, 0xff, 0x70, 0x0, 0x0,
    0x0, 0x0, 0x1f, 0xff, 0xff, 0xf1, 0x0, 0x0,
    0x0, 0x0, 0xaf, 0xff, 0xff, 0xfb, 0x0, 0x0,
    0x0, 0x4, 0xff, 0xf6, 0xaf, 0xff, 0x50, 0x0,
    0x0, 0xd, 0xff, 0xd0, 0x1f, 0xff, 0xe0, 0x0,
    0x0, 0x7f, 0xff, 0x40, 0x7, 0xff, 0xf9, 0x0,
    0x1, 0xff, 0xfb, 0x0, 0x0, 0xdf, 0xff, 0x30,
    0xb, 0xff, 0xf2, 0x0, 0x0, 0x5f, 0xff, 0xd0,
    0x4f, 0xff, 0x90, 0x0, 0x0, 0xb, 0xff, 0xf7,

    /* U+0059 "Y" */
    0x8f, 0xff, 0x80, 0x0, 0x0, 0xd, 0xff, 0xf1,
    0xe, 0xff, 0xf1, 0x0, 0x0, 0x5f, 0xff, 0x80,
    0x6, 0xff, 0xfa, 0x0, 0x0, 0xdf, 0xfe, 0x0,
    0x0, 0xdf, 0xff, 0x20, 0x6, 0xff, 0xf6, 0x0,
    0x0, 0x4f, 0xff, 0xb0, 0xe, 0xff, 0xd0, 0x0,
    0x0, 0xb, 0xff, 0xf3, 0x6f, 0xff, 0x40, 0x0,
    0x0, 0x3, 0xff, 0xfc, 0xef, 0xfc, 0x0, 0x0,
    0x0, 0x0, 0xaf, 0xff, 0xff, 0xf3, 0x0, 0x0,
    0x0, 0x0, 0x1f, 0xff, 0xff, 0xa0, 0x0, 0x0,
    0x0, 0x0, 0x8, 0xff, 0xff, 0x10, 0x0, 0x0,
    0x0, 0x0, 0x1, 0xff, 0xfa, 0x0, 0x0, 0x0,
    0x0, 0x0, 0x0, 0xff, 0xfa, 0x0, 0x0, 0x0,
    0x0, 0x0, 0x0, 0xff, 0xfa, 0x0, 0x0, 0x0,
    0x0, 0x0, 0x0, 0xff, 0xfa, 0x0, 0x0, 0x0,
    0x0, 0x0, 0x0, 0xff, 0xfa, 0x0, 0x0, 0x0,
    0x0, 0x0, 0x0, 0xff, 0xfa, 0x0, 0x0, 0x0,
    0x0, 0x0, 0x0, 0xff, 0xfa, 0x0, 0x0, 0x0,

    /* U+005A "Z" */
    0xa, 0xff, 0xff, 0xff, 0xff, 0xff, 0xf7, 0xa,
    0xff, 0xff, 0xff, 0xff, 0xff, 0xf7, 0xa, 0xff,
    0xff, 0xff, 0xff, 0xff, 0xf7, 0x2, 0x44, 0x44,
    0x44, 0x5f, 0xff, 0xf3, 0x0, 0x0, 0x0, 0x0,
    0xcf, 0xff, 0x70, 0x0, 0x0, 0x0, 0x9, 0xff,
    0xfa, 0x0, 0x0, 0x0, 0x0, 0x5f, 0xff, 0xd0,
    0x0, 0x0, 0x0, 0x3, 0xff, 0xff, 0x20, 0x0,
    0x0, 0x0, 0x1d, 0xff, 0xf4, 0x0, 0x0, 0x0,
    0x0, 0xbf, 0xff, 0x80, 0x0, 0x0, 0x0, 0x8,
    0xff, 0xfb, 0x0, 0x0, 0x0, 0x0, 0x4f, 0xff,
    0xd1, 0x0, 0x0, 0x0, 0x2, 0xff, 0xff, 0x20,
    0x0, 0x0, 0x0, 0xd, 0xff, 0xf9, 0x44, 0x44,
    0x44, 0x42, 0x1f, 0xff, 0xff, 0xff, 0xff, 0xff,
    0xfa, 0x1f, 0xff, 0xff, 0xff, 0xff, 0xff, 0xfa,
    0x1f, 0xff, 0xff, 0xff, 0xff, 0xff, 0xfa,

    /* U+005B "[" */
    0x2f, 0xff, 0xfd, 0x2f, 0xff, 0xfd, 0x2f, 0xff,
    0x96, 0x2f, 0xff, 0x20, 0x2f, 0xff, 0x20, 0x2f,
    0xff, 0x20, 0x2f, 0xff, 0x20, 0x2f, 0xff, 0x20,
    0x2f, 0xff, 0x20, 0x2f, 0xff, 0x20, 0x2f, 0xff,
    0x20, 0x2f, 0xff, 0x20, 0x2f, 0xff, 0x20, 0x2f,
    0xff, 0x20, 0x2f, 0xff, 0x20, 0x2f, 0xff, 0x20,
    0x2f, 0xff, 0x20, 0x2f, 0xff, 0x20, 0x2f, 0xff,
    0x20, 0x2f, 0xff, 0xfd, 0x2f, 0xff, 0xfd, 0x18,
    0x88, 0x86,

    /* U+005C "\\" */
    0xf, 0xff, 0x0, 0x0, 0x0, 0x0, 0xaf, 0xf4,
    0x0, 0x0, 0x0, 0x4, 0xff, 0xa0, 0x0, 0x0,
    0x0, 0xf, 0xfe, 0x0, 0x0, 0x0, 0x0, 0xaf,
    0xf4, 0x0, 0x0, 0x0, 0x5, 0xff, 0xa0, 0x0,
    0x0, 0x0, 0xf, 0xfe, 0x0, 0x0, 0x0, 0x0,
    0xaf, 0xf4, 0x0, 0x0, 0x0, 0x5, 0xff, 0x90,
    0x0, 0x0, 0x0, 0xf, 0xfe, 0x0, 0x0, 0x0,
    0x0, 0xaf, 0xf4, 0x0, 0x0, 0x0, 0x5, 0xff,
    0x90, 0x0, 0x0, 0x0, 0xf, 0xfe, 0x0, 0x0,
    0x0, 0x0, 0xaf, 0xf4, 0x0, 0x0, 0x0, 0x5,
    0xff, 0x90, 0x0, 0x0, 0x0, 0xf, 0xfe, 0x0,
    0x0, 0x0, 0x0, 0xaf, 0xf4, 0x0, 0x0, 0x0,
    0x5, 0xff, 0x90, 0x0, 0x0, 0x0, 0xf, 0xfe,
    0x0, 0x0, 0x0, 0x0, 0xaf, 0xf4, 0x0, 0x0,
    0x0, 0x5, 0xff, 0x90, 0x0, 0x0, 0x0, 0x8,
    0x86,

    /* U+005D "]" */
    0xcf, 0xff, 0xf2, 0xcf, 0xff, 0xf2, 0x69, 0xff,
    0xf2, 0x2, 0xff, 0xf2, 0x2, 0xff, 0xf2, 0x2,
    0xff, 0xf2, 0x2, 0xff, 0xf2, 0x2, 0xff, 0xf2,
    0x2, 0xff, 0xf2, 0x2, 0xff, 0xf2, 0x2, 0xff,
    0xf2, 0x2, 0xff, 0xf2, 0x2, 0xff, 0xf2, 0x2,
    0xff, 0xf2, 0x2, 0xff, 0xf2, 0x2, 0xff, 0xf2,
    0x2, 0xff, 0xf2, 0x2, 0xff, 0xf2, 0x2, 0xff,
    0xf2, 0xcf, 0xff, 0xf2, 0xcf, 0xff, 0xf2, 0x68,
    0x88, 0x81,

    /* U+005E "^" */
    0x0, 0x0, 0x7f, 0xfe, 0x0, 0x0, 0x0, 0x0,
    0x1e, 0xff, 0xf7, 0x0, 0x0, 0x0, 0x8, 0xff,
    0xff, 0xf1, 0x0, 0x0, 0x1, 0xff, 0xff, 0xff,
    0x90, 0x0, 0x0, 0xaf, 0xfb, 0x7f, 0xff, 0x20,
    0x0, 0x3f, 0xff, 0x30, 0xef, 0xfa, 0x0, 0xb,
    0xff, 0xa0, 0x6, 0xff, 0xf2, 0x4, 0xff, 0xf2,
    0x0, 0xd, 0xff, 0xb0, 0xcf, 0xf9, 0x0, 0x0,
    0x5f, 0xff, 0x31, 0x9f, 0x10, 0x0, 0x0, 0xcb,
    0x40, 0x0, 0x0, 0x0, 0x0, 0x0, 0x0, 0x0,

    /* U+005F "_" */
    0x4f, 0xff, 0xff, 0xff, 0xff, 0xff, 0x94, 0xff,
    0xff, 0xff, 0xff, 0xff, 0xfa, 0x4f, 0xff, 0xff,
    0xff, 0xff, 0xff, 0xa0,

    /* U+0060 "`" */
    0x0, 0x37, 0x0, 0x2b, 0xff, 0x20, 0xc, 0xff,
    0xb0, 0x2, 0xef, 0xf3, 0x0, 0x5f, 0xfb, 0x0,
    0x8, 0xa2,

    /* U+0061 "a" */
    0x0, 0x7, 0xcf, 0xfe, 0xb6, 0x0, 0x0, 0x1d,
    0xff, 0xff, 0xff, 0xfa, 0x0, 0x6, 0xff, 0xfd,
    0xdf, 0xff, 0xf5, 0x0, 0x5, 0xc2, 0x0, 0x2f,
    0xff, 0xa0, 0x0, 0x0, 0x0, 0x0, 0xcf, 0xfc,
    0x0, 0x2, 0x9d, 0xff, 0xff, 0xff, 0xc0, 0x4,
    0xff, 0xff, 0xff, 0xff, 0xfc, 0x0, 0xdf, 0xfc,
    0x20, 0xc, 0xff, 0xc0, 0x2f, 0xff, 0x60, 0x0,
    0xcf, 0xfc, 0x2, 0xff, 0xf7, 0x0, 0x1f, 0xff,
    0xc0, 0xf, 0xff, 0xf9, 0x8e, 0xdf, 0xff, 0xb0,
    0x7f, 0xff, 0xff, 0xe3, 0xff, 0xff, 0x0, 0x7d,
    0xff, 0xa2, 0x6, 0xef, 0xf0,

    /* U+0062 "b" */
    0x5f, 0xff, 0x30, 0x0, 0x0, 0x0, 0x5, 0xff,
    0xf3, 0x0, 0x0, 0x0, 0x0, 0x5f, 0xff, 0x30,
    0x0, 0x0, 0x0, 0x5, 0xff, 0xf3, 0x0, 0x0,
    0x0, 0x0, 0x5f, 0xff, 0x30, 0x0, 0x0, 0x0,
    0x5, 0xff, 0xf3, 0x4c, 0xfe, 0xb2, 0x0, 0x5f,
    0xff, 0x7f, 0xff, 0xff, 0xf3, 0x5, 0xff, 0xfe,
    0xfe, 0xff, 0xff, 0xc0, 0x5f, 0xff, 0xb1, 0x2,
    0xdf, 0xff, 0x25, 0xff, 0xf3, 0x0, 0x4, 0xff,
    0xf6, 0x5f, 0xff, 0x30, 0x0, 0x2f, 0xff, 0x85,
    0xff, 0xf3, 0x0, 0x2, 0xff, 0xf8, 0x5f, 0xff,
    0x30, 0x0, 0x2f, 0xff, 0x85, 0xff, 0xf3, 0x0,
    0x4, 0xff, 0xf6, 0x5f, 0xff, 0xb1, 0x2, 0xdf,
    0xff, 0x25, 0xff, 0xfe, 0xfe, 0xff, 0xff, 0xc0,
    0x5f, 0xff, 0x7f, 0xff, 0xff, 0xf3, 0x5, 0xff,
    0xf3, 0x4c, 0xfe, 0xb2, 0x0,

    /* U+0063 "c" */
    0x0, 0x3, 0xae, 0xff, 0xc6, 0x0, 0x0, 0x5f,
    0xff, 0xff, 0xff, 0xa0, 0x2, 0xff, 0xff, 0xde,
    0xff, 0xf6, 0xa, 0xff, 0xf3, 0x0, 0xaf, 0xd5,
    0xe, 0xff, 0xa0, 0x0, 0x14, 0x0, 0x1f, 0xff,
    0x90, 0x0, 0x0, 0x0, 0x2f, 0xff, 0x90, 0x0,
    0x0, 0x0, 0x1f, 0xff, 0x90, 0x0, 0x0, 0x0,
    0xe, 0xff, 0xa0, 0x0, 0x7, 0x10, 0xa, 0xff,
    0xf3, 0x0, 0xaf, 0xf8, 0x2, 0xff, 0xff, 0xef,
    0xff, 0xf6, 0x0, 0x5f, 0xff, 0xff, 0xff, 0xa0,
    0x0, 0x2, 0xae, 0xff, 0xc5, 0x0,

    /* U+0064 "d" */
    0x0, 0x0, 0x0, 0x0, 0x9f, 0xff, 0x0, 0x0,
    0x0, 0x0, 0x9f, 0xff, 0x0, 0x0, 0x0, 0x0,
    0x9f, 0xff, 0x0, 0x0, 0x0, 0x0, 0x9f, 0xff,
    0x0, 0x0, 0x0, 0x0, 0x9f, 0xff, 0x0, 0x6d,
    0xfe, 0x91, 0x9f, 0xff, 0x9, 0xff, 0xff, 0xfc,
    0xaf, 0xff, 0x3f, 0xff, 0xff, 0xff, 0xef, 0xff,
    0x9f, 0xff, 0x80, 0x4, 0xff, 0xff, 0xcf, 0xfe,
    0x0, 0x0, 0xaf, 0xff, 0xef, 0xfb, 0x0, 0x0,
    0x9f, 0xff, 0xff, 0xfb, 0x0, 0x0, 0x9f, 0xff,
    0xef, 0xfb, 0x0, 0x0, 0x9f, 0xff, 0xcf, 0xfe,
    0x0, 0x0, 0xaf, 0xff, 0x9f, 0xff, 0x80, 0x4,
    0xff, 0xff, 0x3f, 0xff, 0xff, 0xff, 0xef, 0xff,
    0x8, 0xff, 0xff, 0xfd, 0xaf, 0xff, 0x0, 0x6d,
    0xff, 0x91, 0x9f, 0xff,

    /* U+0065 "e" */
    0x0, 0x2, 0x9e, 0xff, 0xc7, 0x0, 0x0, 0x5,
    0xff, 0xff, 0xff, 0xfd, 0x10, 0x2, 0xff, 0xff,
    0xab, 0xff, 0xfa, 0x0, 0x9f, 0xfe, 0x10, 0x6,
    0xff, 0xf2, 0xe, 0xff, 0x90, 0x0, 0x1f, 0xff,
    0x71, 0xff, 0xff, 0xff, 0xff, 0xff, 0xf9, 0x2f,
    0xff, 0xff, 0xff, 0xff, 0xff, 0xa1, 0xff, 0xfa,
    0x33, 0x33, 0x33, 0x31, 0xe, 0xff, 0xb0, 0x0,
    0x0, 0x20, 0x0, 0x9f, 0xff, 0x50, 0x0, 0x9f,
    0x20, 0x2, 0xff, 0xff, 0xed, 0xff, 0xfd, 0x0,
    0x4, 0xff, 0xff, 0xff, 0xff, 0x80, 0x0, 0x2,
    0x9d, 0xff, 0xd9, 0x30, 0x0,

    /* U+0066 "f" */
    0x0, 0x4, 0xcf, 0xff, 0x50, 0x3, 0xff, 0xff,
    0xf5, 0x0, 0x9f, 0xff, 0xcc, 0x40, 0xb, 0xff,
    0xd0, 0x0, 0x0, 0xbf, 0xfd, 0x0, 0x8, 0xff,
    0xff, 0xff, 0xf5, 0x8f, 0xff, 0xff, 0xff, 0x56,
    0xcf, 0xff, 0xfc, 0xc4, 0x0, 0xbf, 0xfd, 0x0,
    0x0, 0xb, 0xff, 0xd0, 0x0, 0x0, 0xbf, 0xfd,
    0x0, 0x0, 0xb, 0xff, 0xd0, 0x0, 0x0, 0xbf,
    0xfd, 0x0, 0x0, 0xb, 0xff, 0xd0, 0x0, 0x0,
    0xbf, 0xfd, 0x0, 0x0, 0xb, 0xff, 0xd0, 0x0,
    0x0, 0xbf, 0xfd, 0x0, 0x0, 0xb, 0xff, 0xd0,
    0x0,

    /* U+0067 "g" */
    0x0, 0x0, 0x0, 0x0, 0xb, 0xff, 0x90, 0x0,
    0x0, 0x0, 0x0, 0x4f, 0xff, 0x90, 0x0, 0x6,
    0xce, 0xff, 0xdf, 0xaa, 0x60, 0x0, 0xcf, 0xff,
    0xff, 0xff, 0xb0, 0x0, 0x7, 0xff, 0xf8, 0x68,
    0xff, 0xf8, 0x0, 0xc, 0xff, 0x90, 0x0, 0x7f,
    0xfd, 0x0, 0xd, 0xff, 0x70, 0x0, 0x6f, 0xfe,
    0x0, 0xa, 0xff, 0xd3, 0x2, 0xcf, 0xfc, 0x0,
    0x2, 0xff, 0xff, 0xff, 0xff, 0xf4, 0x0, 0x0,
    0x3e, 0xff, 0xff, 0xfd, 0x50, 0x0, 0x3, 0xde,
    0x24, 0x54, 0x20, 0x0, 0x0, 0xd, 0xfe, 0x20,
    0x0, 0x0, 0x0, 0x0, 0xe, 0xff, 0xff, 0xff,
    0xff, 0xe8, 0x0, 0x6, 0xff, 0xff, 0xff, 0xff,
    0xff, 0xb0, 0x1, 0x9f, 0xff, 0xff, 0xff, 0xff,
    0xf2, 0x1e, 0xf7, 0x0, 0x0, 0x5, 0xff, 0xf4,
    0x6f, 0xf5, 0x0, 0x0, 0x1, 0xff, 0xf3, 0x6f,
    0xfe, 0x86, 0x55, 0x7d, 0xff, 0xe0, 0xd, 0xff,
    0xff, 0xff, 0xff, 0xff, 0x40, 0x0, 0x7c, 0xef,
    0xff, 0xec, 0x81, 0x0,

    /* U+0068 "h" */
    0x5f, 0xff, 0x30, 0x0, 0x0, 0x0, 0x5f, 0xff,
    0x30, 0x0, 0x0, 0x0, 0x5f, 0xff, 0x30, 0x0,
    0x0, 0x0, 0x5f, 0xff, 0x30, 0x0, 0x0, 0x0,
    0x5f, 0xff, 0x30, 0x0, 0x0, 0x0, 0x5f, 0xff,
    0x33, 0xcf, 0xfa, 0x10, 0x5f, 0xff, 0x6f, 0xff,
    0xff, 0xd0, 0x5f, 0xff, 0xef, 0xef, 0xff, 0xf6,
    0x5f, 0xff, 0xb1, 0x3, 0xff, 0xfa, 0x5f, 0xff,
    0x30, 0x0, 0xdf, 0xfc, 0x5f, 0xff, 0x30, 0x0,
    0xcf, 0xfc, 0x5f, 0xff, 0x30, 0x0, 0xcf, 0xfc,
    0x5f, 0xff, 0x30, 0x0, 0xcf, 0xfc, 0x5f, 0xff,
    0x30, 0x0, 0xcf, 0xfc, 0x5f, 0xff, 0x30, 0x0,
    0xcf, 0xfc, 0x5f, 0xff, 0x30, 0x0, 0xcf, 0xfc,
    0x5f, 0xff, 0x30, 0x0, 0xcf, 0xfc, 0x5f, 0xff,
    0x30, 0x0, 0xcf, 0xfc,

    /* U+0069 "i" */
    0x2d, 0xfc, 0x19, 0xff, 0xf7, 0x9f, 0xff, 0x73,
    0xef, 0xd1, 0x0, 0x0, 0x5, 0xff, 0xf3, 0x5f,
    0xff, 0x35, 0xff, 0xf3, 0x5f, 0xff, 0x35, 0xff,
    0xf3, 0x5f, 0xff, 0x35, 0xff, 0xf3, 0x5f, 0xff,
    0x35, 0xff, 0xf3, 0x5f, 0xff, 0x35, 0xff, 0xf3,
    0x5f, 0xff, 0x35, 0xff, 0xf3,

    /* U+006A "j" */
    0x0, 0x2d, 0xfc, 0x10, 0x9, 0xff, 0xf7, 0x0,
    0x9f, 0xff, 0x70, 0x3, 0xef, 0xd1, 0x0, 0x0,
    0x0, 0x0, 0x5, 0xff, 0xf3, 0x0, 0x5f, 0xff,
    0x30, 0x5, 0xff, 0xf3, 0x0, 0x5f, 0xff, 0x30,
    0x5, 0xff, 0xf3, 0x0, 0x5f, 0xff, 0x30, 0x5,
    0xff, 0xf3, 0x0, 0x5f, 0xff, 0x30, 0x5, 0xff,
    0xf3, 0x0, 0x5f, 0xff, 0x30, 0x5, 0xff, 0xf3,
    0x0, 0x5f, 0xff, 0x30, 0x5, 0xff, 0xf3, 0x0,
    0x5f, 0xff, 0x30, 0x5, 0xff, 0xf3, 0x2c, 0xdf,
    0xff, 0x13, 0xff, 0xff, 0xb0, 0x3f, 0xfe, 0xa1,
    0x0,

    /* U+006B "k" */
    0x5f, 0xff, 0x30, 0x0, 0x0, 0x0, 0x5, 0xff,
    0xf3, 0x0, 0x0, 0x0, 0x0, 0x5f, 0xff, 0x30,
    0x0, 0x0, 0x0, 0x5, 0xff, 0xf3, 0x0, 0x0,
    0x0, 0x0, 0x5f, 0xff, 0x30, 0x0, 0x0, 0x0,
    0x5, 0xff, 0xf3, 0x0, 0x1e, 0xff, 0xd1, 0x5f,
    0xff, 0x30, 0xc, 0xff, 0xf2, 0x5, 0xff, 0xf3,
    0x9, 0xff, 0xf4, 0x0, 0x5f, 0xff, 0x35, 0xff,
    0xf6, 0x0, 0x5, 0xff, 0xf4, 0xef, 0xf9, 0x0,
    0x0, 0x5f, 0xff, 0xdf, 0xff, 0x70, 0x0, 0x5,
    0xff, 0xff, 0xff, 0xff, 0x10, 0x0, 0x5f, 0xff,
    0xfd, 0xff, 0xfa, 0x0, 0x5, 0xff, 0xfd, 0x1b,
    0xff, 0xf3, 0x0, 0x5f, 0xff, 0x40, 0x3f, 0xff,
    0xc0, 0x5, 0xff, 0xf3, 0x0, 0xaf, 0xff, 0x60,
    0x5f, 0xff, 0x30, 0x2, 0xff, 0xfe, 0x5, 0xff,
    0xf3, 0x0, 0xa, 0xff, 0xf8,

    /* U+006C "l" */
    0x5f, 0xff, 0x30, 0x5f, 0xff, 0x30, 0x5f, 0xff,
    0x30, 0x5f, 0xff, 0x30, 0x5f, 0xff, 0x30, 0x5f,
    0xff, 0x30, 0x5f, 0xff, 0x30, 0x5f, 0xff, 0x30,
    0x5f, 0xff, 0x30, 0x5f, 0xff, 0x30, 0x5f, 0xff,
    0x30, 0x5f, 0xff, 0x30, 0x5f, 0xff, 0x30, 0x5f,
    0xff, 0x30, 0x5f, 0xff, 0x30, 0x3f, 0xff, 0xd9,
    0xd, 0xff, 0xfc, 0x2, 0xbf, 0xfc,

    /* U+006D "m" */
    0x5f, 0xff, 0x34, 0xcf, 0xe9, 0x0, 0x2a, 0xff,
    0xc3, 0x5, 0xff, 0xf6, 0xff, 0xff, 0xfb, 0x2e,
    0xff, 0xff, 0xf1, 0x5f, 0xff, 0xef, 0xff, 0xff,
    0xfd, 0xfe, 0xff, 0xff, 0x95, 0xff, 0xfb, 0x10,
    0x7f, 0xff, 0xf3, 0x2, 0xff, 0xfc, 0x5f, 0xff,
    0x30, 0x0, 0xff, 0xf9, 0x0, 0xb, 0xff, 0xe5,
    0xff, 0xf3, 0x0, 0xf, 0xff, 0x90, 0x0, 0x9f,
    0xff, 0x5f, 0xff, 0x30, 0x0, 0xff, 0xf9, 0x0,
    0x9, 0xff, 0xf5, 0xff, 0xf3, 0x0, 0xf, 0xff,
    0x90, 0x0, 0x9f, 0xff, 0x5f, 0xff, 0x30, 0x0,
    0xff, 0xf9, 0x0, 0x9, 0xff, 0xf5, 0xff, 0xf3,
    0x0, 0xf, 0xff, 0x90, 0x0, 0x9f, 0xff, 0x5f,
    0xff, 0x30, 0x0, 0xff, 0xf9, 0x0, 0x9, 0xff,
    0xf5, 0xff, 0xf3, 0x0, 0xf, 0xff, 0x90, 0x0,
    0x9f, 0xff, 0x5f, 0xff, 0x30, 0x0, 0xff, 0xf9,
    0x0, 0x9, 0xff, 0xf0,

    /* U+006E "n" */
    0x5f, 0xff, 0x34, 0xcf, 0xfa, 0x10, 0x5f, 0xff,
    0x6f, 0xff, 0xff, 0xd0, 0x5f, 0xff, 0xef, 0xef,
    0xff, 0xf6, 0x5f, 0xff, 0xb1, 0x3, 0xff, 0xfa,
    0x5f, 0xff, 0x30, 0x0, 0xdf, 0xfc, 0x5f, 0xff,
    0x30, 0x0, 0xcf, 0xfc, 0x5f, 0xff, 0x30, 0x0,
    0xcf, 0xfc, 0x5f, 0xff, 0x30, 0x0, 0xcf, 0xfc,
    0x5f, 0xff, 0x30, 0x0, 0xcf, 0xfc, 0x5f, 0xff,
    0x30, 0x0, 0xcf, 0xfc, 0x5f, 0xff, 0x30, 0x0,
    0xcf, 0xfc, 0x5f, 0xff, 0x30, 0x0, 0xcf, 0xfc,
    0x5f, 0xff, 0x30, 0x0, 0xcf, 0xfc,

    /* U+006F "o" */
    0x0, 0x2, 0x9e, 0xff, 0xc6, 0x0, 0x0, 0x4,
    0xff, 0xff, 0xff, 0xfc, 0x0, 0x2, 0xff, 0xff,
    0xde, 0xff, 0xfa, 0x0, 0x9f, 0xff, 0x30, 0x9,
    0xff, 0xf2, 0xe, 0xff, 0xa0, 0x0, 0x2f, 0xff,
    0x71, 0xff, 0xf9, 0x0, 0x0, 0xff, 0xf9, 0x2f,
    0xff, 0x90, 0x0, 0xf, 0xff, 0xa1, 0xff, 0xf9,
    0x0, 0x0, 0xff, 0xf9, 0xe, 0xff, 0xa0, 0x0,
    0x2f, 0xff, 0x70, 0x9f, 0xff, 0x30, 0xa, 0xff,
    0xf2, 0x2, 0xff, 0xff, 0xef, 0xff, 0xfa, 0x0,
    0x4, 0xff, 0xff, 0xff, 0xfc, 0x0, 0x0, 0x2,
    0x9e, 0xff, 0xc6, 0x0, 0x0,

    /* U+0070 "p" */
    0x5f, 0xff, 0x34, 0xcf, 0xeb, 0x20, 0x5, 0xff,
    0xf7, 0xff, 0xff, 0xff, 0x30, 0x5f, 0xff, 0xef,
    0xef, 0xff, 0xfc, 0x5, 0xff, 0xfb, 0x10, 0x2d,
    0xff, 0xf2, 0x5f, 0xff, 0x30, 0x0, 0x4f, 0xff,
    0x65, 0xff, 0xf3, 0x0, 0x2, 0xff, 0xf8, 0x5f,
    0xff, 0x30, 0x0, 0x2f, 0xff, 0x85, 0xff, 0xf3,
    0x0, 0x2, 0xff, 0xf8, 0x5f, 0xff, 0x30, 0x0,
    0x4f, 0xff, 0x65, 0xff, 0xfb, 0x10, 0x2d, 0xff,
    0xf2, 0x5f, 0xff, 0xef, 0xef, 0xff, 0xfc, 0x5,
    0xff, 0xf7, 0xff, 0xff, 0xff, 0x30, 0x5f, 0xff,
    0x34, 0xcf, 0xeb, 0x20, 0x5, 0xff, 0xf3, 0x0,
    0x0, 0x0, 0x0, 0x5f, 0xff, 0x30, 0x0, 0x0,
    0x0, 0x5, 0xff, 0xf3, 0x0, 0x0, 0x0, 0x0,
    0x5f, 0xff, 0x30, 0x0, 0x0, 0x0, 0x5, 0xff,
    0xf3, 0x0, 0x0, 0x0, 0x0,

    /* U+0071 "q" */
    0x0, 0x6d, 0xff, 0xa1, 0x9f, 0xff, 0x9, 0xff,
    0xff, 0xfd, 0xaf, 0xff, 0x3f, 0xff, 0xff, 0xff,
    0xef, 0xff, 0x9f, 0xff, 0x80, 0x4, 0xff, 0xff,
    0xcf, 0xfe, 0x0, 0x0, 0xaf, 0xff, 0xef, 0xfb,
    0x0, 0x0, 0x9f, 0xff, 0xff, 0xfb, 0x0, 0x0,
    0x9f, 0xff, 0xef, 0xfb, 0x0, 0x0, 0x9f, 0xff,
    0xcf, 0xfe, 0x0, 0x0, 0xaf, 0xff, 0x9f, 0xff,
    0x80, 0x4, 0xff, 0xff, 0x3f, 0xff, 0xff, 0xff,
    0xef, 0xff, 0x8, 0xff, 0xff, 0xfc, 0xaf, 0xff,
    0x0, 0x6d, 0xfe, 0x91, 0x9f, 0xff, 0x0, 0x0,
    0x0, 0x0, 0x9f, 0xff, 0x0, 0x0, 0x0, 0x0,
    0x9f, 0xff, 0x0, 0x0, 0x0, 0x0, 0x9f, 0xff,
    0x0, 0x0, 0x0, 0x0, 0x9f, 0xff, 0x0, 0x0,
    0x0, 0x0, 0x9f, 0xff,

    /* U+0072 "r" */
    0x5f, 0xff, 0x34, 0xdf, 0x25, 0xff, 0xf6, 0xff,
    0xf2, 0x5f, 0xff, 0xdf, 0xff, 0x25, 0xff, 0xff,
    0x96, 0x50, 0x5f, 0xff, 0x50, 0x0, 0x5, 0xff,
    0xf3, 0x0, 0x0, 0x5f, 0xff, 0x30, 0x0, 0x5,
    0xff, 0xf3, 0x0, 0x0, 0x5f, 0xff, 0x30, 0x0,
    0x5, 0xff, 0xf3, 0x0, 0x0, 0x5f, 0xff, 0x30,
    0x0, 0x5, 0xff, 0xf3, 0x0, 0x0, 0x5f, 0xff,
    0x30, 0x0, 0x0,

    /* U+0073 "s" */
    0x0, 0x19, 0xdf, 0xfe, 0xa3, 0x0, 0x1, 0xef,
    0xff, 0xff, 0xff, 0x80, 0xa, 0xff, 0xfd, 0xdf,
    0xff, 0x80, 0xe, 0xff, 0x80, 0x1, 0xa8, 0x0,
    0xe, 0xff, 0xb1, 0x0, 0x0, 0x0, 0xa, 0xff,
    0xff, 0xec, 0x82, 0x0, 0x2, 0xef, 0xff, 0xff,
    0xff, 0x60, 0x0, 0x6, 0xbd, 0xff, 0xff, 0xf1,
    0x0, 0x20, 0x0, 0x5, 0xff, 0xf4, 0x3, 0xfa,
    0x10, 0x3, 0xff, 0xf4, 0x2f, 0xff, 0xfd, 0xdf,
    0xff, 0xe0, 0x8, 0xff, 0xff, 0xff, 0xff, 0x30,
    0x0, 0x3a, 0xef, 0xfd, 0x91, 0x0,

    /* U+0074 "t" */
    0x0, 0x5f, 0xfe, 0x0, 0x0, 0x5, 0xff, 0xe0,
    0x0, 0x0, 0x8f, 0xfe, 0x0, 0x7, 0xff, 0xff,
    0xff, 0xf6, 0x7f, 0xff, 0xff, 0xff, 0x65, 0xce,
    0xff, 0xfc, 0xc4, 0x0, 0xaf, 0xfe, 0x0, 0x0,
    0xa, 0xff, 0xe0, 0x0, 0x0, 0xaf, 0xfe, 0x0,
    0x0, 0xa, 0xff, 0xe0, 0x0, 0x0, 0xaf, 0xfe,
    0x0, 0x0, 0xa, 0xff, 0xe0, 0x0, 0x0, 0xaf,
    0xfe, 0x0, 0x0, 0x8, 0xff, 0xfc, 0xc2, 0x0,
    0x2f, 0xff, 0xff, 0x30, 0x0, 0x3b, 0xff, 0xf3,

    /* U+0075 "u" */
    0x7f, 0xff, 0x10, 0x0, 0xef, 0xfa, 0x7f, 0xff,
    0x10, 0x0, 0xef, 0xfa, 0x7f, 0xff, 0x10, 0x0,
    0xef, 0xfa, 0x7f, 0xff, 0x10, 0x0, 0xef, 0xfa,
    0x7f, 0xff, 0x10, 0x0, 0xef, 0xfa, 0x7f, 0xff,
    0x10, 0x0, 0xef, 0xfa, 0x7f, 0xff, 0x10, 0x0,
    0xef, 0xfa, 0x7f, 0xff, 0x10, 0x0, 0xef, 0xfa,
    0x7f, 0xff, 0x20, 0x0, 0xff, 0xfa, 0x5f, 0xff,
    0x90, 0x8, 0xff, 0xfa, 0x1f, 0xff, 0xff, 0xff,
    0xff, 0xfa, 0x9, 0xff, 0xff, 0xf8, 0xef, 0xfa,
    0x0, 0x8e, 0xfe, 0x70, 0xef, 0xfa,

    /* U+0076 "v" */
    0x9f, 0xfd, 0x0, 0x0, 0xc, 0xff, 0x84, 0xff,
    0xf2, 0x0, 0x1, 0xff, 0xf3, 0xf, 0xff, 0x70,
    0x0, 0x6f, 0xfe, 0x0, 0xaf, 0xfc, 0x0, 0xa,
    0xff, 0x90, 0x5, 0xff, 0xf1, 0x0, 0xff, 0xf4,
    0x0, 0x1f, 0xff, 0x50, 0x3f, 0xfe, 0x0, 0x0,
    0xbf, 0xf9, 0x7, 0xff, 0xa0, 0x0, 0x6, 0xff,
    0xd0, 0xbf, 0xf5, 0x0, 0x0, 0x1f, 0xff, 0x2f,
    0xff, 0x0, 0x0, 0x0, 0xcf, 0xf9, 0xff, 0xa0,
    0x0, 0x0, 0x7, 0xff, 0xff, 0xf5, 0x0, 0x0,
    0x0, 0x2f, 0xff, 0xff, 0x10, 0x0, 0x0, 0x0,
    0xdf, 0xff, 0xb0, 0x0, 0x0,

    /* U+0077 "w" */
    0x6f, 0xff, 0x0, 0x0, 0x9f, 0xfe, 0x0, 0x0,
    0xaf, 0xf9, 0x2f, 0xff, 0x30, 0x0, 0xef, 0xff,
    0x20, 0x0, 0xef, 0xf5, 0xd, 0xff, 0x70, 0x2,
    0xff, 0xff, 0x70, 0x2, 0xff, 0xf1, 0x9, 0xff,
    0xb0, 0x7, 0xff, 0xff, 0xb0, 0x6, 0xff, 0xc0,
    0x5, 0xff, 0xe0, 0xb, 0xfe, 0xdf, 0xf0, 0x9,
    0xff, 0x80, 0x1, 0xff, 0xf2, 0xf, 0xfb, 0x8f,
    0xf4, 0xd, 0xff, 0x40, 0x0, 0xcf, 0xf6, 0x3f,
    0xf6, 0x4f, 0xf8, 0x1f, 0xff, 0x0, 0x0, 0x8f,
    0xf9, 0x7f, 0xf2, 0xf, 0xfc, 0x4f, 0xfb, 0x0,
    0x0, 0x3f, 0xfd, 0xbf, 0xe0, 0xb, 0xff, 0x8f,
    0xf7, 0x0, 0x0, 0xf, 0xff, 0xff, 0x90, 0x7,
    0xff, 0xff, 0xf3, 0x0, 0x0, 0xb, 0xff, 0xff,
    0x50, 0x2, 0xff, 0xff, 0xe0, 0x0, 0x0, 0x6,
    0xff, 0xff, 0x10, 0x0, 0xef, 0xff, 0xa0, 0x0,
    0x0, 0x2, 0xff, 0xfc, 0x0, 0x0, 0x9f, 0xff,
    0x60, 0x0,

    /* U+0078 "x" */
    0x3f, 0xff, 0xc0, 0x0, 0x1f, 0xff, 0xa0, 0x8,
    0xff, 0xf6, 0x0, 0x9f, 0xfe, 0x10, 0x0, 0xdf,
    0xfe, 0x2, 0xff, 0xf6, 0x0, 0x0, 0x4f, 0xff,
    0x8b, 0xff, 0xb0, 0x0, 0x0, 0xa, 0xff, 0xff,
    0xff, 0x20, 0x0, 0x0, 0x1, 0xef, 0xff, 0xf7,
    0x0, 0x0, 0x0, 0x0, 0x9f, 0xff, 0xf0, 0x0,
    0x0, 0x0, 0x2, 0xff, 0xff, 0xf7, 0x0, 0x0,
    0x0, 0xb, 0xff, 0xff, 0xff, 0x20, 0x0, 0x0,
    0x6f, 0xff, 0x3f, 0xff, 0xb0, 0x0, 0x1, 0xef,
    0xf8, 0x7, 0xff, 0xf6, 0x0, 0xa, 0xff, 0xe0,
    0x0, 0xdf, 0xff, 0x10, 0x4f, 0xff, 0x60, 0x0,
    0x5f, 0xff, 0xb0,

    /* U+0079 "y" */
    0xbf, 0xfd, 0x0, 0x0, 0xc, 0xff, 0x86, 0xff,
    0xf2, 0x0, 0x1, 0xff, 0xf3, 0x1f, 0xff, 0x60,
    0x0, 0x6f, 0xfd, 0x0, 0xbf, 0xfb, 0x0, 0xb,
    0xff, 0x80, 0x6, 0xff, 0xf0, 0x0, 0xff, 0xf3,
    0x0, 0x1f, 0xff, 0x50, 0x4f, 0xfe, 0x0, 0x0,
    0xcf, 0xf9, 0x9, 0xff, 0x90, 0x0, 0x7, 0xff,
    0xd0, 0xdf, 0xf4, 0x0, 0x0, 0x2f, 0xff, 0x2f,
    0xfe, 0x0, 0x0, 0x0, 0xcf, 0xfa, 0xff, 0x90,
    0x0, 0x0, 0x7, 0xff, 0xff, 0xf4, 0x0, 0x0,
    0x0, 0x2f, 0xff, 0xff, 0x0, 0x0, 0x0, 0x0,
    0xdf, 0xff, 0xa0, 0x0, 0x0, 0x0, 0x8, 0xff,
    0xf5, 0x0, 0x0, 0x0, 0x0, 0xaf, 0xff, 0x0,
    0x0, 0x0, 0x3c, 0xcf, 0xff, 0xa0, 0x0, 0x0,
    0x4, 0xff, 0xff, 0xf2, 0x0, 0x0, 0x0, 0x4f,
    0xff, 0xc3, 0x0, 0x0, 0x0,

    /* U+007A "z" */
    0xd, 0xff, 0xff, 0xff, 0xff, 0xf5, 0xd, 0xff,
    0xff, 0xff, 0xff, 0xf5, 0xa, 0xcc, 0xcc, 0xcf,
    0xff, 0xf5, 0x0, 0x0, 0x0, 0x6f, 0xff, 0xb0,
    0x0, 0x0, 0x4, 0xff, 0xfd, 0x10, 0x0, 0x0,
    0x2f, 0xff, 0xe2, 0x0, 0x0, 0x1, 0xdf, 0xff,
    0x30, 0x0, 0x0, 0xc, 0xff, 0xf5, 0x0, 0x0,
    0x0, 0xaf, 0xff, 0x80, 0x0, 0x0, 0x7, 0xff,
    0xfa, 0x0, 0x0, 0x0, 0xf, 0xff, 0xfd, 0xcc,
    0xcc, 0xc6, 0x1f, 0xff, 0xff, 0xff, 0xff, 0xf8,
    0x1f, 0xff, 0xff, 0xff, 0xff, 0xf8,

    /* U+007B "{" */
    0x0, 0x6, 0xef, 0xfb, 0x0, 0x1f, 0xff, 0xfb,
    0x0, 0x3f, 0xff, 0x86, 0x0, 0x3f, 0xff, 0x10,
    0x0, 0x3f, 0xff, 0x10, 0x0, 0x3f, 0xff, 0x10,
    0x0, 0x3f, 0xff, 0x10, 0x0, 0x4f, 0xff, 0x10,
    0x0, 0xbf, 0xfe, 0x0, 0x6e, 0xff, 0xf5, 0x0,
    0x8f, 0xfe, 0x40, 0x0, 0x8f, 0xff, 0xe2, 0x0,
    0x3, 0xdf, 0xfc, 0x0, 0x0, 0x5f, 0xff, 0x0,
    0x0, 0x3f, 0xff, 0x10, 0x0, 0x3f, 0xff, 0x10,
    0x0, 0x3f, 0xff, 0x10, 0x0, 0x3f, 0xff, 0x10,
    0x0, 0x3f, 0xff, 0x10, 0x0, 0x2f, 0xff, 0xfb,
    0x0, 0xc, 0xff, 0xfb, 0x0, 0x0, 0x68, 0x86,

    /* U+007C "|" */
    0xbf, 0xf5, 0xbf, 0xf5, 0xbf, 0xf5, 0xbf, 0xf5,
    0xbf, 0xf5, 0xbf, 0xf5, 0xbf, 0xf5, 0xbf, 0xf5,
    0xbf, 0xf5, 0xbf, 0xf5, 0xbf, 0xf5, 0xbf, 0xf5,
    0xbf, 0xf5, 0xbf, 0xf5, 0xbf, 0xf5, 0xbf, 0xf5,
    0xbf, 0xf5, 0xbf, 0xf5, 0xbf, 0xf5, 0xbf, 0xf5,
    0xbf, 0xf5, 0x8b, 0xb4,

    /* U+007D "}" */
    0xcf, 0xfe, 0x50, 0x0, 0xcf, 0xff, 0xf0, 0x0,
    0x69, 0xff, 0xf2, 0x0, 0x2, 0xff, 0xf2, 0x0,
    0x2, 0xff, 0xf2, 0x0, 0x2, 0xff, 0xf2, 0x0,
    0x2, 0xff, 0xf2, 0x0, 0x2, 0xff, 0xf2, 0x0,
    0x0, 0xff, 0xfa, 0x0, 0x0, 0x6f, 0xff, 0xe5,
    0x0, 0x5, 0xef, 0xf7, 0x0, 0x3e, 0xff, 0xf7,
    0x0, 0xdf, 0xfc, 0x20, 0x1, 0xff, 0xf3, 0x0,
    0x2, 0xff, 0xf2, 0x0, 0x2, 0xff, 0xf2, 0x0,
    0x2, 0xff, 0xf2, 0x0, 0x2, 0xff, 0xf2, 0x0,
    0x2, 0xff, 0xf2, 0x0, 0xcf, 0xff, 0xf1, 0x0,
    0xcf, 0xff, 0xb0, 0x0, 0x68, 0x86, 0x0, 0x0,

    /* U+007E "~" */
    0x5, 0xce, 0xc5, 0x0, 0x0, 0x0, 0x6, 0xff,
    0xff, 0xfc, 0x40, 0x5, 0x10, 0x5f, 0xff, 0xff,
    0xff, 0xff, 0xfb, 0x0, 0x82, 0x3, 0xbf, 0xff,
    0xff, 0xd0, 0x0, 0x0, 0x0, 0x4b, 0xff, 0xa1,
    0x0,

    /* U+0E01 "ก" */
    0x0, 0x6, 0xce, 0xff, 0xc7, 0x0, 0x0, 0x1d,
    0xff, 0xff, 0xff, 0xfd, 0x10, 0xb, 0xff, 0xff,
    0xff, 0xff, 0xfb, 0x3, 0xff, 0xf8, 0x0, 0x2c,
    0xff, 0xf2, 0x7f, 0xff, 0x77, 0x30, 0x3f, 0xff,
    0x69, 0xff, 0xff, 0xf7, 0x1, 0xff, 0xf8, 0x9f,
    0xff, 0xff, 0x70, 0x1f, 0xff, 0x80, 0x8, 0xee,
    0x30, 0x1, 0xff, 0xf8, 0xa, 0xff, 0x80, 0x0,
    0x1f, 0xff, 0x81, 0xff, 0xf6, 0x0, 0x1, 0xff,
    0xf8, 0x3f, 0xff, 0x50, 0x0, 0x1f, 0xff, 0x84,
    0xff, 0xf5, 0x0, 0x1, 0xff, 0xf8, 0x4f, 0xff,
    0x50, 0x0, 0x1f, 0xff, 0x84, 0xff, 0xf5, 0x0,
    0x1, 0xff, 0xf8,

    /* U+0E02 "ข" */
    0xcf, 0xff, 0xd4, 0x2, 0xff, 0xf7, 0xcf, 0xff,
    0xff, 0x2, 0xff, 0xf7, 0x9b, 0xcf, 0xff, 0x22,
    0xff, 0xf7, 0x0, 0x4f, 0xff, 0x12, 0xff, 0xf7,
    0x0, 0xbf, 0xfc, 0x2, 0xff, 0xf7, 0x7, 0xff,
    0xf4, 0x2, 0xff, 0xf7, 0x1f, 0xff, 0xa0, 0x2,
    0xff, 0xf7, 0x7f, 0xff, 0x20, 0x2, 0xff, 0xf7,
    0x9f, 0xff, 0x0, 0x2, 0xff, 0xf6, 0x9f, 0xff,
    0x10, 0x4, 0xff, 0xf5, 0x6f, 0xff, 0x90, 0x1b,
    0xff, 0xf2, 0x1f, 0xff, 0xff, 0xff, 0xff, 0xd0,
    0x6, 0xff, 0xff, 0xff, 0xff, 0x30, 0x0, 0x3a,
    0xef, 0xfe, 0xa2, 0x0,

    /* U+0E03 "ฃ" */
    0x3f, 0xfa, 0xf, 0xff, 0x1a, 0xff, 0xf3, 0xff,
    0xa6, 0xff, 0xf1, 0xaf, 0xff, 0x2f, 0xff, 0xfc,
    0xff, 0x1a, 0xff, 0xf0, 0xaf, 0xf8, 0xef, 0xf0,
    0xaf, 0xff, 0x0, 0x22, 0xbf, 0xfa, 0xa, 0xff,
    0xf0, 0x0, 0xaf, 0xfe, 0x10, 0xaf, 0xff, 0x0,
    0x6f, 0xff, 0x40, 0xa, 0xff, 0xf0, 0xe, 0xff,
    0xb0, 0x0, 0xaf, 0xff, 0x1, 0xff, 0xf8, 0x0,
    0xa, 0xff, 0xe0, 0x1f, 0xff, 0x90, 0x0, 0xbf,
    0xfd, 0x0, 0xef, 0xfe, 0x30, 0x4f, 0xff, 0xa0,
    0x9, 0xff, 0xff, 0xff, 0xff, 0xf5, 0x0, 0x1d,
    0xff, 0xff, 0xff, 0xfb, 0x0, 0x0, 0x7, 0xcf,
    0xff, 0xc6, 0x0,

    /* U+0E04 "ค" */
    0x0, 0x6, 0xbe, 0xff, 0xd8, 0x10, 0x0, 0xb,
    0xff, 0xff, 0xff, 0xfe, 0x30, 0x9, 0xff, 0xff,
    0xff, 0xff, 0xfd, 0x1, 0xff, 0xfe, 0x40, 0x2b,
    0xff, 0xf5, 0x4f, 0xff, 0x60, 0x0, 0x1f, 0xff,
    0x96, 0xff, 0xf3, 0x0, 0x0, 0xef, 0xfb, 0x6f,
    0xff, 0x39, 0xfc, 0xe, 0xff, 0xb6, 0xff, 0xf9,
    0xff, 0xc0, 0xef, 0xfb, 0x6f, 0xff, 0xff, 0xfc,
    0xe, 0xff, 0xb6, 0xff, 0xfc, 0x20, 0x0, 0xef,
    0xfb, 0x6f, 0xff, 0x30, 0x0, 0xe, 0xff, 0xb6,
    0xff, 0xf3, 0x0, 0x0, 0xef, 0xfb, 0x6f, 0xff,
    0x30, 0x0, 0xe, 0xff, 0xb6, 0xff, 0xf3, 0x0,
    0x0, 0xef, 0xfb,

    /* U+0E05 "ฅ" */
    0x0, 0x3a, 0xed, 0x17, 0xfd, 0x70, 0x0, 0x4f,
    0xff, 0xfe, 0xff, 0xff, 0xb0, 0xe, 0xff, 0xff,
    0xff, 0xff, 0xff, 0x54, 0xff, 0xf9, 0x6f, 0xc3,
    0xff, 0xfb, 0x6f, 0xff, 0x30, 0x40, 0xc, 0xff,
    0xd6, 0xff, 0xf3, 0x0, 0x0, 0xbf, 0xfe, 0x6f,
    0xff, 0x39, 0xec, 0xb, 0xff, 0xe6, 0xff, 0xf9,
    0xff, 0xc0, 0xbf, 0xfe, 0x6f, 0xff, 0xff, 0xfc,
    0xb, 0xff, 0xe6, 0xff, 0xfc, 0x20, 0x0, 0xbf,
    0xfe, 0x6f, 0xff, 0x30, 0x0, 0xb, 0xff, 0xe6,
    0xff, 0xf3, 0x0, 0x0, 0xbf, 0xfe, 0x6f, 0xff,
    0x30, 0x0, 0xb, 0xff, 0xe6, 0xff, 0xf3, 0x0,
    0x0, 0xbf, 0xfe,

    /* U+0E06 "ฆ" */
    0x1f, 0xfc, 0xa, 0xff, 0x70, 0xbf, 0xfe, 0x1f,
    0xfc, 0x2e, 0xff, 0x70, 0xbf, 0xfe, 0xf, 0xff,
    0xfc, 0xff, 0x70, 0xbf, 0xfe, 0x8, 0xff, 0xba,
    0xff, 0x60, 0xbf, 0xfe, 0x0, 0x22, 0x6f, 0xff,
    0x20, 0xbf, 0xfe, 0x0, 0x5, 0xff, 0xf9, 0x0,
    0xbf, 0xfe, 0x0, 0x2f, 0xff, 0xb0, 0x0, 0xbf,
    0xfe, 0x0, 0x8f, 0xff, 0x10, 0x0, 0xbf, 0xfe,
    0x0, 0xbf, 0xfd, 0x0, 0x0, 0xbf, 0xfe, 0x0,
    0xcf, 0xff, 0x0, 0x0, 0xdf, 0xfe, 0x0, 0xcf,
    0xff, 0xb3, 0x17, 0xff, 0xfc, 0x0, 0xcf, 0xff,
    0xff, 0xff, 0xff, 0xf8, 0x0, 0xcf, 0xfd, 0x8f,
    0xff, 0xff, 0xe1, 0x0, 0xcf, 0xfd, 0x8, 0xef,
    0xea, 0x20,

    /* U+0E07 "ง" */
    0x3f, 0xff, 0x40, 0x1f, 0xff, 0xd4, 0x0, 0xff,
    0xf8, 0x1, 0xff, 0xff, 0xf1, 0xb, 0xff, 0xb0,
    0x1f, 0xff, 0xff, 0x60, 0x7f, 0xff, 0x0, 0x0,
    0xff, 0xf8, 0x3, 0xff, 0xf2, 0x0, 0xf, 0xff,
    0x80, 0xe, 0xff, 0x60, 0x0, 0xff, 0xf8, 0x0,
    0xbf, 0xfa, 0x0, 0xf, 0xff, 0x80, 0x6, 0xff,
    0xd0, 0x0, 0xff, 0xf8, 0x0, 0x2f, 0xff, 0x10,
    0x1f, 0xff, 0x60, 0x0, 0xef, 0xf4, 0x4, 0xff,
    0xf4, 0x0, 0xa, 0xff, 0x80, 0xaf, 0xff, 0x0,
    0x0, 0x6f, 0xfe, 0xef, 0xff, 0x90, 0x0, 0x2,
    0xff, 0xff, 0xff, 0xd0, 0x0, 0x0, 0xd, 0xff,
    0xfd, 0x80, 0x0,

    /* U+0E08 "จ" */
    0x0, 0x7c, 0xff, 0xeb, 0x50, 0x0, 0x2d, 0xff,
    0xff, 0xff, 0xfb, 0x0, 0xcf, 0xff, 0xff, 0xff,
    0xff, 0x70, 0x2e, 0xf8, 0x20, 0x3d, 0xff, 0xe0,
    0x1, 0x60, 0x0, 0x4, 0xff, 0xf3, 0x0, 0x0,
    0x0, 0x2, 0xff, 0xf5, 0x7f, 0xff, 0x60, 0x2,
    0xff, 0xf7, 0x7f, 0xff, 0xe0, 0x2, 0xff, 0xf7,
    0x7f, 0xff, 0xf3, 0x2, 0xff, 0xf5, 0x0, 0x8f,
    0xf7, 0x4, 0xff, 0xf3, 0x0, 0x4f, 0xfb, 0xb,
    0xff, 0xf0, 0x0, 0x1f, 0xff, 0xef, 0xff, 0x90,
    0x0, 0xd, 0xff, 0xff, 0xfc, 0x0, 0x0, 0xa,
    0xff, 0xfc, 0x70, 0x0,

    /* U+0E09 "ฉ" */
    0x0, 0x5, 0xbe, 0xff, 0xea, 0x40, 0x0, 0x0,
    0xb, 0xff, 0xff, 0xff, 0xff, 0x80, 0x0, 0xb,
    0xff, 0xff, 0xff, 0xff, 0xff, 0x50, 0x0, 0x7f,
    0xfb, 0x42, 0x29, 0xff, 0xfc, 0x0, 0x0, 0x59,
    0x0, 0x0, 0xc, 0xff, 0xf0, 0x0, 0x0, 0x0,
    0x0, 0x0, 0x9f, 0xff, 0x0, 0x9, 0xff, 0xe5,
    0x0, 0x8, 0xff, 0xf1, 0x0, 0x9f, 0xff, 0xf0,
    0x0, 0x8f, 0xff, 0x10, 0x7, 0xdf, 0xff, 0x20,
    0x8, 0xff, 0xf1, 0x0, 0x1, 0xff, 0xf2, 0x0,
    0x9f, 0xff, 0x10, 0x0, 0x1f, 0xff, 0x40, 0x2e,
    0xff, 0xf1, 0x0, 0x0, 0xff, 0xff, 0xdf, 0xef,
    0xff, 0xd4, 0x0, 0xa, 0xff, 0xff, 0xf3, 0xdf,
    0xff, 0x60, 0x0, 0x9, 0xef, 0xd5, 0x3, 0xdf,
    0xf6,

    /* U+0E0A "ช" */
    0xf, 0xff, 0xf9, 0x0, 0x6f, 0xff, 0x30, 0xff,
    0xff, 0xf6, 0x6, 0xff, 0xf2, 0xb, 0xbe, 0xff,
    0x90, 0x7f, 0xfd, 0x0, 0x0, 0xbf, 0xf7, 0x1d,
    0xfc, 0x20, 0x0, 0x1f, 0xff, 0x4f, 0xff, 0xc3,
    0x0, 0xb, 0xff, 0xd0, 0xff, 0xff, 0xe0, 0x3,
    0xff, 0xf6, 0xa, 0xef, 0xff, 0x30, 0x8f, 0xff,
    0x0, 0x4, 0xff, 0xf5, 0x9, 0xff, 0xe0, 0x0,
    0x2f, 0xff, 0x60, 0x9f, 0xff, 0x0, 0x3, 0xff,
    0xf5, 0x7, 0xff, 0xf8, 0x1, 0xaf, 0xff, 0x20,
    0x2f, 0xff, 0xff, 0xff, 0xff, 0xd0, 0x0, 0x7f,
    0xff, 0xff, 0xff, 0xf4, 0x0, 0x0, 0x4a, 0xef,
    0xfd, 0xa2, 0x0,

    /* U+0E0B "ซ" */
    0x5f, 0xf8, 0x2f, 0xff, 0x5, 0xff, 0xf4, 0x5f,
    0xf8, 0x7f, 0xff, 0x5, 0xff, 0xf2, 0x4f, 0xff,
    0xee, 0xff, 0x6, 0xff, 0xd0, 0xc, 0xff, 0x7f,
    0xfe, 0xc, 0xfc, 0x20, 0x0, 0x31, 0xbf, 0xf8,
    0xff, 0xfb, 0x10, 0x0, 0x8, 0xff, 0xe1, 0xff,
    0xff, 0xb0, 0x0, 0x3f, 0xff, 0x50, 0xaf, 0xff,
    0xf0, 0x0, 0x9f, 0xfe, 0x0, 0x7, 0xff, 0xf2,
    0x0, 0xcf, 0xfb, 0x0, 0x4, 0xff, 0xf3, 0x0,
    0xcf, 0xfd, 0x0, 0x6, 0xff, 0xf2, 0x0, 0xaf,
    0xff, 0x60, 0x1c, 0xff, 0xf0, 0x0, 0x4f, 0xff,
    0xff, 0xff, 0xff, 0xa0, 0x0, 0xa, 0xff, 0xff,
    0xff, 0xfe, 0x20, 0x0, 0x0, 0x5b, 0xef, 0xfd,
    0x91, 0x0,

    /* U+0E0C "ฌ" */
    0x0, 0x18, 0xdf, 0xfe, 0xb5, 0x0, 0x0, 0x0,
    0xff, 0xfa, 0x2, 0xef, 0xff, 0xff, 0xff, 0xa0,
    0x0, 0x0, 0xff, 0xfa, 0xd, 0xff, 0xff, 0xff,
    0xff, 0xf7, 0x0, 0x0, 0xff, 0xfa, 0x4f, 0xff,
    0x70, 0x2, 0xdf, 0xfe, 0x0, 0x0, 0xff, 0xfa,
    0x8f, 0xff, 0x88, 0x30, 0x5f, 0xff, 0x20, 0x0,
    0xff, 0xfa, 0xaf, 0xff, 0xff, 0x60, 0x2f, 0xff,
    0x40, 0x0, 0xff, 0xfa, 0xaf, 0xff, 0xff, 0x60,
    0x2f, 0xff, 0x40, 0x0, 0xff, 0xfa, 0x2, 0xbf,
    0xd2, 0x0, 0x2f, 0xff, 0x40, 0x0, 0xff, 0xfa,
    0x1e, 0xff, 0x50, 0x0, 0x2f, 0xff, 0x40, 0x0,
    0xff, 0xfa, 0x6f, 0xff, 0x20, 0x0, 0x2f, 0xff,
    0x50, 0x0, 0xff, 0xfa, 0x7f, 0xff, 0x10, 0x0,
    0x2f, 0xff, 0xb1, 0x5, 0xff, 0xf8, 0x6f, 0xff,
    0xed, 0x20, 0x2f, 0xff, 0xff, 0xef, 0xff, 0xf5,
    0x1f, 0xff, 0xff, 0x30, 0x2f, 0xff, 0x8f, 0xff,
    0xff, 0xd0, 0x3, 0xcf, 0xff, 0x30, 0x2f, 0xff,
    0x44, 0xcf, 0xfa, 0x10,

    /* U+0E0D "ญ" */
    0x0, 0x6, 0xcf, 0xfe, 0xb5, 0x0, 0x0, 0x0,
    0xff, 0xfa, 0x1, 0xcf, 0xff, 0xff, 0xff, 0x90,
    0x0, 0x0, 0xff, 0xfa, 0xb, 0xff, 0xff, 0xff,
    0xff, 0xf6, 0x0, 0x0, 0xff, 0xfa, 0x3f, 0xff,
    0x90, 0x2, 0xef, 0xfe, 0x0, 0x0, 0xff, 0xfa,
    0x7f, 0xfe, 0x0, 0x0, 0x5f, 0xff, 0x20, 0x0,
    0xff, 0xfa, 0x9f, 0xff, 0xff, 0x60, 0x2f, 0xff,
    0x40, 0x0, 0xff, 0xfa, 0xaf, 0xff, 0xff, 0x60,
    0x2f, 0xff, 0x40, 0x0, 0xff, 0xfa, 0x58, 0xbf,
    0xfa, 0x30, 0x2f, 0xff, 0x40, 0x0, 0xff, 0xfa,
    0x9, 0xff, 0x70, 0x0, 0x2f, 0xff, 0x40, 0x0,
    0xff, 0xfa, 0x4f, 0xff, 0x20, 0x0, 0x2f, 0xff,
    0x50, 0x0, 0xff, 0xfa, 0x7f, 0xff, 0x10, 0x0,
    0x1f, 0xff, 0xa0, 0x7, 0xff, 0xfa, 0x6f, 0xff,
    0xed, 0x20, 0xe, 0xff, 0xfe, 0xed, 0xff, 0xfa,
    0x2f, 0xff, 0xff, 0x30, 0x7, 0xff, 0xff, 0xf5,
    0xff, 0xfa, 0x4, 0xcf, 0xff, 0x30, 0x0, 0x7e,
    0xfd, 0x60, 0xff, 0xfa, 0x0, 0x0, 0x0, 0x0,
    0x0, 0x82, 0x0, 0x1, 0xff, 0xf9, 0x0, 0x0,
    0x0, 0x0, 0x9, 0xfe, 0x50, 0x1a, 0xff, 0xf6,
    0x0, 0x0, 0x0, 0x0, 0x4f, 0xff, 0xff, 0xff,
    0xff, 0xf1, 0x0, 0x0, 0x0, 0x0, 0x7, 0xff,
    0xff, 0xff, 0xff, 0x50, 0x0, 0x0, 0x0, 0x0,
    0x0, 0x3a, 0xdf, 0xfe, 0xa3, 0x0,

    /* U+0E0E "ฎ" */
    0x0, 0x0, 0x6b, 0xef, 0xfd, 0x81, 0x0, 0x0,
    0xc, 0xff, 0xff, 0xff, 0xfe, 0x30, 0x0, 0xaf,
    0xff, 0xff, 0xff, 0xff, 0xe0, 0x2, 0xff, 0xf9,
    0x10, 0x1b, 0xff, 0xf6, 0x6, 0xff, 0xf5, 0x52,
    0x1, 0xff, 0xfa, 0x8, 0xff, 0xff, 0xf8, 0x0,
    0xef, 0xfb, 0x9, 0xff, 0xff, 0xf8, 0x0, 0xef,
    0xfb, 0x0, 0x3, 0xdf, 0x80, 0x0, 0xef, 0xfb,
    0x0, 0xe, 0xff, 0x20, 0x0, 0xef, 0xfb, 0x0,
    0x3f, 0xff, 0x10, 0x0, 0xef, 0xfb, 0x0, 0x4f,
    0xff, 0x10, 0x0, 0xef, 0xfb, 0xc, 0xdf, 0xff,
    0x10, 0x0, 0xef, 0xfb, 0xf, 0xff, 0xfd, 0x0,
    0x0, 0xef, 0xfb, 0xf, 0xff, 0xc3, 0x0, 0x0,
    0xef, 0xfb, 0x0, 0x0, 0x0, 0x0, 0x0, 0xef,
    0xfb, 0x0, 0x18, 0xdf, 0xea, 0x20, 0xef, 0xfb,
    0x2, 0xef, 0xff, 0xff, 0xe2, 0xef, 0xfb, 0xa,
    0xff, 0xff, 0xef, 0xfd, 0xef, 0xfb, 0x0, 0xbf,
    0x81, 0x0, 0x29, 0xff, 0xfb, 0x0, 0x4, 0x0,
    0x0, 0x0, 0x0, 0x0,

    /* U+0E0F "ฏ" */
    0x0, 0x0, 0x7c, 0xef, 0xfd, 0x81, 0x0, 0x0,
    0x2d, 0xff, 0xff, 0xff, 0xfe, 0x30, 0x0, 0xcf,
    0xff, 0xff, 0xff, 0xff, 0xe0, 0x4, 0xff, 0xf6,
    0x0, 0x1a, 0xff, 0xf6, 0x7, 0xff, 0xff, 0xf8,
    0x1, 0xff, 0xfa, 0x8, 0xff, 0xff, 0xf8, 0x0,
    0xef, 0xfb, 0x2, 0x55, 0xdf, 0xc2, 0x0, 0xef,
    0xfb, 0x0, 0xa, 0xff, 0x30, 0x0, 0xef, 0xfb,
    0x0, 0x1f, 0xff, 0x10, 0x0, 0xef, 0xfb, 0x0,
    0x3f, 0xff, 0x10, 0x0, 0xef, 0xfb, 0x0, 0x4f,
    0xff, 0x10, 0x0, 0xef, 0xfb, 0xc, 0xdf, 0xff,
    0x0, 0x0, 0xef, 0xfb, 0xf, 0xff, 0xfc, 0x0,
    0x0, 0xef, 0xfb, 0xf, 0xff, 0xc2, 0x0, 0x0,
    0xef, 0xfb, 0x0, 0x0, 0x0, 0x1, 0x0, 0xef,
    0xfb, 0x0, 0x2b, 0x10, 0x5f, 0x73, 0xff, 0xfa,
    0x4, 0xff, 0xfd, 0xff, 0xff, 0xff, 0xf7, 0x1,
    0xef, 0xff, 0xfa, 0xff, 0xff, 0xe1, 0x0, 0x2c,
    0xfe, 0x50, 0x7f, 0xea, 0x20,

    /* U+0E10 "ฐ" */
    0x0, 0x0, 0x0, 0x0, 0x5, 0xff, 0xe0, 0x18,
    0xcf, 0xfe, 0xb4, 0xcf, 0xfe, 0x3e, 0xff, 0xff,
    0xff, 0xff, 0xc9, 0x8a, 0xff, 0xff, 0xff, 0xff,
    0xf8, 0x0, 0x9, 0xe5, 0x10, 0x4e, 0xff, 0xe0,
    0x0, 0x0, 0x0, 0x0, 0x5f, 0xff, 0x30, 0x7f,
    0xfe, 0x50, 0x2, 0xff, 0xf5, 0x7, 0xff, 0xfe,
    0x0, 0x2f, 0xff, 0x70, 0x7f, 0xff, 0xf2, 0x2,
    0xff, 0xf7, 0x0, 0x8, 0xff, 0x50, 0x2f, 0xff,
    0x50, 0x0, 0x5f, 0xf9, 0x4, 0xff, 0xf3, 0x0,
    0x2, 0xff, 0xc0, 0xbf, 0xfe, 0x0, 0x0, 0xf,
    0xff, 0xef, 0xff, 0x70, 0x0, 0x0, 0xcf, 0xff,
    0xff, 0xb0, 0x0, 0x0, 0x9, 0xff, 0xeb, 0x50,
    0x0, 0x0, 0x0, 0x7b, 0xb0, 0x6, 0xbb, 0x50,
    0x0, 0xe, 0xff, 0x40, 0x9f, 0xf7, 0x6, 0xdd,
    0xff, 0xdd, 0x8f, 0xff, 0x60, 0x7f, 0xff, 0xf6,
    0xcf, 0xff, 0xf2, 0x7, 0xff, 0xfb, 0x1, 0xaf,
    0xe6, 0x0,

    /* U+0E11 "ฑ" */
    0x8f, 0xf5, 0x5f, 0xfc, 0x7, 0xef, 0xa0, 0x8f,
    0xf6, 0xaf, 0xfc, 0x7f, 0xff, 0xf8, 0x7f, 0xff,
    0xcf, 0xfe, 0xfd, 0xff, 0xfc, 0x1e, 0xff, 0x9f,
    0xff, 0x50, 0xcf, 0xfe, 0x0, 0x31, 0xdf, 0xfa,
    0x0, 0xbf, 0xfe, 0x0, 0x8, 0xff, 0xf1, 0x0,
    0xbf, 0xfe, 0x0, 0x3f, 0xff, 0x70, 0x0, 0xbf,
    0xfe, 0x0, 0xbf, 0xff, 0x10, 0x0, 0xbf, 0xfe,
    0x0, 0xef, 0xfc, 0x0, 0x0, 0xbf, 0xfe, 0x0,
    0xff, 0xfa, 0x0, 0x0, 0xbf, 0xfe, 0x0, 0xff,
    0xfa, 0x0, 0x0, 0xbf, 0xfe, 0x0, 0xff, 0xfa,
    0x0, 0x0, 0xbf, 0xfe, 0x0, 0xff, 0xfa, 0x0,
    0x0, 0xbf, 0xfe, 0x0, 0xff, 0xfa, 0x0, 0x0,
    0xbf, 0xfe,

    /* U+0E12 "ฒ" */
    0x0, 0x7d, 0xf4, 0xd, 0xea, 0x20, 0x0, 0x4,
    0xff, 0xf5, 0xa, 0xff, 0xff, 0xbf, 0xff, 0xe1,
    0x0, 0x4, 0xff, 0xf5, 0x4f, 0xff, 0xff, 0xff,
    0xff, 0xf9, 0x0, 0x4, 0xff, 0xf5, 0x9f, 0xff,
    0x5c, 0xf5, 0xdf, 0xfe, 0x0, 0x4, 0xff, 0xf5,
    0xcf, 0xfc, 0x1, 0x50, 0x8f, 0xff, 0x0, 0x4,
    0xff, 0xf5, 0xef, 0xfa, 0x0, 0x0, 0x8f, 0xff,
    0x0, 0x4, 0xff, 0xf5, 0xef, 0xfa, 0x0, 0x0,
    0x8f, 0xff, 0x0, 0x4, 0xff, 0xf5, 0xef, 0xfa,
    0x0, 0x0, 0x8f, 0xff, 0x0, 0x4, 0xff, 0xf5,
    0xef, 0xfa, 0x0, 0x0, 0x8f, 0xff, 0x0, 0x4,
    0xff, 0xf5, 0xcf, 0xfc, 0x0, 0x0, 0x8f, 0xff,
    0x0, 0x5, 0xff, 0xf5, 0x9f, 0xff, 0x50, 0x0,
    0x8f, 0xff, 0x80, 0xa, 0xff, 0xf3, 0x4f, 0xff,
    0xff, 0x70, 0x8f, 0xff, 0xff, 0xff, 0xff, 0xf0,
    0xa, 0xff, 0xff, 0x70, 0x8f, 0xff, 0x8f, 0xff,
    0xff, 0x80, 0x0, 0x6c, 0xff, 0x70, 0x8f, 0xff,
    0x8, 0xef, 0xe8, 0x0,

    /* U+0E13 "ณ" */
    0x0, 0x18, 0xcf, 0xfe, 0xb6, 0x0, 0x0, 0x0,
    0xff, 0xfa, 0x2, 0xef, 0xff, 0xff, 0xff, 0xb0,
    0x0, 0x0, 0xff, 0xfa, 0xd, 0xff, 0xff, 0xff,
    0xff, 0xf8, 0x0, 0x0, 0xff, 0xfa, 0x4f, 0xff,
    0x70, 0x2, 0xdf, 0xfe, 0x0, 0x0, 0xff, 0xfa,
    0x8f, 0xff, 0x88, 0x30, 0x5f, 0xff, 0x20, 0x0,
    0xff, 0xfa, 0xaf, 0xff, 0xff, 0x60, 0x2f, 0xff,
    0x40, 0x0, 0xff, 0xfa, 0xaf, 0xff, 0xff, 0x60,
    0x2f, 0xff, 0x40, 0x0, 0xff, 0xfa, 0x2, 0xbf,
    0xd2, 0x0, 0x2f, 0xff, 0x40, 0x0, 0xff, 0xfa,
    0x1e, 0xff, 0x50, 0x0, 0x2f, 0xff, 0x40, 0x0,
    0xff, 0xfa, 0x6f, 0xff, 0x20, 0x0, 0x2f, 0xff,
    0x50, 0x0, 0xff, 0xfa, 0x7f, 0xff, 0x10, 0x0,
    0x1f, 0xff, 0xa0, 0x7, 0xff, 0xfa, 0x6f, 0xff,
    0xed, 0x20, 0xd, 0xff, 0xfe, 0xef, 0xff, 0xfa,
    0x1f, 0xff, 0xff, 0x30, 0x6, 0xff, 0xff, 0xf8,
    0xff, 0xfa, 0x3, 0xcf, 0xff, 0x30, 0x0, 0x7e,
    0xfe, 0x80, 0xff, 0xfa,

    /* U+0E14 "ด" */
    0x0, 0x18, 0xdf, 0xfe, 0xb5, 0x0, 0x0, 0x2e,
    0xff, 0xff, 0xff, 0xf9, 0x0, 0xd, 0xff, 0xff,
    0xff, 0xff, 0xf5, 0x5, 0xff, 0xfa, 0x32, 0x7f,
    0xff, 0xd0, 0xaf, 0xfe, 0x0, 0x0, 0xaf, 0xff,
    0xd, 0xff, 0xb0, 0x0, 0x7, 0xff, 0xf2, 0xff,
    0xfb, 0x0, 0x0, 0x6f, 0xff, 0x2f, 0xff, 0xb0,
    0x0, 0x6, 0xff, 0xf2, 0xff, 0xfb, 0x0, 0x0,
    0x6f, 0xff, 0x2d, 0xff, 0xe0, 0x0, 0x6, 0xff,
    0xf2, 0x9f, 0xff, 0x82, 0x0, 0x6f, 0xff, 0x23,
    0xff, 0xff, 0xf7, 0x6, 0xff, 0xf2, 0x8, 0xff,
    0xff, 0x70, 0x6f, 0xff, 0x20, 0x5, 0xbe, 0xf7,
    0x6, 0xff, 0xf2,

    /* U+0E15 "ต" */
    0x0, 0x6c, 0xf5, 0x6, 0xfc, 0x50, 0x0, 0x8f,
    0xff, 0xf6, 0xff, 0xff, 0x70, 0x2f, 0xff, 0xff,
    0xff, 0xff, 0xff, 0x18, 0xff, 0xf7, 0xaf, 0x99,
    0xff, 0xf5, 0xcf, 0xfd, 0x0, 0x80, 0x2f, 0xff,
    0x7e, 0xff, 0xa0, 0x0, 0x2, 0xff, 0xf7, 0xef,
    0xfa, 0x0, 0x0, 0x2f, 0xff, 0x7e, 0xff, 0xa0,
    0x0, 0x2, 0xff, 0xf7, 0xef, 0xfa, 0x0, 0x0,
    0x2f, 0xff, 0x7c, 0xff, 0xc0, 0x0, 0x2, 0xff,
    0xf7, 0x9f, 0xff, 0x50, 0x0, 0x2f, 0xff, 0x74,
    0xff, 0xff, 0xfb, 0x2, 0xff, 0xf7, 0xa, 0xff,
    0xff, 0xc0, 0x2f, 0xff, 0x70, 0x6, 0xcf, 0xfc,
    0x2, 0xff, 0xf7,

    /* U+0E16 "ถ" */
    0x0, 0x7, 0xcf, 0xff, 0xc7, 0x0, 0x0, 0x1d,
    0xff, 0xff, 0xff, 0xfd, 0x10, 0xc, 0xff, 0xff,
    0xff, 0xff, 0xfb, 0x4, 0xff, 0xf8, 0x0, 0x2c,
    0xff, 0xf2, 0x8f, 0xff, 0x77, 0x20, 0x3f, 0xff,
    0x6a, 0xff, 0xff, 0xf6, 0x1, 0xff, 0xf8, 0xaf,
    0xff, 0xff, 0x60, 0x1f, 0xff, 0x80, 0x2b, 0xfd,
    0x20, 0x1, 0xff, 0xf8, 0x1e, 0xff, 0x50, 0x0,
    0x1f, 0xff, 0x86, 0xff, 0xf2, 0x0, 0x1, 0xff,
    0xf8, 0x7f, 0xff, 0x10, 0x0, 0x1f, 0xff, 0x86,
    0xff, 0xfe, 0xd2, 0x1, 0xff, 0xf8, 0x1f, 0xff,
    0xff, 0x30, 0x1f, 0xff, 0x80, 0x3c, 0xff, 0xf3,
    0x1, 0xff, 0xf8,

    /* U+0E17 "ท" */
    0x3f, 0xff, 0x61, 0xae, 0xfd, 0x70, 0x3, 0xff,
    0xf6, 0xdf, 0xff, 0xff, 0x90, 0x3f, 0xff, 0xdf,
    0xff, 0xff, 0xff, 0x23, 0xff, 0xff, 0x72, 0x2b,
    0xff, 0xf7, 0x3f, 0xff, 0x80, 0x0, 0x2f, 0xff,
    0x93, 0xff, 0xf6, 0x0, 0x0, 0xff, 0xfa, 0x3f,
    0xff, 0x60, 0x0, 0xf, 0xff, 0xa3, 0xff, 0xf6,
    0x0, 0x0, 0xff, 0xfa, 0x3f, 0xff, 0x60, 0x0,
    0xf, 0xff, 0xa3, 0xff, 0xf6, 0x0, 0x0, 0xff,
    0xfa, 0x3f, 0xff, 0x60, 0x0, 0xf, 0xff, 0xa3,
    0xff, 0xf6, 0x0, 0x0, 0xff, 0xfa, 0x3f, 0xff,
    0x60, 0x0, 0xf, 0xff, 0xa3, 0xff, 0xf6, 0x0,
    0x0, 0xff, 0xfa,

    /* U+0E18 "ธ" */
    0x0, 0x5b, 0xef, 0xfd, 0x92, 0x0, 0xa, 0xff,
    0xff, 0xff, 0xff, 0x70, 0x5f, 0xff, 0xff, 0xff,
    0xff, 0xd0, 0x9f, 0xfe, 0x20, 0x4, 0xdb, 0x0,
    0xaf, 0xfc, 0x42, 0x0, 0x10, 0x0, 0x5f, 0xff,
    0xff, 0xfd, 0x92, 0x0, 0x7, 0xff, 0xff, 0xff,
    0xff, 0x50, 0x0, 0x3, 0x57, 0x9e, 0xff, 0xe0,
    0x5d, 0xd9, 0x0, 0x2, 0xff, 0xf3, 0x7f, 0xfb,
    0x0, 0x0, 0xff, 0xf4, 0x7f, 0xfc, 0x10, 0x7,
    0xff, 0xf3, 0x7f, 0xff, 0xff, 0xff, 0xff, 0xe0,
    0x5f, 0xff, 0xff, 0xff, 0xff, 0x40, 0x2, 0x8c,
    0xef, 0xfe, 0xa2, 0x0,

    /* U+0E19 "น" */
    0x6f, 0xff, 0x30, 0x0, 0x2f, 0xff, 0x76, 0xff,
    0xf3, 0x0, 0x2, 0xff, 0xf7, 0x6f, 0xff, 0x30,
    0x0, 0x2f, 0xff, 0x76, 0xff, 0xf3, 0x0, 0x2,
    0xff, 0xf7, 0x6f, 0xff, 0x30, 0x0, 0x2f, 0xff,
    0x76, 0xff, 0xf3, 0x0, 0x2, 0xff, 0xf7, 0x6f,
    0xff, 0x30, 0x0, 0x2f, 0xff, 0x76, 0xff, 0xf3,
    0x0, 0x2, 0xff, 0xf7, 0x6f, 0xff, 0x30, 0x0,
    0x2f, 0xff, 0x75, 0xff, 0xf6, 0x0, 0x4, 0xff,
    0xf7, 0x3f, 0xff, 0xd3, 0x25, 0xef, 0xff, 0x70,
    0xef, 0xff, 0xff, 0xfd, 0xff, 0xf7, 0x5, 0xff,
    0xff, 0xff, 0x5f, 0xff, 0x70, 0x5, 0xcf, 0xfb,
    0x32, 0xff, 0xf7,

    /* U+0E1A "บ" */
    0x6f, 0xff, 0x30, 0x0, 0x3f, 0xff, 0x66, 0xff,
    0xf3, 0x0, 0x3, 0xff, 0xf6, 0x6f, 0xff, 0x30,
    0x0, 0x3f, 0xff, 0x66, 0xff, 0xf3, 0x0, 0x3,
    0xff, 0xf6, 0x6f, 0xff, 0x30, 0x0, 0x3f, 0xff,
    0x66, 0xff, 0xf3, 0x0, 0x3, 0xff, 0xf6, 0x6f,
    0xff, 0x30, 0x0, 0x3f, 0xff, 0x66, 0xff, 0xf3,
    0x0, 0x3, 0xff, 0xf6, 0x5f, 0xff, 0x30, 0x0,
    0x3f, 0xff, 0x53, 0xff, 0xf6, 0x0, 0x5, 0xff,
    0xf4, 0xf, 0xff, 0xd2, 0x2, 0xdf, 0xff, 0x10,
    0xaf, 0xff, 0xff, 0xff, 0xff, 0xa0, 0x1, 0xef,
    0xff, 0xff, 0xff, 0xe1, 0x0, 0x1, 0x8c, 0xff,
    0xfc, 0x81, 0x0,

    /* U+0E1B "ป" */
    0x0, 0x0, 0x0, 0x0, 0x3f, 0xff, 0x60, 0x0,
    0x0, 0x0, 0x3, 0xff, 0xf6, 0x0, 0x0, 0x0,
    0x0, 0x3f, 0xff, 0x60, 0x0, 0x0, 0x0, 0x3,
    0xff, 0xf6, 0x0, 0x0, 0x0, 0x0, 0x3f, 0xff,
    0x66, 0xff, 0xf3, 0x0, 0x3, 0xff, 0xf6, 0x6f,
    0xff, 0x30, 0x0, 0x3f, 0xff, 0x66, 0xff, 0xf3,
    0x0, 0x3, 0xff, 0xf6, 0x6f, 0xff, 0x30, 0x0,
    0x3f, 0xff, 0x66, 0xff, 0xf3, 0x0, 0x3, 0xff,
    0xf6, 0x6f, 0xff, 0x30, 0x0, 0x3f, 0xff, 0x66,
    0xff, 0xf3, 0x0, 0x3, 0xff, 0xf6, 0x6f, 0xff,
    0x30, 0x0, 0x3f, 0xff, 0x65, 0xff, 0xf3, 0x0,
    0x3, 0xff, 0xf5, 0x3f, 0xff, 0x60, 0x0, 0x5f,
    0xff, 0x40, 0xff, 0xfd, 0x20, 0x2d, 0xff, 0xf1,
    0xa, 0xff, 0xff, 0xff, 0xff, 0xfa, 0x0, 0x1e,
    0xff, 0xff, 0xff, 0xfe, 0x10, 0x0, 0x18, 0xcf,
    0xff, 0xc8, 0x10, 0x0,

    /* U+0E1C "ผ" */
    0x4, 0xdf, 0xff, 0x90, 0x5, 0xff, 0xf4, 0xf,
    0xff, 0xff, 0x90, 0x5, 0xff, 0xf4, 0x3f, 0xff,
    0xed, 0x70, 0x5, 0xff, 0xf4, 0x4f, 0xff, 0x40,
    0x0, 0x5, 0xff, 0xf4, 0x5f, 0xff, 0x40, 0x0,
    0x5, 0xff, 0xf4, 0x5f, 0xff, 0x40, 0x0, 0x5,
    0xff, 0xf4, 0x5f, 0xff, 0x40, 0x32, 0x5, 0xff,
    0xf4, 0x5f, 0xff, 0x40, 0xdc, 0x5, 0xff, 0xf4,
    0x5f, 0xff, 0x48, 0xff, 0x65, 0xff, 0xf4, 0x5f,
    0xff, 0x7f, 0xff, 0xf7, 0xff, 0xf4, 0x5f, 0xff,
    0xff, 0x8a, 0xff, 0xff, 0xf4, 0x5f, 0xff, 0xfe,
    0x1, 0xef, 0xff, 0xf4, 0x5f, 0xff, 0xf5, 0x0,
    0x6f, 0xff, 0xf4, 0x5f, 0xff, 0xb0, 0x0, 0xc,
    0xff, 0xf4,

    /* U+0E1D "ฝ" */
    0x0, 0x0, 0x0, 0x0, 0x5, 0xff, 0xf4, 0x0,
    0x0, 0x0, 0x0, 0x5, 0xff, 0xf4, 0x0, 0x0,
    0x0, 0x0, 0x5, 0xff, 0xf4, 0x0, 0x0, 0x0,
    0x0, 0x5, 0xff, 0xf4, 0x0, 0x0, 0x0, 0x0,
    0x5, 0xff, 0xf4, 0x4, 0xdf, 0xff, 0x90, 0x5,
    0xff, 0xf4, 0xf, 0xff, 0xff, 0x90, 0x5, 0xff,
    0xf4, 0x3f, 0xff, 0xed, 0x70, 0x5, 0xff, 0xf4,
    0x4f, 0xff, 0x40, 0x0, 0x5, 0xff, 0xf4, 0x5f,
    0xff, 0x40, 0x0, 0x5, 0xff, 0xf4, 0x5f, 0xff,
    0x40, 0x0, 0x5, 0xff, 0xf4, 0x5f, 0xff, 0x40,
    0x43, 0x5, 0xff, 0xf4, 0x5f, 0xff, 0x40, 0xdd,
    0x5, 0xff, 0xf4, 0x5f, 0xff, 0x48, 0xff, 0x75,
    0xff, 0xf4, 0x5f, 0xff, 0x7f, 0xff, 0xf7, 0xff,
    0xf4, 0x5f, 0xff, 0xff, 0x89, 0xff, 0xff, 0xf4,
    0x5f, 0xff, 0xfe, 0x1, 0xef, 0xff, 0xf4, 0x5f,
    0xff, 0xf5, 0x0, 0x6f, 0xff, 0xf4, 0x5f, 0xff,
    0xb0, 0x0, 0xc, 0xff, 0xf4,

    /* U+0E1E "พ" */
    0xdf, 0xf7, 0x0, 0xcf, 0xfc, 0x0, 0x8f, 0xfd,
    0xbf, 0xf8, 0x0, 0xff, 0xff, 0x0, 0x9f, 0xfa,
    0x9f, 0xfa, 0x2, 0xff, 0xff, 0x20, 0xaf, 0xf8,
    0x6f, 0xfb, 0x5, 0xff, 0xff, 0x50, 0xbf, 0xf6,
    0x4f, 0xfc, 0x8, 0xfd, 0xdf, 0x80, 0xdf, 0xf4,
    0x2f, 0xfd, 0xb, 0xfa, 0xaf, 0xb0, 0xef, 0xf1,
    0xf, 0xff, 0xe, 0xf7, 0x7f, 0xe0, 0xff, 0xf0,
    0xd, 0xff, 0x2f, 0xf4, 0x4f, 0xf2, 0xff, 0xd0,
    0xb, 0xff, 0x6f, 0xf0, 0x1f, 0xf6, 0xff, 0xb0,
    0x9, 0xff, 0xaf, 0xd0, 0xe, 0xfa, 0xff, 0x80,
    0x7, 0xff, 0xff, 0xa0, 0xa, 0xff, 0xff, 0x60,
    0x4, 0xff, 0xff, 0x70, 0x7, 0xff, 0xff, 0x40,
    0x2, 0xff, 0xff, 0x40, 0x4, 0xff, 0xff, 0x20,
    0x0, 0xff, 0xff, 0x0, 0x1, 0xff, 0xff, 0x0,

    /* U+0E1F "ฟ" */
    0x0, 0x0, 0x0, 0x0, 0x0, 0x0, 0x9f, 0xfb,
    0x0, 0x0, 0x0, 0x0, 0x0, 0x0, 0xaf, 0xfa,
    0x0, 0x0, 0x0, 0x0, 0x0, 0x0, 0xbf, 0xf8,
    0x0, 0x0, 0x0, 0x0, 0x0, 0x0, 0xcf, 0xf6,
    0x0, 0x0, 0x0, 0x0, 0x0, 0x0, 0xdf, 0xf4,
    0xdf, 0xf7, 0x0, 0xdf, 0xfa, 0x0, 0xef, 0xf3,
    0xbf, 0xf8, 0x0, 0xff, 0xfd, 0x0, 0xff, 0xf1,
    0x9f, 0xfa, 0x3, 0xff, 0xff, 0x0, 0xff, 0xf0,
    0x6f, 0xfb, 0x6, 0xff, 0xff, 0x31, 0xff, 0xe0,
    0x4f, 0xfc, 0x9, 0xfc, 0xff, 0x61, 0xff, 0xc0,
    0x2f, 0xfd, 0xc, 0xf9, 0xcf, 0x92, 0xff, 0xa0,
    0xf, 0xff, 0xf, 0xf6, 0x9f, 0xb3, 0xff, 0x80,
    0xd, 0xff, 0x2f, 0xf3, 0x6f, 0xe4, 0xff, 0x70,
    0xb, 0xff, 0x6f, 0xf0, 0x3f, 0xf7, 0xff, 0x50,
    0x9, 0xff, 0xbf, 0xd0, 0xf, 0xfb, 0xff, 0x30,
    0x7, 0xff, 0xff, 0x90, 0xd, 0xff, 0xff, 0x10,
    0x4, 0xff, 0xff, 0x60, 0xa, 0xff, 0xff, 0x0,
    0x2, 0xff, 0xff, 0x30, 0x7, 0xff, 0xfe, 0x0,
    0x0, 0xff, 0xff, 0x0, 0x4, 0xff, 0xfc, 0x0,

    /* U+0E20 "ภ" */
    0x0, 0x0, 0x6b, 0xef, 0xfd, 0x81, 0x0, 0x0,
    0xc, 0xff, 0xff, 0xff, 0xfe, 0x30, 0x0, 0xaf,
    0xff, 0xff, 0xff, 0xff, 0xe0, 0x2, 0xff, 0xfa,
    0x10, 0x1b, 0xff, 0xf5, 0x6, 0xff, 0xf5, 0x42,
    0x1, 0xff, 0xf9, 0x8, 0xff, 0xff, 0xf8, 0x0,
    0xef, 0xfb, 0x9, 0xff, 0xff, 0xf8, 0x0, 0xef,
    0xfb, 0x0, 0x3, 0xdf, 0x80, 0x0, 0xef, 0xfb,
    0x0, 0xe, 0xff, 0x20, 0x0, 0xef, 0xfb, 0x0,
    0x3f, 0xff, 0x10, 0x0, 0xef, 0xfb, 0x0, 0x4f,
    0xff, 0x10, 0x0, 0xef, 0xfb, 0xc, 0xdf, 0xff,
    0x10, 0x0, 0xef, 0xfb, 0xf, 0xff, 0xfd, 0x0,
    0x0, 0xef, 0xfb, 0xf, 0xff, 0xc3, 0x0, 0x0,
    0xef, 0xfb,

    /* U+0E21 "ม" */
    0x3f, 0xff, 0x60, 0x0, 0xe, 0xff, 0xb3, 0xff,
    0xf6, 0x0, 0x0, 0xef, 0xfb, 0x3f, 0xff, 0x60,
    0x0, 0xe, 0xff, 0xb3, 0xff, 0xf6, 0x0, 0x0,
    0xef, 0xfb, 0x3f, 0xff, 0x60, 0x0, 0xe, 0xff,
    0xb3, 0xff, 0xf6, 0x0, 0x0, 0xef, 0xfb, 0x3f,
    0xff, 0x60, 0x0, 0xe, 0xff, 0xb3, 0xff, 0xf6,
    0x0, 0x0, 0xef, 0xfb, 0x3f, 0xff, 0x60, 0x0,
    0xf, 0xff, 0xb3, 0xff, 0xf8, 0x0, 0x1, 0xff,
    0xfa, 0x3f, 0xff, 0xf7, 0x22, 0xaf, 0xff, 0x93,
    0xff, 0xfe, 0xff, 0xff, 0xff, 0xf4, 0x3f, 0xff,
    0x7e, 0xff, 0xff, 0xfc, 0x3, 0xff, 0xf6, 0x2b,
    0xef, 0xe9, 0x0,

    /* U+0E22 "ย" */
    0x8, 0xef, 0xff, 0x0, 0x9f, 0xff, 0x5f, 0xff,
    0xff, 0x0, 0x9f, 0xff, 0x8f, 0xff, 0xbb, 0x0,
    0x9f, 0xff, 0x4f, 0xfe, 0x0, 0x0, 0x9f, 0xff,
    0x6, 0xef, 0x80, 0x0, 0x9f, 0xff, 0x3, 0xae,
    0xff, 0x20, 0x9f, 0xff, 0x3f, 0xff, 0xff, 0x20,
    0x9f, 0xff, 0xaf, 0xfe, 0xaa, 0x10, 0x9f, 0xff,
    0xdf, 0xfc, 0x0, 0x0, 0x9f, 0xff, 0xdf, 0xfe,
    0x0, 0x0, 0xcf, 0xfd, 0xaf, 0xff, 0x91, 0x6,
    0xff, 0xfa, 0x4f, 0xff, 0xff, 0xff, 0xff, 0xf4,
    0x8, 0xff, 0xff, 0xff, 0xff, 0x90, 0x0, 0x3a,
    0xdf, 0xfe, 0xb5, 0x0,

    /* U+0E23 "ร" */
    0x0, 0x3, 0xae, 0xff, 0xc7, 0x0, 0x0, 0x5f,
    0xff, 0xff, 0xff, 0xe2, 0x1, 0xff, 0xff, 0xff,
    0xff, 0xf7, 0x4, 0xff, 0xf4, 0x1, 0x7f, 0x60,
    0x5, 0xff, 0xf1, 0x0, 0x1, 0x0, 0x3, 0xff,
    0xfe, 0x96, 0x40, 0x0, 0x0, 0xaf, 0xff, 0xff,
    0xfe, 0x60, 0x0, 0x7, 0xef, 0xff, 0xff, 0xf4,
    0x0, 0x0, 0x2, 0x48, 0xff, 0xfb, 0x0, 0x36,
    0x0, 0x0, 0x7f, 0xfe, 0x4, 0xff, 0x92, 0x1,
    0xbf, 0xfd, 0xd, 0xff, 0xff, 0xff, 0xff, 0xf9,
    0x1, 0xcf, 0xff, 0xff, 0xff, 0xd1, 0x0, 0x5,
    0xbe, 0xff, 0xc7, 0x0,

    /* U+0E24 "ฤ" */
    0x0, 0x7, 0xcf, 0xff, 0xc7, 0x0, 0x0, 0x1d,
    0xff, 0xff, 0xff, 0xfd, 0x10, 0xc, 0xff, 0xff,
    0xff, 0xff, 0xfb, 0x4, 0xff, 0xf7, 0x0, 0x2c,
    0xff, 0xf2, 0x8f, 0xff, 0x88, 0x30, 0x3f, 0xff,
    0x6a, 0xff, 0xff, 0xf6, 0x1, 0xff, 0xf8, 0xaf,
    0xff, 0xff, 0x60, 0x1f, 0xff, 0x80, 0x2b, 0xfd,
    0x20, 0x1, 0xff, 0xf8, 0x1e, 0xff, 0x50, 0x0,
    0x1f, 0xff, 0x86, 0xff, 0xf2, 0x0, 0x1, 0xff,
    0xf8, 0x7f, 0xff, 0x10, 0x0, 0x1f, 0xff, 0x86,
    0xff, 0xfe, 0xd2, 0x1, 0xff, 0xf8, 0x1f, 0xff,
    0xff, 0x30, 0x1f, 0xff, 0x80, 0x3c, 0xff, 0xf3,
    0x1, 0xff, 0xf8, 0x0, 0x0, 0x0, 0x0, 0x1f,
    0xff, 0x80, 0x0, 0x0, 0x0, 0x1, 0xff, 0xf8,
    0x0, 0x0, 0x0, 0x0, 0x1f, 0xff, 0x80, 0x0,
    0x0, 0x0, 0x1, 0xff, 0xf8, 0x0, 0x0, 0x0,
    0x0, 0x1f, 0xff, 0x80,

    /* U+0E25 "ล" */
    0x0, 0x4b, 0xef, 0xfd, 0x92, 0x0, 0xa, 0xff,
    0xff, 0xff, 0xff, 0x40, 0x8f, 0xff, 0xff, 0xff,
    0xff, 0xe0, 0x1c, 0xfa, 0x20, 0x2b, 0xff, 0xf4,
    0x0, 0x60, 0x0, 0x2, 0xff, 0xf7, 0x0, 0x0,
    0x0, 0x0, 0xff, 0xf8, 0x2, 0xae, 0xff, 0xff,
    0xff, 0xf8, 0x3f, 0xff, 0xff, 0xff, 0xff, 0xf8,
    0xbf, 0xff, 0x87, 0x77, 0xff, 0xf8, 0xef, 0xf9,
    0x0, 0x0, 0xff, 0xf8, 0xef, 0xfb, 0x0, 0x0,
    0xff, 0xf8, 0xbf, 0xff, 0xfe, 0x40, 0xff, 0xf8,
    0x3f, 0xff, 0xff, 0x50, 0xff, 0xf8, 0x2, 0xae,
    0xff, 0x50, 0xff, 0xf8,

    /* U+0E26 "ฦ" */
    0x0, 0x0, 0x6b, 0xef, 0xfd, 0x81, 0x0, 0x0,
    0xc, 0xff, 0xff, 0xff, 0xfe, 0x30, 0x0, 0xaf,
    0xff, 0xff, 0xff, 0xff, 0xe0, 0x2, 0xff, 0xf9,
    0x10, 0x1b, 0xff, 0xf6, 0x6, 0xff, 0xf5, 0x52,
    0x1, 0xff, 0xfa, 0x8, 0xff, 0xff, 0xf8, 0x0,
    0xef, 0xfb, 0x9, 0xff, 0xff, 0xf8, 0x0, 0xef,
    0xfb, 0x0, 0x3, 0xdf, 0x80, 0x0, 0xef, 0xfb,
    0x0, 0xe, 0xff, 0x20, 0x0, 0xef, 0xfb, 0x0,
    0x3f, 0xff, 0x10, 0x0, 0xef, 0xfb, 0x0, 0x4f,
    0xff, 0x10, 0x0, 0xef, 0xfb, 0xc, 0xdf, 0xff,
    0x10, 0x0, 0xef, 0xfb, 0xf, 0xff, 0xfd, 0x0,
    0x0, 0xef, 0xfb, 0xf, 0xff, 0xc3, 0x0, 0x0,
    0xef, 0xfb, 0x0, 0x0, 0x0, 0x0, 0x0, 0xef,
    0xfb, 0x0, 0x0, 0x0, 0x0, 0x0, 0xef, 0xfb,
    0x0, 0x0, 0x0, 0x0, 0x0, 0xef, 0xfb, 0x0,
    0x0, 0x0, 0x0, 0x0, 0xef, 0xfb, 0x0, 0x0,
    0x0, 0x0, 0x0, 0xef, 0xfb,

    /* U+0E27 "ว" */
    0x0, 0x6, 0xcf, 0xfe, 0x92, 0x0, 0x0, 0xcf,
    0xff, 0xff, 0xff, 0x30, 0xa, 0xff, 0xff, 0xff,
    0xff, 0xe0, 0xd, 0xff, 0xb2, 0x19, 0xff, 0xf6,
    0x0, 0x3a, 0x20, 0x0, 0xef, 0xfb, 0x0, 0x0,
    0x0, 0x0, 0xcf, 0xfd, 0x0, 0x0, 0x0, 0x0,
    0xcf, 0xff, 0x0, 0x0, 0x0, 0x0, 0xcf, 0xff,
    0x0, 0x0, 0x0, 0x0, 0xcf, 0xfd, 0x1, 0x7d,
    0x0, 0x0, 0xef, 0xfb, 0x1f, 0xff, 0xa1, 0x19,
    0xff, 0xf7, 0xa, 0xff, 0xff, 0xff, 0xff, 0xe1,
    0x0, 0xcf, 0xff, 0xff, 0xff, 0x40, 0x0, 0x6,
    0xcf, 0xfe, 0x92, 0x0,

    /* U+0E28 "ศ" */
    0x0, 0x0, 0x0, 0x0, 0x0, 0x7, 0x99, 0x20,
    0x0, 0x6b, 0xef, 0xfc, 0x66, 0xff, 0xf3, 0x0,
    0xbf, 0xff, 0xff, 0xff, 0xff, 0xff, 0x30, 0x9f,
    0xff, 0xff, 0xff, 0xff, 0xe0, 0x0, 0x1f, 0xff,
    0xe5, 0x13, 0xcf, 0xff, 0x50, 0x4, 0xff, 0xf7,
    0x0, 0x1, 0xff, 0xf9, 0x0, 0x6f, 0xff, 0x30,
    0x0, 0xe, 0xff, 0xb0, 0x6, 0xff, 0xf3, 0x9f,
    0xc0, 0xef, 0xfb, 0x0, 0x6f, 0xff, 0x9f, 0xfc,
    0xe, 0xff, 0xb0, 0x6, 0xff, 0xff, 0xff, 0xc0,
    0xef, 0xfb, 0x0, 0x6f, 0xff, 0xc2, 0x0, 0xe,
    0xff, 0xb0, 0x6, 0xff, 0xf3, 0x0, 0x0, 0xef,
    0xfb, 0x0, 0x6f, 0xff, 0x30, 0x0, 0xe, 0xff,
    0xb0, 0x6, 0xff, 0xf3, 0x0, 0x0, 0xef, 0xfb,
    0x0, 0x6f, 0xff, 0x30, 0x0, 0xe, 0xff, 0xb0,
    0x0,

    /* U+0E29 "ษ" */
    0x6f, 0xff, 0x30, 0x0, 0x1f, 0xff, 0x60, 0x6,
    0xff, 0xf3, 0x0, 0x1, 0xff, 0xf6, 0x0, 0x6f,
    0xff, 0x30, 0x0, 0x1f, 0xff, 0x60, 0x6, 0xff,
    0xf3, 0x0, 0x1, 0xff, 0xf6, 0x0, 0x6f, 0xff,
    0x30, 0x6f, 0xff, 0xff, 0xff, 0x16, 0xff, 0xf3,
    0x6, 0xff, 0xff, 0xff, 0xf1, 0x6f, 0xff, 0x30,
    0x6f, 0xff, 0xff, 0xff, 0x16, 0xff, 0xf3, 0x0,
    0x1, 0xff, 0xf6, 0x0, 0x5f, 0xff, 0x40, 0x0,
    0x1f, 0xff, 0x50, 0x4, 0xff, 0xf6, 0x0, 0x4,
    0xff, 0xf4, 0x0, 0xf, 0xff, 0xe5, 0x14, 0xdf,
    0xff, 0x0, 0x0, 0x8f, 0xff, 0xff, 0xff, 0xff,
    0x90, 0x0, 0x0, 0xbf, 0xff, 0xff, 0xff, 0xc0,
    0x0, 0x0, 0x0, 0x6b, 0xef, 0xec, 0x60, 0x0,
    0x0,

    /* U+0E2A "ส" */
    0x0, 0x0, 0x0, 0x0, 0x1, 0x89, 0x90, 0x0,
    0x4b, 0xef, 0xfc, 0x79, 0xff, 0xf0, 0xa, 0xff,
    0xff, 0xff, 0xff, 0xff, 0xf0, 0x8f, 0xff, 0xff,
    0xff, 0xff, 0xc0, 0x0, 0x1c, 0xfa, 0x20, 0x2b,
    0xff, 0xf3, 0x0, 0x0, 0x70, 0x0, 0x2, 0xff,
    0xf6, 0x0, 0x0, 0x0, 0x0, 0x0, 0xff, 0xf7,
    0x0, 0x2, 0xae, 0xff, 0xff, 0xff, 0xf8, 0x0,
    0x3f, 0xff, 0xff, 0xff, 0xff, 0xf8, 0x0, 0xbf,
    0xff, 0x87, 0x77, 0xff, 0xf8, 0x0, 0xef, 0xf9,
    0x0, 0x0, 0xff, 0xf8, 0x0, 0xef, 0xfb, 0x0,
    0x0, 0xff, 0xf8, 0x0, 0xbf, 0xff, 0xfe, 0x40,
    0xff, 0xf8, 0x0, 0x3f, 0xff, 0xff, 0x50, 0xff,
    0xf8, 0x0, 0x2, 0xae, 0xff, 0x50, 0xff, 0xf8,
    0x0,

    /* U+0E2B "ห" */
    0x3f, 0xff, 0x60, 0x0, 0x8f, 0xff, 0x23, 0xff,
    0xf6, 0x0, 0x8, 0xff, 0xf2, 0x3f, 0xff, 0x60,
    0x0, 0x8f, 0xff, 0x3, 0xff, 0xf6, 0x0, 0xa,
    0xff, 0x70, 0x3f, 0xff, 0x60, 0x5, 0xfd, 0x60,
    0x3, 0xff, 0xff, 0xff, 0xff, 0xe8, 0x0, 0x3f,
    0xff, 0xff, 0xff, 0xff, 0xf9, 0x3, 0xff, 0xfc,
    0xaa, 0xcf, 0xff, 0xf1, 0x3f, 0xff, 0x60, 0x0,
    0x7f, 0xff, 0x43, 0xff, 0xf6, 0x0, 0x2, 0xff,
    0xf5, 0x3f, 0xff, 0x60, 0x0, 0x1f, 0xff, 0x53,
    0xff, 0xf6, 0x0, 0x1, 0xff, 0xf5, 0x3f, 0xff,
    0x60, 0x0, 0x1f, 0xff, 0x53, 0xff, 0xf6, 0x0,
    0x1, 0xff, 0xf5,

    /* U+0E2C "ฬ" */
    0x0, 0x0, 0x0, 0x0, 0x0, 0x0, 0x2, 0xff,
    0xe0, 0x0, 0x0, 0x0, 0x0, 0x0, 0x0, 0x8,
    0xff, 0xb0, 0x0, 0x0, 0x0, 0x0, 0x0, 0x0,
    0x3f, 0xff, 0x40, 0x0, 0x0, 0x0, 0x0, 0x3,
    0xbc, 0xff, 0xf8, 0x0, 0x0, 0x0, 0x0, 0x0,
    0x5, 0xff, 0xff, 0xa0, 0x0, 0xdf, 0xf7, 0x0,
    0x0, 0x5, 0xff, 0xff, 0xf5, 0x0, 0xbf, 0xf8,
    0x0, 0x23, 0x32, 0x1, 0xdf, 0xf8, 0x0, 0x9f,
    0xfa, 0x0, 0xdf, 0xfd, 0x0, 0x9f, 0xf7, 0x0,
    0x6f, 0xfb, 0x1, 0xff, 0xff, 0x0, 0xaf, 0xf5,
    0x0, 0x4f, 0xfc, 0x4, 0xff, 0xff, 0x40, 0xbf,
    0xf3, 0x0, 0x2f, 0xfd, 0x8, 0xfd, 0xdf, 0x80,
    0xdf, 0xf1, 0x0, 0xf, 0xff, 0xc, 0xf9, 0xaf,
    0xb0, 0xef, 0xf0, 0x0, 0xd, 0xff, 0xf, 0xf6,
    0x6f, 0xf0, 0xff, 0xd0, 0x0, 0xb, 0xff, 0x5f,
    0xf2, 0x3f, 0xf4, 0xff, 0xa0, 0x0, 0x9, 0xff,
    0xaf, 0xf0, 0xf, 0xf9, 0xff, 0x80, 0x0, 0x7,
    0xff, 0xef, 0xb0, 0xc, 0xfe, 0xff, 0x60, 0x0,
    0x4, 0xff, 0xff, 0x80, 0x8, 0xff, 0xff, 0x40,
    0x0, 0x2, 0xff, 0xff, 0x40, 0x5, 0xff, 0xff,
    0x20, 0x0, 0x0, 0xff, 0xff, 0x10, 0x1, 0xff,
    0xff, 0x0, 0x0,

    /* U+0E2D "อ" */
    0x0, 0x3a, 0xef, 0xfd, 0x81, 0x0, 0x0, 0x7f,
    0xff, 0xff, 0xff, 0xe3, 0x0, 0x5f, 0xff, 0xff,
    0xff, 0xff, 0xe1, 0x8, 0xff, 0xf6, 0x0, 0x9f,
    0xff, 0x70, 0x1, 0x78, 0x0, 0x0, 0xef, 0xfc,
    0x0, 0x0, 0x0, 0x0, 0xb, 0xff, 0xf0, 0xa,
    0xff, 0xfd, 0x0, 0xbf, 0xff, 0x19, 0xff, 0xff,
    0xd0, 0xb, 0xff, 0xf0, 0xdf, 0xfe, 0xc9, 0x0,
    0xbf, 0xff, 0xd, 0xff, 0xa0, 0x0, 0xd, 0xff,
    0xc0, 0xaf, 0xff, 0x30, 0x5, 0xff, 0xf6, 0x4,
    0xff, 0xff, 0xde, 0xff, 0xfe, 0x0, 0x7, 0xff,
    0xff, 0xff, 0xfe, 0x30, 0x0, 0x3, 0xae, 0xff,
    0xd8, 0x10, 0x0,

    /* U+0E2E "ฮ" */
    0x0, 0x0, 0x0, 0x0, 0x0, 0x59, 0x94, 0x0,
    0x3a, 0xef, 0xfc, 0x62, 0xff, 0xf7, 0x7, 0xff,
    0xff, 0xff, 0xfd, 0xff, 0xf7, 0x5f, 0xff, 0xff,
    0xff, 0xff, 0xf1, 0x0, 0x8f, 0xff, 0x60, 0x9,
    0xff, 0xf7, 0x0, 0x1, 0x78, 0x0, 0x0, 0xef,
    0xfc, 0x0, 0x0, 0x0, 0x0, 0x0, 0xbf, 0xff,
    0x0, 0xa, 0xff, 0xfd, 0x0, 0xbf, 0xff, 0x10,
    0x9f, 0xff, 0xfd, 0x0, 0xbf, 0xff, 0x0, 0xdf,
    0xfe, 0xc9, 0x0, 0xbf, 0xff, 0x0, 0xdf, 0xfa,
    0x0, 0x0, 0xdf, 0xfc, 0x0, 0xaf, 0xff, 0x30,
    0x5, 0xff, 0xf6, 0x0, 0x4f, 0xff, 0xfd, 0xef,
    0xff, 0xe0, 0x0, 0x7, 0xff, 0xff, 0xff, 0xfe,
    0x30, 0x0, 0x0, 0x3a, 0xef, 0xfd, 0x81, 0x0,
    0x0,

    /* U+0E2F "ฯ" */
    0x0, 0x7d, 0xff, 0xf0, 0xcf, 0xfd, 0xa, 0xff,
    0xff, 0xf0, 0xcf, 0xfd, 0x3f, 0xff, 0xeb, 0xb0,
    0xcf, 0xfd, 0x8f, 0xff, 0x10, 0x0, 0xef, 0xfd,
    0x9f, 0xfe, 0x0, 0x2, 0xff, 0xfd, 0x8f, 0xff,
    0x50, 0x2c, 0xff, 0xfd, 0x3f, 0xff, 0xff, 0xfe,
    0xcf, 0xfd, 0x9, 0xff, 0xff, 0xf5, 0xcf, 0xfd,
    0x0, 0x5a, 0xca, 0x40, 0xcf, 0xfd, 0x0, 0x0,
    0x0, 0x0, 0xcf, 0xfd, 0x0, 0x0, 0x0, 0x0,
    0xcf, 0xfd, 0x0, 0x0, 0x0, 0x0, 0xcf, 0xfd,
    0x0, 0x0, 0x0, 0x0, 0xcf, 0xfd, 0x0, 0x0,
    0x0, 0x0, 0xcf, 0xfd,

    /* U+0E30 "ะ" */
    0x48, 0x87, 0x0, 0x0, 0x8, 0xff, 0xf0, 0x0,
    0x0, 0x8f, 0xff, 0x11, 0x11, 0x6, 0xff, 0xff,
    0xff, 0xf8, 0x1f, 0xff, 0xff, 0xff, 0x80, 0x3c,
    0xff, 0xff, 0xf8, 0x0, 0x0, 0x0, 0x0, 0x2,
    0x55, 0x50, 0x0, 0x0, 0x8f, 0xff, 0x0, 0x0,
    0x8, 0xff, 0xf1, 0x11, 0x10, 0x6f, 0xff, 0xff,
    0xff, 0x81, 0xff, 0xff, 0xff, 0xf8, 0x4, 0xcf,
    0xff, 0xff, 0x80,

    /* U+0E31 "ั" */
    0x38, 0x85, 0x0, 0x0, 0x7, 0xff, 0xb0, 0x0,
    0x0, 0x6f, 0xfe, 0xaa, 0xaa, 0x51, 0xff, 0xff,
    0xff, 0xf9, 0x4, 0xcf, 0xff, 0xff, 0x90,

    /* U+0E32 "า" */
    0x0, 0x7c, 0xff, 0xeb, 0x30, 0x2, 0xdf, 0xff,
    0xff, 0xff, 0x60, 0xcf, 0xff, 0xff, 0xff, 0xff,
    0x12, 0xef, 0x71, 0x9, 0xff, 0xf7, 0x1, 0x40,
    0x0, 0xf, 0xff, 0x90, 0x0, 0x0, 0x0, 0xff,
    0xfa, 0x0, 0x0, 0x0, 0xf, 0xff, 0xa0, 0x0,
    0x0, 0x0, 0xff, 0xfa, 0x0, 0x0, 0x0, 0xf,
    0xff, 0xa0, 0x0, 0x0, 0x0, 0xff, 0xfa, 0x0,
    0x0, 0x0, 0xf, 0xff, 0xa0, 0x0, 0x0, 0x0,
    0xff, 0xfa, 0x0, 0x0, 0x0, 0xf, 0xff, 0xa0,
    0x0, 0x0, 0x0, 0xff, 0xfa,

    /* U+0E33 "ำ" */
    0x1, 0x8a, 0x81, 0x0, 0x0, 0x0, 0x0, 0x0,
    0x0, 0xd, 0xff, 0xfd, 0x0, 0x0, 0x0, 0x0,
    0x0, 0x0, 0x1f, 0xc0, 0xbf, 0x20, 0x0, 0x0,
    0x0, 0x0, 0x0, 0x1f, 0xb0, 0xbf, 0x20, 0x0,
    0x0, 0x0, 0x0, 0x0, 0xd, 0xff, 0xfd, 0x0,
    0x0, 0x0, 0x0, 0x0, 0x0, 0x1, 0x8a, 0x82,
    0x0, 0x0, 0x0, 0x0, 0x0, 0x0, 0x0, 0x0,
    0x0, 0x0, 0x0, 0x0, 0x0, 0x0, 0x0, 0x0,
    0x0, 0x0, 0x0, 0x7, 0xcf, 0xfe, 0xb3, 0x0,
    0x0, 0x0, 0x0, 0x2, 0xdf, 0xff, 0xff, 0xff,
    0x60, 0x0, 0x0, 0x0, 0xc, 0xff, 0xff, 0xff,
    0xff, 0xf1, 0x0, 0x0, 0x0, 0x2, 0xef, 0x71,
    0x9, 0xff, 0xf7, 0x0, 0x0, 0x0, 0x0, 0x14,
    0x0, 0x0, 0xff, 0xf9, 0x0, 0x0, 0x0, 0x0,
    0x0, 0x0, 0x0, 0xff, 0xfa, 0x0, 0x0, 0x0,
    0x0, 0x0, 0x0, 0x0, 0xff, 0xfa, 0x0, 0x0,
    0x0, 0x0, 0x0, 0x0, 0x0, 0xff, 0xfa, 0x0,
    0x0, 0x0, 0x0, 0x0, 0x0, 0x0, 0xff, 0xfa,
    0x0, 0x0, 0x0, 0x0, 0x0, 0x0, 0x0, 0xff,
    0xfa, 0x0, 0x0, 0x0, 0x0, 0x0, 0x0, 0x0,
    0xff, 0xfa, 0x0, 0x0, 0x0, 0x0, 0x0, 0x0,
    0x0, 0xff, 0xfa, 0x0, 0x0, 0x0, 0x0, 0x0,
    0x0, 0x0, 0xff, 0xfa, 0x0, 0x0, 0x0, 0x0,
    0x0, 0x0, 0x0, 0xff, 0xfa,

    /* U+0E34 "ิ" */
    0x1a, 0xaa, 0xaa, 0xaa, 0xaa, 0xa3, 0x3f, 0xff,
    0xff, 0xff, 0xff, 0xf6, 0x3f, 0xff, 0xff, 0xff,
    0xff, 0xf6,

    /* U+0E35 "ี" */
    0x0, 0x0, 0x0, 0x0, 0x68, 0x83, 0x0, 0x0,
    0x0, 0x0, 0xdf, 0xf6, 0x0, 0x0, 0x0, 0x0,
    0xdf, 0xf6, 0x1a, 0xaa, 0xaa, 0xaa, 0xff, 0xf4,
    0x2f, 0xff, 0xff, 0xff, 0xff, 0xe0, 0x2f, 0xff,
    0xff, 0xff, 0xfb, 0x20,

    /* U+0E36 "ึ" */
    0x0, 0x0, 0x0, 0x4, 0x9a, 0x70, 0x0, 0x0,
    0x0, 0x3f, 0xff, 0xfa, 0x0, 0x0, 0x0, 0x8f,
    0x61, 0xff, 0x2a, 0xaa, 0xaa, 0xdf, 0x40, 0xff,
    0x3f, 0xff, 0xff, 0xff, 0xed, 0xfc, 0x3f, 0xff,
    0xff, 0xff, 0xff, 0xc2,

    /* U+0E37 "ื" */
    0x0, 0x0, 0x58, 0x81, 0x58, 0x83, 0x0, 0x0,
    0xaf, 0xf3, 0xaf, 0xf6, 0x0, 0x0, 0xaf, 0xf3,
    0xaf, 0xf5, 0x1a, 0xaa, 0xef, 0xfb, 0xdf, 0xf4,
    0x3f, 0xff, 0xff, 0xff, 0xff, 0xe0, 0x3f, 0xff,
    0xff, 0xff, 0xfb, 0x20,

    /* U+0E38 "ุ" */
    0x9c, 0xba, 0x30, 0xcf, 0xff, 0xf1, 0xcf, 0xff,
    0xf5, 0x0, 0x8f, 0xf6, 0x0, 0x8f, 0xf6, 0x0,
    0x8f, 0xf6,

    /* U+0E39 "ู" */
    0x4f, 0xfd, 0x24, 0xff, 0x64, 0xff, 0xfa, 0x4f,
    0xf6, 0x28, 0xff, 0xb4, 0xff, 0x60, 0xe, 0xfc,
    0x4f, 0xf5, 0x0, 0xcf, 0xff, 0xff, 0x40, 0x3,
    0xdf, 0xff, 0x90,

    /* U+0E3A "ฺ" */
    0x1c, 0xfd, 0x27, 0xff, 0xf9, 0x7f, 0xff, 0x91,
    0xcf, 0xd2,

    /* U+0E3F "฿" */
    0x0, 0x0, 0x6, 0xff, 0x50, 0x0, 0x0, 0x0,
    0x0, 0x6, 0xff, 0x50, 0x0, 0x0, 0x0, 0x0,
    0x6, 0xff, 0x50, 0x0, 0x0, 0x2e, 0xee, 0xee,
    0xff, 0xed, 0xb5, 0x0, 0x2f, 0xff, 0xff, 0xff,
    0xff, 0xff, 0x70, 0x2f, 0xff, 0xff, 0xff, 0xff,
    0xff, 0xf1, 0x2f, 0xff, 0x42, 0xff, 0x28, 0xff,
    0xf5, 0x2f, 0xff, 0x42, 0xff, 0x22, 0xff, 0xf6,
    0x2f, 0xff, 0x42, 0xff, 0x22, 0xff, 0xf4, 0x2f,
    0xff, 0x42, 0xff, 0x28, 0xff, 0xe0, 0x2f, 0xff,
    0xff, 0xff, 0xff, 0xea, 0x20, 0x2f, 0xff, 0xff,
    0xff, 0xff, 0xeb, 0x40, 0x2f, 0xff, 0xdc, 0xff,
    0xcd, 0xff, 0xf5, 0x2f, 0xff, 0x42, 0xff, 0x20,
    0xbf, 0xfd, 0x2f, 0xff, 0x42, 0xff, 0x20, 0x8f,
    0xff, 0x2f, 0xff, 0x42, 0xff, 0x20, 0xcf, 0xfe,
    0x2f, 0xff, 0xee, 0xff, 0xef, 0xff, 0xf9, 0x2f,
    0xff, 0xff, 0xff, 0xff, 0xff, 0xe1, 0x2f, 0xff,
    0xff, 0xff, 0xff, 0xfa, 0x10, 0x0, 0x0, 0x6,
    0xff, 0x50, 0x0, 0x0, 0x0, 0x0, 0x6, 0xff,
    0x50, 0x0, 0x0, 0x0, 0x0, 0x3, 0x88, 0x20,
    0x0, 0x0,

    /* U+0E40 "เ" */
    0x2f, 0xff, 0x60, 0x2, 0xff, 0xf6, 0x0, 0x2f,
    0xff, 0x60, 0x2, 0xff, 0xf6, 0x0, 0x2f, 0xff,
    0x60, 0x2, 0xff, 0xf6, 0x0, 0x2f, 0xff, 0x60,
    0x2, 0xff, 0xf6, 0x0, 0x2f, 0xff, 0x60, 0x2,
    0xff, 0xf6, 0x0, 0x2f, 0xff, 0x60, 0x1, 0xff,
    0xff, 0xf6, 0xb, 0xff, 0xff, 0x60, 0x1a, 0xef,
    0xf6,

    /* U+0E41 "แ" */
    0x2f, 0xff, 0x60, 0x0, 0xef, 0xfa, 0x0, 0x2f,
    0xff, 0x60, 0x0, 0xef, 0xfa, 0x0, 0x2f, 0xff,
    0x60, 0x0, 0xef, 0xfa, 0x0, 0x2f, 0xff, 0x60,
    0x0, 0xef, 0xfa, 0x0, 0x2f, 0xff, 0x60, 0x0,
    0xef, 0xfa, 0x0, 0x2f, 0xff, 0x60, 0x0, 0xef,
    0xfa, 0x0, 0x2f, 0xff, 0x60, 0x0, 0xef, 0xfa,
    0x0, 0x2f, 0xff, 0x60, 0x0, 0xef, 0xfa, 0x0,
    0x2f, 0xff, 0x60, 0x0, 0xef, 0xfa, 0x0, 0x2f,
    0xff, 0x60, 0x0, 0xef, 0xfa, 0x0, 0x2f, 0xff,
    0x60, 0x0, 0xef, 0xfa, 0x0, 0x1f, 0xff, 0xff,
    0x60, 0xdf, 0xff, 0xfa, 0xb, 0xff, 0xff, 0x60,
    0x7f, 0xff, 0xfa, 0x1, 0xae, 0xff, 0x60, 0x8,
    0xef, 0xfa,

    /* U+0E42 "โ" */
    0xcf, 0xff, 0xff, 0xff, 0xff, 0x1c, 0xff, 0xff,
    0xff, 0xff, 0xf1, 0xcf, 0xff, 0xff, 0xff, 0xff,
    0x11, 0x8f, 0xe8, 0x0, 0x0, 0x0, 0x0, 0xaf,
    0xf8, 0x0, 0x0, 0x0, 0x4, 0xff, 0xf1, 0x0,
    0x0, 0x0, 0x1f, 0xff, 0x40, 0x0, 0x0, 0x1,
    0xff, 0xf7, 0x0, 0x0, 0x0, 0x1f, 0xff, 0x70,
    0x0, 0x0, 0x1, 0xff, 0xf8, 0x0, 0x0, 0x0,
    0x1f, 0xff, 0x80, 0x0, 0x0, 0x1, 0xff, 0xf8,
    0x0, 0x0, 0x0, 0x1f, 0xff, 0x80, 0x0, 0x0,
    0x1, 0xff, 0xf8, 0x0, 0x0, 0x0, 0x1f, 0xff,
    0x80, 0x0, 0x0, 0x1, 0xff, 0xf8, 0x0, 0x0,
    0x0, 0x1f, 0xff, 0x80, 0x0, 0x0, 0x1, 0xff,
    0xf8, 0x0, 0x0, 0x0, 0xf, 0xff, 0xff, 0xb0,
    0x0, 0x0, 0xaf, 0xff, 0xfb, 0x0, 0x0, 0x1,
    0x9e, 0xff, 0xb0, 0x0,

    /* U+0E43 "ใ" */
    0x0, 0x2a, 0xef, 0xfc, 0x50, 0x0, 0x4f, 0xff,
    0xff, 0xff, 0x90, 0x1f, 0xff, 0xfc, 0xff, 0xff,
    0x34, 0xef, 0xf2, 0x1, 0xff, 0xf8, 0x0, 0x68,
    0x0, 0xd, 0xff, 0x90, 0x0, 0x0, 0x2, 0xff,
    0xf6, 0x0, 0x1, 0x68, 0xef, 0xfe, 0x10, 0x0,
    0x3f, 0xff, 0xfe, 0x30, 0x0, 0x3, 0xff, 0xf8,
    0x0, 0x0, 0x0, 0x3f, 0xff, 0x50, 0x0, 0x0,
    0x3, 0xff, 0xf5, 0x0, 0x0, 0x0, 0x3f, 0xff,
    0x50, 0x0, 0x0, 0x3, 0xff, 0xf5, 0x0, 0x0,
    0x0, 0x3f, 0xff, 0x50, 0x0, 0x0, 0x3, 0xff,
    0xf5, 0x0, 0x0, 0x0, 0x3f, 0xff, 0x50, 0x0,
    0x0, 0x3, 0xff, 0xf5, 0x0, 0x0, 0x0, 0x3f,
    0xff, 0x50, 0x0, 0x0, 0x3, 0xff, 0xf5, 0x0,
    0x0, 0x0, 0x2f, 0xff, 0xff, 0x90, 0x0, 0x0,
    0xcf, 0xff, 0xf9, 0x0, 0x0, 0x1, 0xae, 0xff,
    0x90,

    /* U+0E44 "ไ" */
    0x0, 0x0, 0x0, 0x0, 0x0, 0x4f, 0xff, 0xff,
    0xff, 0xf6, 0x4f, 0xff, 0xff, 0xff, 0xf6, 0x4f,
    0xff, 0xff, 0xff, 0xf6, 0x0, 0x0, 0x4d, 0xfb,
    0x30, 0x0, 0x4, 0xff, 0xc0, 0x0, 0x0, 0xe,
    0xff, 0x40, 0x0, 0x0, 0x3f, 0xff, 0x10, 0x0,
    0x0, 0x6f, 0xff, 0x10, 0x0, 0x0, 0x7f, 0xff,
    0x10, 0x0, 0x0, 0x8f, 0xff, 0x10, 0x0, 0x0,
    0x8f, 0xff, 0x10, 0x0, 0x0, 0x8f, 0xff, 0x10,
    0x0, 0x0, 0x8f, 0xff, 0x10, 0x0, 0x0, 0x8f,
    0xff, 0x10, 0x0, 0x0, 0x8f, 0xff, 0x10, 0x0,
    0x0, 0x8f, 0xff, 0x10, 0x0, 0x0, 0x8f, 0xff,
    0x10, 0x0, 0x0, 0x7f, 0xff, 0x10, 0x0, 0x0,
    0x6f, 0xff, 0xff, 0x50, 0x0, 0x1f, 0xff, 0xff,
    0x50, 0x0, 0x4, 0xcf, 0xff, 0x50,

    /* U+0E45 "ๅ" */
    0x0, 0x7c, 0xff, 0xeb, 0x40, 0x2, 0xdf, 0xff,
    0xff, 0xff, 0x70, 0xcf, 0xff, 0xff, 0xff, 0xff,
    0x32, 0xef, 0xa3, 0x29, 0xff, 0xf8, 0x1, 0x70,
    0x0, 0xe, 0xff, 0xb0, 0x0, 0x0, 0x0, 0xdf,
    0xfc, 0x0, 0x0, 0x0, 0xd, 0xff, 0xc0, 0x0,
    0x0, 0x0, 0xdf, 0xfc, 0x0, 0x0, 0x0, 0xd,
    0xff, 0xc0, 0x0, 0x0, 0x0, 0xdf, 0xfc, 0x0,
    0x0, 0x0, 0xd, 0xff, 0xc0, 0x0, 0x0, 0x0,
    0xdf, 0xfc, 0x0, 0x0, 0x0, 0xd, 0xff, 0xc0,
    0x0, 0x0, 0x0, 0xdf, 0xfc, 0x0, 0x0, 0x0,
    0xd, 0xff, 0xc0, 0x0, 0x0, 0x0, 0xdf, 0xfc,
    0x0, 0x0, 0x0, 0xd, 0xff, 0xc0, 0x0, 0x0,
    0x0, 0xdf, 0xfc, 0x0, 0x0, 0x0, 0xd, 0xff,
    0xc0,

    /* U+0E46 "ๆ" */
    0x0, 0x8d, 0xf7, 0xdf, 0xc6, 0x0, 0xa, 0xff,
    0xff, 0xff, 0xff, 0x70, 0x1f, 0xff, 0xaf, 0xcd,
    0xff, 0xe0, 0x4f, 0xfd, 0x3, 0x7, 0xff, 0xf1,
    0x4f, 0xfe, 0x0, 0x7, 0xff, 0xf2, 0x2f, 0xff,
    0xe9, 0x7, 0xff, 0xf2, 0xc, 0xff, 0xfc, 0x7,
    0xff, 0xf2, 0x1, 0x9e, 0xfc, 0x7, 0xff, 0xf2,
    0x0, 0x0, 0x0, 0x7, 0xff, 0xf2, 0x0, 0x0,
    0x0, 0x7, 0xff, 0xf2, 0x0, 0x0, 0x0, 0x7,
    0xff, 0xf2, 0x0, 0x0, 0x0, 0x7, 0xff, 0xf2,
    0x0, 0x0, 0x0, 0x7, 0xff, 0xf2, 0x0, 0x0,
    0x0, 0x7, 0xff, 0xf2, 0x0, 0x0, 0x0, 0x7,
    0xff, 0xf2, 0x0, 0x0, 0x0, 0x7, 0xff, 0xf2,
    0x0, 0x0, 0x0, 0x3, 0x88, 0x81,

    /* U+0E47 "็" */
    0x3, 0xcf, 0xff, 0xff, 0xf0, 0xe, 0xff, 0xee,
    0xee, 0xe0, 0x1f, 0xf1, 0xda, 0xd, 0xb0, 0xe,
    0xfc, 0xfc, 0xbf, 0xc0, 0x4, 0xdf, 0xc1, 0xcf,
    0x60,

    /* U+0E48 "่" */
    0x1, 0x11, 0x3, 0xff, 0xf2, 0x3f, 0xff, 0x23,
    0xff, 0xf2, 0x3f, 0xff, 0x23, 0xff, 0xf2,

    /* U+0E49 "้" */
    0x1a, 0x98, 0x20, 0x0, 0x0, 0x2f, 0xff, 0xf2,
    0x0, 0x0, 0x2f, 0xff, 0xf6, 0x0, 0x0, 0x0,
    0x5f, 0xfd, 0xaa, 0xa2, 0x0, 0x5f, 0xff, 0xff,
    0xf3, 0x0, 0x5f, 0xff, 0xff, 0xf3,

    /* U+0E4A "๊" */
    0x2, 0x72, 0x4, 0x60, 0x0, 0x4f, 0xff, 0xbf,
    0xfc, 0x0, 0xcf, 0xeb, 0xfa, 0xff, 0x40, 0xef,
    0x90, 0x20, 0xef, 0x83, 0x9f, 0xfe, 0xa0, 0xef,
    0xff, 0x9, 0xef, 0xc0, 0xef, 0xff,

    /* U+0E4B "๋" */
    0x0, 0xdf, 0xf0, 0x4, 0x5e, 0xff, 0x54, 0xbf,
    0xff, 0xff, 0xdb, 0xff, 0xff, 0xfd, 0x0, 0xdf,
    0xf0, 0x0, 0xd, 0xff, 0x0,

    /* U+0E4C "์" */
    0x0, 0x48, 0x9a, 0x90, 0x7f, 0xff, 0xff, 0xf,
    0xff, 0xff, 0xf1, 0xff, 0xf0, 0x0, 0x1f, 0xff,
    0x0, 0x0,

    /* U+0E4D "ํ" */
    0x6, 0xef, 0xd5, 0x1, 0xfe, 0x9e, 0xf0, 0x3f,
    0x70, 0x9f, 0x11, 0xfe, 0x9e, 0xf0, 0x6, 0xef,
    0xd5, 0x0,

    /* U+0E4E "๎" */
    0x0, 0x2, 0xdf, 0xfb, 0x0, 0x9, 0xff, 0xfb,
    0x8, 0xef, 0xfa, 0x32, 0x1f, 0xff, 0xf9, 0x0,
    0x2f, 0xf9, 0x42, 0x0, 0x2f, 0xf7, 0x0, 0x0,

    /* U+0E4F "๏" */
    0x0, 0x2, 0xae, 0xfe, 0xa3, 0x0, 0x0, 0x4,
    0xff, 0xff, 0xff, 0xf6, 0x0, 0x1, 0xff, 0xe8,
    0x57, 0xef, 0xf3, 0x0, 0x9f, 0xf2, 0x0, 0x1,
    0xff, 0xb0, 0xe, 0xfc, 0xb, 0xfc, 0x1a, 0xff,
    0x0, 0xff, 0xb5, 0xff, 0xf7, 0x9f, 0xf1, 0xf,
    0xfb, 0x6f, 0xff, 0x89, 0xff, 0x10, 0xef, 0xc5,
    0xff, 0xf6, 0xaf, 0xf0, 0x9, 0xff, 0x37, 0xc8,
    0x2f, 0xfb, 0x0, 0x2f, 0xfe, 0x85, 0x7e, 0xff,
    0x30, 0x0, 0x4f, 0xff, 0xff, 0xff, 0x60, 0x0,
    0x0, 0x2a, 0xef, 0xea, 0x30, 0x0,

    /* U+0E50 "๐" */
    0x0, 0x2, 0x9e, 0xff, 0xc6, 0x0, 0x0, 0x5,
    0xff, 0xff, 0xff, 0xfc, 0x0, 0x2, 0xff, 0xff,
    0xde, 0xff, 0xfa, 0x0, 0x9f, 0xff, 0x20, 0x9,
    0xff, 0xf2, 0xe, 0xff, 0xa0, 0x0, 0x1f, 0xff,
    0x71, 0xff, 0xf9, 0x0, 0x0, 0xff, 0xf9, 0x2f,
    0xff, 0x90, 0x0, 0xf, 0xff, 0xa1, 0xff, 0xf9,
    0x0, 0x0, 0xff, 0xf9, 0xe, 0xff, 0xa0, 0x0,
    0x1f, 0xff, 0x70, 0x9f, 0xff, 0x30, 0x9, 0xff,
    0xf2, 0x2, 0xff, 0xff, 0xde, 0xff, 0xfa, 0x0,
    0x5, 0xff, 0xff, 0xff, 0xfc, 0x0, 0x0, 0x2,
    0x9e, 0xff, 0xc6, 0x0, 0x0,

    /* U+0E51 "๑" */
    0x0, 0x3, 0x9b, 0xca, 0x71, 0x0, 0x0, 0x9,
    0xff, 0xff, 0xff, 0xe4, 0x0, 0x8, 0xff, 0xff,
    0xff, 0xff, 0xf2, 0x0, 0xff, 0xfb, 0x20, 0x5f,
    0xff, 0x90, 0x3f, 0xff, 0x20, 0x0, 0xaf, 0xfe,
    0x4, 0xff, 0xf1, 0x0, 0x8, 0xff, 0xf0, 0x3f,
    0xff, 0x50, 0x0, 0x8f, 0xff, 0x0, 0xef, 0xff,
    0xc3, 0xa, 0xff, 0xf0, 0x5, 0xff, 0xff, 0x40,
    0xdf, 0xfb, 0x0, 0x4, 0xbf, 0xf4, 0x3f, 0xff,
    0x60, 0x0, 0x0, 0x0, 0xc, 0xff, 0xe0, 0x0,
    0x0, 0x0, 0x9, 0xff, 0xf6, 0x0, 0x0, 0x0,
    0x8, 0xff, 0xfa, 0x0, 0x0, 0x0, 0xa, 0xff,
    0xfb, 0x0, 0x0,

    /* U+0E52 "๒" */
    0x7f, 0xfd, 0x0, 0x0, 0x0, 0x0, 0x0, 0x0,
    0x7f, 0xfd, 0x0, 0x0, 0x0, 0x0, 0x0, 0x0,
    0x7f, 0xfd, 0x0, 0x4, 0x72, 0x7, 0x61, 0x0,
    0x7f, 0xfd, 0x0, 0xbf, 0xfe, 0xbf, 0xff, 0x40,
    0x7f, 0xfd, 0x5, 0xff, 0xff, 0xff, 0xff, 0xd0,
    0x7f, 0xfd, 0x9, 0xff, 0x66, 0x93, 0xff, 0xf2,
    0x7f, 0xfd, 0xa, 0xff, 0x30, 0x0, 0xff, 0xf4,
    0x7f, 0xfd, 0xa, 0xff, 0x30, 0x0, 0xff, 0xf4,
    0x7f, 0xfd, 0x7, 0xff, 0xff, 0x20, 0xff, 0xf4,
    0x7f, 0xfd, 0x1, 0xef, 0xff, 0x20, 0xff, 0xf4,
    0x6f, 0xfe, 0x0, 0x17, 0x9a, 0x12, 0xff, 0xf3,
    0x4f, 0xff, 0x60, 0x0, 0x0, 0x9, 0xff, 0xf1,
    0xe, 0xff, 0xfd, 0xcc, 0xcc, 0xef, 0xff, 0xa0,
    0x4, 0xff, 0xff, 0xff, 0xff, 0xff, 0xfe, 0x10,
    0x0, 0x29, 0xdf, 0xff, 0xff, 0xec, 0x70, 0x0,

    /* U+0E53 "๓" */
    0x0, 0x5a, 0xcb, 0x92, 0x0, 0x8c, 0xb6, 0x0,
    0xaf, 0xff, 0xff, 0xf4, 0x9f, 0xff, 0xf8, 0x3f,
    0xff, 0xff, 0xff, 0xdf, 0xff, 0xff, 0xe7, 0xff,
    0xf2, 0x1e, 0xff, 0x60, 0xaf, 0xff, 0x9f, 0xfc,
    0x0, 0xcf, 0xf2, 0x6, 0xff, 0xf9, 0xff, 0xc0,
    0xc, 0xff, 0x20, 0x6f, 0xff, 0x9f, 0xfc, 0x0,
    0xcf, 0xf2, 0x6, 0xff, 0xf9, 0xff, 0xc0, 0xc,
    0xff, 0x20, 0x6f, 0xff, 0x9f, 0xfc, 0x0, 0xcf,
    0xf2, 0x6, 0xff, 0xf9, 0xff, 0xc0, 0xa, 0xee,
    0x10, 0x6f, 0xff, 0x8f, 0xfe, 0xb2, 0x0, 0x0,
    0x6, 0xff, 0xf2, 0xff, 0xff, 0x30, 0x0, 0x0,
    0x6f, 0xff, 0x5, 0xcf, 0xf3, 0x0, 0x0, 0x6,
    0xff, 0xf0,

    /* U+0E54 "๔" */
    0x0, 0x0, 0x0, 0x0, 0x0, 0xdf, 0xf6, 0x0,
    0x0, 0x0, 0x0, 0x0, 0xdf, 0xf6, 0x0, 0x0,
    0x6a, 0xcc, 0xcc, 0xff, 0xf5, 0x0, 0x2d, 0xff,
    0xff, 0xff, 0xff, 0xe1, 0x1, 0xef, 0xff, 0xff,
    0xff, 0xfc, 0x30, 0x8, 0xff, 0xf6, 0x0, 0x0,
    0x0, 0x0, 0xe, 0xff, 0xb0, 0x0, 0x0, 0x0,
    0x0, 0x1f, 0xff, 0x90, 0x9, 0xef, 0xfd, 0x0,
    0x2f, 0xff, 0x90, 0x6f, 0xff, 0xfd, 0x0, 0x1f,
    0xff, 0x90, 0x8f, 0xfe, 0xa8, 0x0, 0xe, 0xff,
    0xa0, 0x5f, 0xfd, 0x0, 0x0, 0x9, 0xff, 0xf3,
    0x7, 0xef, 0x40, 0x0, 0x2, 0xff, 0xff, 0xdc,
    0xcf, 0xfd, 0x90, 0x0, 0x5f, 0xff, 0xff, 0xff,
    0xff, 0xc0, 0x0, 0x2, 0x9e, 0xff, 0xff, 0xff,
    0xc0,

    /* U+0E55 "๕" */
    0x0, 0x0, 0x7, 0xa9, 0x30, 0x24, 0x41, 0x0,
    0x0, 0xaf, 0xff, 0xf1, 0x9f, 0xf6, 0x0, 0x0,
    0xfe, 0x9, 0xf5, 0x9f, 0xf6, 0x0, 0x0, 0xfe,
    0x9, 0xfa, 0xcf, 0xf4, 0x0, 0x3e, 0xff, 0xff,
    0xff, 0xff, 0xe0, 0x1, 0xef, 0xff, 0xff, 0xff,
    0xfb, 0x20, 0x8, 0xff, 0xf6, 0x0, 0x0, 0x0,
    0x0, 0xe, 0xff, 0xb0, 0x0, 0x0, 0x0, 0x0,
    0x1f, 0xff, 0x90, 0x9, 0xef, 0xfd, 0x0, 0x2f,
    0xff, 0x90, 0x6f, 0xff, 0xfd, 0x0, 0x1f, 0xff,
    0x90, 0x8f, 0xfe, 0xa8, 0x0, 0xe, 0xff, 0xa0,
    0x5f, 0xfd, 0x0, 0x0, 0xa, 0xff, 0xf3, 0x7,
    0xef, 0x40, 0x0, 0x2, 0xff, 0xff, 0xdc, 0xcf,
    0xfd, 0x90, 0x0, 0x5f, 0xff, 0xff, 0xff, 0xff,
    0xc0, 0x0, 0x2, 0xae, 0xff, 0xff, 0xff, 0xc0,

    /* U+0E56 "๖" */
    0x23, 0x31, 0x0, 0x0, 0x0, 0x0, 0x8, 0xff,
    0x90, 0x0, 0x0, 0x0, 0x0, 0x5f, 0xfc, 0x0,
    0x0, 0x0, 0x0, 0x2, 0xff, 0xf0, 0x5d, 0xfe,
    0xa2, 0x0, 0xf, 0xff, 0x6f, 0xff, 0xff, 0xe2,
    0x0, 0xcf, 0xfe, 0xfc, 0xef, 0xff, 0xb0, 0x9,
    0xff, 0xd1, 0x0, 0xbf, 0xff, 0x20, 0x0, 0x0,
    0x0, 0x3, 0xff, 0xf6, 0x0, 0x0, 0x0, 0x0,
    0x2f, 0xff, 0x80, 0x1b, 0xff, 0xf2, 0x2, 0xff,
    0xf8, 0xa, 0xff, 0xff, 0x20, 0x2f, 0xff, 0x70,
    0xdf, 0xfc, 0xa1, 0x3, 0xff, 0xf5, 0xc, 0xff,
    0xb0, 0x0, 0xbf, 0xff, 0x10, 0x6f, 0xff, 0xfc,
    0xef, 0xff, 0x80, 0x0, 0xaf, 0xff, 0xff, 0xff,
    0xa0, 0x0, 0x0, 0x5b, 0xef, 0xeb, 0x50, 0x0,

    /* U+0E57 "๗" */
    0x0, 0x0, 0x0, 0x0, 0x0, 0x0, 0x0, 0x1,
    0xff, 0xf1, 0x0, 0x0, 0x0, 0x0, 0x0, 0x0,
    0x0, 0x1, 0xff, 0xf1, 0x0, 0x6b, 0xcb, 0x60,
    0x3, 0xbc, 0x70, 0x1, 0xff, 0xf1, 0xa, 0xff,
    0xff, 0xfb, 0x2f, 0xff, 0xf7, 0x1, 0xff, 0xf1,
    0x3f, 0xff, 0xff, 0xff, 0xdf, 0xff, 0xfd, 0x1,
    0xff, 0xf1, 0x7f, 0xfc, 0x7, 0xff, 0xb0, 0x8f,
    0xfe, 0x1, 0xff, 0xf1, 0x9f, 0xf9, 0x3, 0xff,
    0x80, 0x4f, 0xfe, 0x1, 0xff, 0xf1, 0x9f, 0xf9,
    0x3, 0xff, 0x80, 0x4f, 0xfe, 0x1, 0xff, 0xf1,
    0x9f, 0xf9, 0x3, 0xff, 0x80, 0x4f, 0xfe, 0x1,
    0xff, 0xf1, 0x9f, 0xf9, 0x3, 0xff, 0x80, 0x4f,
    0xfe, 0x1, 0xff, 0xf1, 0x9f, 0xf9, 0x3, 0xff,
    0x80, 0x4f, 0xfe, 0x2, 0xff, 0xf1, 0x9f, 0xf9,
    0x0, 0x0, 0x0, 0x4f, 0xfe, 0x9, 0xff, 0xe0,
    0x8f, 0xfe, 0xc2, 0x0, 0x0, 0x4f, 0xff, 0xef,
    0xff, 0x90, 0x2f, 0xff, 0xf3, 0x0, 0x0, 0x4f,
    0xff, 0xff, 0xfd, 0x10, 0x5, 0xcf, 0xf3, 0x0,
    0x0, 0x4f, 0xff, 0xfc, 0x70, 0x0,

    /* U+0E58 "๘" */
    0x0, 0x0, 0x0, 0x0, 0x0, 0x68, 0x83, 0x0,
    0x0, 0x0, 0x0, 0x0, 0xd, 0xff, 0x60, 0x0,
    0x0, 0x0, 0x0, 0x0, 0xdf, 0xf6, 0x0, 0x0,
    0x6, 0xac, 0xcc, 0xcf, 0xff, 0x40, 0x0, 0x2d,
    0xff, 0xff, 0xff, 0xff, 0xe0, 0x0, 0xd, 0xff,
    0xff, 0xff, 0xff, 0xb2, 0x0, 0x7, 0xff, 0xf4,
    0x0, 0x0, 0x0, 0x0, 0x0, 0xcf, 0xf9, 0x0,
    0x0, 0x0, 0x0, 0x0, 0xf, 0xff, 0x60, 0x0,
    0x0, 0xa9, 0x60, 0x1, 0xff, 0xf6, 0x0, 0x0,
    0x1f, 0xff, 0xa0, 0x1f, 0xff, 0x60, 0x7b, 0xa1,
    0xff, 0xff, 0x10, 0xff, 0xf7, 0xf, 0xff, 0x0,
    0xaf, 0xf3, 0xc, 0xff, 0xb4, 0xff, 0xf3, 0xb,
    0xff, 0x20, 0x6f, 0xff, 0xff, 0xf9, 0xeb, 0xff,
    0xf0, 0x0, 0xcf, 0xff, 0xfb, 0x3f, 0xff, 0xfb,
    0x0, 0x0, 0x9e, 0xfb, 0x10, 0x5e, 0xfb, 0x10,

    /* U+0E59 "๙" */
    0x0, 0x0, 0x0, 0x0, 0x0, 0x0, 0xef, 0xe0,
    0x0, 0x0, 0x0, 0x0, 0x0, 0xe, 0xfe, 0x4,
    0xce, 0xc4, 0x4, 0xdb, 0x0, 0xef, 0xe3, 0xff,
    0xff, 0xf4, 0xdf, 0xf8, 0xe, 0xfe, 0x9f, 0xff,
    0xff, 0xef, 0xff, 0xf1, 0xef, 0xcc, 0xff, 0x86,
    0xff, 0x85, 0xff, 0xbf, 0xf9, 0xcf, 0xf7, 0xe,
    0xfc, 0xd, 0xff, 0xff, 0x2c, 0xff, 0x70, 0x8f,
    0xf3, 0x5f, 0xfb, 0x30, 0xcf, 0xf7, 0x1, 0xff,
    0xa0, 0x0, 0x0, 0xc, 0xff, 0x70, 0xb, 0xff,
    0x10, 0x0, 0x0, 0xcf, 0xf7, 0x0, 0x4f, 0xf8,
    0x0, 0x0, 0xc, 0xff, 0x70, 0x0, 0xdf, 0xe0,
    0x0, 0x0, 0xaf, 0xfd, 0xb0, 0x7, 0xff, 0x60,
    0x0, 0x5, 0xff, 0xff, 0x0, 0x1f, 0xfc, 0x0,
    0x0, 0x6, 0xdf, 0xf0, 0x0, 0xaf, 0xf3, 0x0,
    0x0,

    /* U+0E5A "๚" */
    0x0, 0x7d, 0xff, 0xf0, 0xcf, 0xfb, 0x0, 0xcf,
    0xfb, 0xa, 0xff, 0xff, 0xf0, 0xcf, 0xfb, 0x0,
    0xcf, 0xfb, 0x4f, 0xff, 0xeb, 0xb0, 0xcf, 0xfb,
    0x0, 0xcf, 0xfb, 0x8f, 0xff, 0x10, 0x0, 0xef,
    0xfb, 0x0, 0xef, 0xfb, 0x9f, 0xfe, 0x0, 0x3,
    0xff, 0xfb, 0x4, 0xff, 0xfb, 0x8f, 0xff, 0x72,
    0x5e, 0xff, 0xfc, 0x5e, 0xff, 0xfb, 0x3f, 0xff,
    0xff, 0xfd, 0xcf, 0xff, 0xfd, 0xcf, 0xfb, 0x7,
    0xff, 0xff, 0xf3, 0xcf, 0xff, 0xf3, 0xcf, 0xfb,
    0x0, 0x38, 0x97, 0x20, 0xcf, 0xfd, 0x10, 0xcf,
    0xfb, 0x0, 0x0, 0x0, 0x0, 0xcf, 0xfb, 0x0,
    0xcf, 0xfb, 0x0, 0x0, 0x0, 0x0, 0xcf, 0xfb,
    0x0, 0xcf, 0xfb, 0x0, 0x0, 0x0, 0x0, 0xcf,
    0xfb, 0x0, 0xcf, 0xfb, 0x0, 0x0, 0x0, 0x0,
    0xcf, 0xfb, 0x0, 0xcf, 0xfb, 0x0, 0x0, 0x0,
    0x0, 0xcf, 0xfb, 0x0, 0xcf, 0xfb,

    /* U+0E5B "๛" */
    0x0, 0x7d, 0xff, 0x90, 0x68, 0x81, 0x28, 0x84,
    0x0, 0x0, 0xbf, 0xff, 0xf9, 0xf, 0xff, 0x57,
    0xff, 0xd0, 0x0, 0x5f, 0xff, 0xfc, 0x64, 0xff,
    0xf9, 0xaf, 0xff, 0x40, 0x9, 0xff, 0xf3, 0x0,
    0x9f, 0xff, 0xdd, 0xff, 0xfa, 0x0, 0xaf, 0xff,
    0x30, 0x3f, 0xfa, 0xff, 0xff, 0xaf, 0xff, 0xc6,
    0xff, 0xff, 0xef, 0xff, 0x1f, 0xff, 0xd2, 0xff,
    0xfc, 0xc, 0xff, 0xff, 0xff, 0x50, 0xbf, 0xfa,
    0x3, 0x9a, 0x80, 0x8, 0xef, 0xeb, 0x30, 0x0,
    0x0, 0x0, 0x0, 0x0
};


/*---------------------
 *  GLYPH DESCRIPTION
 *--------------------*/

static const lv_font_fmt_txt_glyph_dsc_t glyph_dsc[] = {
    {.bitmap_index = 0, .adv_w = 0, .box_w = 0, .box_h = 0, .ofs_x = 0, .ofs_y = 0} /* id = 0 reserved */,
    {.bitmap_index = 0, .adv_w = 91, .box_w = 0, .box_h = 0, .ofs_x = 0, .ofs_y = 0},
    {.bitmap_index = 0, .adv_w = 123, .box_w = 5, .box_h = 17, .ofs_x = 1, .ofs_y = 0},
    {.bitmap_index = 43, .adv_w = 189, .box_w = 10, .box_h = 8, .ofs_x = 1, .ofs_y = 10},
    {.bitmap_index = 83, .adv_w = 243, .box_w = 15, .box_h = 17, .ofs_x = 0, .ofs_y = 0},
    {.bitmap_index = 211, .adv_w = 231, .box_w = 14, .box_h = 21, .ofs_x = 0, .ofs_y = -2},
    {.bitmap_index = 358, .adv_w = 374, .box_w = 22, .box_h = 17, .ofs_x = 1, .ofs_y = 0},
    {.bitmap_index = 545, .adv_w = 277, .box_w = 17, .box_h = 17, .ofs_x = 1, .ofs_y = 0},
    {.bitmap_index = 690, .adv_w = 103, .box_w = 4, .box_h = 8, .ofs_x = 1, .ofs_y = 10},
    {.bitmap_index = 706, .adv_w = 130, .box_w = 9, .box_h = 22, .ofs_x = 0, .ofs_y = -4},
    {.bitmap_index = 805, .adv_w = 130, .box_w = 9, .box_h = 22, .ofs_x = -1, .ofs_y = -4},
    {.bitmap_index = 904, .adv_w = 231, .box_w = 14, .box_h = 13, .ofs_x = 0, .ofs_y = 5},
    {.bitmap_index = 995, .adv_w = 230, .box_w = 12, .box_h = 12, .ofs_x = 1, .ofs_y = 2},
    {.bitmap_index = 1067, .adv_w = 119, .box_w = 6, .box_h = 8, .ofs_x = 0, .ofs_y = -4},
    {.bitmap_index = 1091, .adv_w = 155, .box_w = 8, .box_h = 4, .ofs_x = 1, .ofs_y = 6},
    {.bitmap_index = 1107, .adv_w = 119, .box_w = 5, .box_h = 5, .ofs_x = 1, .ofs_y = 0},
    {.bitmap_index = 1120, .adv_w = 177, .box_w = 11, .box_h = 22, .ofs_x = 0, .ofs_y = -4},
    {.bitmap_index = 1241, .adv_w = 230, .box_w = 14, .box_h = 17, .ofs_x = 0, .ofs_y = 0},
    {.bitmap_index = 1360, .adv_w = 230, .box_w = 14, .box_h = 17, .ofs_x = 0, .ofs_y = 0},
    {.bitmap_index = 1479, .adv_w = 230, .box_w = 13, .box_h = 17, .ofs_x = 1, .ofs_y = 0},
    {.bitmap_index = 1590, .adv_w = 230, .box_w = 13, .box_h = 17, .ofs_x = 0, .ofs_y = 0},
    {.bitmap_index = 1701, .adv_w = 230, .box_w = 14, .box_h = 17, .ofs_x = 0, .ofs_y = 0},
    {.bitmap_index = 1820, .adv_w = 230, .box_w = 13, .box_h = 17, .ofs_x = 1, .ofs_y = 0},
    {.bitmap_index = 1931, .adv_w = 230, .box_w = 13, .box_h = 17, .ofs_x = 1, .ofs_y = 0},
    {.bitmap_index = 2042, .adv_w = 230, .box_w = 13, .box_h = 17, .ofs_x = 1, .ofs_y = 0},
    {.bitmap_index = 2153, .adv_w = 230, .box_w = 14, .box_h = 17, .ofs_x = 0, .ofs_y = 0},
    {.bitmap_index = 2272, .adv_w = 230, .box_w = 14, .box_h = 17, .ofs_x = 0, .ofs_y = 0},
    {.bitmap_index = 2391, .adv_w = 127, .box_w = 6, .box_h = 13, .ofs_x = 1, .ofs_y = 0},
    {.bitmap_index = 2430, .adv_w = 127, .box_w = 6, .box_h = 17, .ofs_x = 1, .ofs_y = -4},
    {.bitmap_index = 2481, .adv_w = 230, .box_w = 10, .box_h = 16, .ofs_x = 2, .ofs_y = -1},
    {.bitmap_index = 2561, .adv_w = 230, .box_w = 12, .box_h = 9, .ofs_x = 1, .ofs_y = 3},
    {.bitmap_index = 2615, .adv_w = 230, .box_w = 10, .box_h = 16, .ofs_x = 2, .ofs_y = -1},
    {.bitmap_index = 2695, .adv_w = 192, .box_w = 12, .box_h = 17, .ofs_x = 0, .ofs_y = 0},
    {.bitmap_index = 2797, .adv_w = 347, .box_w = 20, .box_h = 21, .ofs_x = 1, .ofs_y = -4},
    {.bitmap_index = 3007, .adv_w = 263, .box_w = 16, .box_h = 17, .ofs_x = 0, .ofs_y = 0},
    {.bitmap_index = 3143, .adv_w = 256, .box_w = 15, .box_h = 17, .ofs_x = 1, .ofs_y = 0},
    {.bitmap_index = 3271, .adv_w = 250, .box_w = 14, .box_h = 17, .ofs_x = 1, .ofs_y = 0},
    {.bitmap_index = 3390, .adv_w = 268, .box_w = 15, .box_h = 17, .ofs_x = 1, .ofs_y = 0},
    {.bitmap_index = 3518, .adv_w = 233, .box_w = 13, .box_h = 17, .ofs_x = 1, .ofs_y = 0},
    {.bitmap_index = 3629, .adv_w = 225, .box_w = 12, .box_h = 17, .ofs_x = 1, .ofs_y = 0},
    {.bitmap_index = 3731, .adv_w = 276, .box_w = 15, .box_h = 17, .ofs_x = 1, .ofs_y = 0},
    {.bitmap_index = 3859, .adv_w = 278, .box_w = 15, .box_h = 17, .ofs_x = 1, .ofs_y = 0},
    {.bitmap_index = 3987, .adv_w = 166, .box_w = 9, .box_h = 17, .ofs_x = 1, .ofs_y = 0},
    {.bitmap_index = 4064, .adv_w = 215, .box_w = 12, .box_h = 17, .ofs_x = 0, .ofs_y = 0},
    {.bitmap_index = 4166, .adv_w = 267, .box_w = 16, .box_h = 17, .ofs_x = 1, .ofs_y = 0},
    {.bitmap_index = 4302, .adv_w = 204, .box_w = 11, .box_h = 17, .ofs_x = 1, .ofs_y = 0},
    {.bitmap_index = 4396, .adv_w = 314, .box_w = 17, .box_h = 17, .ofs_x = 1, .ofs_y = 0},
    {.bitmap_index = 4541, .adv_w = 278, .box_w = 15, .box_h = 17, .ofs_x = 1, .ofs_y = 0},
    {.bitmap_index = 4669, .adv_w = 274, .box_w = 15, .box_h = 17, .ofs_x = 1, .ofs_y = 0},
    {.bitmap_index = 4797, .adv_w = 252, .box_w = 14, .box_h = 17, .ofs_x = 1, .ofs_y = 0},
    {.bitmap_index = 4916, .adv_w = 274, .box_w = 15, .box_h = 22, .ofs_x = 1, .ofs_y = -5},
    {.bitmap_index = 5081, .adv_w = 259, .box_w = 15, .box_h = 17, .ofs_x = 1, .ofs_y = 0},
    {.bitmap_index = 5209, .adv_w = 240, .box_w = 14, .box_h = 17, .ofs_x = 0, .ofs_y = 0},
    {.bitmap_index = 5328, .adv_w = 224, .box_w = 14, .box_h = 17, .ofs_x = 0, .ofs_y = 0},
    {.bitmap_index = 5447, .adv_w = 266, .box_w = 14, .box_h = 17, .ofs_x = 1, .ofs_y = 0},
    {.bitmap_index = 5566, .adv_w = 250, .box_w = 16, .box_h = 17, .ofs_x = 0, .ofs_y = 0},
    {.bitmap_index = 5702, .adv_w = 374, .box_w = 23, .box_h = 17, .ofs_x = 0, .ofs_y = 0},
    {.bitmap_index = 5898, .adv_w = 258, .box_w = 16, .box_h = 17, .ofs_x = 0, .ofs_y = 0},
    {.bitmap_index = 6034, .adv_w = 249, .box_w = 16, .box_h = 17, .ofs_x = 0, .ofs_y = 0},
    {.bitmap_index = 6170, .adv_w = 233, .box_w = 14, .box_h = 17, .ofs_x = 0, .ofs_y = 0},
    {.bitmap_index = 6289, .adv_w = 128, .box_w = 6, .box_h = 22, .ofs_x = 1, .ofs_y = -4},
    {.bitmap_index = 6355, .adv_w = 177, .box_w = 11, .box_h = 22, .ofs_x = 0, .ofs_y = -4},
    {.bitmap_index = 6476, .adv_w = 128, .box_w = 6, .box_h = 22, .ofs_x = 1, .ofs_y = -4},
    {.bitmap_index = 6542, .adv_w = 230, .box_w = 13, .box_h = 11, .ofs_x = 1, .ofs_y = 6},
    {.bitmap_index = 6614, .adv_w = 214, .box_w = 13, .box_h = 3, .ofs_x = 0, .ofs_y = -5},
    {.bitmap_index = 6634, .adv_w = 230, .box_w = 6, .box_h = 6, .ofs_x = 3, .ofs_y = 14},
    {.bitmap_index = 6652, .adv_w = 218, .box_w = 13, .box_h = 13, .ofs_x = 0, .ofs_y = 0},
    {.bitmap_index = 6737, .adv_w = 233, .box_w = 13, .box_h = 18, .ofs_x = 1, .ofs_y = 0},
    {.bitmap_index = 6854, .adv_w = 199, .box_w = 12, .box_h = 13, .ofs_x = 0, .ofs_y = 0},
    {.bitmap_index = 6932, .adv_w = 233, .box_w = 12, .box_h = 18, .ofs_x = 1, .ofs_y = 0},
    {.bitmap_index = 7040, .adv_w = 216, .box_w = 13, .box_h = 13, .ofs_x = 0, .ofs_y = 0},
    {.bitmap_index = 7125, .adv_w = 139, .box_w = 9, .box_h = 18, .ofs_x = 0, .ofs_y = 0},
    {.bitmap_index = 7206, .adv_w = 212, .box_w = 14, .box_h = 20, .ofs_x = 0, .ofs_y = -5},
    {.bitmap_index = 7346, .adv_w = 229, .box_w = 12, .box_h = 18, .ofs_x = 1, .ofs_y = 0},
    {.bitmap_index = 7454, .adv_w = 110, .box_w = 5, .box_h = 18, .ofs_x = 1, .ofs_y = 0},
    {.bitmap_index = 7499, .adv_w = 110, .box_w = 7, .box_h = 23, .ofs_x = -1, .ofs_y = -5},
    {.bitmap_index = 7580, .adv_w = 222, .box_w = 13, .box_h = 18, .ofs_x = 1, .ofs_y = 0},
    {.bitmap_index = 7697, .adv_w = 116, .box_w = 6, .box_h = 18, .ofs_x = 1, .ofs_y = 0},
    {.bitmap_index = 7751, .adv_w = 343, .box_w = 19, .box_h = 13, .ofs_x = 1, .ofs_y = 0},
    {.bitmap_index = 7875, .adv_w = 229, .box_w = 12, .box_h = 13, .ofs_x = 1, .ofs_y = 0},
    {.bitmap_index = 7953, .adv_w = 217, .box_w = 13, .box_h = 13, .ofs_x = 0, .ofs_y = 0},
    {.bitmap_index = 8038, .adv_w = 233, .box_w = 13, .box_h = 18, .ofs_x = 1, .ofs_y = -5},
    {.bitmap_index = 8155, .adv_w = 233, .box_w = 12, .box_h = 18, .ofs_x = 1, .ofs_y = -5},
    {.bitmap_index = 8263, .adv_w = 155, .box_w = 9, .box_h = 13, .ofs_x = 1, .ofs_y = 0},
    {.bitmap_index = 8322, .adv_w = 194, .box_w = 12, .box_h = 13, .ofs_x = 0, .ofs_y = 0},
    {.bitmap_index = 8400, .adv_w = 147, .box_w = 9, .box_h = 16, .ofs_x = 0, .ofs_y = 0},
    {.bitmap_index = 8472, .adv_w = 229, .box_w = 12, .box_h = 13, .ofs_x = 1, .ofs_y = 0},
    {.bitmap_index = 8550, .adv_w = 207, .box_w = 13, .box_h = 13, .ofs_x = 0, .ofs_y = 0},
    {.bitmap_index = 8635, .adv_w = 323, .box_w = 20, .box_h = 13, .ofs_x = 0, .ofs_y = 0},
    {.bitmap_index = 8765, .adv_w = 215, .box_w = 14, .box_h = 13, .ofs_x = 0, .ofs_y = 0},
    {.bitmap_index = 8856, .adv_w = 205, .box_w = 13, .box_h = 18, .ofs_x = 0, .ofs_y = -5},
    {.bitmap_index = 8973, .adv_w = 199, .box_w = 12, .box_h = 13, .ofs_x = 0, .ofs_y = 0},
    {.bitmap_index = 9051, .adv_w = 143, .box_w = 8, .box_h = 22, .ofs_x = 0, .ofs_y = -4},
    {.bitmap_index = 9139, .adv_w = 154, .box_w = 4, .box_h = 22, .ofs_x = 3, .ofs_y = -4},
    {.bitmap_index = 9183, .adv_w = 143, .box_w = 8, .box_h = 22, .ofs_x = 1, .ofs_y = -4},
    {.bitmap_index = 9271, .adv_w = 230, .box_w = 13, .box_h = 5, .ofs_x = 1, .ofs_y = 5},
    {.bitmap_index = 9304, .adv_w = 242, .box_w = 13, .box_h = 14, .ofs_x = 1, .ofs_y = 0},
    {.bitmap_index = 9395, .adv_w = 225, .box_w = 12, .box_h = 14, .ofs_x = 1, .ofs_y = 0},
    {.bitmap_index = 9479, .adv_w = 233, .box_w = 13, .box_h = 14, .ofs_x = 0, .ofs_y = 0},
    {.bitmap_index = 9570, .adv_w = 245, .box_w = 13, .box_h = 14, .ofs_x = 1, .ofs_y = 0},
    {.bitmap_index = 9661, .adv_w = 247, .box_w = 13, .box_h = 14, .ofs_x = 1, .ofs_y = 0},
    {.bitmap_index = 9752, .adv_w = 249, .box_w = 14, .box_h = 14, .ofs_x = 0, .ofs_y = 0},
    {.bitmap_index = 9850, .adv_w = 225, .box_w = 13, .box_h = 14, .ofs_x = 0, .ofs_y = 0},
    {.bitmap_index = 9941, .adv_w = 217, .box_w = 12, .box_h = 14, .ofs_x = 1, .ofs_y = 0},
    {.bitmap_index = 10025, .adv_w = 238, .box_w = 15, .box_h = 14, .ofs_x = 0, .ofs_y = 0},
    {.bitmap_index = 10130, .adv_w = 216, .box_w = 13, .box_h = 14, .ofs_x = 0, .ofs_y = 0},
    {.bitmap_index = 10221, .adv_w = 229, .box_w = 14, .box_h = 14, .ofs_x = 0, .ofs_y = 0},
    {.bitmap_index = 10319, .adv_w = 356, .box_w = 20, .box_h = 14, .ofs_x = 1, .ofs_y = 0},
    {.bitmap_index = 10459, .adv_w = 356, .box_w = 20, .box_h = 19, .ofs_x = 1, .ofs_y = -5},
    {.bitmap_index = 10649, .adv_w = 245, .box_w = 14, .box_h = 20, .ofs_x = 0, .ofs_y = -6},
    {.bitmap_index = 10789, .adv_w = 245, .box_w = 14, .box_h = 19, .ofs_x = 0, .ofs_y = -5},
    {.bitmap_index = 10922, .adv_w = 232, .box_w = 13, .box_h = 20, .ofs_x = 1, .ofs_y = -5},
    {.bitmap_index = 11052, .adv_w = 250, .box_w = 14, .box_h = 14, .ofs_x = 0, .ofs_y = 0},
    {.bitmap_index = 11150, .adv_w = 351, .box_w = 20, .box_h = 14, .ofs_x = 1, .ofs_y = 0},
    {.bitmap_index = 11290, .adv_w = 359, .box_w = 20, .box_h = 14, .ofs_x = 1, .ofs_y = 0},
    {.bitmap_index = 11430, .adv_w = 236, .box_w = 13, .box_h = 14, .ofs_x = 1, .ofs_y = 0},
    {.bitmap_index = 11521, .adv_w = 241, .box_w = 13, .box_h = 14, .ofs_x = 1, .ofs_y = 0},
    {.bitmap_index = 11612, .adv_w = 242, .box_w = 13, .box_h = 14, .ofs_x = 1, .ofs_y = 0},
    {.bitmap_index = 11703, .adv_w = 244, .box_w = 13, .box_h = 14, .ofs_x = 1, .ofs_y = 0},
    {.bitmap_index = 11794, .adv_w = 212, .box_w = 12, .box_h = 14, .ofs_x = 1, .ofs_y = 0},
    {.bitmap_index = 11878, .adv_w = 243, .box_w = 13, .box_h = 14, .ofs_x = 1, .ofs_y = 0},
    {.bitmap_index = 11969, .adv_w = 240, .box_w = 13, .box_h = 14, .ofs_x = 1, .ofs_y = 0},
    {.bitmap_index = 12060, .adv_w = 240, .box_w = 13, .box_h = 19, .ofs_x = 1, .ofs_y = 0},
    {.bitmap_index = 12184, .adv_w = 257, .box_w = 14, .box_h = 14, .ofs_x = 1, .ofs_y = 0},
    {.bitmap_index = 12282, .adv_w = 257, .box_w = 14, .box_h = 19, .ofs_x = 1, .ofs_y = 0},
    {.bitmap_index = 12415, .adv_w = 288, .box_w = 16, .box_h = 14, .ofs_x = 1, .ofs_y = 0},
    {.bitmap_index = 12527, .adv_w = 276, .box_w = 16, .box_h = 19, .ofs_x = 1, .ofs_y = 0},
    {.bitmap_index = 12679, .adv_w = 245, .box_w = 14, .box_h = 14, .ofs_x = 0, .ofs_y = 0},
    {.bitmap_index = 12777, .adv_w = 245, .box_w = 13, .box_h = 14, .ofs_x = 1, .ofs_y = 0},
    {.bitmap_index = 12868, .adv_w = 234, .box_w = 12, .box_h = 14, .ofs_x = 1, .ofs_y = 0},
    {.bitmap_index = 12952, .adv_w = 209, .box_w = 12, .box_h = 14, .ofs_x = 0, .ofs_y = 0},
    {.bitmap_index = 13036, .adv_w = 242, .box_w = 13, .box_h = 19, .ofs_x = 1, .ofs_y = -5},
    {.bitmap_index = 13160, .adv_w = 225, .box_w = 12, .box_h = 14, .ofs_x = 1, .ofs_y = 0},
    {.bitmap_index = 13244, .adv_w = 245, .box_w = 14, .box_h = 19, .ofs_x = 0, .ofs_y = -5},
    {.bitmap_index = 13377, .adv_w = 209, .box_w = 12, .box_h = 14, .ofs_x = 0, .ofs_y = 0},
    {.bitmap_index = 13461, .adv_w = 254, .box_w = 15, .box_h = 15, .ofs_x = 1, .ofs_y = 0},
    {.bitmap_index = 13574, .adv_w = 246, .box_w = 15, .box_h = 14, .ofs_x = 1, .ofs_y = 0},
    {.bitmap_index = 13679, .adv_w = 235, .box_w = 14, .box_h = 15, .ofs_x = 1, .ofs_y = 0},
    {.bitmap_index = 13784, .adv_w = 235, .box_w = 13, .box_h = 14, .ofs_x = 1, .ofs_y = 0},
    {.bitmap_index = 13875, .adv_w = 281, .box_w = 18, .box_h = 19, .ofs_x = 1, .ofs_y = 0},
    {.bitmap_index = 14046, .adv_w = 227, .box_w = 13, .box_h = 14, .ofs_x = 1, .ofs_y = 0},
    {.bitmap_index = 14137, .adv_w = 241, .box_w = 14, .box_h = 15, .ofs_x = 1, .ofs_y = 0},
    {.bitmap_index = 14242, .adv_w = 218, .box_w = 12, .box_h = 14, .ofs_x = 0, .ofs_y = 0},
    {.bitmap_index = 14326, .adv_w = 175, .box_w = 9, .box_h = 13, .ofs_x = 1, .ofs_y = 1},
    {.bitmap_index = 14385, .adv_w = 0, .box_w = 9, .box_h = 5, .ofs_x = -8, .ofs_y = 15},
    {.bitmap_index = 14408, .adv_w = 195, .box_w = 11, .box_h = 14, .ofs_x = 0, .ofs_y = 0},
    {.bitmap_index = 14485, .adv_w = 195, .box_w = 18, .box_h = 21, .ofs_x = -7, .ofs_y = 0},
    {.bitmap_index = 14674, .adv_w = 0, .box_w = 12, .box_h = 3, .ofs_x = -13, .ofs_y = 15},
    {.bitmap_index = 14692, .adv_w = 0, .box_w = 12, .box_h = 6, .ofs_x = -13, .ofs_y = 15},
    {.bitmap_index = 14728, .adv_w = 0, .box_w = 12, .box_h = 6, .ofs_x = -13, .ofs_y = 15},
    {.bitmap_index = 14764, .adv_w = 0, .box_w = 12, .box_h = 6, .ofs_x = -13, .ofs_y = 15},
    {.bitmap_index = 14800, .adv_w = 0, .box_w = 6, .box_h = 6, .ofs_x = -7, .ofs_y = -7},
    {.bitmap_index = 14818, .adv_w = 0, .box_w = 9, .box_h = 6, .ofs_x = -10, .ofs_y = -7},
    {.bitmap_index = 14845, .adv_w = 0, .box_w = 5, .box_h = 4, .ofs_x = -6, .ofs_y = -5},
    {.bitmap_index = 14855, .adv_w = 255, .box_w = 14, .box_h = 22, .ofs_x = 1, .ofs_y = -3},
    {.bitmap_index = 15009, .adv_w = 126, .box_w = 7, .box_h = 14, .ofs_x = 1, .ofs_y = 0},
    {.bitmap_index = 15058, .adv_w = 242, .box_w = 14, .box_h = 14, .ofs_x = 1, .ofs_y = 0},
    {.bitmap_index = 15156, .adv_w = 150, .box_w = 11, .box_h = 21, .ofs_x = 0, .ofs_y = 0},
    {.bitmap_index = 15272, .adv_w = 151, .box_w = 11, .box_h = 22, .ofs_x = -1, .ofs_y = 0},
    {.bitmap_index = 15393, .adv_w = 146, .box_w = 10, .box_h = 22, .ofs_x = 0, .ofs_y = 0},
    {.bitmap_index = 15503, .adv_w = 198, .box_w = 11, .box_h = 19, .ofs_x = 0, .ofs_y = -5},
    {.bitmap_index = 15608, .adv_w = 212, .box_w = 12, .box_h = 17, .ofs_x = 0, .ofs_y = -3},
    {.bitmap_index = 15710, .adv_w = 0, .box_w = 10, .box_h = 5, .ofs_x = -12, .ofs_y = 15},
    {.bitmap_index = 15735, .adv_w = 0, .box_w = 5, .box_h = 6, .ofs_x = -6, .ofs_y = 15},
    {.bitmap_index = 15750, .adv_w = 0, .box_w = 10, .box_h = 6, .ofs_x = -10, .ofs_y = 15},
    {.bitmap_index = 15780, .adv_w = 0, .box_w = 10, .box_h = 6, .ofs_x = -10, .ofs_y = 16},
    {.bitmap_index = 15810, .adv_w = 0, .box_w = 7, .box_h = 6, .ofs_x = -7, .ofs_y = 15},
    {.bitmap_index = 15831, .adv_w = 0, .box_w = 7, .box_h = 5, .ofs_x = -8, .ofs_y = 16},
    {.bitmap_index = 15849, .adv_w = 0, .box_w = 7, .box_h = 5, .ofs_x = -7, .ofs_y = 15},
    {.bitmap_index = 15867, .adv_w = 0, .box_w = 8, .box_h = 6, .ofs_x = -8, .ofs_y = 15},
    {.bitmap_index = 15891, .adv_w = 210, .box_w = 13, .box_h = 12, .ofs_x = 0, .ofs_y = 0},
    {.bitmap_index = 15969, .adv_w = 217, .box_w = 13, .box_h = 13, .ofs_x = 0, .ofs_y = 0},
    {.bitmap_index = 16054, .adv_w = 206, .box_w = 13, .box_h = 14, .ofs_x = 0, .ofs_y = 0},
    {.bitmap_index = 16145, .adv_w = 283, .box_w = 16, .box_h = 15, .ofs_x = 1, .ofs_y = 0},
    {.bitmap_index = 16265, .adv_w = 280, .box_w = 15, .box_h = 13, .ofs_x = 1, .ofs_y = 0},
    {.bitmap_index = 16363, .adv_w = 220, .box_w = 14, .box_h = 15, .ofs_x = 0, .ofs_y = 0},
    {.bitmap_index = 16468, .adv_w = 220, .box_w = 14, .box_h = 16, .ofs_x = 0, .ofs_y = 0},
    {.bitmap_index = 16580, .adv_w = 215, .box_w = 13, .box_h = 16, .ofs_x = 0, .ofs_y = 0},
    {.bitmap_index = 16684, .adv_w = 346, .box_w = 20, .box_h = 15, .ofs_x = 1, .ofs_y = 0},
    {.bitmap_index = 16834, .adv_w = 235, .box_w = 15, .box_h = 16, .ofs_x = 0, .ofs_y = 0},
    {.bitmap_index = 16954, .adv_w = 265, .box_w = 15, .box_h = 15, .ofs_x = 1, .ofs_y = 0},
    {.bitmap_index = 17067, .adv_w = 312, .box_w = 18, .box_h = 14, .ofs_x = 0, .ofs_y = 0},
    {.bitmap_index = 17193, .adv_w = 334, .box_w = 19, .box_h = 8, .ofs_x = 1, .ofs_y = 2}
};

/*---------------------
 *  CHARACTER MAPPING
 *--------------------*/



/*Collect the unicode lists and glyph_id offsets*/
static const lv_font_fmt_txt_cmap_t cmaps[] =
{
    {
        .range_start = 32, .range_length = 95, .glyph_id_start = 1,
        .unicode_list = NULL, .glyph_id_ofs_list = NULL, .list_length = 0, .type = LV_FONT_FMT_TXT_CMAP_FORMAT0_TINY
    },
    {
        .range_start = 3585, .range_length = 58, .glyph_id_start = 96,
        .unicode_list = NULL, .glyph_id_ofs_list = NULL, .list_length = 0, .type = LV_FONT_FMT_TXT_CMAP_FORMAT0_TINY
    },
    {
        .range_start = 3647, .range_length = 29, .glyph_id_start = 154,
        .unicode_list = NULL, .glyph_id_ofs_list = NULL, .list_length = 0, .type = LV_FONT_FMT_TXT_CMAP_FORMAT0_TINY
    }
};

/*-----------------
 *    KERNING
 *----------------*/


/*Pair left and right glyphs for kerning*/
static const uint8_t kern_pair_glyph_ids[] =
{
    3, 13,
    3, 15,
    6, 3,
    6, 8,
    6, 11,
    8, 13,
    8, 15,
    11, 13,
    11, 15,
    13, 3,
    13, 8,
    13, 11,
    13, 32,
    15, 3,
    15, 8,
    15, 11,
    15, 32,
    16, 16,
    32, 13,
    32, 15
};

/* Kerning between the respective left and right glyphs
 * 4.4 format which needs to scaled with `kern_scale`*/
static const int8_t kern_pair_values[] =
{
    -35, -35, -23, -23, -23, -35, -35, -35,
    -35, -35, -35, -35, -31, -35, -35, -35,
    -31, -73, -46, -46
};

/*Collect the kern pair's data in one place*/
static const lv_font_fmt_txt_kern_pair_t kern_pairs =
{
    .glyph_ids = kern_pair_glyph_ids,
    .values = kern_pair_values,
    .pair_cnt = 20,
    .glyph_ids_size = 0
};

/*--------------------
 *  ALL CUSTOM DATA
 *--------------------*/

#if LVGL_VERSION_MAJOR == 8
/*Store all the custom data of the font*/
static  lv_font_fmt_txt_glyph_cache_t cache;
#endif

#if LVGL_VERSION_MAJOR >= 8
static const lv_font_fmt_txt_dsc_t font_dsc = {
#else
static lv_font_fmt_txt_dsc_t font_dsc = {
#endif
    .glyph_bitmap = glyph_bitmap,
    .glyph_dsc = glyph_dsc,
    .cmaps = cmaps,
    .kern_dsc = &kern_pairs,
    .kern_scale = 16,
    .cmap_num = 3,
    .bpp = 4,
    .kern_classes = 0,
    .bitmap_format = 0,
#if LVGL_VERSION_MAJOR == 8
    .cache = &cache
#endif

};



/*-----------------
 *  PUBLIC FONT
 *----------------*/

/*Initialize a public general font descriptor*/
#if LVGL_VERSION_MAJOR >= 8
lv_font_t anuphan_bold_24 = {
#else
lv_font_t anuphan_bold_24 = {
#endif
    .get_glyph_dsc = lv_font_get_glyph_dsc_fmt_txt,    /*Function pointer to get glyph's data*/
    .get_glyph_bitmap = lv_font_get_bitmap_fmt_txt,    /*Function pointer to get glyph's bitmap*/
    .line_height = 29,          /*The maximum line height required by the font*/
    .base_line = 7,             /*Baseline measured from the bottom of the line*/
#if !(LVGL_VERSION_MAJOR == 6 && LVGL_VERSION_MINOR == 0)
    .subpx = LV_FONT_SUBPX_NONE,
#endif
#if LV_VERSION_CHECK(7, 4, 0) || LVGL_VERSION_MAJOR >= 8
    .underline_position = -3,
    .underline_thickness = 2,
#endif
    .static_bitmap = 0,
    .dsc = &font_dsc,          /*The custom font data. Will be accessed by `get_glyph_bitmap/dsc` */
#if LV_VERSION_CHECK(8, 2, 0) || LVGL_VERSION_MAJOR >= 9
    .fallback = NULL,
#endif
    .user_data = NULL,
};



#endif /*#if ANUPHAN_BOLD_24*/
