/*******************************************************************************
 * Size: 26 px
 * Bpp: 4
 * Opts: --bpp 4 --size 26 --no-compress --stride 1 --align 1 --font Anuphan-Bold.ttf --range 32-127,3584-3711 --format lvgl -o anuphan_bold_26.c
 ******************************************************************************/

#ifdef __has_include
    #if __has_include("lvgl.h")
        #ifndef LV_LVGL_H_INCLUDE_SIMPLE
            #define LV_LVGL_H_INCLUDE_SIMPLE
        #endif
    #endif
#endif

#ifdef LV_LVGL_H_INCLUDE_SIMPLE
    #include "lvgl.h"
#else
    #include "lvgl/lvgl.h"
#endif



#ifndef ANUPHAN_BOLD_26
#define ANUPHAN_BOLD_26 1
#endif

#if ANUPHAN_BOLD_26

/*-----------------
 *    BITMAPS
 *----------------*/

/*Store the image of the glyphs*/
static LV_ATTRIBUTE_LARGE_CONST const uint8_t glyph_bitmap[] = {
    /* U+0020 " " */

    /* U+0021 "!" */
    0xd, 0xff, 0xf3, 0xd, 0xff, 0xf3, 0xd, 0xff,
    0xf3, 0xd, 0xff, 0xf3, 0xd, 0xff, 0xf3, 0xc,
    0xff, 0xf2, 0x9, 0xff, 0xf0, 0x7, 0xff, 0xd0,
    0x4, 0xff, 0xa0, 0x1, 0xff, 0x70, 0x0, 0xff,
    0x50, 0x0, 0xcf, 0x20, 0x0, 0x47, 0x0, 0x2,
    0x89, 0x40, 0xe, 0xff, 0xf3, 0x2f, 0xff, 0xf7,
    0x1f, 0xff, 0xf6, 0x7, 0xef, 0xb0,

    /* U+0022 "\"" */
    0x3f, 0xff, 0x30, 0x6f, 0xff, 0x3, 0xff, 0xf3,
    0x6, 0xff, 0xf0, 0x3f, 0xff, 0x30, 0x6f, 0xff,
    0x3, 0xff, 0xf3, 0x6, 0xff, 0xf0, 0x3f, 0xff,
    0x30, 0x6f, 0xff, 0x3, 0xff, 0xf3, 0x6, 0xff,
    0xf0, 0x3f, 0xff, 0x30, 0x6f, 0xff, 0x3, 0xff,
    0xf3, 0x6, 0xff, 0xf0, 0x18, 0x88, 0x10, 0x38,
    0x88, 0x0,

    /* U+0023 "#" */
    0x0, 0x0, 0xd, 0xf9, 0x0, 0x3, 0xff, 0x30,
    0x0, 0x0, 0x0, 0xff, 0x60, 0x0, 0x6f, 0xf0,
    0x0, 0x0, 0x0, 0x3f, 0xf3, 0x0, 0xa, 0xfc,
    0x0, 0x0, 0x0, 0x6, 0xff, 0x0, 0x0, 0xdf,
    0x90, 0x0, 0x8, 0xff, 0xff, 0xff, 0xff, 0xff,
    0xff, 0xff, 0x20, 0x8f, 0xff, 0xff, 0xff, 0xff,
    0xff, 0xff, 0xf2, 0x3, 0x55, 0xff, 0xa5, 0x55,
    0x9f, 0xf6, 0x55, 0x0, 0x0, 0x1f, 0xf5, 0x0,
    0x8, 0xfe, 0x0, 0x0, 0x0, 0x4, 0xff, 0x20,
    0x0, 0xaf, 0xc0, 0x0, 0x0, 0x0, 0x6f, 0xf0,
    0x0, 0xd, 0xf9, 0x0, 0x0, 0x0, 0x9, 0xfd,
    0x0, 0x0, 0xff, 0x60, 0x0, 0xb, 0xff, 0xff,
    0xff, 0xff, 0xff, 0xff, 0xff, 0x0, 0xbf, 0xff,
    0xff, 0xff, 0xff, 0xff, 0xff, 0xf0, 0x3, 0x57,
    0xff, 0x85, 0x55, 0xbf, 0xe5, 0x55, 0x0, 0x0,
    0x4f, 0xf2, 0x0, 0xa, 0xfb, 0x0, 0x0, 0x0,
    0x7, 0xff, 0x0, 0x0, 0xdf, 0x90, 0x0, 0x0,
    0x0, 0xaf, 0xd0, 0x0, 0xf, 0xf6, 0x0, 0x0,
    0x0, 0xc, 0xfa, 0x0, 0x2, 0xff, 0x30, 0x0,
    0x0,

    /* U+0024 "$" */
    0x0, 0x0, 0x0, 0x37, 0x73, 0x0, 0x0, 0x0,
    0x0, 0x0, 0x8, 0xff, 0x70, 0x0, 0x0, 0x0,
    0x0, 0x0, 0x8f, 0xf7, 0x0, 0x0, 0x0, 0x0,
    0x18, 0xdf, 0xff, 0xfd, 0x81, 0x0, 0x0, 0x4f,
    0xff, 0xff, 0xff, 0xff, 0xf5, 0x0, 0x1f, 0xff,
    0xff, 0xff, 0xff, 0xff, 0xe0, 0x7, 0xff, 0xf8,
    0x2f, 0xf3, 0x6f, 0xd1, 0x0, 0x9f, 0xff, 0x2,
    0xff, 0x20, 0x21, 0x0, 0x9, 0xff, 0xf1, 0x2f,
    0xf2, 0x0, 0x0, 0x0, 0x5f, 0xff, 0xd8, 0xff,
    0x20, 0x0, 0x0, 0x0, 0xdf, 0xff, 0xff, 0xfb,
    0x60, 0x0, 0x0, 0x1, 0xcf, 0xff, 0xff, 0xff,
    0xf7, 0x0, 0x0, 0x0, 0x4a, 0xef, 0xff, 0xff,
    0xf9, 0x0, 0x0, 0x0, 0x2, 0xff, 0xbf, 0xff,
    0xf3, 0x0, 0x0, 0x0, 0x2f, 0xf2, 0x5f, 0xff,
    0x70, 0x0, 0x10, 0x2, 0xff, 0x21, 0xff, 0xf8,
    0x0, 0xad, 0x30, 0x2f, 0xf2, 0x5f, 0xff, 0x50,
    0xbf, 0xff, 0xa7, 0xff, 0x9f, 0xff, 0xe0, 0x8,
    0xff, 0xff, 0xff, 0xff, 0xff, 0xf5, 0x0, 0x4,
    0xdf, 0xff, 0xff, 0xff, 0xe4, 0x0, 0x0, 0x0,
    0x37, 0xcf, 0xfb, 0x40, 0x0, 0x0, 0x0, 0x0,
    0x8, 0xff, 0x70, 0x0, 0x0, 0x0, 0x0, 0x0,
    0x8f, 0xf7, 0x0, 0x0, 0x0,

    /* U+0025 "%" */
    0x0, 0x7d, 0xff, 0xd7, 0x0, 0x0, 0x0, 0x2,
    0xff, 0xf5, 0x0, 0x0, 0xb, 0xff, 0xff, 0xff,
    0xb0, 0x0, 0x0, 0xc, 0xff, 0xa0, 0x0, 0x0,
    0x5f, 0xff, 0x56, 0xff, 0xf4, 0x0, 0x0, 0x8f,
    0xfd, 0x0, 0x0, 0x0, 0x9f, 0xfb, 0x0, 0xbf,
    0xf8, 0x0, 0x3, 0xff, 0xf3, 0x0, 0x0, 0x0,
    0xbf, 0xfa, 0x0, 0xaf, 0xfa, 0x0, 0xd, 0xff,
    0x80, 0x0, 0x0, 0x0, 0xaf, 0xfa, 0x0, 0xbf,
    0xf9, 0x0, 0x9f, 0xfc, 0x0, 0x0, 0x0, 0x0,
    0x6f, 0xfe, 0x12, 0xef, 0xf6, 0x5, 0xff, 0xf2,
    0x0, 0x0, 0x0, 0x0, 0xe, 0xff, 0xff, 0xff,
    0xd0, 0x1e, 0xff, 0x60, 0x2, 0x32, 0x0, 0x0,
    0x2, 0xbf, 0xff, 0xfb, 0x10, 0xbf, 0xfb, 0x7,
    0xef, 0xff, 0xd3, 0x0, 0x0, 0x1, 0x33, 0x10,
    0x6, 0xff, 0xe1, 0x7f, 0xff, 0xff, 0xff, 0x20,
    0x0, 0x0, 0x0, 0x0, 0x2f, 0xff, 0x50, 0xff,
    0xf7, 0xb, 0xff, 0xa0, 0x0, 0x0, 0x0, 0x0,
    0xcf, 0xfa, 0x3, 0xff, 0xf0, 0x5, 0xff, 0xe0,
    0x0, 0x0, 0x0, 0x8, 0xff, 0xe0, 0x5, 0xff,
    0xf0, 0x4, 0xff, 0xf0, 0x0, 0x0, 0x0, 0x3f,
    0xff, 0x40, 0x5, 0xff, 0xf0, 0x4, 0xff, 0xf0,
    0x0, 0x0, 0x0, 0xdf, 0xf8, 0x0, 0x2, 0xff,
    0xf1, 0x6, 0xff, 0xd0, 0x0, 0x0, 0x9, 0xff,
    0xd0, 0x0, 0x0, 0xdf, 0xfa, 0x4d, 0xff, 0x80,
    0x0, 0x0, 0x4f, 0xff, 0x20, 0x0, 0x0, 0x4f,
    0xff, 0xff, 0xfe, 0x10, 0x0, 0x1, 0xef, 0xf7,
    0x0, 0x0, 0x0, 0x3, 0xbf, 0xfe, 0x91, 0x0,

    /* U+0026 "&" */
    0x0, 0x0, 0x7c, 0xff, 0xeb, 0x50, 0x0, 0x0,
    0x0, 0x0, 0x1d, 0xff, 0xff, 0xff, 0xf9, 0x0,
    0x0, 0x0, 0x0, 0xbf, 0xff, 0xff, 0xff, 0xff,
    0x40, 0x0, 0x0, 0x0, 0xff, 0xfd, 0x10, 0x7f,
    0xff, 0x80, 0x0, 0x0, 0x0, 0xff, 0xf9, 0x0,
    0x1f, 0xff, 0x80, 0x0, 0x0, 0x0, 0xcf, 0xfd,
    0x0, 0x5f, 0xff, 0x30, 0x0, 0x0, 0x0, 0x3f,
    0xff, 0xa4, 0xff, 0xf7, 0x0, 0x0, 0x0, 0x0,
    0x7, 0xff, 0xff, 0xff, 0x50, 0x13, 0x33, 0x20,
    0x0, 0x1b, 0xff, 0xff, 0xf4, 0x0, 0x8f, 0xff,
    0xd0, 0x3, 0xef, 0xff, 0xff, 0xfe, 0x10, 0xbf,
    0xff, 0xd0, 0x1e, 0xff, 0xf5, 0xbf, 0xff, 0xd1,
    0xef, 0xff, 0xd0, 0x7f, 0xff, 0x60, 0xc, 0xff,
    0xfe, 0xff, 0xf1, 0x0, 0xaf, 0xff, 0x30, 0x0,
    0xcf, 0xff, 0xff, 0xb0, 0x0, 0xaf, 0xff, 0x70,
    0x0, 0x1d, 0xff, 0xff, 0x30, 0x0, 0x7f, 0xff,
    0xf8, 0x43, 0x6d, 0xff, 0xff, 0xa0, 0x0, 0x1e,
    0xff, 0xff, 0xff, 0xff, 0xff, 0xff, 0xf8, 0x0,
    0x3, 0xef, 0xff, 0xff, 0xff, 0xf9, 0xff, 0xff,
    0x60, 0x0, 0x18, 0xcf, 0xff, 0xc8, 0x10, 0x6f,
    0xff, 0xf4,

    /* U+0027 "'" */
    0x3f, 0xff, 0x33, 0xff, 0xf3, 0x3f, 0xff, 0x33,
    0xff, 0xf3, 0x3f, 0xff, 0x33, 0xff, 0xf3, 0x3f,
    0xff, 0x33, 0xff, 0xf3, 0x18, 0x88, 0x10,

    /* U+0028 "(" */
    0x0, 0x0, 0x4, 0x66, 0x50, 0x0, 0x0, 0x5f,
    0xff, 0x40, 0x0, 0x3, 0xff, 0xf7, 0x0, 0x0,
    0xc, 0xff, 0xc0, 0x0, 0x0, 0x5f, 0xff, 0x30,
    0x0, 0x0, 0xcf, 0xfb, 0x0, 0x0, 0x2, 0xff,
    0xf5, 0x0, 0x0, 0x6, 0xff, 0xf1, 0x0, 0x0,
    0xa, 0xff, 0xd0, 0x0, 0x0, 0xd, 0xff, 0xb0,
    0x0, 0x0, 0xf, 0xff, 0xa0, 0x0, 0x0, 0xf,
    0xff, 0x90, 0x0, 0x0, 0xf, 0xff, 0x90, 0x0,
    0x0, 0xf, 0xff, 0x90, 0x0, 0x0, 0xe, 0xff,
    0xa0, 0x0, 0x0, 0xc, 0xff, 0xc0, 0x0, 0x0,
    0x8, 0xff, 0xe0, 0x0, 0x0, 0x4, 0xff, 0xf2,
    0x0, 0x0, 0x0, 0xff, 0xf7, 0x0, 0x0, 0x0,
    0x9f, 0xfe, 0x0, 0x0, 0x0, 0x2f, 0xff, 0x60,
    0x0, 0x0, 0x9, 0xff, 0xe1, 0x0, 0x0, 0x0,
    0xdf, 0xfb, 0x0, 0x0, 0x0, 0x2e, 0xff, 0xa0,

    /* U+0029 ")" */
    0x6, 0x66, 0x30, 0x0, 0x0, 0x7f, 0xff, 0x30,
    0x0, 0x0, 0xaf, 0xfe, 0x10, 0x0, 0x1, 0xef,
    0xf9, 0x0, 0x0, 0x6, 0xff, 0xf2, 0x0, 0x0,
    0xe, 0xff, 0x80, 0x0, 0x0, 0x9f, 0xfe, 0x0,
    0x0, 0x4, 0xff, 0xf3, 0x0, 0x0, 0x1f, 0xff,
    0x70, 0x0, 0x0, 0xef, 0xfa, 0x0, 0x0, 0xd,
    0xff, 0xb0, 0x0, 0x0, 0xdf, 0xfc, 0x0, 0x0,
    0xd, 0xff, 0xd0, 0x0, 0x0, 0xdf, 0xfc, 0x0,
    0x0, 0xd, 0xff, 0xb0, 0x0, 0x0, 0xff, 0xf8,
    0x0, 0x0, 0x2f, 0xff, 0x50, 0x0, 0x6, 0xff,
    0xf1, 0x0, 0x0, 0xbf, 0xfc, 0x0, 0x0, 0x2f,
    0xff, 0x60, 0x0, 0x9, 0xff, 0xe0, 0x0, 0x3,
    0xff, 0xf5, 0x0, 0x1, 0xef, 0xfa, 0x0, 0x0,
    0xcf, 0xfc, 0x0, 0x0,

    /* U+002A "*" */
    0x0, 0x0, 0x0, 0xdf, 0xf7, 0x0, 0x0, 0x0,
    0x0, 0x0, 0xc, 0xff, 0x60, 0x0, 0x0, 0x0,
    0x0, 0x0, 0xbf, 0xf5, 0x0, 0x0, 0x0, 0x4a,
    0x40, 0xb, 0xff, 0x50, 0x6, 0xc0, 0xa, 0xff,
    0xd6, 0xbf, 0xf6, 0x9f, 0xff, 0x40, 0xff, 0xff,
    0xff, 0xff, 0xff, 0xff, 0xf9, 0x3, 0x8d, 0xff,
    0xff, 0xff, 0xff, 0xb6, 0x10, 0x0, 0x2, 0xcf,
    0xff, 0xf7, 0x0, 0x0, 0x0, 0x0, 0x4f, 0xff,
    0xff, 0xd0, 0x0, 0x0, 0x0, 0x2f, 0xff, 0x8d,
    0xff, 0xb0, 0x0, 0x0, 0x1d, 0xff, 0xc0, 0x3f,
    0xff, 0x80, 0x0, 0x6, 0xff, 0xf2, 0x0, 0x8f,
    0xfe, 0x10, 0x0, 0x4, 0xe7, 0x0, 0x0, 0xda,
    0x10, 0x0, 0x0, 0x0, 0x0, 0x0, 0x0, 0x0,
    0x0,

    /* U+002B "+" */
    0x0, 0x0, 0x9, 0xaa, 0x50, 0x0, 0x0, 0x0,
    0x0, 0xdf, 0xf7, 0x0, 0x0, 0x0, 0x0, 0xd,
    0xff, 0x70, 0x0, 0x0, 0x0, 0x0, 0xdf, 0xf7,
    0x0, 0x0, 0x0, 0x0, 0xd, 0xff, 0x70, 0x0,
    0x4, 0xff, 0xff, 0xff, 0xff, 0xff, 0xfd, 0x4f,
    0xff, 0xff, 0xff, 0xff, 0xff, 0xd4, 0xff, 0xff,
    0xff, 0xff, 0xff, 0xfd, 0x1, 0x11, 0x1d, 0xff,
    0x81, 0x11, 0x10, 0x0, 0x0, 0xdf, 0xf7, 0x0,
    0x0, 0x0, 0x0, 0xd, 0xff, 0x70, 0x0, 0x0,
    0x0, 0x0, 0xdf, 0xf7, 0x0, 0x0, 0x0, 0x0,
    0xd, 0xff, 0x70, 0x0, 0x0,

    /* U+002C "," */
    0x0, 0x2, 0x30, 0x0, 0xb, 0xff, 0xd0, 0x2,
    0xff, 0xff, 0x50, 0x2f, 0xff, 0xf5, 0x0, 0xdf,
    0xff, 0x40, 0x0, 0xbf, 0xf0, 0x0, 0xe, 0xf9,
    0x0, 0xa, 0xfe, 0x10, 0x8, 0xfe, 0x30, 0x0,

    /* U+002D "-" */
    0x7c, 0xcc, 0xcc, 0xcc, 0x1a, 0xff, 0xff, 0xff,
    0xf1, 0xaf, 0xff, 0xff, 0xff, 0x1a, 0xff, 0xff,
    0xff, 0xf1,

    /* U+002E "." */
    0x3, 0xaa, 0x40, 0x1f, 0xff, 0xf2, 0x4f, 0xff,
    0xf4, 0x2f, 0xff, 0xf3, 0x8, 0xff, 0x90,

    /* U+002F "/" */
    0x0, 0x0, 0x0, 0x5, 0xff, 0xd0, 0x0, 0x0,
    0x0, 0xaf, 0xf7, 0x0, 0x0, 0x0, 0xf, 0xff,
    0x20, 0x0, 0x0, 0x5, 0xff, 0xd0, 0x0, 0x0,
    0x0, 0xbf, 0xf7, 0x0, 0x0, 0x0, 0xf, 0xff,
    0x20, 0x0, 0x0, 0x5, 0xff, 0xd0, 0x0, 0x0,
    0x0, 0xbf, 0xf7, 0x0, 0x0, 0x0, 0xf, 0xff,
    0x20, 0x0, 0x0, 0x6, 0xff, 0xc0, 0x0, 0x0,
    0x0, 0xbf, 0xf7, 0x0, 0x0, 0x0, 0x1f, 0xff,
    0x20, 0x0, 0x0, 0x6, 0xff, 0xc0, 0x0, 0x0,
    0x0, 0xbf, 0xf7, 0x0, 0x0, 0x0, 0x1f, 0xff,
    0x10, 0x0, 0x0, 0x6, 0xff, 0xc0, 0x0, 0x0,
    0x0, 0xbf, 0xf7, 0x0, 0x0, 0x0, 0x1f, 0xff,
    0x10, 0x0, 0x0, 0x6, 0xff, 0xc0, 0x0, 0x0,
    0x0, 0xbf, 0xf6, 0x0, 0x0, 0x0, 0x1f, 0xff,
    0x10, 0x0, 0x0, 0x6, 0xff, 0xc0, 0x0, 0x0,
    0x0, 0xcf, 0xf6, 0x0, 0x0, 0x0, 0x0,

    /* U+0030 "0" */
    0x0, 0x0, 0x4a, 0xef, 0xfd, 0x81, 0x0, 0x0,
    0x0, 0xaf, 0xff, 0xff, 0xff, 0xf4, 0x0, 0x0,
    0x8f, 0xff, 0xff, 0xff, 0xff, 0xf2, 0x0, 0x2f,
    0xff, 0xf9, 0x56, 0xdf, 0xff, 0xb0, 0x8, 0xff,
    0xf9, 0x0, 0x1, 0xff, 0xff, 0x20, 0xdf, 0xff,
    0x30, 0x0, 0xa, 0xff, 0xf6, 0xf, 0xff, 0xf1,
    0x0, 0x0, 0x7f, 0xff, 0x92, 0xff, 0xff, 0x0,
    0x0, 0x7, 0xff, 0xfb, 0x2f, 0xff, 0xf0, 0x0,
    0x0, 0x7f, 0xff, 0xc2, 0xff, 0xff, 0x0, 0x0,
    0x7, 0xff, 0xfc, 0x2f, 0xff, 0xf0, 0x0, 0x0,
    0x7f, 0xff, 0xb0, 0xff, 0xff, 0x10, 0x0, 0x7,
    0xff, 0xf9, 0xd, 0xff, 0xf3, 0x0, 0x0, 0xaf,
    0xff, 0x60, 0x8f, 0xff, 0x90, 0x0, 0x1e, 0xff,
    0xf2, 0x2, 0xff, 0xff, 0x95, 0x6d, 0xff, 0xfb,
    0x0, 0x8, 0xff, 0xff, 0xff, 0xff, 0xff, 0x20,
    0x0, 0xa, 0xff, 0xff, 0xff, 0xff, 0x40, 0x0,
    0x0, 0x4, 0xbe, 0xff, 0xd8, 0x10, 0x0,

    /* U+0031 "1" */
    0x0, 0x0, 0x2f, 0xff, 0xff, 0xf3, 0x0, 0x0,
    0x0, 0x0, 0xdf, 0xff, 0xff, 0xf3, 0x0, 0x0,
    0x0, 0xa, 0xff, 0xff, 0xff, 0xf3, 0x0, 0x0,
    0x0, 0x6f, 0xff, 0x9a, 0xff, 0xf3, 0x0, 0x0,
    0x3, 0xff, 0xfc, 0xa, 0xff, 0xf3, 0x0, 0x0,
    0xd, 0xff, 0xe1, 0xa, 0xff, 0xf3, 0x0, 0x0,
    0x2, 0xdf, 0x40, 0xa, 0xff, 0xf3, 0x0, 0x0,
    0x0, 0x5, 0x0, 0xa, 0xff, 0xf3, 0x0, 0x0,
    0x0, 0x0, 0x0, 0xa, 0xff, 0xf3, 0x0, 0x0,
    0x0, 0x0, 0x0, 0xa, 0xff, 0xf3, 0x0, 0x0,
    0x0, 0x0, 0x0, 0xa, 0xff, 0xf3, 0x0, 0x0,
    0x0, 0x0, 0x0, 0xa, 0xff, 0xf3, 0x0, 0x0,
    0x0, 0x0, 0x0, 0xa, 0xff, 0xf3, 0x0, 0x0,
    0x0, 0x0, 0x0, 0xa, 0xff, 0xf3, 0x0, 0x0,
    0x0, 0x12, 0x22, 0x2b, 0xff, 0xf5, 0x22, 0x20,
    0x0, 0x9f, 0xff, 0xff, 0xff, 0xff, 0xff, 0xf1,
    0x0, 0x9f, 0xff, 0xff, 0xff, 0xff, 0xff, 0xf1,
    0x0, 0x9f, 0xff, 0xff, 0xff, 0xff, 0xff, 0xf1,

    /* U+0032 "2" */
    0x0, 0x5, 0xbe, 0xff, 0xd8, 0x10, 0x0, 0x1,
    0xbf, 0xff, 0xff, 0xff, 0xf5, 0x0, 0xc, 0xff,
    0xff, 0xff, 0xff, 0xff, 0x20, 0x6f, 0xff, 0xe8,
    0x6a, 0xff, 0xff, 0xa0, 0x9f, 0xff, 0x30, 0x0,
    0x7f, 0xff, 0xe0, 0x1, 0x77, 0x0, 0x0, 0x3f,
    0xff, 0xf0, 0x0, 0x0, 0x0, 0x0, 0x4f, 0xff,
    0xd0, 0x0, 0x0, 0x0, 0x0, 0xbf, 0xff, 0x80,
    0x0, 0x0, 0x0, 0x7, 0xff, 0xfe, 0x10, 0x0,
    0x0, 0x0, 0x8f, 0xff, 0xf3, 0x0, 0x0, 0x0,
    0xa, 0xff, 0xfe, 0x30, 0x0, 0x0, 0x1, 0xdf,
    0xff, 0xd1, 0x0, 0x0, 0x0, 0x3e, 0xff, 0xfa,
    0x0, 0x0, 0x0, 0x6, 0xff, 0xff, 0x60, 0x0,
    0x0, 0x0, 0x6f, 0xff, 0xf7, 0x44, 0x44, 0x44,
    0x41, 0x8f, 0xff, 0xff, 0xff, 0xff, 0xff, 0xf5,
    0x8f, 0xff, 0xff, 0xff, 0xff, 0xff, 0xf5, 0x8f,
    0xff, 0xff, 0xff, 0xff, 0xff, 0xf5,

    /* U+0033 "3" */
    0x0, 0x2, 0x9d, 0xff, 0xec, 0x81, 0x0, 0x0,
    0x7, 0xff, 0xff, 0xff, 0xff, 0xf5, 0x0, 0x7,
    0xff, 0xff, 0xff, 0xff, 0xff, 0xf2, 0x0, 0x6f,
    0xfe, 0x73, 0x37, 0xff, 0xff, 0x90, 0x0, 0x3b,
    0x10, 0x0, 0x8, 0xff, 0xfb, 0x0, 0x0, 0x0,
    0x0, 0x0, 0x8f, 0xff, 0x80, 0x0, 0x0, 0x3,
    0x44, 0x8f, 0xff, 0xe1, 0x0, 0x0, 0x0, 0xef,
    0xff, 0xff, 0xb2, 0x0, 0x0, 0x0, 0xe, 0xff,
    0xff, 0xc5, 0x0, 0x0, 0x0, 0x0, 0xef, 0xff,
    0xff, 0xfb, 0x0, 0x0, 0x0, 0x0, 0x0, 0x4d,
    0xff, 0xf7, 0x0, 0x0, 0x0, 0x0, 0x0, 0x3f,
    0xff, 0xe0, 0x0, 0x25, 0x0, 0x0, 0x1, 0xff,
    0xff, 0x0, 0x5f, 0xf3, 0x0, 0x0, 0x5f, 0xff,
    0xe0, 0x5f, 0xff, 0xf7, 0x33, 0x7f, 0xff, 0xfa,
    0x0, 0xcf, 0xff, 0xff, 0xff, 0xff, 0xff, 0x20,
    0x0, 0xbf, 0xff, 0xff, 0xff, 0xfe, 0x30, 0x0,
    0x0, 0x4a, 0xef, 0xfe, 0xb6, 0x0, 0x0,

    /* U+0034 "4" */
    0x0, 0x0, 0x0, 0x7, 0xff, 0xff, 0x70, 0x0,
    0x0, 0x0, 0x2, 0xff, 0xff, 0xf7, 0x0, 0x0,
    0x0, 0x0, 0xcf, 0xff, 0xff, 0x70, 0x0, 0x0,
    0x0, 0x7f, 0xff, 0xff, 0xf7, 0x0, 0x0, 0x0,
    0x2f, 0xff, 0x7f, 0xff, 0x70, 0x0, 0x0, 0xc,
    0xff, 0x83, 0xff, 0xf7, 0x0, 0x0, 0x6, 0xff,
    0xd0, 0x3f, 0xff, 0x70, 0x0, 0x2, 0xff, 0xf3,
    0x3, 0xff, 0xf7, 0x0, 0x0, 0xcf, 0xf8, 0x0,
    0x3f, 0xff, 0x70, 0x0, 0x6f, 0xfd, 0x0, 0x3,
    0xff, 0xf7, 0x0, 0x1f, 0xff, 0x30, 0x0, 0x3f,
    0xff, 0x70, 0x3, 0xff, 0xff, 0xff, 0xff, 0xff,
    0xff, 0xfc, 0x3f, 0xff, 0xff, 0xff, 0xff, 0xff,
    0xff, 0xc3, 0xff, 0xff, 0xff, 0xff, 0xff, 0xff,
    0xfc, 0x0, 0x0, 0x0, 0x0, 0x4f, 0xff, 0x80,
    0x0, 0x0, 0x0, 0x0, 0x3, 0xff, 0xf7, 0x0,
    0x0, 0x0, 0x0, 0x0, 0x3f, 0xff, 0x70, 0x0,
    0x0, 0x0, 0x0, 0x3, 0xff, 0xf7, 0x0,

    /* U+0035 "5" */
    0x9, 0xff, 0xff, 0xff, 0xff, 0xff, 0x90, 0xa,
    0xff, 0xff, 0xff, 0xff, 0xff, 0x90, 0xb, 0xff,
    0xff, 0xff, 0xff, 0xff, 0x90, 0xc, 0xff, 0x96,
    0x66, 0x66, 0x66, 0x30, 0xd, 0xff, 0x30, 0x0,
    0x0, 0x0, 0x0, 0xe, 0xff, 0x20, 0x2, 0x20,
    0x0, 0x0, 0xf, 0xff, 0x15, 0xef, 0xff, 0xa1,
    0x0, 0xf, 0xff, 0x3f, 0xff, 0xff, 0xfe, 0x30,
    0x1f, 0xff, 0xcf, 0xff, 0xff, 0xff, 0xd0, 0x2e,
    0xff, 0xc3, 0x1, 0x8f, 0xff, 0xf5, 0x0, 0x13,
    0x0, 0x0, 0xb, 0xff, 0xf8, 0x0, 0x0, 0x0,
    0x0, 0x7, 0xff, 0xfa, 0x0, 0x42, 0x0, 0x0,
    0x8, 0xff, 0xf9, 0x8, 0xfd, 0x10, 0x0, 0xd,
    0xff, 0xf6, 0x8f, 0xff, 0xd5, 0x34, 0xbf, 0xff,
    0xf1, 0x2e, 0xff, 0xff, 0xff, 0xff, 0xff, 0x60,
    0x3, 0xef, 0xff, 0xff, 0xff, 0xf7, 0x0, 0x0,
    0x7, 0xce, 0xff, 0xd9, 0x20, 0x0,

    /* U+0036 "6" */
    0x0, 0x0, 0x3, 0xef, 0xff, 0xe5, 0x0, 0x0,
    0x0, 0x5f, 0xff, 0xfc, 0x10, 0x0, 0x0, 0x5,
    0xff, 0xff, 0x90, 0x0, 0x0, 0x0, 0x3f, 0xff,
    0xf6, 0x0, 0x0, 0x0, 0x0, 0xdf, 0xff, 0x60,
    0x0, 0x0, 0x0, 0x7, 0xff, 0xf9, 0x0, 0x0,
    0x0, 0x0, 0xe, 0xff, 0xe2, 0x9e, 0xfe, 0x91,
    0x0, 0x5f, 0xff, 0x8c, 0xff, 0xff, 0xfe, 0x30,
    0x9f, 0xff, 0xcf, 0xff, 0xff, 0xff, 0xe0, 0xcf,
    0xff, 0xe4, 0x0, 0x6f, 0xff, 0xf6, 0xef, 0xff,
    0x60, 0x0, 0x9, 0xff, 0xf9, 0xef, 0xff, 0x20,
    0x0, 0x5, 0xff, 0xfb, 0xcf, 0xff, 0x20, 0x0,
    0x5, 0xff, 0xfa, 0x8f, 0xff, 0x60, 0x0, 0x9,
    0xff, 0xf7, 0x2f, 0xff, 0xf6, 0x11, 0x7f, 0xff,
    0xf1, 0x9, 0xff, 0xff, 0xff, 0xff, 0xff, 0x70,
    0x0, 0xaf, 0xff, 0xff, 0xff, 0xf7, 0x0, 0x0,
    0x4, 0xae, 0xff, 0xd9, 0x20, 0x0,

    /* U+0037 "7" */
    0x9f, 0xff, 0xff, 0xff, 0xff, 0xff, 0xf4, 0x9f,
    0xff, 0xff, 0xff, 0xff, 0xff, 0xf4, 0x9f, 0xff,
    0xff, 0xff, 0xff, 0xff, 0xf4, 0x9f, 0xfc, 0x22,
    0x22, 0x2c, 0xff, 0xf3, 0x9f, 0xfb, 0x0, 0x0,
    0x2f, 0xff, 0xd0, 0x9f, 0xfb, 0x0, 0x0, 0x8f,
    0xff, 0x60, 0x37, 0x75, 0x0, 0x0, 0xef, 0xff,
    0x10, 0x0, 0x0, 0x0, 0x6, 0xff, 0xfa, 0x0,
    0x0, 0x0, 0x0, 0xc, 0xff, 0xf3, 0x0, 0x0,
    0x0, 0x0, 0x3f, 0xff, 0xd0, 0x0, 0x0, 0x0,
    0x0, 0x9f, 0xff, 0x60, 0x0, 0x0, 0x0, 0x0,
    0xff, 0xff, 0x10, 0x0, 0x0, 0x0, 0x6, 0xff,
    0xfa, 0x0, 0x0, 0x0, 0x0, 0xd, 0xff, 0xf3,
    0x0, 0x0, 0x0, 0x0, 0x4f, 0xff, 0xd0, 0x0,
    0x0, 0x0, 0x0, 0xaf, 0xff, 0x60, 0x0, 0x0,
    0x0, 0x1, 0xff, 0xff, 0x10, 0x0, 0x0, 0x0,
    0x7, 0xff, 0xfa, 0x0, 0x0, 0x0,

    /* U+0038 "8" */
    0x0, 0x7, 0xce, 0xff, 0xea, 0x40, 0x0, 0x3,
    0xef, 0xff, 0xff, 0xff, 0xfa, 0x0, 0xe, 0xff,
    0xff, 0xff, 0xff, 0xff, 0x80, 0x4f, 0xff, 0xd3,
    0x1, 0x6f, 0xff, 0xe0, 0x6f, 0xff, 0x40, 0x0,
    0xb, 0xff, 0xf0, 0x3f, 0xff, 0x40, 0x0, 0xb,
    0xff, 0xd0, 0xb, 0xff, 0xd3, 0x1, 0x6f, 0xff,
    0x50, 0x0, 0x9f, 0xff, 0xff, 0xff, 0xe5, 0x0,
    0x0, 0x3c, 0xff, 0xff, 0xff, 0x81, 0x0, 0x9,
    0xff, 0xff, 0xee, 0xff, 0xfe, 0x30, 0x6f, 0xff,
    0xc1, 0x0, 0x5f, 0xff, 0xe1, 0xcf, 0xff, 0x30,
    0x0, 0xa, 0xff, 0xf6, 0xef, 0xff, 0x20, 0x0,
    0x8, 0xff, 0xf8, 0xef, 0xff, 0x40, 0x0, 0xa,
    0xff, 0xf7, 0x9f, 0xff, 0xd3, 0x1, 0x7f, 0xff,
    0xf3, 0x2f, 0xff, 0xff, 0xff, 0xff, 0xff, 0xb0,
    0x3, 0xef, 0xff, 0xff, 0xff, 0xfb, 0x0, 0x0,
    0x7, 0xbe, 0xff, 0xda, 0x40, 0x0,

    /* U+0039 "9" */
    0x0, 0x0, 0x5b, 0xef, 0xfd, 0x81, 0x0, 0x0,
    0x1, 0xcf, 0xff, 0xff, 0xff, 0xf4, 0x0, 0x0,
    0xdf, 0xff, 0xff, 0xff, 0xff, 0xf3, 0x0, 0x7f,
    0xff, 0xd4, 0x12, 0xaf, 0xff, 0xc0, 0xd, 0xff,
    0xf3, 0x0, 0x0, 0xdf, 0xff, 0x20, 0xff, 0xff,
    0x0, 0x0, 0x9, 0xff, 0xf6, 0x1f, 0xff, 0xf0,
    0x0, 0x0, 0x9f, 0xff, 0x70, 0xff, 0xff, 0x20,
    0x0, 0xc, 0xff, 0xf7, 0xc, 0xff, 0xfd, 0x30,
    0x19, 0xff, 0xff, 0x60, 0x4f, 0xff, 0xff, 0xff,
    0xfc, 0xff, 0xf3, 0x0, 0x8f, 0xff, 0xff, 0xf6,
    0xef, 0xfe, 0x0, 0x0, 0x4b, 0xef, 0xd5, 0x6f,
    0xff, 0x80, 0x0, 0x0, 0x0, 0x0, 0x1e, 0xff,
    0xf1, 0x0, 0x0, 0x0, 0x0, 0xc, 0xff, 0xf7,
    0x0, 0x0, 0x0, 0x0, 0x1c, 0xff, 0xfb, 0x0,
    0x0, 0x0, 0x0, 0x2d, 0xff, 0xfd, 0x10, 0x0,
    0x0, 0x0, 0x5f, 0xff, 0xfd, 0x10, 0x0, 0x0,
    0x0, 0x9f, 0xff, 0xfa, 0x0, 0x0, 0x0,

    /* U+003A ":" */
    0x5e, 0xfb, 0x1e, 0xff, 0xf7, 0xff, 0xff, 0x9c,
    0xff, 0xf6, 0x19, 0xa6, 0x0, 0x0, 0x0, 0x0,
    0x0, 0x0, 0x0, 0x0, 0x0, 0x0, 0x1, 0x9a,
    0x60, 0xcf, 0xff, 0x6f, 0xff, 0xf9, 0xef, 0xff,
    0x75, 0xef, 0xb1,

    /* U+003B ";" */
    0x5, 0xef, 0xb1, 0xe, 0xff, 0xf7, 0xf, 0xff,
    0xf9, 0xc, 0xff, 0xf6, 0x1, 0x9a, 0x60, 0x0,
    0x0, 0x0, 0x0, 0x0, 0x0, 0x0, 0x0, 0x0,
    0x0, 0x0, 0x0, 0x0, 0x13, 0x0, 0x7, 0xff,
    0xf3, 0xe, 0xff, 0xf9, 0xe, 0xff, 0xf9, 0x9,
    0xff, 0xf8, 0x0, 0x7f, 0xf4, 0x0, 0xbf, 0xd0,
    0x5, 0xff, 0x40, 0x4f, 0xf6, 0x0,

    /* U+003C "<" */
    0x0, 0x0, 0x0, 0x0, 0x0, 0x60, 0x0, 0x0,
    0x0, 0x2, 0xce, 0x0, 0x0, 0x0, 0x7, 0xff,
    0xe0, 0x0, 0x0, 0x2c, 0xff, 0xfe, 0x0, 0x0,
    0x8f, 0xff, 0xff, 0x60, 0x3, 0xdf, 0xff, 0xfa,
    0x10, 0x8, 0xff, 0xff, 0xe4, 0x0, 0x5, 0xff,
    0xff, 0x90, 0x0, 0x0, 0x5f, 0xff, 0xe4, 0x0,
    0x0, 0x2, 0xcf, 0xff, 0xfa, 0x10, 0x0, 0x0,
    0x7f, 0xff, 0xfe, 0x60, 0x0, 0x0, 0x2c, 0xff,
    0xff, 0xc2, 0x0, 0x0, 0x7, 0xff, 0xff, 0xe0,
    0x0, 0x0, 0x2, 0xcf, 0xfe, 0x0, 0x0, 0x0,
    0x0, 0x7f, 0xe0, 0x0, 0x0, 0x0, 0x0, 0x2a,
    0x0, 0x0, 0x0, 0x0, 0x0, 0x0,

    /* U+003D "=" */
    0x1, 0x11, 0x11, 0x11, 0x11, 0x11, 0x14, 0xff,
    0xff, 0xff, 0xff, 0xff, 0xfd, 0x4f, 0xff, 0xff,
    0xff, 0xff, 0xff, 0xd4, 0xff, 0xff, 0xff, 0xff,
    0xff, 0xfd, 0x0, 0x0, 0x0, 0x0, 0x0, 0x0,
    0x0, 0x0, 0x0, 0x0, 0x0, 0x0, 0x0, 0x1,
    0x11, 0x11, 0x11, 0x11, 0x11, 0x14, 0xff, 0xff,
    0xff, 0xff, 0xff, 0xfd, 0x4f, 0xff, 0xff, 0xff,
    0xff, 0xff, 0xd4, 0xff, 0xff, 0xff, 0xff, 0xff,
    0xfd,

    /* U+003E ">" */
    0x33, 0x0, 0x0, 0x0, 0x0, 0x5, 0xf8, 0x0,
    0x0, 0x0, 0x0, 0x5f, 0xfd, 0x30, 0x0, 0x0,
    0x5, 0xff, 0xff, 0x90, 0x0, 0x0, 0x1a, 0xff,
    0xff, 0xd4, 0x0, 0x0, 0x4, 0xef, 0xff, 0xf9,
    0x0, 0x0, 0x0, 0x9f, 0xff, 0xfe, 0x40, 0x0,
    0x0, 0x3c, 0xff, 0xfe, 0x0, 0x0, 0x0, 0x9f,
    0xff, 0xe0, 0x0, 0x4, 0xdf, 0xff, 0xf8, 0x0,
    0x1a, 0xff, 0xff, 0xd3, 0x0, 0x6e, 0xff, 0xff,
    0x80, 0x0, 0x5f, 0xff, 0xfd, 0x30, 0x0, 0x5,
    0xff, 0xf8, 0x0, 0x0, 0x0, 0x5f, 0xd3, 0x0,
    0x0, 0x0, 0x4, 0x80, 0x0, 0x0, 0x0, 0x0,
    0x0, 0x0, 0x0, 0x0, 0x0, 0x0,

    /* U+003F "?" */
    0x0, 0x7, 0xcf, 0xfe, 0xa4, 0x0, 0x0, 0x2d,
    0xff, 0xff, 0xff, 0xfa, 0x0, 0xd, 0xff, 0xff,
    0xff, 0xff, 0xf8, 0x6, 0xff, 0xfc, 0x55, 0xbf,
    0xff, 0xf0, 0x28, 0xed, 0x0, 0x0, 0xef, 0xff,
    0x30, 0x0, 0x20, 0x0, 0xc, 0xff, 0xf4, 0x0,
    0x0, 0x0, 0x0, 0xff, 0xff, 0x10, 0x0, 0x0,
    0x14, 0xcf, 0xff, 0xb0, 0x0, 0x0, 0xef, 0xff,
    0xff, 0xd1, 0x0, 0x0, 0xe, 0xff, 0xff, 0x91,
    0x0, 0x0, 0x0, 0xef, 0xfc, 0x0, 0x0, 0x0,
    0x0, 0xe, 0xff, 0xc0, 0x0, 0x0, 0x0, 0x0,
    0x0, 0x0, 0x0, 0x0, 0x0, 0x0, 0x3, 0x88,
    0x30, 0x0, 0x0, 0x0, 0x2, 0xff, 0xff, 0x10,
    0x0, 0x0, 0x0, 0x5f, 0xff, 0xf4, 0x0, 0x0,
    0x0, 0x3, 0xff, 0xff, 0x30, 0x0, 0x0, 0x0,
    0x9, 0xff, 0x90, 0x0, 0x0,

    /* U+0040 "@" */
    0x0, 0x0, 0x0, 0x28, 0xce, 0xff, 0xec, 0x82,
    0x0, 0x0, 0x0, 0x0, 0x1, 0xaf, 0xff, 0xff,
    0xff, 0xff, 0xfa, 0x10, 0x0, 0x0, 0x2, 0xef,
    0xfe, 0x96, 0x44, 0x69, 0xef, 0xfe, 0x20, 0x0,
    0x1, 0xef, 0xf7, 0x0, 0x0, 0x0, 0x0, 0x7f,
    0xfe, 0x10, 0x0, 0xbf, 0xf4, 0x0, 0x0, 0x0,
    0x0, 0x0, 0x4f, 0xfa, 0x0, 0x4f, 0xf6, 0x0,
    0x2, 0x54, 0x2, 0x66, 0x20, 0x7f, 0xf2, 0xb,
    0xfc, 0x0, 0x9, 0xff, 0xfb, 0x7f, 0xf7, 0x0,
    0xef, 0x80, 0xff, 0x60, 0x6, 0xff, 0xff, 0xfd,
    0xff, 0x70, 0xa, 0xfc, 0x3f, 0xf2, 0x0, 0xef,
    0xf8, 0x2, 0xdf, 0xf7, 0x0, 0x7f, 0xe5, 0xff,
    0x0, 0x1f, 0xfe, 0x0, 0x6, 0xff, 0x70, 0x6,
    0xff, 0x6f, 0xf0, 0x3, 0xff, 0xc0, 0x0, 0x6f,
    0xf7, 0x0, 0x7f, 0xf6, 0xff, 0x0, 0x3f, 0xfc,
    0x0, 0x6, 0xff, 0x70, 0x8, 0xfd, 0x4f, 0xf1,
    0x1, 0xff, 0xe0, 0x0, 0x7f, 0xf7, 0x0, 0xcf,
    0xa2, 0xff, 0x40, 0xd, 0xff, 0x80, 0x3d, 0xff,
    0xb0, 0x6f, 0xf4, 0xd, 0xf9, 0x0, 0x6f, 0xff,
    0xff, 0x8e, 0xff, 0xff, 0xfb, 0x0, 0x8f, 0xf2,
    0x0, 0x8f, 0xff, 0xc0, 0x4e, 0xff, 0xfa, 0x0,
    0x1, 0xff, 0xd0, 0x0, 0x14, 0x30, 0x0, 0x3,
    0x41, 0x0, 0x0, 0x6, 0xff, 0xd2, 0x0, 0x0,
    0x0, 0x0, 0x0, 0x0, 0x0, 0x0, 0x8, 0xff,
    0xfa, 0x51, 0x0, 0x0, 0x0, 0x0, 0x0, 0x0,
    0x0, 0x5, 0xef, 0xff, 0xff, 0xff, 0xff, 0xf7,
    0x0, 0x0, 0x0, 0x0, 0x1, 0x7d, 0xff, 0xff,
    0xff, 0xff, 0x70, 0x0, 0x0, 0x0, 0x0, 0x0,
    0x1, 0x34, 0x44, 0x44, 0x42, 0x0, 0x0,

    /* U+0041 "A" */
    0x0, 0x0, 0x0, 0xaf, 0xff, 0xf8, 0x0, 0x0,
    0x0, 0x0, 0x0, 0x0, 0xff, 0xff, 0xfe, 0x0,
    0x0, 0x0, 0x0, 0x0, 0x5, 0xff, 0xff, 0xff,
    0x30, 0x0, 0x0, 0x0, 0x0, 0xa, 0xff, 0xdf,
    0xff, 0x80, 0x0, 0x0, 0x0, 0x0, 0xf, 0xff,
    0x7c, 0xff, 0xd0, 0x0, 0x0, 0x0, 0x0, 0x5f,
    0xff, 0x27, 0xff, 0xf3, 0x0, 0x0, 0x0, 0x0,
    0xaf, 0xfd, 0x2, 0xff, 0xf8, 0x0, 0x0, 0x0,
    0x0, 0xff, 0xf8, 0x0, 0xdf, 0xfd, 0x0, 0x0,
    0x0, 0x5, 0xff, 0xf3, 0x0, 0x8f, 0xff, 0x20,
    0x0, 0x0, 0xa, 0xff, 0xe0, 0x0, 0x3f, 0xff,
    0x80, 0x0, 0x0, 0xf, 0xff, 0xff, 0xff, 0xff,
    0xff, 0xd0, 0x0, 0x0, 0x5f, 0xff, 0xff, 0xff,
    0xff, 0xff, 0xf2, 0x0, 0x0, 0xaf, 0xff, 0xff,
    0xff, 0xff, 0xff, 0xf7, 0x0, 0x0, 0xff, 0xfd,
    0x55, 0x55, 0x56, 0xff, 0xfd, 0x0, 0x5, 0xff,
    0xf8, 0x0, 0x0, 0x0, 0xcf, 0xff, 0x20, 0xa,
    0xff, 0xf3, 0x0, 0x0, 0x0, 0x8f, 0xff, 0x70,
    0xf, 0xff, 0xf0, 0x0, 0x0, 0x0, 0x3f, 0xff,
    0xc0, 0x5f, 0xff, 0xa0, 0x0, 0x0, 0x0, 0xf,
    0xff, 0xf2,

    /* U+0042 "B" */
    0xff, 0xff, 0xff, 0xff, 0xff, 0xc5, 0x0, 0xf,
    0xff, 0xff, 0xff, 0xff, 0xff, 0xf9, 0x0, 0xff,
    0xff, 0xff, 0xff, 0xff, 0xff, 0xf3, 0xf, 0xff,
    0xf5, 0x55, 0x56, 0xef, 0xff, 0x80, 0xff, 0xff,
    0x0, 0x0, 0x8, 0xff, 0xf9, 0xf, 0xff, 0xf0,
    0x0, 0x0, 0x7f, 0xff, 0x70, 0xff, 0xff, 0x0,
    0x0, 0x1c, 0xff, 0xf2, 0xf, 0xff, 0xff, 0xff,
    0xff, 0xff, 0xe5, 0x0, 0xff, 0xff, 0xff, 0xff,
    0xff, 0xd8, 0x10, 0xf, 0xff, 0xff, 0xff, 0xff,
    0xff, 0xfe, 0x30, 0xff, 0xff, 0x33, 0x33, 0x49,
    0xff, 0xfd, 0xf, 0xff, 0xf0, 0x0, 0x0, 0xe,
    0xff, 0xf2, 0xff, 0xff, 0x0, 0x0, 0x0, 0xdf,
    0xff, 0x4f, 0xff, 0xf0, 0x0, 0x0, 0xe, 0xff,
    0xf3, 0xff, 0xff, 0x55, 0x55, 0x5a, 0xff, 0xff,
    0xf, 0xff, 0xff, 0xff, 0xff, 0xff, 0xff, 0x90,
    0xff, 0xff, 0xff, 0xff, 0xff, 0xff, 0xd0, 0xf,
    0xff, 0xff, 0xff, 0xff, 0xfe, 0x80, 0x0,

    /* U+0043 "C" */
    0x0, 0x0, 0x29, 0xdf, 0xfe, 0xc7, 0x0, 0x0,
    0x0, 0x8, 0xff, 0xff, 0xff, 0xff, 0xe3, 0x0,
    0x0, 0x9f, 0xff, 0xff, 0xff, 0xff, 0xfe, 0x20,
    0x5, 0xff, 0xff, 0xe9, 0x8a, 0xff, 0xff, 0xb0,
    0xd, 0xff, 0xfa, 0x0, 0x0, 0x2e, 0xff, 0x80,
    0x3f, 0xff, 0xe0, 0x0, 0x0, 0x6, 0x71, 0x0,
    0x7f, 0xff, 0x90, 0x0, 0x0, 0x0, 0x0, 0x0,
    0x9f, 0xff, 0x70, 0x0, 0x0, 0x0, 0x0, 0x0,
    0xaf, 0xff, 0x70, 0x0, 0x0, 0x0, 0x0, 0x0,
    0xbf, 0xff, 0x70, 0x0, 0x0, 0x0, 0x0, 0x0,
    0xaf, 0xff, 0x70, 0x0, 0x0, 0x0, 0x0, 0x0,
    0x8f, 0xff, 0x90, 0x0, 0x0, 0x0, 0x0, 0x0,
    0x4f, 0xff, 0xe0, 0x0, 0x0, 0x5, 0xc3, 0x0,
    0xe, 0xff, 0xfa, 0x0, 0x0, 0x3e, 0xff, 0xa0,
    0x7, 0xff, 0xff, 0xe9, 0x8a, 0xff, 0xff, 0xb0,
    0x0, 0xbf, 0xff, 0xff, 0xff, 0xff, 0xfe, 0x10,
    0x0, 0x9, 0xff, 0xff, 0xff, 0xff, 0xd2, 0x0,
    0x0, 0x0, 0x39, 0xdf, 0xfe, 0xb6, 0x0, 0x0,

    /* U+0044 "D" */
    0xff, 0xff, 0xff, 0xff, 0xda, 0x40, 0x0, 0xf,
    0xff, 0xff, 0xff, 0xff, 0xff, 0xb0, 0x0, 0xff,
    0xff, 0xff, 0xff, 0xff, 0xff, 0xc0, 0xf, 0xff,
    0xf8, 0x88, 0x9c, 0xff, 0xff, 0x80, 0xff, 0xff,
    0x0, 0x0, 0x6, 0xff, 0xff, 0x1f, 0xff, 0xf0,
    0x0, 0x0, 0xb, 0xff, 0xf6, 0xff, 0xff, 0x0,
    0x0, 0x0, 0x7f, 0xff, 0x9f, 0xff, 0xf0, 0x0,
    0x0, 0x5, 0xff, 0xfb, 0xff, 0xff, 0x0, 0x0,
    0x0, 0x5f, 0xff, 0xcf, 0xff, 0xf0, 0x0, 0x0,
    0x5, 0xff, 0xfc, 0xff, 0xff, 0x0, 0x0, 0x0,
    0x5f, 0xff, 0xbf, 0xff, 0xf0, 0x0, 0x0, 0x7,
    0xff, 0xf9, 0xff, 0xff, 0x0, 0x0, 0x0, 0xcf,
    0xff, 0x6f, 0xff, 0xf0, 0x0, 0x0, 0x6f, 0xff,
    0xf1, 0xff, 0xff, 0x88, 0x89, 0xcf, 0xff, 0xf8,
    0xf, 0xff, 0xff, 0xff, 0xff, 0xff, 0xfc, 0x0,
    0xff, 0xff, 0xff, 0xff, 0xff, 0xfb, 0x0, 0xf,
    0xff, 0xff, 0xff, 0xfd, 0xa4, 0x0, 0x0,

    /* U+0045 "E" */
    0xff, 0xff, 0xff, 0xff, 0xff, 0xff, 0x5f, 0xff,
    0xff, 0xff, 0xff, 0xff, 0xf5, 0xff, 0xff, 0xff,
    0xff, 0xff, 0xff, 0x5f, 0xff, 0xf8, 0x88, 0x88,
    0x88, 0x82, 0xff, 0xff, 0x0, 0x0, 0x0, 0x0,
    0xf, 0xff, 0xf0, 0x0, 0x0, 0x0, 0x0, 0xff,
    0xff, 0x0, 0x0, 0x0, 0x0, 0xf, 0xff, 0xff,
    0xff, 0xff, 0xff, 0x20, 0xff, 0xff, 0xff, 0xff,
    0xff, 0xf2, 0xf, 0xff, 0xff, 0xff, 0xff, 0xff,
    0x20, 0xff, 0xff, 0x77, 0x77, 0x77, 0x71, 0xf,
    0xff, 0xf0, 0x0, 0x0, 0x0, 0x0, 0xff, 0xff,
    0x0, 0x0, 0x0, 0x0, 0xf, 0xff, 0xf0, 0x0,
    0x0, 0x0, 0x0, 0xff, 0xff, 0x88, 0x88, 0x88,
    0x88, 0x2f, 0xff, 0xff, 0xff, 0xff, 0xff, 0xf5,
    0xff, 0xff, 0xff, 0xff, 0xff, 0xff, 0x5f, 0xff,
    0xff, 0xff, 0xff, 0xff, 0xf5,

    /* U+0046 "F" */
    0xff, 0xff, 0xff, 0xff, 0xff, 0xff, 0xf, 0xff,
    0xff, 0xff, 0xff, 0xff, 0xf0, 0xff, 0xff, 0xff,
    0xff, 0xff, 0xff, 0xf, 0xff, 0xf8, 0x88, 0x88,
    0x88, 0x80, 0xff, 0xff, 0x0, 0x0, 0x0, 0x0,
    0xf, 0xff, 0xf0, 0x0, 0x0, 0x0, 0x0, 0xff,
    0xff, 0x0, 0x0, 0x0, 0x0, 0xf, 0xff, 0xff,
    0xff, 0xff, 0xfd, 0x0, 0xff, 0xff, 0xff, 0xff,
    0xff, 0xd0, 0xf, 0xff, 0xff, 0xff, 0xff, 0xfd,
    0x0, 0xff, 0xff, 0x77, 0x77, 0x77, 0x60, 0xf,
    0xff, 0xf0, 0x0, 0x0, 0x0, 0x0, 0xff, 0xff,
    0x0, 0x0, 0x0, 0x0, 0xf, 0xff, 0xf0, 0x0,
    0x0, 0x0, 0x0, 0xff, 0xff, 0x0, 0x0, 0x0,
    0x0, 0xf, 0xff, 0xf0, 0x0, 0x0, 0x0, 0x0,
    0xff, 0xff, 0x0, 0x0, 0x0, 0x0, 0xf, 0xff,
    0xf0, 0x0, 0x0, 0x0, 0x0,

    /* U+0047 "G" */
    0x0, 0x0, 0x18, 0xcf, 0xff, 0xc8, 0x10, 0x0,
    0x0, 0x7, 0xff, 0xff, 0xff, 0xff, 0xf6, 0x0,
    0x0, 0x8f, 0xff, 0xff, 0xff, 0xff, 0xff, 0x60,
    0x4, 0xff, 0xff, 0xe9, 0x89, 0xef, 0xff, 0xf2,
    0xd, 0xff, 0xfa, 0x0, 0x0, 0x9, 0xff, 0xa2,
    0x3f, 0xff, 0xe0, 0x0, 0x0, 0x0, 0x82, 0x0,
    0x7f, 0xff, 0x90, 0x0, 0x0, 0x0, 0x0, 0x0,
    0x9f, 0xff, 0x70, 0x0, 0x15, 0x55, 0x55, 0x54,
    0xbf, 0xff, 0x70, 0x0, 0x4f, 0xff, 0xff, 0xfd,
    0xaf, 0xff, 0x70, 0x0, 0x4f, 0xff, 0xff, 0xfd,
    0xaf, 0xff, 0x70, 0x0, 0x4f, 0xff, 0xff, 0xfd,
    0x7f, 0xff, 0x90, 0x0, 0x0, 0x0, 0xef, 0xfd,
    0x4f, 0xff, 0xe0, 0x0, 0x0, 0x0, 0xff, 0xfd,
    0xe, 0xff, 0xfa, 0x0, 0x0, 0x9, 0xff, 0xfd,
    0x6, 0xff, 0xff, 0xe9, 0x89, 0xef, 0xff, 0xfd,
    0x0, 0xbf, 0xff, 0xff, 0xff, 0xff, 0xbf, 0xfd,
    0x0, 0xa, 0xff, 0xff, 0xff, 0xf9, 0x7f, 0xfd,
    0x0, 0x0, 0x4a, 0xef, 0xfc, 0x60, 0x7f, 0xfd,

    /* U+0048 "H" */
    0xff, 0xff, 0x0, 0x0, 0x0, 0x2f, 0xff, 0xdf,
    0xff, 0xf0, 0x0, 0x0, 0x2, 0xff, 0xfd, 0xff,
    0xff, 0x0, 0x0, 0x0, 0x2f, 0xff, 0xdf, 0xff,
    0xf0, 0x0, 0x0, 0x2, 0xff, 0xfd, 0xff, 0xff,
    0x0, 0x0, 0x0, 0x2f, 0xff, 0xdf, 0xff, 0xf0,
    0x0, 0x0, 0x2, 0xff, 0xfd, 0xff, 0xff, 0x0,
    0x0, 0x0, 0x2f, 0xff, 0xdf, 0xff, 0xff, 0xff,
    0xff, 0xff, 0xff, 0xfd, 0xff, 0xff, 0xff, 0xff,
    0xff, 0xff, 0xff, 0xdf, 0xff, 0xff, 0xff, 0xff,
    0xff, 0xff, 0xfd, 0xff, 0xff, 0x77, 0x77, 0x77,
    0x8f, 0xff, 0xdf, 0xff, 0xf0, 0x0, 0x0, 0x2,
    0xff, 0xfd, 0xff, 0xff, 0x0, 0x0, 0x0, 0x2f,
    0xff, 0xdf, 0xff, 0xf0, 0x0, 0x0, 0x2, 0xff,
    0xfd, 0xff, 0xff, 0x0, 0x0, 0x0, 0x2f, 0xff,
    0xdf, 0xff, 0xf0, 0x0, 0x0, 0x2, 0xff, 0xfd,
    0xff, 0xff, 0x0, 0x0, 0x0, 0x2f, 0xff, 0xdf,
    0xff, 0xf0, 0x0, 0x0, 0x2, 0xff, 0xfd,

    /* U+0049 "I" */
    0xbf, 0xff, 0xff, 0xff, 0xfb, 0xff, 0xff, 0xff,
    0xff, 0xbf, 0xff, 0xff, 0xff, 0xf1, 0x27, 0xff,
    0xfa, 0x22, 0x0, 0x5f, 0xff, 0x90, 0x0, 0x5,
    0xff, 0xf9, 0x0, 0x0, 0x5f, 0xff, 0x90, 0x0,
    0x5, 0xff, 0xf9, 0x0, 0x0, 0x5f, 0xff, 0x90,
    0x0, 0x5, 0xff, 0xf9, 0x0, 0x0, 0x5f, 0xff,
    0x90, 0x0, 0x5, 0xff, 0xf9, 0x0, 0x0, 0x5f,
    0xff, 0x90, 0x0, 0x5, 0xff, 0xf9, 0x0, 0x12,
    0x7f, 0xff, 0xa2, 0x2b, 0xff, 0xff, 0xff, 0xff,
    0xbf, 0xff, 0xff, 0xff, 0xfb, 0xff, 0xff, 0xff,
    0xff,

    /* U+004A "J" */
    0x0, 0xd, 0xff, 0xff, 0xff, 0xff, 0xa0, 0x0,
    0xdf, 0xff, 0xff, 0xff, 0xfa, 0x0, 0xd, 0xff,
    0xff, 0xff, 0xff, 0xa0, 0x0, 0x22, 0x22, 0x26,
    0xff, 0xfa, 0x0, 0x0, 0x0, 0x0, 0x5f, 0xff,
    0xa0, 0x0, 0x0, 0x0, 0x5, 0xff, 0xfa, 0x0,
    0x0, 0x0, 0x0, 0x5f, 0xff, 0xa0, 0x0, 0x0,
    0x0, 0x5, 0xff, 0xfa, 0x0, 0x0, 0x0, 0x0,
    0x5f, 0xff, 0xa0, 0x0, 0x0, 0x0, 0x5, 0xff,
    0xfa, 0x0, 0x0, 0x0, 0x0, 0x5f, 0xff, 0xa0,
    0x0, 0x0, 0x0, 0x5, 0xff, 0xfa, 0x3, 0x69,
    0x40, 0x0, 0x5f, 0xff, 0xa3, 0xff, 0xfc, 0x0,
    0x9, 0xff, 0xf9, 0xe, 0xff, 0xfc, 0x7a, 0xff,
    0xff, 0x50, 0x6f, 0xff, 0xff, 0xff, 0xff, 0xd0,
    0x0, 0x9f, 0xff, 0xff, 0xff, 0xe2, 0x0, 0x0,
    0x4b, 0xef, 0xfc, 0x70, 0x0,

    /* U+004B "K" */
    0xff, 0xff, 0x0, 0x0, 0x0, 0xaf, 0xff, 0xc0,
    0xff, 0xff, 0x0, 0x0, 0x7, 0xff, 0xfe, 0x10,
    0xff, 0xff, 0x0, 0x0, 0x4f, 0xff, 0xf3, 0x0,
    0xff, 0xff, 0x0, 0x2, 0xef, 0xff, 0x50, 0x0,
    0xff, 0xff, 0x0, 0xd, 0xff, 0xf8, 0x0, 0x0,
    0xff, 0xff, 0x0, 0xaf, 0xff, 0xb0, 0x0, 0x0,
    0xff, 0xff, 0x5, 0xff, 0xfd, 0x0, 0x0, 0x0,
    0xff, 0xff, 0x2f, 0xff, 0xf4, 0x0, 0x0, 0x0,
    0xff, 0xff, 0xdf, 0xff, 0xfc, 0x0, 0x0, 0x0,
    0xff, 0xff, 0xff, 0xff, 0xff, 0x70, 0x0, 0x0,
    0xff, 0xff, 0xfe, 0x9f, 0xff, 0xf1, 0x0, 0x0,
    0xff, 0xff, 0xf3, 0xd, 0xff, 0xfb, 0x0, 0x0,
    0xff, 0xff, 0x50, 0x4, 0xff, 0xff, 0x50, 0x0,
    0xff, 0xff, 0x0, 0x0, 0xaf, 0xff, 0xe0, 0x0,
    0xff, 0xff, 0x0, 0x0, 0x1e, 0xff, 0xf9, 0x0,
    0xff, 0xff, 0x0, 0x0, 0x6, 0xff, 0xff, 0x30,
    0xff, 0xff, 0x0, 0x0, 0x0, 0xcf, 0xff, 0xd0,
    0xff, 0xff, 0x0, 0x0, 0x0, 0x3f, 0xff, 0xf7,

    /* U+004C "L" */
    0xff, 0xff, 0x0, 0x0, 0x0, 0xf, 0xff, 0xf0,
    0x0, 0x0, 0x0, 0xff, 0xff, 0x0, 0x0, 0x0,
    0xf, 0xff, 0xf0, 0x0, 0x0, 0x0, 0xff, 0xff,
    0x0, 0x0, 0x0, 0xf, 0xff, 0xf0, 0x0, 0x0,
    0x0, 0xff, 0xff, 0x0, 0x0, 0x0, 0xf, 0xff,
    0xf0, 0x0, 0x0, 0x0, 0xff, 0xff, 0x0, 0x0,
    0x0, 0xf, 0xff, 0xf0, 0x0, 0x0, 0x0, 0xff,
    0xff, 0x0, 0x0, 0x0, 0xf, 0xff, 0xf0, 0x0,
    0x0, 0x0, 0xff, 0xff, 0x0, 0x0, 0x0, 0xf,
    0xff, 0xf0, 0x0, 0x0, 0x0, 0xff, 0xff, 0x88,
    0x88, 0x88, 0x7f, 0xff, 0xff, 0xff, 0xff, 0xfe,
    0xff, 0xff, 0xff, 0xff, 0xff, 0xef, 0xff, 0xff,
    0xff, 0xff, 0xfe,

    /* U+004D "M" */
    0xff, 0xff, 0x70, 0x0, 0x0, 0x0, 0x3f, 0xff,
    0xf4, 0xff, 0xff, 0xe0, 0x0, 0x0, 0x0, 0xbf,
    0xff, 0xf4, 0xff, 0xff, 0xf8, 0x0, 0x0, 0x3,
    0xff, 0xff, 0xf4, 0xff, 0xff, 0xff, 0x10, 0x0,
    0xb, 0xff, 0xff, 0xf4, 0xff, 0xff, 0xff, 0x80,
    0x0, 0x4f, 0xff, 0xff, 0xf4, 0xff, 0xff, 0xff,
    0xf1, 0x0, 0xcf, 0xff, 0xff, 0xf4, 0xff, 0xfc,
    0xef, 0xf9, 0x4, 0xff, 0xfc, 0xff, 0xf4, 0xff,
    0xfb, 0x7f, 0xff, 0x2d, 0xff, 0xd6, 0xff, 0xf4,
    0xff, 0xfb, 0xf, 0xff, 0xef, 0xff, 0x56, 0xff,
    0xf4, 0xff, 0xfb, 0x7, 0xff, 0xff, 0xfc, 0x6,
    0xff, 0xf4, 0xff, 0xfb, 0x0, 0xef, 0xff, 0xf3,
    0x6, 0xff, 0xf4, 0xff, 0xfb, 0x0, 0x6f, 0xff,
    0xa0, 0x6, 0xff, 0xf4, 0xff, 0xfb, 0x0, 0xd,
    0xff, 0x20, 0x6, 0xff, 0xf4, 0xff, 0xfb, 0x0,
    0x4, 0xf9, 0x0, 0x6, 0xff, 0xf4, 0xff, 0xfb,
    0x0, 0x0, 0xa1, 0x0, 0x6, 0xff, 0xf4, 0xff,
    0xfb, 0x0, 0x0, 0x0, 0x0, 0x6, 0xff, 0xf4,
    0xff, 0xfb, 0x0, 0x0, 0x0, 0x0, 0x6, 0xff,
    0xf4, 0xff, 0xfb, 0x0, 0x0, 0x0, 0x0, 0x6,
    0xff, 0xf4,

    /* U+004E "N" */
    0xff, 0xff, 0x90, 0x0, 0x0, 0xe, 0xff, 0xdf,
    0xff, 0xff, 0x30, 0x0, 0x0, 0xef, 0xfd, 0xff,
    0xff, 0xfc, 0x0, 0x0, 0xe, 0xff, 0xdf, 0xff,
    0xff, 0xf5, 0x0, 0x0, 0xef, 0xfd, 0xff, 0xff,
    0xff, 0xe0, 0x0, 0xe, 0xff, 0xdf, 0xff, 0xff,
    0xff, 0x80, 0x0, 0xef, 0xfd, 0xff, 0xfb, 0xef,
    0xff, 0x20, 0xe, 0xff, 0xdf, 0xff, 0xb6, 0xff,
    0xfb, 0x0, 0xef, 0xfd, 0xff, 0xfb, 0xe, 0xff,
    0xf4, 0xe, 0xff, 0xdf, 0xff, 0xb0, 0x7f, 0xff,
    0xc0, 0xef, 0xfd, 0xff, 0xfb, 0x0, 0xdf, 0xff,
    0x3e, 0xff, 0xdf, 0xff, 0xb0, 0x4, 0xff, 0xfb,
    0xef, 0xfd, 0xff, 0xfb, 0x0, 0xb, 0xff, 0xff,
    0xff, 0xdf, 0xff, 0xb0, 0x0, 0x2f, 0xff, 0xff,
    0xfd, 0xff, 0xfb, 0x0, 0x0, 0x8f, 0xff, 0xff,
    0xdf, 0xff, 0xb0, 0x0, 0x0, 0xef, 0xff, 0xfd,
    0xff, 0xfb, 0x0, 0x0, 0x6, 0xff, 0xff, 0xdf,
    0xff, 0xb0, 0x0, 0x0, 0xc, 0xff, 0xfd,

    /* U+004F "O" */
    0x0, 0x0, 0x39, 0xdf, 0xfe, 0xb6, 0x0, 0x0,
    0x0, 0x0, 0x9f, 0xff, 0xff, 0xff, 0xfe, 0x40,
    0x0, 0x0, 0xaf, 0xff, 0xff, 0xff, 0xff, 0xff,
    0x40, 0x0, 0x6f, 0xff, 0xfe, 0x98, 0xbf, 0xff,
    0xfe, 0x0, 0xe, 0xff, 0xfa, 0x0, 0x0, 0x2e,
    0xff, 0xf7, 0x3, 0xff, 0xfe, 0x0, 0x0, 0x0,
    0x5f, 0xff, 0xc0, 0x7f, 0xff, 0x90, 0x0, 0x0,
    0x0, 0xff, 0xff, 0x9, 0xff, 0xf7, 0x0, 0x0,
    0x0, 0xe, 0xff, 0xf2, 0xaf, 0xff, 0x70, 0x0,
    0x0, 0x0, 0xef, 0xff, 0x3a, 0xff, 0xf7, 0x0,
    0x0, 0x0, 0xe, 0xff, 0xf3, 0x9f, 0xff, 0x70,
    0x0, 0x0, 0x0, 0xef, 0xff, 0x27, 0xff, 0xf9,
    0x0, 0x0, 0x0, 0xf, 0xff, 0xf0, 0x3f, 0xff,
    0xe0, 0x0, 0x0, 0x6, 0xff, 0xfc, 0x0, 0xef,
    0xff, 0xa0, 0x0, 0x2, 0xef, 0xff, 0x70, 0x6,
    0xff, 0xff, 0xe9, 0x8b, 0xff, 0xff, 0xe0, 0x0,
    0xa, 0xff, 0xff, 0xff, 0xff, 0xff, 0xf4, 0x0,
    0x0, 0x9, 0xff, 0xff, 0xff, 0xff, 0xe4, 0x0,
    0x0, 0x0, 0x3, 0x9d, 0xff, 0xeb, 0x60, 0x0,
    0x0,

    /* U+0050 "P" */
    0xff, 0xff, 0xff, 0xff, 0xfe, 0xb4, 0x0, 0xf,
    0xff, 0xff, 0xff, 0xff, 0xff, 0xf7, 0x0, 0xff,
    0xff, 0xff, 0xff, 0xff, 0xff, 0xf4, 0xf, 0xff,
    0xf7, 0x77, 0x77, 0xdf, 0xff, 0xb0, 0xff, 0xff,
    0x0, 0x0, 0x2, 0xff, 0xff, 0xf, 0xff, 0xf0,
    0x0, 0x0, 0xf, 0xff, 0xf1, 0xff, 0xff, 0x0,
    0x0, 0x0, 0xff, 0xff, 0xf, 0xff, 0xf0, 0x0,
    0x0, 0x8f, 0xff, 0xd0, 0xff, 0xff, 0xff, 0xff,
    0xff, 0xff, 0xf7, 0xf, 0xff, 0xff, 0xff, 0xff,
    0xff, 0xfd, 0x0, 0xff, 0xff, 0xff, 0xff, 0xff,
    0xfb, 0x10, 0xf, 0xff, 0xf7, 0x77, 0x76, 0x52,
    0x0, 0x0, 0xff, 0xff, 0x0, 0x0, 0x0, 0x0,
    0x0, 0xf, 0xff, 0xf0, 0x0, 0x0, 0x0, 0x0,
    0x0, 0xff, 0xff, 0x0, 0x0, 0x0, 0x0, 0x0,
    0xf, 0xff, 0xf0, 0x0, 0x0, 0x0, 0x0, 0x0,
    0xff, 0xff, 0x0, 0x0, 0x0, 0x0, 0x0, 0xf,
    0xff, 0xf0, 0x0, 0x0, 0x0, 0x0, 0x0,

    /* U+0051 "Q" */
    0x0, 0x0, 0x29, 0xdf, 0xfe, 0xb6, 0x0, 0x0,
    0x0, 0x0, 0x8f, 0xff, 0xff, 0xff, 0xfe, 0x30,
    0x0, 0x0, 0x9f, 0xff, 0xff, 0xff, 0xff, 0xff,
    0x30, 0x0, 0x5f, 0xff, 0xfe, 0x98, 0xbf, 0xff,
    0xfd, 0x0, 0xd, 0xff, 0xfa, 0x0, 0x0, 0x3e,
    0xff, 0xf6, 0x3, 0xff, 0xfe, 0x0, 0x0, 0x0,
    0x6f, 0xff, 0xc0, 0x7f, 0xff, 0xa0, 0x0, 0x0,
    0x1, 0xff, 0xff, 0x9, 0xff, 0xf8, 0x0, 0x0,
    0x0, 0xf, 0xff, 0xf2, 0xaf, 0xff, 0x70, 0x0,
    0x0, 0x0, 0xef, 0xff, 0x3b, 0xff, 0xf7, 0x0,
    0x0, 0x0, 0xe, 0xff, 0xf4, 0xaf, 0xff, 0x70,
    0x0, 0x0, 0x0, 0xef, 0xff, 0x38, 0xff, 0xf8,
    0x0, 0x0, 0x0, 0xf, 0xff, 0xf1, 0x5f, 0xff,
    0xc0, 0x0, 0x0, 0x3, 0xff, 0xfe, 0x1, 0xff,
    0xff, 0x30, 0x0, 0x0, 0xaf, 0xff, 0xa0, 0xa,
    0xff, 0xfe, 0x50, 0x1, 0x9f, 0xff, 0xf3, 0x0,
    0x1e, 0xff, 0xff, 0xff, 0xff, 0xff, 0xf9, 0x0,
    0x0, 0x3f, 0xff, 0xff, 0xff, 0xff, 0xfb, 0x0,
    0x0, 0x0, 0x2b, 0xff, 0xff, 0xff, 0xe7, 0x0,
    0x0, 0x0, 0x0, 0x1, 0x9f, 0xff, 0x70, 0x0,
    0x0, 0x0, 0x0, 0x0, 0x5, 0xff, 0xf7, 0x33,
    0x0, 0x0, 0x0, 0x0, 0x0, 0x3f, 0xff, 0xff,
    0xf1, 0x0, 0x0, 0x0, 0x0, 0x0, 0xcf, 0xff,
    0xff, 0x10, 0x0, 0x0, 0x0, 0x0, 0x1, 0x9e,
    0xff, 0xf1, 0x0, 0x0,

    /* U+0052 "R" */
    0xff, 0xff, 0xff, 0xff, 0xfe, 0xb4, 0x0, 0xf,
    0xff, 0xff, 0xff, 0xff, 0xff, 0xf8, 0x0, 0xff,
    0xff, 0xff, 0xff, 0xff, 0xff, 0xf4, 0xf, 0xff,
    0xf7, 0x77, 0x77, 0xdf, 0xff, 0xb0, 0xff, 0xff,
    0x0, 0x0, 0x2, 0xff, 0xff, 0xf, 0xff, 0xf0,
    0x0, 0x0, 0xf, 0xff, 0xf1, 0xff, 0xff, 0x0,
    0x0, 0x0, 0xff, 0xff, 0xf, 0xff, 0xf0, 0x0,
    0x0, 0x8f, 0xff, 0xd0, 0xff, 0xff, 0xff, 0xff,
    0xff, 0xff, 0xf7, 0xf, 0xff, 0xff, 0xff, 0xff,
    0xff, 0xfc, 0x0, 0xff, 0xff, 0xff, 0xff, 0xff,
    0xf8, 0x0, 0xf, 0xff, 0xf5, 0x56, 0xff, 0xff,
    0x20, 0x0, 0xff, 0xff, 0x0, 0xa, 0xff, 0xf9,
    0x0, 0xf, 0xff, 0xf0, 0x0, 0x3f, 0xff, 0xf2,
    0x0, 0xff, 0xff, 0x0, 0x0, 0xbf, 0xff, 0x90,
    0xf, 0xff, 0xf0, 0x0, 0x3, 0xff, 0xff, 0x20,
    0xff, 0xff, 0x0, 0x0, 0xc, 0xff, 0xf9, 0xf,
    0xff, 0xf0, 0x0, 0x0, 0x4f, 0xff, 0xf2,

    /* U+0053 "S" */
    0x0, 0x0, 0x39, 0xdf, 0xfe, 0xc7, 0x10, 0x0,
    0x0, 0xaf, 0xff, 0xff, 0xff, 0xff, 0x70, 0x0,
    0x9f, 0xff, 0xff, 0xff, 0xff, 0xff, 0x60, 0x2f,
    0xff, 0xfc, 0x88, 0xae, 0xff, 0xa0, 0x6, 0xff,
    0xfa, 0x0, 0x0, 0xa, 0x90, 0x0, 0x7f, 0xff,
    0x80, 0x0, 0x0, 0x0, 0x0, 0x5, 0xff, 0xfe,
    0x40, 0x0, 0x0, 0x0, 0x0, 0xe, 0xff, 0xff,
    0xfd, 0xb8, 0x30, 0x0, 0x0, 0x4f, 0xff, 0xff,
    0xff, 0xff, 0xc2, 0x0, 0x0, 0x3b, 0xff, 0xff,
    0xff, 0xff, 0xe2, 0x0, 0x0, 0x0, 0x46, 0x8b,
    0xff, 0xff, 0xa0, 0x0, 0x0, 0x0, 0x0, 0x4,
    0xff, 0xfe, 0x0, 0x2, 0x0, 0x0, 0x0, 0xf,
    0xff, 0xf0, 0x6, 0xfa, 0x10, 0x0, 0x5, 0xff,
    0xfd, 0x6, 0xff, 0xff, 0xb8, 0x8a, 0xff, 0xff,
    0x80, 0x8f, 0xff, 0xff, 0xff, 0xff, 0xff, 0xe1,
    0x0, 0x5e, 0xff, 0xff, 0xff, 0xff, 0xd2, 0x0,
    0x0, 0x7, 0xbe, 0xff, 0xeb, 0x50, 0x0,

    /* U+0054 "T" */
    0x4f, 0xff, 0xff, 0xff, 0xff, 0xff, 0xff, 0x74,
    0xff, 0xff, 0xff, 0xff, 0xff, 0xff, 0xf7, 0x4f,
    0xff, 0xff, 0xff, 0xff, 0xff, 0xff, 0x72, 0x88,
    0x88, 0xbf, 0xff, 0xc8, 0x88, 0x84, 0x0, 0x0,
    0x6, 0xff, 0xf9, 0x0, 0x0, 0x0, 0x0, 0x0,
    0x6f, 0xff, 0x90, 0x0, 0x0, 0x0, 0x0, 0x6,
    0xff, 0xf9, 0x0, 0x0, 0x0, 0x0, 0x0, 0x6f,
    0xff, 0x90, 0x0, 0x0, 0x0, 0x0, 0x6, 0xff,
    0xf9, 0x0, 0x0, 0x0, 0x0, 0x0, 0x6f, 0xff,
    0x90, 0x0, 0x0, 0x0, 0x0, 0x6, 0xff, 0xf9,
    0x0, 0x0, 0x0, 0x0, 0x0, 0x6f, 0xff, 0x90,
    0x0, 0x0, 0x0, 0x0, 0x6, 0xff, 0xf9, 0x0,
    0x0, 0x0, 0x0, 0x0, 0x6f, 0xff, 0x90, 0x0,
    0x0, 0x0, 0x0, 0x6, 0xff, 0xf9, 0x0, 0x0,
    0x0, 0x0, 0x0, 0x6f, 0xff, 0x90, 0x0, 0x0,
    0x0, 0x0, 0x6, 0xff, 0xf9, 0x0, 0x0, 0x0,
    0x0, 0x0, 0x6f, 0xff, 0x90, 0x0, 0x0,

    /* U+0055 "U" */
    0x1f, 0xff, 0xc0, 0x0, 0x0, 0xb, 0xff, 0xf2,
    0x1f, 0xff, 0xc0, 0x0, 0x0, 0xb, 0xff, 0xf2,
    0x1f, 0xff, 0xc0, 0x0, 0x0, 0xb, 0xff, 0xf2,
    0x1f, 0xff, 0xc0, 0x0, 0x0, 0xb, 0xff, 0xf2,
    0x1f, 0xff, 0xc0, 0x0, 0x0, 0xb, 0xff, 0xf2,
    0x1f, 0xff, 0xc0, 0x0, 0x0, 0xb, 0xff, 0xf2,
    0x1f, 0xff, 0xc0, 0x0, 0x0, 0xb, 0xff, 0xf2,
    0x1f, 0xff, 0xc0, 0x0, 0x0, 0xb, 0xff, 0xf2,
    0x1f, 0xff, 0xc0, 0x0, 0x0, 0xb, 0xff, 0xf2,
    0x1f, 0xff, 0xc0, 0x0, 0x0, 0xb, 0xff, 0xf2,
    0x1f, 0xff, 0xc0, 0x0, 0x0, 0xb, 0xff, 0xf2,
    0x1f, 0xff, 0xc0, 0x0, 0x0, 0xb, 0xff, 0xf1,
    0xf, 0xff, 0xf0, 0x0, 0x0, 0xe, 0xff, 0xf0,
    0xc, 0xff, 0xf8, 0x0, 0x0, 0x7f, 0xff, 0xd0,
    0x7, 0xff, 0xff, 0xc8, 0x8c, 0xff, 0xff, 0x80,
    0x1, 0xef, 0xff, 0xff, 0xff, 0xff, 0xfe, 0x10,
    0x0, 0x3e, 0xff, 0xff, 0xff, 0xff, 0xe3, 0x0,
    0x0, 0x1, 0x7c, 0xef, 0xfe, 0xc7, 0x10, 0x0,

    /* U+0056 "V" */
    0x7f, 0xff, 0x80, 0x0, 0x0, 0x0, 0x8f, 0xff,
    0x52, 0xff, 0xfd, 0x0, 0x0, 0x0, 0xd, 0xff,
    0xf1, 0xd, 0xff, 0xf2, 0x0, 0x0, 0x2, 0xff,
    0xfb, 0x0, 0x8f, 0xff, 0x70, 0x0, 0x0, 0x7f,
    0xff, 0x60, 0x2, 0xff, 0xfc, 0x0, 0x0, 0xc,
    0xff, 0xf1, 0x0, 0xd, 0xff, 0xf1, 0x0, 0x1,
    0xff, 0xfb, 0x0, 0x0, 0x8f, 0xff, 0x60, 0x0,
    0x6f, 0xff, 0x60, 0x0, 0x3, 0xff, 0xfb, 0x0,
    0xb, 0xff, 0xf1, 0x0, 0x0, 0xd, 0xff, 0xf0,
    0x0, 0xff, 0xfc, 0x0, 0x0, 0x0, 0x8f, 0xff,
    0x40, 0x4f, 0xff, 0x60, 0x0, 0x0, 0x3, 0xff,
    0xf8, 0x8, 0xff, 0xf1, 0x0, 0x0, 0x0, 0xe,
    0xff, 0xc0, 0xcf, 0xfc, 0x0, 0x0, 0x0, 0x0,
    0x9f, 0xff, 0x1f, 0xff, 0x70, 0x0, 0x0, 0x0,
    0x3, 0xff, 0xf8, 0xff, 0xf1, 0x0, 0x0, 0x0,
    0x0, 0xe, 0xff, 0xff, 0xfc, 0x0, 0x0, 0x0,
    0x0, 0x0, 0x9f, 0xff, 0xff, 0x70, 0x0, 0x0,
    0x0, 0x0, 0x4, 0xff, 0xff, 0xf2, 0x0, 0x0,
    0x0, 0x0, 0x0, 0xe, 0xff, 0xfc, 0x0, 0x0,
    0x0,

    /* U+0057 "W" */
    0x2f, 0xff, 0xc0, 0x0, 0x0, 0x8f, 0xff, 0xf0,
    0x0, 0x0, 0x4f, 0xff, 0x60, 0xef, 0xff, 0x0,
    0x0, 0xc, 0xff, 0xff, 0x30, 0x0, 0x8, 0xff,
    0xf3, 0xa, 0xff, 0xf2, 0x0, 0x0, 0xff, 0xff,
    0xf7, 0x0, 0x0, 0xbf, 0xff, 0x0, 0x7f, 0xff,
    0x50, 0x0, 0x4f, 0xff, 0xff, 0xb0, 0x0, 0xe,
    0xff, 0xb0, 0x3, 0xff, 0xf8, 0x0, 0x7, 0xff,
    0xdf, 0xfe, 0x0, 0x1, 0xff, 0xf7, 0x0, 0xf,
    0xff, 0xc0, 0x0, 0xbf, 0xf6, 0xff, 0xf2, 0x0,
    0x4f, 0xff, 0x40, 0x0, 0xcf, 0xff, 0x0, 0xf,
    0xff, 0x1d, 0xff, 0x60, 0x8, 0xff, 0xf0, 0x0,
    0x8, 0xff, 0xf2, 0x3, 0xff, 0xd0, 0xaf, 0xfa,
    0x0, 0xbf, 0xfc, 0x0, 0x0, 0x4f, 0xff, 0x50,
    0x6f, 0xf9, 0x6, 0xff, 0xd0, 0xe, 0xff, 0x80,
    0x0, 0x1, 0xff, 0xf8, 0xa, 0xff, 0x60, 0x2f,
    0xff, 0x11, 0xff, 0xf5, 0x0, 0x0, 0xd, 0xff,
    0xb0, 0xef, 0xf2, 0x0, 0xef, 0xf5, 0x4f, 0xff,
    0x10, 0x0, 0x0, 0xaf, 0xfe, 0x1f, 0xfe, 0x0,
    0xb, 0xff, 0x87, 0xff, 0xd0, 0x0, 0x0, 0x6,
    0xff, 0xf7, 0xff, 0xa0, 0x0, 0x7f, 0xfc, 0xaf,
    0xf9, 0x0, 0x0, 0x0, 0x2f, 0xff, 0xdf, 0xf7,
    0x0, 0x3, 0xff, 0xfe, 0xff, 0x60, 0x0, 0x0,
    0x0, 0xef, 0xff, 0xff, 0x30, 0x0, 0xf, 0xff,
    0xff, 0xf2, 0x0, 0x0, 0x0, 0xb, 0xff, 0xff,
    0xf0, 0x0, 0x0, 0xcf, 0xff, 0xfe, 0x0, 0x0,
    0x0, 0x0, 0x7f, 0xff, 0xfb, 0x0, 0x0, 0x8,
    0xff, 0xff, 0xa0, 0x0, 0x0, 0x0, 0x4, 0xff,
    0xff, 0x80, 0x0, 0x0, 0x4f, 0xff, 0xf7, 0x0,
    0x0,

    /* U+0058 "X" */
    0x1e, 0xff, 0xf9, 0x0, 0x0, 0x0, 0xcf, 0xff,
    0x70, 0x5, 0xff, 0xff, 0x20, 0x0, 0x6, 0xff,
    0xfc, 0x0, 0x0, 0xbf, 0xff, 0xc0, 0x0, 0xe,
    0xff, 0xf3, 0x0, 0x0, 0x1f, 0xff, 0xf5, 0x0,
    0x9f, 0xff, 0x80, 0x0, 0x0, 0x6, 0xff, 0xfe,
    0x2, 0xff, 0xfd, 0x0, 0x0, 0x0, 0x0, 0xcf,
    0xff, 0x8b, 0xff, 0xf4, 0x0, 0x0, 0x0, 0x0,
    0x2f, 0xff, 0xff, 0xff, 0xa0, 0x0, 0x0, 0x0,
    0x0, 0x8, 0xff, 0xff, 0xfe, 0x10, 0x0, 0x0,
    0x0, 0x0, 0x0, 0xef, 0xff, 0xf6, 0x0, 0x0,
    0x0, 0x0, 0x0, 0x4, 0xff, 0xff, 0xfa, 0x0,
    0x0, 0x0, 0x0, 0x0, 0xd, 0xff, 0xff, 0xff,
    0x40, 0x0, 0x0, 0x0, 0x0, 0x8f, 0xff, 0xbf,
    0xff, 0xe0, 0x0, 0x0, 0x0, 0x2, 0xff, 0xfd,
    0xc, 0xff, 0xf9, 0x0, 0x0, 0x0, 0xc, 0xff,
    0xf4, 0x2, 0xff, 0xff, 0x30, 0x0, 0x0, 0x6f,
    0xff, 0xb0, 0x0, 0x9f, 0xff, 0xd0, 0x0, 0x1,
    0xef, 0xff, 0x20, 0x0, 0x1e, 0xff, 0xf7, 0x0,
    0xa, 0xff, 0xf8, 0x0, 0x0, 0x6, 0xff, 0xff,
    0x20, 0x4f, 0xff, 0xe0, 0x0, 0x0, 0x0, 0xcf,
    0xff, 0xc0,

    /* U+0059 "Y" */
    0x7f, 0xff, 0xe0, 0x0, 0x0, 0x0, 0xef, 0xff,
    0x50, 0xef, 0xff, 0x70, 0x0, 0x0, 0x7f, 0xff,
    0xc0, 0x5, 0xff, 0xff, 0x10, 0x0, 0xe, 0xff,
    0xf3, 0x0, 0xc, 0xff, 0xf8, 0x0, 0x7, 0xff,
    0xfa, 0x0, 0x0, 0x3f, 0xff, 0xf2, 0x1, 0xff,
    0xff, 0x10, 0x0, 0x0, 0xaf, 0xff, 0xa0, 0x8f,
    0xff, 0x80, 0x0, 0x0, 0x1, 0xff, 0xff, 0x4f,
    0xff, 0xe0, 0x0, 0x0, 0x0, 0x8, 0xff, 0xff,
    0xff, 0xf6, 0x0, 0x0, 0x0, 0x0, 0xe, 0xff,
    0xff, 0xfc, 0x0, 0x0, 0x0, 0x0, 0x0, 0x5f,
    0xff, 0xff, 0x30, 0x0, 0x0, 0x0, 0x0, 0x0,
    0xcf, 0xff, 0xa0, 0x0, 0x0, 0x0, 0x0, 0x0,
    0x8, 0xff, 0xf6, 0x0, 0x0, 0x0, 0x0, 0x0,
    0x0, 0x8f, 0xff, 0x60, 0x0, 0x0, 0x0, 0x0,
    0x0, 0x8, 0xff, 0xf6, 0x0, 0x0, 0x0, 0x0,
    0x0, 0x0, 0x8f, 0xff, 0x60, 0x0, 0x0, 0x0,
    0x0, 0x0, 0x8, 0xff, 0xf6, 0x0, 0x0, 0x0,
    0x0, 0x0, 0x0, 0x8f, 0xff, 0x60, 0x0, 0x0,
    0x0, 0x0, 0x0, 0x8, 0xff, 0xf6, 0x0, 0x0,
    0x0,

    /* U+005A "Z" */
    0x8f, 0xff, 0xff, 0xff, 0xff, 0xff, 0xf9, 0x8f,
    0xff, 0xff, 0xff, 0xff, 0xff, 0xf9, 0x8f, 0xff,
    0xff, 0xff, 0xff, 0xff, 0xf9, 0x48, 0x88, 0x88,
    0x88, 0xaf, 0xff, 0xf7, 0x0, 0x0, 0x0, 0x0,
    0xcf, 0xff, 0xb0, 0x0, 0x0, 0x0, 0xa, 0xff,
    0xfd, 0x10, 0x0, 0x0, 0x0, 0x7f, 0xff, 0xf2,
    0x0, 0x0, 0x0, 0x4, 0xff, 0xff, 0x40, 0x0,
    0x0, 0x0, 0x2f, 0xff, 0xf7, 0x0, 0x0, 0x0,
    0x1, 0xdf, 0xff, 0xa0, 0x0, 0x0, 0x0, 0xb,
    0xff, 0xfc, 0x0, 0x0, 0x0, 0x0, 0x8f, 0xff,
    0xe1, 0x0, 0x0, 0x0, 0x5, 0xff, 0xff, 0x30,
    0x0, 0x0, 0x0, 0x3f, 0xff, 0xf6, 0x0, 0x0,
    0x0, 0x0, 0xef, 0xff, 0xe8, 0x88, 0x88, 0x88,
    0x86, 0xff, 0xff, 0xff, 0xff, 0xff, 0xff, 0xfc,
    0xff, 0xff, 0xff, 0xff, 0xff, 0xff, 0xfc, 0xff,
    0xff, 0xff, 0xff, 0xff, 0xff, 0xfc,

    /* U+005B "[" */
    0xbb, 0xbb, 0xb4, 0xff, 0xff, 0xf6, 0xff, 0xff,
    0xf6, 0xff, 0xf9, 0x0, 0xff, 0xf9, 0x0, 0xff,
    0xf9, 0x0, 0xff, 0xf9, 0x0, 0xff, 0xf9, 0x0,
    0xff, 0xf9, 0x0, 0xff, 0xf9, 0x0, 0xff, 0xf9,
    0x0, 0xff, 0xf9, 0x0, 0xff, 0xf9, 0x0, 0xff,
    0xf9, 0x0, 0xff, 0xf9, 0x0, 0xff, 0xf9, 0x0,
    0xff, 0xf9, 0x0, 0xff, 0xf9, 0x0, 0xff, 0xf9,
    0x0, 0xff, 0xf9, 0x0, 0xff, 0xf9, 0x0, 0xff,
    0xfd, 0xb4, 0xff, 0xff, 0xf6, 0xff, 0xff, 0xf6,

    /* U+005C "\\" */
    0xe, 0xff, 0x40, 0x0, 0x0, 0x0, 0x8, 0xff,
    0x90, 0x0, 0x0, 0x0, 0x3, 0xff, 0xe0, 0x0,
    0x0, 0x0, 0x0, 0xef, 0xf4, 0x0, 0x0, 0x0,
    0x0, 0x8f, 0xfa, 0x0, 0x0, 0x0, 0x0, 0x3f,
    0xff, 0x0, 0x0, 0x0, 0x0, 0xd, 0xff, 0x40,
    0x0, 0x0, 0x0, 0x8, 0xff, 0xa0, 0x0, 0x0,
    0x0, 0x3, 0xff, 0xf0, 0x0, 0x0, 0x0, 0x0,
    0xdf, 0xf5, 0x0, 0x0, 0x0, 0x0, 0x8f, 0xfa,
    0x0, 0x0, 0x0, 0x0, 0x3f, 0xff, 0x0, 0x0,
    0x0, 0x0, 0xd, 0xff, 0x50, 0x0, 0x0, 0x0,
    0x8, 0xff, 0xa0, 0x0, 0x0, 0x0, 0x2, 0xff,
    0xf0, 0x0, 0x0, 0x0, 0x0, 0xdf, 0xf5, 0x0,
    0x0, 0x0, 0x0, 0x8f, 0xfa, 0x0, 0x0, 0x0,
    0x0, 0x2f, 0xff, 0x0, 0x0, 0x0, 0x0, 0xd,
    0xff, 0x50, 0x0, 0x0, 0x0, 0x7, 0xff, 0xa0,
    0x0, 0x0, 0x0, 0x2, 0xff, 0xf0, 0x0, 0x0,
    0x0, 0x0, 0xdf, 0xf5, 0x0, 0x0, 0x0, 0x0,
    0x7f, 0xfb,

    /* U+005D "]" */
    0x7b, 0xbb, 0xb7, 0xbf, 0xff, 0xfb, 0xbf, 0xff,
    0xfb, 0x0, 0xef, 0xfb, 0x0, 0xef, 0xfb, 0x0,
    0xef, 0xfb, 0x0, 0xef, 0xfb, 0x0, 0xef, 0xfb,
    0x0, 0xef, 0xfb, 0x0, 0xef, 0xfb, 0x0, 0xef,
    0xfb, 0x0, 0xef, 0xfb, 0x0, 0xef, 0xfb, 0x0,
    0xef, 0xfb, 0x0, 0xef, 0xfb, 0x0, 0xef, 0xfb,
    0x0, 0xef, 0xfb, 0x0, 0xef, 0xfb, 0x0, 0xef,
    0xfb, 0x0, 0xef, 0xfb, 0x0, 0xef, 0xfb, 0x7b,
    0xff, 0xfb, 0xbf, 0xff, 0xfb, 0xbf, 0xff, 0xfb,

    /* U+005E "^" */
    0x0, 0x0, 0xe, 0xff, 0xa0, 0x0, 0x0, 0x0,
    0x0, 0x8f, 0xff, 0xf3, 0x0, 0x0, 0x0, 0x1,
    0xff, 0xff, 0xfc, 0x0, 0x0, 0x0, 0xa, 0xff,
    0xff, 0xff, 0x40, 0x0, 0x0, 0x2f, 0xff, 0x9f,
    0xff, 0xd0, 0x0, 0x0, 0xbf, 0xfe, 0x8, 0xff,
    0xf6, 0x0, 0x4, 0xff, 0xf6, 0x0, 0xef, 0xfe,
    0x0, 0xd, 0xff, 0xd0, 0x0, 0x6f, 0xff, 0x70,
    0x5f, 0xff, 0x50, 0x0, 0xd, 0xff, 0xe1, 0x9f,
    0xfc, 0x0, 0x0, 0x5, 0xff, 0xe4, 0x3, 0xb4,
    0x0, 0x0, 0x0, 0xb7, 0x0,

    /* U+005F "_" */
    0x3, 0x33, 0x33, 0x33, 0x33, 0x33, 0x32, 0x3f,
    0xff, 0xff, 0xff, 0xff, 0xff, 0xfa, 0x3f, 0xff,
    0xff, 0xff, 0xff, 0xff, 0xfa, 0x3f, 0xff, 0xff,
    0xff, 0xff, 0xff, 0xfa,

    /* U+0060 "`" */
    0x0, 0x0, 0x0, 0x0, 0x7, 0xe7, 0x0, 0xc,
    0xff, 0xe1, 0x0, 0x3f, 0xff, 0x80, 0x0, 0x7f,
    0xff, 0x10, 0x0, 0xaf, 0xf7, 0x0, 0x0, 0xb5,
    0x0,

    /* U+0061 "a" */
    0x0, 0x4, 0xbe, 0xff, 0xea, 0x30, 0x0, 0x0,
    0x9, 0xff, 0xff, 0xff, 0xff, 0x70, 0x0, 0x5,
    0xff, 0xff, 0xff, 0xff, 0xff, 0x30, 0x0, 0x8,
    0xfb, 0x30, 0x2b, 0xff, 0xf8, 0x0, 0x0, 0x4,
    0x0, 0x0, 0x3f, 0xff, 0xb0, 0x0, 0x0, 0x0,
    0x12, 0x34, 0xff, 0xfb, 0x0, 0x0, 0x2a, 0xff,
    0xff, 0xff, 0xff, 0xb0, 0x0, 0x4f, 0xff, 0xff,
    0xff, 0xff, 0xfb, 0x0, 0xd, 0xff, 0xf5, 0x0,
    0x1f, 0xff, 0xb0, 0x1, 0xff, 0xfc, 0x0, 0x1,
    0xff, 0xfb, 0x0, 0x1f, 0xff, 0xe0, 0x0, 0x7f,
    0xff, 0xb0, 0x0, 0xdf, 0xff, 0xeb, 0xdf, 0xcf,
    0xff, 0xf0, 0x5, 0xff, 0xff, 0xff, 0x95, 0xff,
    0xff, 0x0, 0x4, 0xcf, 0xfd, 0x70, 0x8, 0xff,
    0xf0,

    /* U+0062 "b" */
    0x3f, 0xff, 0xa0, 0x0, 0x0, 0x0, 0x0, 0x3f,
    0xff, 0xa0, 0x0, 0x0, 0x0, 0x0, 0x3f, 0xff,
    0xa0, 0x0, 0x0, 0x0, 0x0, 0x3f, 0xff, 0xa0,
    0x0, 0x0, 0x0, 0x0, 0x3f, 0xff, 0xa0, 0x0,
    0x0, 0x0, 0x0, 0x3f, 0xff, 0xa0, 0x8e, 0xfe,
    0x92, 0x0, 0x3f, 0xff, 0xaa, 0xff, 0xff, 0xfe,
    0x20, 0x3f, 0xff, 0xdf, 0xff, 0xff, 0xff, 0xc0,
    0x3f, 0xff, 0xf9, 0x32, 0x8f, 0xff, 0xf3, 0x3f,
    0xff, 0xc0, 0x0, 0xa, 0xff, 0xf7, 0x3f, 0xff,
    0xa0, 0x0, 0x5, 0xff, 0xf9, 0x3f, 0xff, 0xa0,
    0x0, 0x5, 0xff, 0xfa, 0x3f, 0xff, 0xa0, 0x0,
    0x5, 0xff, 0xfa, 0x3f, 0xff, 0xa0, 0x0, 0x5,
    0xff, 0xf9, 0x3f, 0xff, 0xc0, 0x0, 0xa, 0xff,
    0xf7, 0x3f, 0xff, 0xf9, 0x32, 0x8f, 0xff, 0xf3,
    0x3f, 0xff, 0xef, 0xff, 0xff, 0xff, 0xc0, 0x3f,
    0xff, 0xab, 0xff, 0xff, 0xfe, 0x20, 0x3f, 0xff,
    0xa0, 0x8e, 0xfe, 0x92, 0x0,

    /* U+0063 "c" */
    0x0, 0x0, 0x7c, 0xff, 0xea, 0x30, 0x0, 0x2,
    0xdf, 0xff, 0xff, 0xff, 0x70, 0x0, 0xdf, 0xff,
    0xff, 0xff, 0xff, 0x40, 0x6f, 0xff, 0xc3, 0x15,
    0xff, 0xf7, 0xc, 0xff, 0xf2, 0x0, 0x6, 0x81,
    0x0, 0xff, 0xff, 0x0, 0x0, 0x0, 0x0, 0xf,
    0xff, 0xf0, 0x0, 0x0, 0x0, 0x0, 0xff, 0xff,
    0x0, 0x0, 0x0, 0x0, 0xf, 0xff, 0xf0, 0x0,
    0x0, 0x0, 0x0, 0xbf, 0xff, 0x20, 0x0, 0x6b,
    0x40, 0x6, 0xff, 0xfc, 0x21, 0x5f, 0xff, 0xa0,
    0xd, 0xff, 0xff, 0xff, 0xff, 0xf4, 0x0, 0x2d,
    0xff, 0xff, 0xff, 0xf7, 0x0, 0x0, 0x7, 0xcf,
    0xfe, 0xa3, 0x0,

    /* U+0064 "d" */
    0x0, 0x0, 0x0, 0x0, 0xd, 0xff, 0xf0, 0x0,
    0x0, 0x0, 0x0, 0xd, 0xff, 0xf0, 0x0, 0x0,
    0x0, 0x0, 0xd, 0xff, 0xf0, 0x0, 0x0, 0x0,
    0x0, 0xd, 0xff, 0xf0, 0x0, 0x0, 0x0, 0x0,
    0xd, 0xff, 0xf0, 0x0, 0x3a, 0xef, 0xd6, 0xd,
    0xff, 0xf0, 0x4, 0xff, 0xff, 0xff, 0x7d, 0xff,
    0xf0, 0xe, 0xff, 0xff, 0xff, 0xfe, 0xff, 0xf0,
    0x6f, 0xff, 0xf6, 0x24, 0xbf, 0xff, 0xf0, 0xaf,
    0xff, 0x60, 0x0, 0xe, 0xff, 0xf0, 0xcf, 0xff,
    0x20, 0x0, 0xd, 0xff, 0xf0, 0xdf, 0xff, 0x20,
    0x0, 0xd, 0xff, 0xf0, 0xdf, 0xff, 0x20, 0x0,
    0xd, 0xff, 0xf0, 0xcf, 0xff, 0x20, 0x0, 0xd,
    0xff, 0xf0, 0xaf, 0xff, 0x60, 0x0, 0xe, 0xff,
    0xf0, 0x6f, 0xff, 0xf6, 0x23, 0xbf, 0xff, 0xf0,
    0xe, 0xff, 0xff, 0xff, 0xfe, 0xff, 0xf0, 0x4,
    0xff, 0xff, 0xff, 0x7d, 0xff, 0xf0, 0x0, 0x3a,
    0xef, 0xd6, 0xd, 0xff, 0xf0,

    /* U+0065 "e" */
    0x0, 0x0, 0x7c, 0xff, 0xeb, 0x40, 0x0, 0x0,
    0x1d, 0xff, 0xff, 0xff, 0xf9, 0x0, 0x0, 0xdf,
    0xff, 0xfd, 0xff, 0xff, 0x70, 0x6, 0xff, 0xfb,
    0x0, 0x1d, 0xff, 0xf0, 0xb, 0xff, 0xf1, 0x0,
    0x6, 0xff, 0xf5, 0xf, 0xff, 0xf6, 0x66, 0x69,
    0xff, 0xf9, 0xf, 0xff, 0xff, 0xff, 0xff, 0xff,
    0xfa, 0xf, 0xff, 0xff, 0xff, 0xff, 0xff, 0xfa,
    0xf, 0xff, 0xe0, 0x0, 0x0, 0x0, 0x0, 0xb,
    0xff, 0xf2, 0x0, 0x0, 0x14, 0x0, 0x6, 0xff,
    0xfd, 0x40, 0x4, 0xdf, 0x30, 0x0, 0xcf, 0xff,
    0xff, 0xff, 0xff, 0xe0, 0x0, 0x1c, 0xff, 0xff,
    0xff, 0xff, 0x60, 0x0, 0x0, 0x6c, 0xef, 0xfc,
    0x81, 0x0,

    /* U+0066 "f" */
    0x0, 0x2, 0xae, 0xff, 0xf0, 0x0, 0x1e, 0xff,
    0xff, 0xf0, 0x0, 0x6f, 0xff, 0xff, 0xf0, 0x0,
    0x8f, 0xff, 0x50, 0x0, 0x0, 0x8f, 0xff, 0x50,
    0x0, 0x7f, 0xff, 0xff, 0xff, 0xf0, 0x7f, 0xff,
    0xff, 0xff, 0xf0, 0x7f, 0xff, 0xff, 0xff, 0xf0,
    0x0, 0x8f, 0xff, 0x50, 0x0, 0x0, 0x8f, 0xff,
    0x50, 0x0, 0x0, 0x8f, 0xff, 0x50, 0x0, 0x0,
    0x8f, 0xff, 0x50, 0x0, 0x0, 0x8f, 0xff, 0x50,
    0x0, 0x0, 0x8f, 0xff, 0x50, 0x0, 0x0, 0x8f,
    0xff, 0x50, 0x0, 0x0, 0x8f, 0xff, 0x50, 0x0,
    0x0, 0x8f, 0xff, 0x50, 0x0, 0x0, 0x8f, 0xff,
    0x50, 0x0, 0x0, 0x8f, 0xff, 0x50, 0x0,

    /* U+0067 "g" */
    0x0, 0x0, 0x0, 0x0, 0x0, 0xad, 0xd8, 0x0,
    0x0, 0x0, 0x0, 0x0, 0x7f, 0xff, 0xa0, 0x0,
    0x0, 0x0, 0x0, 0x9, 0xff, 0xfa, 0x0, 0x0,
    0x4a, 0xef, 0xff, 0xfe, 0x40, 0x0, 0x0, 0x9f,
    0xff, 0xff, 0xff, 0xff, 0x30, 0x0, 0x5f, 0xff,
    0xe9, 0x9d, 0xff, 0xfb, 0x0, 0xa, 0xff, 0xf1,
    0x0, 0xc, 0xff, 0xe0, 0x0, 0xbf, 0xfd, 0x0,
    0x0, 0xaf, 0xfe, 0x0, 0x9, 0xff, 0xf6, 0x0,
    0x4f, 0xff, 0xb0, 0x0, 0x2f, 0xff, 0xff, 0xff,
    0xff, 0xf3, 0x0, 0x0, 0x3d, 0xff, 0xff, 0xff,
    0xe4, 0x0, 0x0, 0x8, 0xe8, 0x68, 0x87, 0x40,
    0x0, 0x0, 0x9, 0xff, 0x10, 0x0, 0x0, 0x0,
    0x0, 0x0, 0xdf, 0xfa, 0x44, 0x44, 0x43, 0x10,
    0x0, 0xb, 0xff, 0xff, 0xff, 0xff, 0xff, 0xc2,
    0x0, 0x2e, 0xff, 0xff, 0xff, 0xff, 0xff, 0xe0,
    0x0, 0x6f, 0xff, 0xff, 0xff, 0xff, 0xff, 0x41,
    0xdf, 0xb0, 0x0, 0x0, 0x8, 0xff, 0xf6, 0x5f,
    0xfa, 0x0, 0x0, 0x0, 0x5f, 0xff, 0x55, 0xff,
    0xfc, 0x99, 0x99, 0xbf, 0xff, 0xe1, 0xc, 0xff,
    0xff, 0xff, 0xff, 0xff, 0xe4, 0x0, 0x6, 0xbd,
    0xff, 0xff, 0xdb, 0x71, 0x0,

    /* U+0068 "h" */
    0x3f, 0xff, 0xa0, 0x0, 0x0, 0x0, 0x3, 0xff,
    0xfa, 0x0, 0x0, 0x0, 0x0, 0x3f, 0xff, 0xa0,
    0x0, 0x0, 0x0, 0x3, 0xff, 0xfa, 0x0, 0x0,
    0x0, 0x0, 0x3f, 0xff, 0xa0, 0x0, 0x0, 0x0,
    0x3, 0xff, 0xfa, 0x7, 0xef, 0xe9, 0x10, 0x3f,
    0xff, 0xa9, 0xff, 0xff, 0xfc, 0x3, 0xff, 0xfd,
    0xff, 0xff, 0xff, 0xf5, 0x3f, 0xff, 0xfa, 0x33,
    0xbf, 0xff, 0xa3, 0xff, 0xfc, 0x0, 0x2, 0xff,
    0xfd, 0x3f, 0xff, 0xa0, 0x0, 0xf, 0xff, 0xd3,
    0xff, 0xfa, 0x0, 0x0, 0xff, 0xfd, 0x3f, 0xff,
    0xa0, 0x0, 0xf, 0xff, 0xd3, 0xff, 0xfa, 0x0,
    0x0, 0xff, 0xfd, 0x3f, 0xff, 0xa0, 0x0, 0xf,
    0xff, 0xd3, 0xff, 0xfa, 0x0, 0x0, 0xff, 0xfd,
    0x3f, 0xff, 0xa0, 0x0, 0xf, 0xff, 0xd3, 0xff,
    0xfa, 0x0, 0x0, 0xff, 0xfd, 0x3f, 0xff, 0xa0,
    0x0, 0xf, 0xff, 0xd0,

    /* U+0069 "i" */
    0x1c, 0xfe, 0x57, 0xff, 0xfe, 0x8f, 0xff, 0xf3,
    0xff, 0xfa, 0x2, 0x54, 0x3, 0xff, 0xfa, 0x3f,
    0xff, 0xa3, 0xff, 0xfa, 0x3f, 0xff, 0xa3, 0xff,
    0xfa, 0x3f, 0xff, 0xa3, 0xff, 0xfa, 0x3f, 0xff,
    0xa3, 0xff, 0xfa, 0x3f, 0xff, 0xa3, 0xff, 0xfa,
    0x3f, 0xff, 0xa3, 0xff, 0xfa, 0x3f, 0xff, 0xa0,

    /* U+006A "j" */
    0x0, 0x1c, 0xfe, 0x50, 0x7, 0xff, 0xfe, 0x0,
    0x8f, 0xff, 0xf0, 0x3, 0xff, 0xfa, 0x0, 0x2,
    0x54, 0x0, 0x3, 0xff, 0xfa, 0x0, 0x3f, 0xff,
    0xa0, 0x3, 0xff, 0xfa, 0x0, 0x3f, 0xff, 0xa0,
    0x3, 0xff, 0xfa, 0x0, 0x3f, 0xff, 0xa0, 0x3,
    0xff, 0xfa, 0x0, 0x3f, 0xff, 0xa0, 0x3, 0xff,
    0xfa, 0x0, 0x3f, 0xff, 0xa0, 0x3, 0xff, 0xfa,
    0x0, 0x3f, 0xff, 0xa0, 0x3, 0xff, 0xfa, 0x0,
    0x3f, 0xff, 0xa0, 0x3, 0xff, 0xfa, 0x0, 0x3f,
    0xff, 0x93, 0xff, 0xff, 0xf7, 0x3f, 0xff, 0xff,
    0x13, 0xff, 0xfb, 0x30,

    /* U+006B "k" */
    0x3f, 0xff, 0xa0, 0x0, 0x0, 0x0, 0x0, 0x3f,
    0xff, 0xa0, 0x0, 0x0, 0x0, 0x0, 0x3f, 0xff,
    0xa0, 0x0, 0x0, 0x0, 0x0, 0x3f, 0xff, 0xa0,
    0x0, 0x0, 0x0, 0x0, 0x3f, 0xff, 0xa0, 0x0,
    0x0, 0x0, 0x0, 0x3f, 0xff, 0xa0, 0x0, 0x3f,
    0xff, 0xe2, 0x3f, 0xff, 0xa0, 0x1, 0xef, 0xff,
    0x30, 0x3f, 0xff, 0xa0, 0xc, 0xff, 0xf5, 0x0,
    0x3f, 0xff, 0xa0, 0x9f, 0xff, 0x80, 0x0, 0x3f,
    0xff, 0xa4, 0xff, 0xfa, 0x0, 0x0, 0x3f, 0xff,
    0xbe, 0xff, 0xf1, 0x0, 0x0, 0x3f, 0xff, 0xff,
    0xff, 0xf9, 0x0, 0x0, 0x3f, 0xff, 0xff, 0xff,
    0xff, 0x30, 0x0, 0x3f, 0xff, 0xfe, 0x8f, 0xff,
    0xc0, 0x0, 0x3f, 0xff, 0xf2, 0xe, 0xff, 0xf5,
    0x0, 0x3f, 0xff, 0xa0, 0x6, 0xff, 0xfe, 0x0,
    0x3f, 0xff, 0xa0, 0x0, 0xdf, 0xff, 0x80, 0x3f,
    0xff, 0xa0, 0x0, 0x5f, 0xff, 0xf2, 0x3f, 0xff,
    0xa0, 0x0, 0xd, 0xff, 0xfb,

    /* U+006C "l" */
    0x3f, 0xff, 0xa0, 0x3, 0xff, 0xfa, 0x0, 0x3f,
    0xff, 0xa0, 0x3, 0xff, 0xfa, 0x0, 0x3f, 0xff,
    0xa0, 0x3, 0xff, 0xfa, 0x0, 0x3f, 0xff, 0xa0,
    0x3, 0xff, 0xfa, 0x0, 0x3f, 0xff, 0xa0, 0x3,
    0xff, 0xfa, 0x0, 0x3f, 0xff, 0xa0, 0x3, 0xff,
    0xfa, 0x0, 0x3f, 0xff, 0xa0, 0x3, 0xff, 0xfa,
    0x0, 0x3f, 0xff, 0xa0, 0x3, 0xff, 0xfa, 0x0,
    0x1f, 0xff, 0xff, 0x50, 0xaf, 0xff, 0xf5, 0x0,
    0x9e, 0xff, 0x50,

    /* U+006D "m" */
    0x3f, 0xff, 0xa0, 0x8e, 0xfe, 0x70, 0x0, 0x8e,
    0xfe, 0x80, 0x3, 0xff, 0xfa, 0x9f, 0xff, 0xff,
    0xa0, 0xdf, 0xff, 0xff, 0x90, 0x3f, 0xff, 0xdf,
    0xff, 0xff, 0xff, 0xbf, 0xff, 0xff, 0xff, 0x23,
    0xff, 0xff, 0x93, 0x4d, 0xff, 0xff, 0x93, 0x4d,
    0xff, 0xf6, 0x3f, 0xff, 0xc0, 0x0, 0x6f, 0xff,
    0xb0, 0x0, 0x6f, 0xff, 0x93, 0xff, 0xfa, 0x0,
    0x3, 0xff, 0xfa, 0x0, 0x3, 0xff, 0xf9, 0x3f,
    0xff, 0xa0, 0x0, 0x3f, 0xff, 0xa0, 0x0, 0x3f,
    0xff, 0x93, 0xff, 0xfa, 0x0, 0x3, 0xff, 0xfa,
    0x0, 0x3, 0xff, 0xf9, 0x3f, 0xff, 0xa0, 0x0,
    0x3f, 0xff, 0xa0, 0x0, 0x3f, 0xff, 0x93, 0xff,
    0xfa, 0x0, 0x3, 0xff, 0xfa, 0x0, 0x3, 0xff,
    0xf9, 0x3f, 0xff, 0xa0, 0x0, 0x3f, 0xff, 0xa0,
    0x0, 0x3f, 0xff, 0x93, 0xff, 0xfa, 0x0, 0x3,
    0xff, 0xfa, 0x0, 0x3, 0xff, 0xf9, 0x3f, 0xff,
    0xa0, 0x0, 0x3f, 0xff, 0xa0, 0x0, 0x3f, 0xff,
    0x93, 0xff, 0xfa, 0x0, 0x3, 0xff, 0xfa, 0x0,
    0x3, 0xff, 0xf9,

    /* U+006E "n" */
    0x3f, 0xff, 0xa0, 0x7e, 0xfe, 0x91, 0x3, 0xff,
    0xfa, 0x9f, 0xff, 0xff, 0xc0, 0x3f, 0xff, 0xdf,
    0xff, 0xff, 0xff, 0x53, 0xff, 0xff, 0xa3, 0x3b,
    0xff, 0xfa, 0x3f, 0xff, 0xc0, 0x0, 0x2f, 0xff,
    0xd3, 0xff, 0xfa, 0x0, 0x0, 0xff, 0xfd, 0x3f,
    0xff, 0xa0, 0x0, 0xf, 0xff, 0xd3, 0xff, 0xfa,
    0x0, 0x0, 0xff, 0xfd, 0x3f, 0xff, 0xa0, 0x0,
    0xf, 0xff, 0xd3, 0xff, 0xfa, 0x0, 0x0, 0xff,
    0xfd, 0x3f, 0xff, 0xa0, 0x0, 0xf, 0xff, 0xd3,
    0xff, 0xfa, 0x0, 0x0, 0xff, 0xfd, 0x3f, 0xff,
    0xa0, 0x0, 0xf, 0xff, 0xd3, 0xff, 0xfa, 0x0,
    0x0, 0xff, 0xfd,

    /* U+006F "o" */
    0x0, 0x0, 0x6c, 0xff, 0xea, 0x40, 0x0, 0x0,
    0x1d, 0xff, 0xff, 0xff, 0xf9, 0x0, 0x0, 0xcf,
    0xff, 0xff, 0xff, 0xff, 0x70, 0x6, 0xff, 0xfc,
    0x31, 0x5f, 0xff, 0xf1, 0xb, 0xff, 0xf2, 0x0,
    0x7, 0xff, 0xf6, 0xf, 0xff, 0xf0, 0x0, 0x4,
    0xff, 0xf9, 0xf, 0xff, 0xf0, 0x0, 0x4, 0xff,
    0xfb, 0xf, 0xff, 0xf0, 0x0, 0x4, 0xff, 0xfb,
    0xf, 0xff, 0xf0, 0x0, 0x4, 0xff, 0xf9, 0xb,
    0xff, 0xf2, 0x0, 0x7, 0xff, 0xf6, 0x6, 0xff,
    0xfc, 0x31, 0x5f, 0xff, 0xf1, 0x0, 0xcf, 0xff,
    0xff, 0xff, 0xff, 0x70, 0x0, 0x1d, 0xff, 0xff,
    0xff, 0xf9, 0x0, 0x0, 0x0, 0x6c, 0xff, 0xea,
    0x40, 0x0,

    /* U+0070 "p" */
    0x3f, 0xff, 0xa0, 0x8e, 0xfe, 0x92, 0x0, 0x3f,
    0xff, 0xab, 0xff, 0xff, 0xfe, 0x20, 0x3f, 0xff,
    0xef, 0xff, 0xff, 0xff, 0xc0, 0x3f, 0xff, 0xf9,
    0x32, 0x8f, 0xff, 0xf3, 0x3f, 0xff, 0xc0, 0x0,
    0xa, 0xff, 0xf7, 0x3f, 0xff, 0xa0, 0x0, 0x5,
    0xff, 0xf9, 0x3f, 0xff, 0xa0, 0x0, 0x5, 0xff,
    0xfa, 0x3f, 0xff, 0xa0, 0x0, 0x5, 0xff, 0xfa,
    0x3f, 0xff, 0xa0, 0x0, 0x5, 0xff, 0xf9, 0x3f,
    0xff, 0xc0, 0x0, 0xa, 0xff, 0xf7, 0x3f, 0xff,
    0xf9, 0x32, 0x8f, 0xff, 0xf3, 0x3f, 0xff, 0xdf,
    0xff, 0xff, 0xff, 0xc0, 0x3f, 0xff, 0xaa, 0xff,
    0xff, 0xfe, 0x20, 0x3f, 0xff, 0xa0, 0x7e, 0xfe,
    0x92, 0x0, 0x3f, 0xff, 0xa0, 0x0, 0x0, 0x0,
    0x0, 0x3f, 0xff, 0xa0, 0x0, 0x0, 0x0, 0x0,
    0x3f, 0xff, 0xa0, 0x0, 0x0, 0x0, 0x0, 0x3f,
    0xff, 0xa0, 0x0, 0x0, 0x0, 0x0, 0x3f, 0xff,
    0xa0, 0x0, 0x0, 0x0, 0x0,

    /* U+0071 "q" */
    0x0, 0x3a, 0xef, 0xd6, 0xd, 0xff, 0xf0, 0x4,
    0xff, 0xff, 0xff, 0x7d, 0xff, 0xf0, 0xe, 0xff,
    0xff, 0xff, 0xfe, 0xff, 0xf0, 0x6f, 0xff, 0xf6,
    0x24, 0xbf, 0xff, 0xf0, 0xaf, 0xff, 0x60, 0x0,
    0xe, 0xff, 0xf0, 0xcf, 0xff, 0x20, 0x0, 0xd,
    0xff, 0xf0, 0xdf, 0xff, 0x20, 0x0, 0xd, 0xff,
    0xf0, 0xdf, 0xff, 0x20, 0x0, 0xd, 0xff, 0xf0,
    0xcf, 0xff, 0x20, 0x0, 0xd, 0xff, 0xf0, 0xaf,
    0xff, 0x60, 0x0, 0xe, 0xff, 0xf0, 0x6f, 0xff,
    0xf6, 0x23, 0xbf, 0xff, 0xf0, 0xe, 0xff, 0xff,
    0xff, 0xfe, 0xff, 0xf0, 0x4, 0xff, 0xff, 0xff,
    0x7d, 0xff, 0xf0, 0x0, 0x3a, 0xef, 0xd6, 0xd,
    0xff, 0xf0, 0x0, 0x0, 0x0, 0x0, 0xd, 0xff,
    0xf0, 0x0, 0x0, 0x0, 0x0, 0xd, 0xff, 0xf0,
    0x0, 0x0, 0x0, 0x0, 0xd, 0xff, 0xf0, 0x0,
    0x0, 0x0, 0x0, 0xd, 0xff, 0xf0, 0x0, 0x0,
    0x0, 0x0, 0xd, 0xff, 0xf0,

    /* U+0072 "r" */
    0x3f, 0xff, 0xa0, 0x8e, 0xf3, 0xff, 0xfa, 0x9f,
    0xff, 0x3f, 0xff, 0xbf, 0xff, 0xf3, 0xff, 0xff,
    0xfb, 0xa9, 0x3f, 0xff, 0xe2, 0x0, 0x3, 0xff,
    0xfa, 0x0, 0x0, 0x3f, 0xff, 0xa0, 0x0, 0x3,
    0xff, 0xfa, 0x0, 0x0, 0x3f, 0xff, 0xa0, 0x0,
    0x3, 0xff, 0xfa, 0x0, 0x0, 0x3f, 0xff, 0xa0,
    0x0, 0x3, 0xff, 0xfa, 0x0, 0x0, 0x3f, 0xff,
    0xa0, 0x0, 0x3, 0xff, 0xfa, 0x0, 0x0,

    /* U+0073 "s" */
    0x0, 0x6, 0xcf, 0xff, 0xd8, 0x10, 0x0, 0xb,
    0xff, 0xff, 0xff, 0xff, 0x40, 0x7, 0xff, 0xff,
    0xff, 0xff, 0xf9, 0x0, 0xcf, 0xff, 0x30, 0x17,
    0xf9, 0x0, 0xd, 0xff, 0xe0, 0x0, 0x2, 0x0,
    0x0, 0xbf, 0xff, 0xd9, 0x75, 0x10, 0x0, 0x4,
    0xff, 0xff, 0xff, 0xff, 0x90, 0x0, 0x5, 0xdf,
    0xff, 0xff, 0xff, 0xa0, 0x0, 0x0, 0x36, 0x8a,
    0xff, 0xff, 0x20, 0x4, 0x30, 0x0, 0x7, 0xff,
    0xf4, 0x4, 0xff, 0x82, 0x1, 0xbf, 0xff, 0x21,
    0xff, 0xff, 0xff, 0xff, 0xff, 0xb0, 0x5, 0xff,
    0xff, 0xff, 0xff, 0xd1, 0x0, 0x1, 0x8c, 0xff,
    0xec, 0x60, 0x0,

    /* U+0074 "t" */
    0x0, 0x8, 0x88, 0x30, 0x0, 0x0, 0x1f, 0xff,
    0x60, 0x0, 0x0, 0x1f, 0xff, 0x60, 0x0, 0x0,
    0x5f, 0xff, 0x60, 0x0, 0x6f, 0xff, 0xff, 0xff,
    0xf1, 0x6f, 0xff, 0xff, 0xff, 0xf1, 0x6f, 0xff,
    0xff, 0xff, 0xf1, 0x0, 0x7f, 0xff, 0x60, 0x0,
    0x0, 0x7f, 0xff, 0x60, 0x0, 0x0, 0x7f, 0xff,
    0x60, 0x0, 0x0, 0x7f, 0xff, 0x60, 0x0, 0x0,
    0x7f, 0xff, 0x60, 0x0, 0x0, 0x7f, 0xff, 0x60,
    0x0, 0x0, 0x7f, 0xff, 0x60, 0x0, 0x0, 0x7f,
    0xff, 0x60, 0x0, 0x0, 0x4f, 0xff, 0xff, 0xd0,
    0x0, 0xc, 0xff, 0xff, 0xd0, 0x0, 0x1, 0x9e,
    0xff, 0xd0,

    /* U+0075 "u" */
    0x5f, 0xff, 0x70, 0x0, 0x2f, 0xff, 0xb5, 0xff,
    0xf7, 0x0, 0x2, 0xff, 0xfb, 0x5f, 0xff, 0x70,
    0x0, 0x2f, 0xff, 0xb5, 0xff, 0xf7, 0x0, 0x2,
    0xff, 0xfb, 0x5f, 0xff, 0x70, 0x0, 0x2f, 0xff,
    0xb5, 0xff, 0xf7, 0x0, 0x2, 0xff, 0xfb, 0x5f,
    0xff, 0x70, 0x0, 0x2f, 0xff, 0xb5, 0xff, 0xf7,
    0x0, 0x2, 0xff, 0xfb, 0x5f, 0xff, 0x70, 0x0,
    0x2f, 0xff, 0xb5, 0xff, 0xfa, 0x0, 0x4, 0xff,
    0xfb, 0x2f, 0xff, 0xf5, 0x25, 0xef, 0xff, 0xb0,
    0xdf, 0xff, 0xff, 0xfd, 0xff, 0xfb, 0x5, 0xff,
    0xff, 0xff, 0x5f, 0xff, 0xb0, 0x4, 0xcf, 0xfc,
    0x32, 0xff, 0xfb,

    /* U+0076 "v" */
    0x9f, 0xff, 0x20, 0x0, 0x0, 0xff, 0xf9, 0x4f,
    0xff, 0x70, 0x0, 0x5, 0xff, 0xf4, 0xf, 0xff,
    0xc0, 0x0, 0x9, 0xff, 0xe0, 0xa, 0xff, 0xf1,
    0x0, 0xe, 0xff, 0xa0, 0x5, 0xff, 0xf6, 0x0,
    0x3f, 0xff, 0x50, 0x0, 0xff, 0xfa, 0x0, 0x7f,
    0xff, 0x0, 0x0, 0xbf, 0xfe, 0x0, 0xcf, 0xfa,
    0x0, 0x0, 0x5f, 0xff, 0x30, 0xff, 0xf5, 0x0,
    0x0, 0x1f, 0xff, 0x74, 0xff, 0xf1, 0x0, 0x0,
    0xb, 0xff, 0xb8, 0xff, 0xb0, 0x0, 0x0, 0x6,
    0xff, 0xec, 0xff, 0x60, 0x0, 0x0, 0x1, 0xff,
    0xff, 0xff, 0x10, 0x0, 0x0, 0x0, 0xcf, 0xff,
    0xfc, 0x0, 0x0, 0x0, 0x0, 0x7f, 0xff, 0xf7,
    0x0, 0x0,

    /* U+0077 "w" */
    0x5f, 0xff, 0x50, 0x0, 0xe, 0xff, 0xe0, 0x0,
    0x4, 0xff, 0xf3, 0x1f, 0xff, 0x90, 0x0, 0x2f,
    0xff, 0xf2, 0x0, 0x8, 0xff, 0xf0, 0xd, 0xff,
    0xc0, 0x0, 0x7f, 0xff, 0xf7, 0x0, 0xc, 0xff,
    0xb0, 0x8, 0xff, 0xf0, 0x0, 0xbf, 0xff, 0xfb,
    0x0, 0xf, 0xff, 0x60, 0x4, 0xff, 0xf4, 0x0,
    0xff, 0xef, 0xff, 0x0, 0x3f, 0xff, 0x20, 0x0,
    0xff, 0xf7, 0x4, 0xff, 0x9c, 0xff, 0x40, 0x7f,
    0xfe, 0x0, 0x0, 0xbf, 0xfb, 0x8, 0xff, 0x58,
    0xff, 0x80, 0xbf, 0xfa, 0x0, 0x0, 0x7f, 0xfe,
    0xc, 0xff, 0x13, 0xff, 0xc0, 0xef, 0xf5, 0x0,
    0x0, 0x2f, 0xff, 0x3f, 0xfd, 0x0, 0xff, 0xf3,
    0xff, 0xf1, 0x0, 0x0, 0xe, 0xff, 0xbf, 0xf8,
    0x0, 0xbf, 0xfb, 0xff, 0xd0, 0x0, 0x0, 0xa,
    0xff, 0xff, 0xf4, 0x0, 0x6f, 0xff, 0xff, 0x80,
    0x0, 0x0, 0x5, 0xff, 0xff, 0xf0, 0x0, 0x2f,
    0xff, 0xff, 0x40, 0x0, 0x0, 0x1, 0xff, 0xff,
    0xb0, 0x0, 0xd, 0xff, 0xff, 0x0, 0x0, 0x0,
    0x0, 0xdf, 0xff, 0x60, 0x0, 0x9, 0xff, 0xfb,
    0x0, 0x0,

    /* U+0078 "x" */
    0x2f, 0xff, 0xf3, 0x0, 0x4, 0xff, 0xfb, 0x0,
    0x8f, 0xff, 0xc0, 0x0, 0xdf, 0xff, 0x20, 0x0,
    0xdf, 0xff, 0x50, 0x6f, 0xff, 0x70, 0x0, 0x3,
    0xff, 0xfe, 0x1e, 0xff, 0xc0, 0x0, 0x0, 0x9,
    0xff, 0xfd, 0xff, 0xf2, 0x0, 0x0, 0x0, 0xe,
    0xff, 0xff, 0xf8, 0x0, 0x0, 0x0, 0x0, 0x4f,
    0xff, 0xfd, 0x0, 0x0, 0x0, 0x0, 0x6, 0xff,
    0xff, 0xd0, 0x0, 0x0, 0x0, 0x1, 0xff, 0xff,
    0xff, 0x80, 0x0, 0x0, 0x0, 0xbf, 0xfe, 0xdf,
    0xff, 0x20, 0x0, 0x0, 0x5f, 0xff, 0x64, 0xff,
    0xfc, 0x0, 0x0, 0xe, 0xff, 0xd0, 0xb, 0xff,
    0xf7, 0x0, 0x9, 0xff, 0xf4, 0x0, 0x2f, 0xff,
    0xf2, 0x3, 0xff, 0xfb, 0x0, 0x0, 0x9f, 0xff,
    0xc0,

    /* U+0079 "y" */
    0xaf, 0xff, 0x20, 0x0, 0x0, 0xff, 0xf9, 0x5f,
    0xff, 0x70, 0x0, 0x5, 0xff, 0xf3, 0xf, 0xff,
    0xc0, 0x0, 0xa, 0xff, 0xe0, 0xa, 0xff, 0xf1,
    0x0, 0xe, 0xff, 0x90, 0x5, 0xff, 0xf6, 0x0,
    0x4f, 0xff, 0x30, 0x0, 0xff, 0xfb, 0x0, 0x9f,
    0xfe, 0x0, 0x0, 0xbf, 0xff, 0x0, 0xdf, 0xf9,
    0x0, 0x0, 0x5f, 0xff, 0x42, 0xff, 0xf3, 0x0,
    0x0, 0xf, 0xff, 0x86, 0xff, 0xe0, 0x0, 0x0,
    0xb, 0xff, 0xca, 0xff, 0x90, 0x0, 0x0, 0x6,
    0xff, 0xfe, 0xff, 0x40, 0x0, 0x0, 0x1, 0xff,
    0xff, 0xfe, 0x0, 0x0, 0x0, 0x0, 0xbf, 0xff,
    0xf9, 0x0, 0x0, 0x0, 0x0, 0x6f, 0xff, 0xf4,
    0x0, 0x0, 0x0, 0x0, 0x2f, 0xff, 0xe0, 0x0,
    0x0, 0x0, 0x0, 0x6f, 0xff, 0x90, 0x0, 0x0,
    0x1, 0xff, 0xff, 0xff, 0x30, 0x0, 0x0, 0x1,
    0xff, 0xff, 0xfa, 0x0, 0x0, 0x0, 0x1, 0xff,
    0xfe, 0x80, 0x0, 0x0, 0x0,

    /* U+007A "z" */
    0xcf, 0xff, 0xff, 0xff, 0xff, 0xf4, 0xcf, 0xff,
    0xff, 0xff, 0xff, 0xf4, 0xcf, 0xff, 0xff, 0xff,
    0xff, 0xf4, 0x0, 0x0, 0x0, 0xaf, 0xff, 0xd0,
    0x0, 0x0, 0x7, 0xff, 0xfe, 0x10, 0x0, 0x0,
    0x5f, 0xff, 0xf3, 0x0, 0x0, 0x3, 0xff, 0xff,
    0x40, 0x0, 0x0, 0x2e, 0xff, 0xf7, 0x0, 0x0,
    0x1, 0xdf, 0xff, 0x90, 0x0, 0x0, 0xb, 0xff,
    0xfb, 0x0, 0x0, 0x0, 0x9f, 0xff, 0xd0, 0x0,
    0x0, 0x0, 0xff, 0xff, 0xff, 0xff, 0xff, 0xf7,
    0xff, 0xff, 0xff, 0xff, 0xff, 0xf7, 0xff, 0xff,
    0xff, 0xff, 0xff, 0xf7,

    /* U+007B "{" */
    0x0, 0x0, 0x7b, 0xbb, 0x40, 0x0, 0x9f, 0xff,
    0xf6, 0x0, 0xe, 0xff, 0xff, 0x60, 0x0, 0xff,
    0xf9, 0x0, 0x0, 0xf, 0xff, 0x90, 0x0, 0x0,
    0xff, 0xf9, 0x0, 0x0, 0xf, 0xff, 0x90, 0x0,
    0x0, 0xff, 0xf9, 0x0, 0x0, 0xf, 0xff, 0x90,
    0x0, 0x2, 0xff, 0xf8, 0x0, 0x2, 0xcf, 0xff,
    0x30, 0x8, 0xff, 0xff, 0x80, 0x0, 0x8f, 0xff,
    0x70, 0x0, 0x7, 0xff, 0xff, 0x90, 0x0, 0x1,
    0xbf, 0xff, 0x40, 0x0, 0x1, 0xff, 0xf8, 0x0,
    0x0, 0xf, 0xff, 0x90, 0x0, 0x0, 0xff, 0xf9,
    0x0, 0x0, 0xf, 0xff, 0x90, 0x0, 0x0, 0xff,
    0xf9, 0x0, 0x0, 0xf, 0xff, 0x90, 0x0, 0x0,
    0xff, 0xfe, 0xb4, 0x0, 0xc, 0xff, 0xff, 0x60,
    0x0, 0x2c, 0xff, 0xf6,

    /* U+007C "|" */
    0x26, 0x65, 0x6f, 0xfd, 0x6f, 0xfd, 0x6f, 0xfd,
    0x6f, 0xfd, 0x6f, 0xfd, 0x6f, 0xfd, 0x6f, 0xfd,
    0x6f, 0xfd, 0x6f, 0xfd, 0x6f, 0xfd, 0x6f, 0xfd,
    0x6f, 0xfd, 0x6f, 0xfd, 0x6f, 0xfd, 0x6f, 0xfd,
    0x6f, 0xfd, 0x6f, 0xfd, 0x6f, 0xfd, 0x6f, 0xfd,
    0x6f, 0xfd, 0x6f, 0xfd, 0x6f, 0xfd, 0x6f, 0xfd,

    /* U+007D "}" */
    0x7b, 0xba, 0x40, 0x0, 0xb, 0xff, 0xff, 0x40,
    0x0, 0xbf, 0xff, 0xf9, 0x0, 0x0, 0xe, 0xff,
    0xa0, 0x0, 0x0, 0xef, 0xfa, 0x0, 0x0, 0xe,
    0xff, 0xa0, 0x0, 0x0, 0xef, 0xfa, 0x0, 0x0,
    0xe, 0xff, 0xa0, 0x0, 0x0, 0xef, 0xfa, 0x0,
    0x0, 0xd, 0xff, 0xd0, 0x0, 0x0, 0x8f, 0xff,
    0x91, 0x0, 0x0, 0xcf, 0xff, 0xf2, 0x0, 0x0,
    0xbf, 0xff, 0x20, 0x1, 0xdf, 0xff, 0xf2, 0x0,
    0xaf, 0xff, 0x70, 0x0, 0xe, 0xff, 0xc0, 0x0,
    0x0, 0xef, 0xfa, 0x0, 0x0, 0xe, 0xff, 0xa0,
    0x0, 0x0, 0xef, 0xfa, 0x0, 0x0, 0xe, 0xff,
    0xa0, 0x0, 0x0, 0xef, 0xfa, 0x0, 0x7, 0xbf,
    0xff, 0xa0, 0x0, 0xbf, 0xff, 0xf7, 0x0, 0xb,
    0xff, 0xf9, 0x0, 0x0,

    /* U+007E "~" */
    0x5, 0xdf, 0xfb, 0x40, 0x0, 0x0, 0x0, 0x6f,
    0xff, 0xff, 0xfc, 0x52, 0x29, 0x20, 0x2f, 0xff,
    0xff, 0xff, 0xff, 0xff, 0xc0, 0x7, 0x51, 0x38,
    0xef, 0xff, 0xff, 0xe1, 0x0, 0x0, 0x0, 0x7,
    0xdf, 0xfa, 0x20,

    /* U+0E01 "ก" */
    0x0, 0x3, 0x9d, 0xff, 0xeb, 0x50, 0x0, 0x0,
    0x8f, 0xff, 0xff, 0xff, 0xfc, 0x0, 0x6, 0xff,
    0xff, 0xff, 0xff, 0xff, 0xa0, 0xe, 0xff, 0xf6,
    0x22, 0x7f, 0xff, 0xf2, 0x4f, 0xff, 0x70, 0x0,
    0x8, 0xff, 0xf7, 0x6f, 0xff, 0xff, 0xf1, 0x4,
    0xff, 0xf9, 0x7f, 0xff, 0xff, 0xf1, 0x3, 0xff,
    0xfa, 0x49, 0x9d, 0xff, 0xb0, 0x3, 0xff, 0xfa,
    0x0, 0xbf, 0xf5, 0x0, 0x3, 0xff, 0xfa, 0xa,
    0xff, 0xe0, 0x0, 0x3, 0xff, 0xfa, 0xf, 0xff,
    0xd0, 0x0, 0x3, 0xff, 0xfa, 0x1f, 0xff, 0xc0,
    0x0, 0x3, 0xff, 0xfa, 0x1f, 0xff, 0xc0, 0x0,
    0x3, 0xff, 0xfa, 0x1f, 0xff, 0xc0, 0x0, 0x3,
    0xff, 0xfa, 0x1f, 0xff, 0xc0, 0x0, 0x3, 0xff,
    0xfa,

    /* U+0E02 "ข" */
    0xbf, 0xff, 0xe9, 0x0, 0x7f, 0xff, 0x7b, 0xff,
    0xff, 0xf8, 0x7, 0xff, 0xf7, 0xaf, 0xff, 0xff,
    0xb0, 0x7f, 0xff, 0x70, 0x0, 0xef, 0xfb, 0x7,
    0xff, 0xf7, 0x0, 0x3f, 0xff, 0x70, 0x7f, 0xff,
    0x70, 0x1d, 0xff, 0xf1, 0x7, 0xff, 0xf7, 0xa,
    0xff, 0xf6, 0x0, 0x7f, 0xff, 0x72, 0xff, 0xfd,
    0x0, 0x7, 0xff, 0xf7, 0x6f, 0xff, 0x70, 0x0,
    0x7f, 0xff, 0x77, 0xff, 0xf6, 0x0, 0x7, 0xff,
    0xf6, 0x6f, 0xff, 0x90, 0x0, 0x9f, 0xff, 0x53,
    0xff, 0xff, 0x63, 0x7f, 0xff, 0xf1, 0xd, 0xff,
    0xff, 0xff, 0xff, 0xfb, 0x0, 0x2e, 0xff, 0xff,
    0xff, 0xfe, 0x20, 0x0, 0x18, 0xcf, 0xff, 0xd8,
    0x10, 0x0,

    /* U+0E03 "ฃ" */
    0x2f, 0xff, 0x9, 0xff, 0xc0, 0xef, 0xff, 0x2,
    0xff, 0xf0, 0xdf, 0xfc, 0xe, 0xff, 0xf0, 0x1f,
    0xff, 0xec, 0xff, 0xc0, 0xef, 0xff, 0x0, 0xcf,
    0xff, 0x9f, 0xfb, 0xe, 0xff, 0xf0, 0x0, 0x78,
    0x4e, 0xff, 0x60, 0xef, 0xff, 0x0, 0x0, 0x1d,
    0xff, 0xd0, 0xe, 0xff, 0xf0, 0x0, 0xd, 0xff,
    0xf2, 0x0, 0xef, 0xff, 0x0, 0x8, 0xff, 0xf6,
    0x0, 0xe, 0xff, 0xf0, 0x0, 0xdf, 0xff, 0x0,
    0x0, 0xef, 0xff, 0x0, 0xf, 0xff, 0xf0, 0x0,
    0xe, 0xff, 0xf0, 0x0, 0xef, 0xff, 0x20, 0x1,
    0xff, 0xfe, 0x0, 0xb, 0xff, 0xfc, 0x44, 0xbf,
    0xff, 0xa0, 0x0, 0x4f, 0xff, 0xff, 0xff, 0xff,
    0xf4, 0x0, 0x0, 0x8f, 0xff, 0xff, 0xff, 0xf9,
    0x0, 0x0, 0x0, 0x4a, 0xef, 0xfe, 0xb5, 0x0,
    0x0,

    /* U+0E04 "ค" */
    0x0, 0x2, 0x9d, 0xff, 0xec, 0x60, 0x0, 0x0,
    0x6f, 0xff, 0xff, 0xff, 0xfd, 0x20, 0x4, 0xff,
    0xff, 0xff, 0xff, 0xff, 0xd0, 0xc, 0xff, 0xfb,
    0x53, 0x7f, 0xff, 0xf6, 0x1f, 0xff, 0xe0, 0x0,
    0x5, 0xff, 0xfa, 0x3f, 0xff, 0xa0, 0x0, 0x1,
    0xff, 0xfd, 0x4f, 0xff, 0x93, 0xcf, 0x70, 0xff,
    0xfd, 0x4f, 0xff, 0xae, 0xff, 0x70, 0xff, 0xfe,
    0x4f, 0xff, 0xef, 0xff, 0x70, 0xff, 0xfe, 0x4f,
    0xff, 0xfa, 0x43, 0x10, 0xff, 0xfe, 0x4f, 0xff,
    0xc0, 0x0, 0x0, 0xff, 0xfe, 0x4f, 0xff, 0x90,
    0x0, 0x0, 0xff, 0xfe, 0x4f, 0xff, 0x90, 0x0,
    0x0, 0xff, 0xfe, 0x4f, 0xff, 0x90, 0x0, 0x0,
    0xff, 0xfe, 0x4f, 0xff, 0x90, 0x0, 0x0, 0xff,
    0xfe,

    /* U+0E05 "ฅ" */
    0x0, 0x8, 0xdf, 0x70, 0xbf, 0xc6, 0x0, 0x0,
    0x1d, 0xff, 0xff, 0xcf, 0xff, 0xfa, 0x0, 0xa,
    0xff, 0xff, 0xff, 0xff, 0xff, 0xf6, 0x0, 0xff,
    0xff, 0x7e, 0xfc, 0x8f, 0xff, 0xc0, 0x3f, 0xff,
    0xb0, 0x3c, 0x10, 0xff, 0xff, 0x4, 0xff, 0xf9,
    0x0, 0x0, 0xe, 0xff, 0xf0, 0x4f, 0xff, 0x90,
    0x2, 0x10, 0xef, 0xff, 0x4, 0xff, 0xf9, 0x5f,
    0xf7, 0xe, 0xff, 0xf0, 0x4f, 0xff, 0xaf, 0xff,
    0x70, 0xef, 0xff, 0x4, 0xff, 0xff, 0xff, 0xf7,
    0xe, 0xff, 0xf0, 0x4f, 0xff, 0xf6, 0x10, 0x0,
    0xef, 0xff, 0x4, 0xff, 0xfa, 0x0, 0x0, 0xe,
    0xff, 0xf0, 0x4f, 0xff, 0x90, 0x0, 0x0, 0xef,
    0xff, 0x4, 0xff, 0xf9, 0x0, 0x0, 0xe, 0xff,
    0xf0, 0x4f, 0xff, 0x90, 0x0, 0x0, 0xef, 0xff,
    0x0,

    /* U+0E06 "ฆ" */
    0xf, 0xff, 0x13, 0xff, 0xf2, 0xd, 0xff, 0xf1,
    0xf, 0xff, 0x19, 0xff, 0xf2, 0xd, 0xff, 0xf1,
    0xf, 0xff, 0xed, 0xff, 0xf2, 0xd, 0xff, 0xf1,
    0xa, 0xff, 0xf7, 0xff, 0xf2, 0xd, 0xff, 0xf1,
    0x0, 0x68, 0x4b, 0xff, 0xf0, 0xd, 0xff, 0xf1,
    0x0, 0x0, 0xaf, 0xff, 0x70, 0xd, 0xff, 0xf1,
    0x0, 0x8, 0xff, 0xfa, 0x0, 0xd, 0xff, 0xf1,
    0x0, 0x2f, 0xff, 0xd0, 0x0, 0xd, 0xff, 0xf1,
    0x0, 0x7f, 0xff, 0x60, 0x0, 0xd, 0xff, 0xf1,
    0x0, 0x8f, 0xff, 0x50, 0x0, 0xd, 0xff, 0xf1,
    0x0, 0x9f, 0xff, 0xa0, 0x0, 0x1f, 0xff, 0xf0,
    0x0, 0x9f, 0xff, 0xfb, 0x66, 0xdf, 0xff, 0xe0,
    0x0, 0x9f, 0xff, 0xdf, 0xff, 0xff, 0xff, 0x90,
    0x0, 0x9f, 0xff, 0x6e, 0xff, 0xff, 0xfe, 0x10,
    0x0, 0x9f, 0xff, 0x51, 0xae, 0xfe, 0xa1, 0x0,

    /* U+0E07 "ง" */
    0x3f, 0xff, 0xa0, 0x8, 0xff, 0xfc, 0x30, 0xe,
    0xff, 0xd0, 0x8, 0xff, 0xff, 0xf1, 0xa, 0xff,
    0xf1, 0x8, 0xff, 0xff, 0xf6, 0x6, 0xff, 0xf5,
    0x1, 0x36, 0xff, 0xf8, 0x2, 0xff, 0xf8, 0x0,
    0x4, 0xff, 0xf9, 0x0, 0xef, 0xfc, 0x0, 0x4,
    0xff, 0xf9, 0x0, 0x9f, 0xff, 0x0, 0x4, 0xff,
    0xf9, 0x0, 0x5f, 0xff, 0x30, 0x4, 0xff, 0xf9,
    0x0, 0x1f, 0xff, 0x70, 0x4, 0xff, 0xf8, 0x0,
    0xd, 0xff, 0xa0, 0x6, 0xff, 0xf6, 0x0, 0x9,
    0xff, 0xe0, 0x9, 0xff, 0xf3, 0x0, 0x4, 0xff,
    0xf2, 0x4f, 0xff, 0xe0, 0x0, 0x0, 0xff, 0xff,
    0xff, 0xff, 0x70, 0x0, 0x0, 0xcf, 0xff, 0xff,
    0xfb, 0x0, 0x0, 0x0, 0x8f, 0xff, 0xfc, 0x60,
    0x0,

    /* U+0E08 "จ" */
    0x0, 0x4a, 0xef, 0xfe, 0xa3, 0x0, 0x0, 0xaf,
    0xff, 0xff, 0xff, 0xf8, 0x0, 0xaf, 0xff, 0xff,
    0xff, 0xff, 0xf5, 0x2, 0xdf, 0xe6, 0x34, 0x9f,
    0xff, 0xd0, 0x1, 0x81, 0x0, 0x0, 0xbf, 0xff,
    0x20, 0x0, 0x0, 0x0, 0x7, 0xff, 0xf5, 0x5f,
    0xff, 0xb0, 0x0, 0x6f, 0xff, 0x75, 0xff, 0xff,
    0x50, 0x6, 0xff, 0xf7, 0x5f, 0xff, 0xfa, 0x0,
    0x6f, 0xff, 0x71, 0x36, 0xff, 0xe0, 0x7, 0xff,
    0xf6, 0x0, 0x1f, 0xff, 0x20, 0xaf, 0xff, 0x30,
    0x0, 0xef, 0xf6, 0x4f, 0xff, 0xe0, 0x0, 0xa,
    0xff, 0xff, 0xff, 0xf7, 0x0, 0x0, 0x7f, 0xff,
    0xff, 0xfa, 0x0, 0x0, 0x4, 0xff, 0xfe, 0xb5,
    0x0, 0x0,

    /* U+0E09 "ฉ" */
    0x0, 0x2, 0x8d, 0xff, 0xfd, 0x92, 0x0, 0x0,
    0x0, 0x7f, 0xff, 0xff, 0xff, 0xff, 0x60, 0x0,
    0x7, 0xff, 0xff, 0xff, 0xff, 0xff, 0xf3, 0x0,
    0x8, 0xff, 0xf9, 0x65, 0x7e, 0xff, 0xfb, 0x0,
    0x0, 0x5d, 0x30, 0x0, 0x3, 0xff, 0xff, 0x0,
    0x0, 0x0, 0x0, 0x0, 0x0, 0xdf, 0xff, 0x10,
    0x7, 0xff, 0xf9, 0x0, 0x0, 0xcf, 0xff, 0x20,
    0x7, 0xff, 0xff, 0x60, 0x0, 0xcf, 0xff, 0x20,
    0x7, 0xff, 0xff, 0xa0, 0x0, 0xcf, 0xff, 0x20,
    0x0, 0xd, 0xff, 0xa0, 0x0, 0xcf, 0xff, 0x20,
    0x0, 0xd, 0xff, 0xa0, 0x0, 0xdf, 0xff, 0x20,
    0x0, 0xd, 0xff, 0xe1, 0x19, 0xff, 0xff, 0x20,
    0x0, 0xb, 0xff, 0xff, 0xff, 0xcf, 0xff, 0xf9,
    0x0, 0x4, 0xff, 0xff, 0xfd, 0x1f, 0xff, 0xf9,
    0x0, 0x0, 0x5c, 0xff, 0xb2, 0x4, 0xdf, 0xf9,

    /* U+0E0A "ช" */
    0xff, 0xff, 0xc3, 0x0, 0xaf, 0xff, 0x3f, 0xff,
    0xff, 0xe0, 0xa, 0xff, 0xf2, 0xef, 0xff, 0xff,
    0x10, 0xbf, 0xfd, 0x0, 0x6, 0xff, 0xf1, 0x1f,
    0xfd, 0x30, 0x0, 0xaf, 0xfe, 0x5f, 0xff, 0x91,
    0x0, 0x4f, 0xff, 0x87, 0xff, 0xff, 0xc0, 0xd,
    0xff, 0xf1, 0x7f, 0xff, 0xff, 0x24, 0xff, 0xf9,
    0x0, 0x1c, 0xff, 0xf5, 0x7f, 0xff, 0x50, 0x0,
    0x6f, 0xff, 0x68, 0xff, 0xf5, 0x0, 0x6, 0xff,
    0xf6, 0x7f, 0xff, 0x80, 0x0, 0x9f, 0xff, 0x54,
    0xff, 0xff, 0x63, 0x6f, 0xff, 0xf1, 0xd, 0xff,
    0xff, 0xff, 0xff, 0xfb, 0x0, 0x3e, 0xff, 0xff,
    0xff, 0xfe, 0x20, 0x0, 0x18, 0xdf, 0xff, 0xc8,
    0x10, 0x0,

    /* U+0E0B "ซ" */
    0x4f, 0xfd, 0xb, 0xff, 0xa0, 0x8f, 0xff, 0x54,
    0xff, 0xd1, 0xff, 0xfa, 0x8, 0xff, 0xf4, 0x3f,
    0xff, 0xfc, 0xff, 0xa0, 0x9f, 0xff, 0x0, 0xdf,
    0xfd, 0xaf, 0xf9, 0xd, 0xfe, 0x40, 0x1, 0x77,
    0x4f, 0xff, 0x9e, 0xff, 0x80, 0x0, 0x0, 0x1d,
    0xff, 0xc4, 0xff, 0xff, 0xa0, 0x0, 0xb, 0xff,
    0xf2, 0x4f, 0xff, 0xff, 0x0, 0x3, 0xff, 0xf8,
    0x0, 0x1d, 0xff, 0xf3, 0x0, 0x8f, 0xff, 0x40,
    0x0, 0x8f, 0xff, 0x40, 0xa, 0xff, 0xf3, 0x0,
    0x8, 0xff, 0xf4, 0x0, 0x9f, 0xff, 0x60, 0x0,
    0xaf, 0xff, 0x30, 0x6, 0xff, 0xfe, 0x53, 0x7f,
    0xff, 0xf0, 0x0, 0xe, 0xff, 0xff, 0xff, 0xff,
    0xf9, 0x0, 0x0, 0x4f, 0xff, 0xff, 0xff, 0xfd,
    0x10, 0x0, 0x0, 0x29, 0xdf, 0xff, 0xc7, 0x0,
    0x0,

    /* U+0E0C "ฌ" */
    0x0, 0x5, 0xbe, 0xff, 0xea, 0x30, 0x0, 0x0,
    0x8, 0xff, 0xf5, 0x0, 0xbf, 0xff, 0xff, 0xff,
    0xf9, 0x0, 0x0, 0x8, 0xff, 0xf5, 0xa, 0xff,
    0xff, 0xff, 0xff, 0xff, 0x60, 0x0, 0x8, 0xff,
    0xf5, 0x2f, 0xff, 0xd5, 0x23, 0x8f, 0xff, 0xe0,
    0x0, 0x8, 0xff, 0xf5, 0x6f, 0xff, 0xcb, 0xb0,
    0xa, 0xff, 0xf3, 0x0, 0x8, 0xff, 0xf5, 0x8f,
    0xff, 0xff, 0xf0, 0x6, 0xff, 0xf5, 0x0, 0x8,
    0xff, 0xf5, 0x8f, 0xff, 0xff, 0xf0, 0x5, 0xff,
    0xf6, 0x0, 0x8, 0xff, 0xf5, 0x0, 0x7e, 0xf8,
    0x10, 0x5, 0xff, 0xf6, 0x0, 0x8, 0xff, 0xf5,
    0xa, 0xff, 0xd0, 0x0, 0x5, 0xff, 0xf6, 0x0,
    0x8, 0xff, 0xf5, 0x2f, 0xff, 0xa0, 0x0, 0x5,
    0xff, 0xf6, 0x0, 0x8, 0xff, 0xf5, 0x5f, 0xff,
    0x80, 0x0, 0x5, 0xff, 0xf7, 0x0, 0xa, 0xff,
    0xf5, 0x5f, 0xff, 0x91, 0x0, 0x5, 0xff, 0xfe,
    0x51, 0x4f, 0xff, 0xf3, 0x3f, 0xff, 0xff, 0xc0,
    0x5, 0xff, 0xff, 0xff, 0xff, 0xff, 0xe0, 0xc,
    0xff, 0xff, 0xc0, 0x5, 0xff, 0xf7, 0xef, 0xff,
    0xff, 0x60, 0x1, 0x9e, 0xff, 0xc0, 0x5, 0xff,
    0xf6, 0x2a, 0xff, 0xd6, 0x0,

    /* U+0E0D "ญ" */
    0x0, 0x3, 0xae, 0xff, 0xea, 0x40, 0x0, 0x0,
    0x8, 0xff, 0xf5, 0x0, 0x9f, 0xff, 0xff, 0xff,
    0xf9, 0x0, 0x0, 0x8, 0xff, 0xf5, 0x7, 0xff,
    0xff, 0xff, 0xff, 0xff, 0x70, 0x0, 0x8, 0xff,
    0xf5, 0xf, 0xff, 0xf6, 0x23, 0x8f, 0xff, 0xf0,
    0x0, 0x8, 0xff, 0xf5, 0x5f, 0xff, 0x60, 0x0,
    0xa, 0xff, 0xf4, 0x0, 0x8, 0xff, 0xf5, 0x7f,
    0xff, 0xff, 0xf0, 0x6, 0xff, 0xf6, 0x0, 0x8,
    0xff, 0xf5, 0x8f, 0xff, 0xff, 0xf0, 0x5, 0xff,
    0xf6, 0x0, 0x8, 0xff, 0xf5, 0x6b, 0xbe, 0xff,
    0xb0, 0x5, 0xff, 0xf6, 0x0, 0x8, 0xff, 0xf5,
    0x3, 0xdf, 0xf2, 0x0, 0x5, 0xff, 0xf6, 0x0,
    0x8, 0xff, 0xf5, 0xe, 0xff, 0xb0, 0x0, 0x5,
    0xff, 0xf7, 0x0, 0x9, 0xff, 0xf5, 0x4f, 0xff,
    0x80, 0x0, 0x4, 0xff, 0xfd, 0x10, 0x5f, 0xff,
    0xf5, 0x5f, 0xff, 0x91, 0x0, 0x1, 0xff, 0xff,
    0xff, 0xff, 0xff, 0xf5, 0x3f, 0xff, 0xff, 0xc0,
    0x0, 0xaf, 0xff, 0xff, 0xfa, 0xff, 0xf5, 0xd,
    0xff, 0xff, 0xc0, 0x0, 0x9, 0xef, 0xfb, 0x28,
    0xff, 0xf5, 0x1, 0xae, 0xff, 0xc0, 0x0, 0x0,
    0x0, 0x0, 0x8, 0xff, 0xf5, 0x0, 0x0, 0x0,
    0x0, 0x0, 0x9, 0x30, 0x0, 0xc, 0xff, 0xf4,
    0x0, 0x0, 0x0, 0x0, 0x1, 0xcf, 0xf8, 0x43,
    0x9f, 0xff, 0xf1, 0x0, 0x0, 0x0, 0x0, 0x7,
    0xff, 0xff, 0xff, 0xff, 0xff, 0xa0, 0x0, 0x0,
    0x0, 0x0, 0x0, 0x7f, 0xff, 0xff, 0xff, 0xfc,
    0x10, 0x0, 0x0, 0x0, 0x0, 0x0, 0x2, 0x9d,
    0xff, 0xec, 0x60, 0x0,

    /* U+0E0E "ฎ" */
    0x0, 0x2, 0x9d, 0xff, 0xeb, 0x60, 0x0, 0x0,
    0x5f, 0xff, 0xff, 0xff, 0xfd, 0x20, 0x4, 0xff,
    0xff, 0xff, 0xff, 0xff, 0xd0, 0xc, 0xff, 0xf8,
    0x32, 0x6f, 0xff, 0xf5, 0x2f, 0xff, 0xa0, 0x0,
    0x5, 0xff, 0xfa, 0x5f, 0xff, 0xa7, 0x71, 0x1,
    0xff, 0xfd, 0x6f, 0xff, 0xff, 0xf2, 0x0, 0xff,
    0xfd, 0x7f, 0xff, 0xff, 0xf2, 0x0, 0xff, 0xfe,
    0x0, 0x1b, 0xfe, 0x20, 0x0, 0xff, 0xfe, 0x0,
    0xbf, 0xfa, 0x0, 0x0, 0xff, 0xfe, 0x0, 0xff,
    0xf9, 0x0, 0x0, 0xff, 0xfe, 0x0, 0xff, 0xf9,
    0x0, 0x0, 0xff, 0xfe, 0xef, 0xff, 0xf9, 0x0,
    0x0, 0xff, 0xfe, 0xff, 0xff, 0xf5, 0x0, 0x0,
    0xff, 0xfe, 0xff, 0xfe, 0x70, 0x0, 0x0, 0xff,
    0xfe, 0x0, 0x0, 0x0, 0x0, 0x0, 0xff, 0xfe,
    0x0, 0x5c, 0xff, 0xd7, 0x0, 0xff, 0xfe, 0xb,
    0xff, 0xff, 0xff, 0xb0, 0xff, 0xfe, 0x8f, 0xff,
    0xff, 0xff, 0xf9, 0xff, 0xfe, 0x1c, 0xfe, 0x72,
    0x14, 0xbf, 0xff, 0xfe, 0x0, 0x92, 0x0, 0x0,
    0x8, 0xff, 0xfe,

    /* U+0E0F "ฏ" */
    0x0, 0x2, 0x9d, 0xff, 0xeb, 0x60, 0x0, 0x0,
    0x7f, 0xff, 0xff, 0xff, 0xfd, 0x20, 0x5, 0xff,
    0xff, 0xff, 0xff, 0xff, 0xd0, 0xe, 0xff, 0xf7,
    0x22, 0x6f, 0xff, 0xf5, 0x3f, 0xff, 0x80, 0x0,
    0x6, 0xff, 0xfa, 0x6f, 0xff, 0xff, 0xf2, 0x1,
    0xff, 0xfd, 0x6f, 0xff, 0xff, 0xf2, 0x0, 0xff,
    0xfd, 0x37, 0x7b, 0xff, 0xa1, 0x0, 0xff, 0xfe,
    0x0, 0x5f, 0xfc, 0x0, 0x0, 0xff, 0xfe, 0x0,
    0xdf, 0xfa, 0x0, 0x0, 0xff, 0xfe, 0x0, 0xff,
    0xf9, 0x0, 0x0, 0xff, 0xfe, 0x0, 0xff, 0xf9,
    0x0, 0x0, 0xff, 0xfe, 0xef, 0xff, 0xf8, 0x0,
    0x0, 0xff, 0xfe, 0xff, 0xff, 0xf4, 0x0, 0x0,
    0xff, 0xfe, 0xff, 0xfe, 0x70, 0x0, 0x0, 0xff,
    0xfe, 0x0, 0x0, 0x0, 0x0, 0x0, 0xff, 0xfe,
    0x0, 0x21, 0x0, 0x67, 0x0, 0xff, 0xfd, 0x5,
    0xfa, 0x4, 0xff, 0x98, 0xff, 0xfb, 0x3f, 0xff,
    0xff, 0xff, 0xff, 0xff, 0xf7, 0xc, 0xff, 0xff,
    0xbb, 0xff, 0xff, 0xe1, 0x1, 0x9e, 0xfa, 0x10,
    0xbf, 0xd9, 0x10,

    /* U+0E10 "ฐ" */
    0x0, 0x0, 0x0, 0x0, 0x0, 0x4b, 0xcc, 0x10,
    0x4, 0xae, 0xff, 0xd9, 0x2d, 0xff, 0xf1, 0xb,
    0xff, 0xff, 0xff, 0xff, 0xff, 0xff, 0x1a, 0xff,
    0xff, 0xff, 0xff, 0xff, 0x70, 0x0, 0x2d, 0xfe,
    0x73, 0x4b, 0xff, 0xfd, 0x0, 0x0, 0x19, 0x10,
    0x0, 0xc, 0xff, 0xf2, 0x0, 0x0, 0x0, 0x0,
    0x0, 0x7f, 0xff, 0x50, 0x5, 0xff, 0xfb, 0x0,
    0x6, 0xff, 0xf7, 0x0, 0x5f, 0xff, 0xf5, 0x0,
    0x6f, 0xff, 0x70, 0x5, 0xff, 0xff, 0xa0, 0x6,
    0xff, 0xf7, 0x0, 0x13, 0x6f, 0xfe, 0x0, 0x7f,
    0xff, 0x50, 0x0, 0x1, 0xff, 0xf2, 0xa, 0xff,
    0xf2, 0x0, 0x0, 0xe, 0xff, 0x65, 0xff, 0xfd,
    0x0, 0x0, 0x0, 0xaf, 0xff, 0xff, 0xff, 0x50,
    0x0, 0x0, 0x7, 0xff, 0xff, 0xff, 0x70, 0x0,
    0x0, 0x0, 0x4f, 0xff, 0xea, 0x30, 0x0, 0x0,
    0x0, 0x0, 0x0, 0x0, 0x0, 0x0, 0x0, 0x0,
    0x0, 0x5f, 0xfa, 0x0, 0xcf, 0xf8, 0x0, 0x1,
    0x1a, 0xff, 0xe0, 0xd, 0xff, 0x80, 0x5, 0xff,
    0xff, 0xfc, 0xdb, 0xff, 0xf7, 0x0, 0x5f, 0xff,
    0xfd, 0x2f, 0xff, 0xff, 0x20, 0x5, 0xff, 0xfe,
    0x40, 0x4d, 0xfe, 0x60, 0x0, 0x0, 0x0, 0x0,
    0x0, 0x0, 0x0, 0x0, 0x0,

    /* U+0E11 "ฑ" */
    0x7f, 0xfa, 0xf, 0xff, 0x70, 0x8e, 0xfb, 0x10,
    0x7f, 0xfa, 0x3f, 0xff, 0x7a, 0xff, 0xff, 0x90,
    0x6f, 0xff, 0xfd, 0xff, 0xcf, 0xff, 0xff, 0xe0,
    0x2f, 0xff, 0xbe, 0xff, 0xf4, 0x1f, 0xff, 0xf0,
    0x2, 0x86, 0x6f, 0xff, 0x70, 0xd, 0xff, 0xf1,
    0x0, 0x1, 0xef, 0xfd, 0x0, 0xd, 0xff, 0xf1,
    0x0, 0xa, 0xff, 0xf4, 0x0, 0xd, 0xff, 0xf1,
    0x0, 0x4f, 0xff, 0xc0, 0x0, 0xd, 0xff, 0xf1,
    0x0, 0xaf, 0xff, 0x60, 0x0, 0xd, 0xff, 0xf1,
    0x0, 0xcf, 0xff, 0x30, 0x0, 0xd, 0xff, 0xf1,
    0x0, 0xcf, 0xff, 0x20, 0x0, 0xd, 0xff, 0xf1,
    0x0, 0xcf, 0xff, 0x20, 0x0, 0xd, 0xff, 0xf1,
    0x0, 0xcf, 0xff, 0x20, 0x0, 0xd, 0xff, 0xf1,
    0x0, 0xcf, 0xff, 0x20, 0x0, 0xd, 0xff, 0xf1,
    0x0, 0xcf, 0xff, 0x20, 0x0, 0xd, 0xff, 0xf1,

    /* U+0E12 "ฒ" */
    0x0, 0x4b, 0xfb, 0x3, 0xfe, 0x91, 0x0, 0x0,
    0xe, 0xff, 0xf0, 0x6, 0xff, 0xff, 0xae, 0xff,
    0xfe, 0x10, 0x0, 0xe, 0xff, 0xf0, 0x1f, 0xff,
    0xff, 0xff, 0xff, 0xff, 0x90, 0x0, 0xe, 0xff,
    0xf0, 0x6f, 0xff, 0xd9, 0xff, 0x8f, 0xff, 0xe0,
    0x0, 0xe, 0xff, 0xf0, 0xaf, 0xff, 0x40, 0x94,
    0xc, 0xff, 0xf0, 0x0, 0xe, 0xff, 0xf0, 0xcf,
    0xff, 0x10, 0x0, 0xb, 0xff, 0xf1, 0x0, 0xe,
    0xff, 0xf0, 0xdf, 0xff, 0x0, 0x0, 0xb, 0xff,
    0xf1, 0x0, 0xe, 0xff, 0xf0, 0xdf, 0xff, 0x0,
    0x0, 0xb, 0xff, 0xf1, 0x0, 0xe, 0xff, 0xf0,
    0xdf, 0xff, 0x0, 0x0, 0xb, 0xff, 0xf1, 0x0,
    0xe, 0xff, 0xf0, 0xcf, 0xff, 0x10, 0x0, 0xb,
    0xff, 0xf1, 0x0, 0xe, 0xff, 0xf0, 0xaf, 0xff,
    0x40, 0x0, 0xb, 0xff, 0xf2, 0x0, 0xf, 0xff,
    0xf0, 0x6f, 0xff, 0xd5, 0x20, 0xb, 0xff, 0xfd,
    0x53, 0x9f, 0xff, 0xe0, 0x1f, 0xff, 0xff, 0xf1,
    0xb, 0xff, 0xff, 0xff, 0xff, 0xff, 0x90, 0x5,
    0xff, 0xff, 0xf1, 0xb, 0xff, 0xf6, 0xff, 0xff,
    0xff, 0x20, 0x0, 0x3a, 0xef, 0xf1, 0xb, 0xff,
    0xf1, 0x5c, 0xff, 0xb3, 0x0,

    /* U+0E13 "ณ" */
    0x0, 0x5, 0xbe, 0xff, 0xea, 0x40, 0x0, 0x0,
    0x8, 0xff, 0xf5, 0x0, 0xbf, 0xff, 0xff, 0xff,
    0xf9, 0x0, 0x0, 0x8, 0xff, 0xf5, 0xa, 0xff,
    0xff, 0xff, 0xff, 0xff, 0x70, 0x0, 0x8, 0xff,
    0xf5, 0x2f, 0xff, 0xd5, 0x23, 0x8f, 0xff, 0xe0,
    0x0, 0x8, 0xff, 0xf5, 0x6f, 0xff, 0xcb, 0xb0,
    0xa, 0xff, 0xf3, 0x0, 0x8, 0xff, 0xf5, 0x8f,
    0xff, 0xff, 0xf0, 0x6, 0xff, 0xf5, 0x0, 0x8,
    0xff, 0xf5, 0x8f, 0xff, 0xff, 0xf0, 0x5, 0xff,
    0xf6, 0x0, 0x8, 0xff, 0xf5, 0x0, 0x7e, 0xf8,
    0x10, 0x5, 0xff, 0xf6, 0x0, 0x8, 0xff, 0xf5,
    0xa, 0xff, 0xd0, 0x0, 0x5, 0xff, 0xf6, 0x0,
    0x8, 0xff, 0xf5, 0x2f, 0xff, 0xa0, 0x0, 0x5,
    0xff, 0xf6, 0x0, 0x8, 0xff, 0xf5, 0x5f, 0xff,
    0x80, 0x0, 0x5, 0xff, 0xf8, 0x0, 0x9, 0xff,
    0xf5, 0x5f, 0xff, 0x91, 0x0, 0x3, 0xff, 0xfd,
    0x31, 0x6f, 0xff, 0xf5, 0x3f, 0xff, 0xff, 0xc0,
    0x0, 0xff, 0xff, 0xff, 0xff, 0xff, 0xf5, 0xc,
    0xff, 0xff, 0xc0, 0x0, 0x7f, 0xff, 0xff, 0xd9,
    0xff, 0xf5, 0x1, 0x9e, 0xff, 0xc0, 0x0, 0x6,
    0xdf, 0xe9, 0x18, 0xff, 0xf5,

    /* U+0E14 "ด" */
    0x0, 0x5, 0xbe, 0xff, 0xda, 0x30, 0x0, 0x0,
    0xaf, 0xff, 0xff, 0xff, 0xf7, 0x0, 0x9, 0xff,
    0xff, 0xff, 0xff, 0xff, 0x40, 0x1f, 0xff, 0xf9,
    0x56, 0xdf, 0xff, 0xc0, 0x7f, 0xff, 0x70, 0x0,
    0x1e, 0xff, 0xf1, 0xbf, 0xff, 0x20, 0x0, 0xb,
    0xff, 0xf3, 0xdf, 0xff, 0x10, 0x0, 0xa, 0xff,
    0xf4, 0xef, 0xff, 0x10, 0x0, 0xa, 0xff, 0xf4,
    0xef, 0xff, 0x10, 0x0, 0xa, 0xff, 0xf4, 0xdf,
    0xff, 0x20, 0x0, 0xa, 0xff, 0xf4, 0xaf, 0xff,
    0x60, 0x0, 0xa, 0xff, 0xf4, 0x6f, 0xff, 0xf8,
    0x50, 0xa, 0xff, 0xf4, 0x1e, 0xff, 0xff, 0xf1,
    0xa, 0xff, 0xf4, 0x4, 0xff, 0xff, 0xf1, 0xa,
    0xff, 0xf4, 0x0, 0x29, 0xdf, 0xf1, 0xa, 0xff,
    0xf4,

    /* U+0E15 "ต" */
    0x0, 0x2a, 0xec, 0x0, 0xaf, 0xb4, 0x0, 0x4,
    0xff, 0xff, 0xa7, 0xff, 0xff, 0x60, 0xe, 0xff,
    0xff, 0xff, 0xff, 0xff, 0xf1, 0x5f, 0xff, 0xe8,
    0xff, 0x9d, 0xff, 0xf6, 0x9f, 0xff, 0x50, 0x7a,
    0x6, 0xff, 0xf8, 0xcf, 0xff, 0x10, 0x0, 0x5,
    0xff, 0xf9, 0xdf, 0xff, 0x0, 0x0, 0x5, 0xff,
    0xf9, 0xdf, 0xff, 0x0, 0x0, 0x5, 0xff, 0xf9,
    0xdf, 0xff, 0x0, 0x0, 0x5, 0xff, 0xf9, 0xcf,
    0xff, 0x10, 0x0, 0x5, 0xff, 0xf9, 0xaf, 0xff,
    0x40, 0x0, 0x5, 0xff, 0xf9, 0x6f, 0xff, 0xd5,
    0x21, 0x5, 0xff, 0xf9, 0x1f, 0xff, 0xff, 0xf6,
    0x5, 0xff, 0xf9, 0x5, 0xff, 0xff, 0xf6, 0x5,
    0xff, 0xf9, 0x0, 0x3a, 0xef, 0xf6, 0x5, 0xff,
    0xf9,

    /* U+0E16 "ถ" */
    0x0, 0x3, 0xad, 0xff, 0xeb, 0x50, 0x0, 0x0,
    0x9f, 0xff, 0xff, 0xff, 0xfc, 0x0, 0x7, 0xff,
    0xff, 0xff, 0xff, 0xff, 0xa0, 0xf, 0xff, 0xf6,
    0x22, 0x7f, 0xff, 0xf2, 0x5f, 0xff, 0x60, 0x0,
    0x8, 0xff, 0xf7, 0x7f, 0xff, 0xff, 0xf0, 0x4,
    0xff, 0xf9, 0x8f, 0xff, 0xff, 0xf0, 0x3, 0xff,
    0xfa, 0x59, 0xae, 0xff, 0xa0, 0x3, 0xff, 0xfa,
    0x3, 0xef, 0xf2, 0x0, 0x3, 0xff, 0xfa, 0xe,
    0xff, 0xa0, 0x0, 0x3, 0xff, 0xfa, 0x4f, 0xff,
    0x80, 0x0, 0x3, 0xff, 0xfa, 0x5f, 0xff, 0x91,
    0x0, 0x3, 0xff, 0xfa, 0x3f, 0xff, 0xff, 0xc0,
    0x3, 0xff, 0xfa, 0xd, 0xff, 0xff, 0xc0, 0x3,
    0xff, 0xfa, 0x1, 0xae, 0xff, 0xc0, 0x3, 0xff,
    0xfa,

    /* U+0E17 "ท" */
    0x1f, 0xff, 0xd0, 0x4c, 0xff, 0xd6, 0x0, 0x1f,
    0xff, 0xd5, 0xff, 0xff, 0xff, 0x90, 0x1f, 0xff,
    0xee, 0xff, 0xff, 0xff, 0xf2, 0x1f, 0xff, 0xfe,
    0x85, 0x7f, 0xff, 0xf8, 0x1f, 0xff, 0xf2, 0x0,
    0x6, 0xff, 0xfb, 0x1f, 0xff, 0xd0, 0x0, 0x2,
    0xff, 0xfc, 0x1f, 0xff, 0xd0, 0x0, 0x2, 0xff,
    0xfc, 0x1f, 0xff, 0xd0, 0x0, 0x2, 0xff, 0xfc,
    0x1f, 0xff, 0xd0, 0x0, 0x2, 0xff, 0xfc, 0x1f,
    0xff, 0xd0, 0x0, 0x2, 0xff, 0xfc, 0x1f, 0xff,
    0xd0, 0x0, 0x2, 0xff, 0xfc, 0x1f, 0xff, 0xd0,
    0x0, 0x2, 0xff, 0xfc, 0x1f, 0xff, 0xd0, 0x0,
    0x2, 0xff, 0xfc, 0x1f, 0xff, 0xd0, 0x0, 0x2,
    0xff, 0xfc, 0x1f, 0xff, 0xd0, 0x0, 0x2, 0xff,
    0xfc,

    /* U+0E18 "ธ" */
    0x0, 0x29, 0xdf, 0xff, 0xc8, 0x10, 0x0, 0x6f,
    0xff, 0xff, 0xff, 0xff, 0x50, 0x2f, 0xff, 0xff,
    0xff, 0xff, 0xfe, 0x7, 0xff, 0xfa, 0x32, 0x4a,
    0xfd, 0x20, 0x8f, 0xff, 0x10, 0x0, 0x5, 0x10,
    0x6, 0xff, 0xff, 0xdb, 0x96, 0x20, 0x0, 0xc,
    0xff, 0xff, 0xff, 0xff, 0xa0, 0x0, 0x5, 0xac,
    0xef, 0xff, 0xff, 0xa0, 0x14, 0x44, 0x0, 0x3,
    0xcf, 0xff, 0x15, 0xff, 0xf2, 0x0, 0x5, 0xff,
    0xf4, 0x5f, 0xff, 0x20, 0x0, 0x5f, 0xff, 0x55,
    0xff, 0xf7, 0x33, 0x5d, 0xff, 0xf2, 0x5f, 0xff,
    0xff, 0xff, 0xff, 0xfd, 0x3, 0xff, 0xff, 0xff,
    0xff, 0xfe, 0x20, 0x1, 0x7b, 0xef, 0xff, 0xd8,
    0x10, 0x0,

    /* U+0E19 "น" */
    0x3f, 0xff, 0xa0, 0x0, 0x5, 0xff, 0xf9, 0x3f,
    0xff, 0xa0, 0x0, 0x5, 0xff, 0xf9, 0x3f, 0xff,
    0xa0, 0x0, 0x5, 0xff, 0xf9, 0x3f, 0xff, 0xa0,
    0x0, 0x5, 0xff, 0xf9, 0x3f, 0xff, 0xa0, 0x0,
    0x5, 0xff, 0xf9, 0x3f, 0xff, 0xa0, 0x0, 0x5,
    0xff, 0xf9, 0x3f, 0xff, 0xa0, 0x0, 0x5, 0xff,
    0xf9, 0x3f, 0xff, 0xa0, 0x0, 0x5, 0xff, 0xf9,
    0x3f, 0xff, 0xa0, 0x0, 0x5, 0xff, 0xf9, 0x3f,
    0xff, 0xb0, 0x0, 0x5, 0xff, 0xf9, 0x2f, 0xff,
    0xe0, 0x0, 0xa, 0xff, 0xf9, 0xf, 0xff, 0xfb,
    0x56, 0xbf, 0xff, 0xf9, 0xa, 0xff, 0xff, 0xff,
    0xfc, 0xff, 0xf9, 0x1, 0xef, 0xff, 0xff, 0xc5,
    0xff, 0xf9, 0x0, 0x2a, 0xef, 0xe8, 0x5, 0xff,
    0xf9,

    /* U+0E1A "บ" */
    0x3f, 0xff, 0xa0, 0x0, 0x6, 0xff, 0xf8, 0x3f,
    0xff, 0xa0, 0x0, 0x6, 0xff, 0xf8, 0x3f, 0xff,
    0xa0, 0x0, 0x6, 0xff, 0xf8, 0x3f, 0xff, 0xa0,
    0x0, 0x6, 0xff, 0xf8, 0x3f, 0xff, 0xa0, 0x0,
    0x6, 0xff, 0xf8, 0x3f, 0xff, 0xa0, 0x0, 0x6,
    0xff, 0xf8, 0x3f, 0xff, 0xa0, 0x0, 0x6, 0xff,
    0xf8, 0x3f, 0xff, 0xa0, 0x0, 0x6, 0xff, 0xf8,
    0x3f, 0xff, 0xa0, 0x0, 0x6, 0xff, 0xf8, 0x2f,
    0xff, 0xb0, 0x0, 0x6, 0xff, 0xf7, 0xf, 0xff,
    0xe0, 0x0, 0xa, 0xff, 0xf5, 0xc, 0xff, 0xfb,
    0x44, 0x8f, 0xff, 0xf1, 0x5, 0xff, 0xff, 0xff,
    0xff, 0xff, 0xa0, 0x0, 0x9f, 0xff, 0xff, 0xff,
    0xfd, 0x10, 0x0, 0x4, 0xae, 0xff, 0xec, 0x70,
    0x0,

    /* U+0E1B "ป" */
    0x0, 0x0, 0x0, 0x0, 0x6, 0xff, 0xf8, 0x0,
    0x0, 0x0, 0x0, 0x6, 0xff, 0xf8, 0x0, 0x0,
    0x0, 0x0, 0x6, 0xff, 0xf8, 0x0, 0x0, 0x0,
    0x0, 0x6, 0xff, 0xf8, 0x0, 0x0, 0x0, 0x0,
    0x6, 0xff, 0xf8, 0x3f, 0xff, 0xa0, 0x0, 0x6,
    0xff, 0xf8, 0x3f, 0xff, 0xa0, 0x0, 0x6, 0xff,
    0xf8, 0x3f, 0xff, 0xa0, 0x0, 0x6, 0xff, 0xf8,
    0x3f, 0xff, 0xa0, 0x0, 0x6, 0xff, 0xf8, 0x3f,
    0xff, 0xa0, 0x0, 0x6, 0xff, 0xf8, 0x3f, 0xff,
    0xa0, 0x0, 0x6, 0xff, 0xf8, 0x3f, 0xff, 0xa0,
    0x0, 0x6, 0xff, 0xf8, 0x3f, 0xff, 0xa0, 0x0,
    0x6, 0xff, 0xf8, 0x3f, 0xff, 0xa0, 0x0, 0x6,
    0xff, 0xf8, 0x2f, 0xff, 0xb0, 0x0, 0x6, 0xff,
    0xf7, 0xf, 0xff, 0xe0, 0x0, 0xa, 0xff, 0xf5,
    0xc, 0xff, 0xfb, 0x43, 0x8f, 0xff, 0xf1, 0x5,
    0xff, 0xff, 0xff, 0xff, 0xff, 0xa0, 0x0, 0x9f,
    0xff, 0xff, 0xff, 0xfd, 0x10, 0x0, 0x4, 0xae,
    0xff, 0xec, 0x70, 0x0,

    /* U+0E1C "ผ" */
    0x2, 0xbf, 0xff, 0xf3, 0x0, 0x7f, 0xff, 0x70,
    0xcf, 0xff, 0xff, 0x30, 0x7, 0xff, 0xf7, 0x1f,
    0xff, 0xff, 0xf3, 0x0, 0x7f, 0xff, 0x72, 0xff,
    0xfb, 0x11, 0x0, 0x7, 0xff, 0xf7, 0x3f, 0xff,
    0xb0, 0x0, 0x0, 0x7f, 0xff, 0x73, 0xff, 0xfb,
    0x0, 0x0, 0x7, 0xff, 0xf7, 0x3f, 0xff, 0xb0,
    0x1, 0x0, 0x7f, 0xff, 0x73, 0xff, 0xfb, 0x0,
    0xd3, 0x7, 0xff, 0xf7, 0x3f, 0xff, 0xb0, 0x8f,
    0xc0, 0x7f, 0xff, 0x73, 0xff, 0xfb, 0x3f, 0xff,
    0x77, 0xff, 0xf7, 0x3f, 0xff, 0xbd, 0xfd, 0xff,
    0x9f, 0xff, 0x73, 0xff, 0xff, 0xfe, 0x1c, 0xff,
    0xff, 0xf7, 0x3f, 0xff, 0xff, 0x60, 0x2f, 0xff,
    0xff, 0x73, 0xff, 0xff, 0xc0, 0x0, 0x8f, 0xff,
    0xf7, 0x3f, 0xff, 0xf2, 0x0, 0x0, 0xdf, 0xff,
    0x70,

    /* U+0E1D "ฝ" */
    0x0, 0x0, 0x0, 0x0, 0x0, 0x7f, 0xff, 0x70,
    0x0, 0x0, 0x0, 0x0, 0x7, 0xff, 0xf7, 0x0,
    0x0, 0x0, 0x0, 0x0, 0x7f, 0xff, 0x70, 0x0,
    0x0, 0x0, 0x0, 0x7, 0xff, 0xf7, 0x0, 0x0,
    0x0, 0x0, 0x0, 0x7f, 0xff, 0x70, 0x2b, 0xff,
    0xff, 0x30, 0x7, 0xff, 0xf7, 0xc, 0xff, 0xff,
    0xf3, 0x0, 0x7f, 0xff, 0x71, 0xff, 0xff, 0xff,
    0x30, 0x7, 0xff, 0xf7, 0x2f, 0xff, 0xb1, 0x10,
    0x0, 0x7f, 0xff, 0x73, 0xff, 0xfb, 0x0, 0x0,
    0x7, 0xff, 0xf7, 0x3f, 0xff, 0xb0, 0x0, 0x0,
    0x7f, 0xff, 0x73, 0xff, 0xfb, 0x0, 0x20, 0x7,
    0xff, 0xf7, 0x3f, 0xff, 0xb0, 0x1e, 0x30, 0x7f,
    0xff, 0x73, 0xff, 0xfb, 0x9, 0xfd, 0x7, 0xff,
    0xf7, 0x3f, 0xff, 0xb4, 0xff, 0xf8, 0x7f, 0xff,
    0x73, 0xff, 0xfc, 0xdf, 0xdf, 0xfa, 0xff, 0xf7,
    0x3f, 0xff, 0xff, 0xe1, 0xbf, 0xff, 0xff, 0x73,
    0xff, 0xff, 0xf6, 0x2, 0xff, 0xff, 0xf7, 0x3f,
    0xff, 0xfc, 0x0, 0x8, 0xff, 0xff, 0x73, 0xff,
    0xff, 0x20, 0x0, 0xd, 0xff, 0xf7,

    /* U+0E1E "พ" */
    0xcf, 0xfd, 0x0, 0x2f, 0xff, 0xa0, 0x6, 0xff,
    0xf3, 0x9f, 0xfe, 0x0, 0x5f, 0xff, 0xd0, 0x7,
    0xff, 0xf1, 0x7f, 0xff, 0x0, 0x8f, 0xff, 0xf0,
    0x8, 0xff, 0xf0, 0x5f, 0xff, 0x10, 0xbf, 0xff,
    0xf3, 0x9, 0xff, 0xc0, 0x3f, 0xff, 0x20, 0xef,
    0xdf, 0xf6, 0xb, 0xff, 0xa0, 0xf, 0xff, 0x32,
    0xff, 0x7f, 0xf9, 0xc, 0xff, 0x80, 0xe, 0xff,
    0x55, 0xff, 0x4c, 0xfc, 0xd, 0xff, 0x60, 0xc,
    0xff, 0x68, 0xff, 0x9, 0xff, 0xe, 0xff, 0x30,
    0xa, 0xff, 0x7b, 0xfd, 0x5, 0xff, 0x3f, 0xff,
    0x10, 0x7, 0xff, 0x8e, 0xfa, 0x2, 0xff, 0x7f,
    0xff, 0x0, 0x5, 0xff, 0xbf, 0xf7, 0x0, 0xff,
    0xbf, 0xfd, 0x0, 0x3, 0xff, 0xff, 0xf4, 0x0,
    0xcf, 0xff, 0xfa, 0x0, 0x0, 0xff, 0xff, 0xf0,
    0x0, 0x9f, 0xff, 0xf8, 0x0, 0x0, 0xef, 0xff,
    0xd0, 0x0, 0x5f, 0xff, 0xf6, 0x0, 0x0, 0xcf,
    0xff, 0xa0, 0x0, 0x2f, 0xff, 0xf3, 0x0,

    /* U+0E1F "ฟ" */
    0x0, 0x0, 0x0, 0x0, 0x0, 0x0, 0x7, 0xff,
    0xf2, 0x0, 0x0, 0x0, 0x0, 0x0, 0x0, 0x8,
    0xff, 0xf0, 0x0, 0x0, 0x0, 0x0, 0x0, 0x0,
    0x9, 0xff, 0xe0, 0x0, 0x0, 0x0, 0x0, 0x0,
    0x0, 0xa, 0xff, 0xd0, 0x0, 0x0, 0x0, 0x0,
    0x0, 0x0, 0xb, 0xff, 0xb0, 0xcf, 0xfd, 0x0,
    0x3f, 0xff, 0x80, 0xc, 0xff, 0x90, 0x9f, 0xfe,
    0x0, 0x6f, 0xff, 0xb0, 0xd, 0xff, 0x70, 0x7f,
    0xff, 0x0, 0x9f, 0xff, 0xe0, 0xe, 0xff, 0x50,
    0x5f, 0xff, 0x10, 0xcf, 0xff, 0xf1, 0xf, 0xff,
    0x40, 0x3f, 0xff, 0x20, 0xff, 0xdf, 0xf4, 0xf,
    0xff, 0x20, 0xf, 0xff, 0x32, 0xff, 0x7f, 0xf7,
    0x1f, 0xff, 0x0, 0xe, 0xff, 0x55, 0xff, 0x3e,
    0xfa, 0x2f, 0xfe, 0x0, 0xc, 0xff, 0x68, 0xff,
    0xb, 0xfd, 0x3f, 0xfc, 0x0, 0xa, 0xff, 0x7b,
    0xfc, 0x8, 0xff, 0x4f, 0xfb, 0x0, 0x7, 0xff,
    0x8e, 0xf9, 0x5, 0xff, 0x8f, 0xf9, 0x0, 0x5,
    0xff, 0xcf, 0xf6, 0x2, 0xff, 0xcf, 0xf7, 0x0,
    0x3, 0xff, 0xff, 0xf3, 0x0, 0xff, 0xff, 0xf5,
    0x0, 0x0, 0xff, 0xff, 0xf0, 0x0, 0xcf, 0xff,
    0xf4, 0x0, 0x0, 0xef, 0xff, 0xd0, 0x0, 0x9f,
    0xff, 0xf2, 0x0, 0x0, 0xcf, 0xff, 0xa0, 0x0,
    0x6f, 0xff, 0xf0, 0x0,

    /* U+0E20 "ภ" */
    0x0, 0x2, 0x9d, 0xff, 0xec, 0x70, 0x0, 0x0,
    0x7f, 0xff, 0xff, 0xff, 0xfd, 0x20, 0x5, 0xff,
    0xff, 0xff, 0xff, 0xff, 0xd0, 0xe, 0xff, 0xf7,
    0x22, 0x6f, 0xff, 0xf6, 0x3f, 0xff, 0x80, 0x0,
    0x5, 0xff, 0xfa, 0x6f, 0xff, 0xff, 0xf2, 0x1,
    0xff, 0xfd, 0x6f, 0xff, 0xff, 0xf2, 0x0, 0xff,
    0xfd, 0x37, 0x7a, 0xff, 0x91, 0x0, 0xff, 0xfe,
    0x0, 0x5f, 0xfc, 0x0, 0x0, 0xff, 0xfe, 0x0,
    0xdf, 0xfa, 0x0, 0x0, 0xff, 0xfe, 0x0, 0xff,
    0xf9, 0x0, 0x0, 0xff, 0xfe, 0x0, 0xff, 0xf9,
    0x0, 0x0, 0xff, 0xfe, 0xef, 0xff, 0xf8, 0x0,
    0x0, 0xff, 0xfe, 0xff, 0xff, 0xf4, 0x0, 0x0,
    0xff, 0xfe, 0xff, 0xfe, 0x70, 0x0, 0x0, 0xff,
    0xfe,

    /* U+0E21 "ม" */
    0x1f, 0xff, 0xd0, 0x0, 0x1, 0xff, 0xfd, 0x1f,
    0xff, 0xd0, 0x0, 0x1, 0xff, 0xfd, 0x1f, 0xff,
    0xd0, 0x0, 0x1, 0xff, 0xfd, 0x1f, 0xff, 0xd0,
    0x0, 0x1, 0xff, 0xfd, 0x1f, 0xff, 0xd0, 0x0,
    0x1, 0xff, 0xfd, 0x1f, 0xff, 0xd0, 0x0, 0x1,
    0xff, 0xfd, 0x1f, 0xff, 0xd0, 0x0, 0x1, 0xff,
    0xfd, 0x1f, 0xff, 0xd0, 0x0, 0x1, 0xff, 0xfd,
    0x1f, 0xff, 0xd0, 0x0, 0x1, 0xff, 0xfd, 0x1f,
    0xff, 0xd0, 0x0, 0x2, 0xff, 0xfd, 0x1f, 0xff,
    0xf2, 0x0, 0x5, 0xff, 0xfc, 0x1f, 0xff, 0xfe,
    0x85, 0x7e, 0xff, 0xfa, 0x1f, 0xff, 0xef, 0xff,
    0xff, 0xff, 0xf5, 0x1f, 0xff, 0xd6, 0xff, 0xff,
    0xff, 0xb0, 0x1f, 0xff, 0xd0, 0x5c, 0xff, 0xd8,
    0x0,

    /* U+0E22 "ย" */
    0x5, 0xdf, 0xff, 0x90, 0xd, 0xff, 0xf1, 0x2f,
    0xff, 0xff, 0x90, 0xd, 0xff, 0xf1, 0x6f, 0xff,
    0xff, 0x80, 0xd, 0xff, 0xf1, 0x3f, 0xff, 0x30,
    0x0, 0xd, 0xff, 0xf1, 0x6, 0xef, 0xc1, 0x0,
    0xd, 0xff, 0xf1, 0x0, 0x7d, 0xff, 0xa0, 0xd,
    0xff, 0xf1, 0xc, 0xff, 0xff, 0xc0, 0xd, 0xff,
    0xf1, 0x6f, 0xff, 0xff, 0xc0, 0xd, 0xff, 0xf1,
    0xaf, 0xff, 0x20, 0x0, 0xd, 0xff, 0xf0, 0xbf,
    0xff, 0x30, 0x0, 0xd, 0xff, 0xf0, 0xaf, 0xff,
    0x70, 0x0, 0x1f, 0xff, 0xd0, 0x7f, 0xff, 0xf7,
    0x35, 0xcf, 0xff, 0x90, 0x1e, 0xff, 0xff, 0xff,
    0xff, 0xff, 0x30, 0x3, 0xef, 0xff, 0xff, 0xff,
    0xf7, 0x0, 0x0, 0x17, 0xce, 0xff, 0xda, 0x30,
    0x0,

    /* U+0E23 "ร" */
    0x0, 0x1, 0x7c, 0xff, 0xeb, 0x50, 0x0, 0x2,
    0xef, 0xff, 0xff, 0xff, 0xc1, 0x0, 0xcf, 0xff,
    0xff, 0xff, 0xff, 0x80, 0x1f, 0xff, 0xd4, 0x36,
    0xdf, 0x80, 0x3, 0xff, 0xf6, 0x0, 0x0, 0x50,
    0x0, 0x2f, 0xff, 0xd5, 0x10, 0x0, 0x0, 0x0,
    0xcf, 0xff, 0xff, 0xfc, 0x70, 0x0, 0x2, 0xdf,
    0xff, 0xff, 0xff, 0xc0, 0x0, 0x0, 0x59, 0xcf,
    0xff, 0xff, 0x80, 0x0, 0x0, 0x0, 0x4, 0xff,
    0xfd, 0x0, 0x4d, 0x30, 0x0, 0xb, 0xff, 0xe0,
    0x5f, 0xff, 0x94, 0x36, 0xff, 0xfc, 0xa, 0xff,
    0xff, 0xff, 0xff, 0xff, 0x70, 0x8, 0xff, 0xff,
    0xff, 0xff, 0xa0, 0x0, 0x2, 0x9d, 0xff, 0xeb,
    0x50, 0x0,

    /* U+0E24 "ฤ" */
    0x0, 0x3, 0x9d, 0xff, 0xeb, 0x50, 0x0, 0x0,
    0x7f, 0xff, 0xff, 0xff, 0xfb, 0x0, 0x6, 0xff,
    0xff, 0xff, 0xff, 0xff, 0xa0, 0xe, 0xff, 0xf7,
    0x22, 0x8f, 0xff, 0xf2, 0x4f, 0xff, 0x70, 0x0,
    0x9, 0xff, 0xf7, 0x7f, 0xff, 0xcb, 0xb0, 0x4,
    0xff, 0xf9, 0x8f, 0xff, 0xff, 0xf0, 0x3, 0xff,
    0xfa, 0x8f, 0xff, 0xff, 0xf0, 0x3, 0xff, 0xfa,
    0x0, 0x8e, 0xf6, 0x0, 0x3, 0xff, 0xfa, 0xc,
    0xff, 0xb0, 0x0, 0x3, 0xff, 0xfa, 0x3f, 0xff,
    0x80, 0x0, 0x3, 0xff, 0xfa, 0x5f, 0xff, 0x91,
    0x0, 0x3, 0xff, 0xfa, 0x4f, 0xff, 0xff, 0xc0,
    0x3, 0xff, 0xfa, 0xd, 0xff, 0xff, 0xc0, 0x3,
    0xff, 0xfa, 0x1, 0xae, 0xff, 0xc0, 0x3, 0xff,
    0xfa, 0x0, 0x0, 0x0, 0x0, 0x3, 0xff, 0xfa,
    0x0, 0x0, 0x0, 0x0, 0x3, 0xff, 0xfa, 0x0,
    0x0, 0x0, 0x0, 0x3, 0xff, 0xfa, 0x0, 0x0,
    0x0, 0x0, 0x3, 0xff, 0xfa, 0x0, 0x0, 0x0,
    0x0, 0x3, 0xff, 0xfa, 0x0, 0x0, 0x0, 0x0,
    0x3, 0xff, 0xfa,

    /* U+0E25 "ล" */
    0x0, 0x18, 0xdf, 0xfe, 0xc7, 0x10, 0x0, 0x6f,
    0xff, 0xff, 0xff, 0xfe, 0x20, 0x5f, 0xff, 0xff,
    0xff, 0xff, 0xfd, 0x2, 0xdf, 0xf8, 0x43, 0x7f,
    0xff, 0xf4, 0x1, 0xb4, 0x0, 0x0, 0x8f, 0xff,
    0x70, 0x0, 0x0, 0x0, 0x4, 0xff, 0xf8, 0x0,
    0x27, 0x9a, 0xaa, 0xcf, 0xff, 0x80, 0x8f, 0xff,
    0xff, 0xff, 0xff, 0xf8, 0x5f, 0xff, 0xff, 0xff,
    0xff, 0xff, 0x8b, 0xff, 0xf4, 0x0, 0x4, 0xff,
    0xf8, 0xdf, 0xff, 0x0, 0x0, 0x4f, 0xff, 0x8c,
    0xff, 0xf6, 0x11, 0x4, 0xff, 0xf8, 0x8f, 0xff,
    0xff, 0xf0, 0x4f, 0xff, 0x81, 0xdf, 0xff, 0xff,
    0x4, 0xff, 0xf8, 0x1, 0x8d, 0xff, 0xf0, 0x4f,
    0xff, 0x80,

    /* U+0E26 "ฦ" */
    0x0, 0x2, 0x9d, 0xff, 0xeb, 0x60, 0x0, 0x0,
    0x5f, 0xff, 0xff, 0xff, 0xfd, 0x20, 0x4, 0xff,
    0xff, 0xff, 0xff, 0xff, 0xd0, 0xc, 0xff, 0xf8,
    0x32, 0x6f, 0xff, 0xf5, 0x2f, 0xff, 0xa0, 0x0,
    0x6, 0xff, 0xfa, 0x5f, 0xff, 0xa7, 0x71, 0x1,
    0xff, 0xfd, 0x6f, 0xff, 0xff, 0xf2, 0x0, 0xff,
    0xfd, 0x7f, 0xff, 0xff, 0xf2, 0x0, 0xff, 0xfe,
    0x0, 0x1b, 0xfe, 0x20, 0x0, 0xff, 0xfe, 0x0,
    0xbf, 0xfa, 0x0, 0x0, 0xff, 0xfe, 0x0, 0xff,
    0xf9, 0x0, 0x0, 0xff, 0xfe, 0x0, 0xff, 0xf9,
    0x0, 0x0, 0xff, 0xfe, 0xef, 0xff, 0xf9, 0x0,
    0x0, 0xff, 0xfe, 0xff, 0xff, 0xf5, 0x0, 0x0,
    0xff, 0xfe, 0xff, 0xfe, 0x70, 0x0, 0x0, 0xff,
    0xfe, 0x0, 0x0, 0x0, 0x0, 0x0, 0xff, 0xfe,
    0x0, 0x0, 0x0, 0x0, 0x0, 0xff, 0xfe, 0x0,
    0x0, 0x0, 0x0, 0x0, 0xff, 0xfe, 0x0, 0x0,
    0x0, 0x0, 0x0, 0xff, 0xfe, 0x0, 0x0, 0x0,
    0x0, 0x0, 0xff, 0xfe, 0x0, 0x0, 0x0, 0x0,
    0x0, 0xff, 0xfe,

    /* U+0E27 "ว" */
    0x0, 0x3, 0xae, 0xff, 0xc7, 0x0, 0x0, 0x8,
    0xff, 0xff, 0xff, 0xfd, 0x10, 0x6, 0xff, 0xff,
    0xff, 0xff, 0xfc, 0x0, 0xef, 0xff, 0x84, 0x7f,
    0xff, 0xf4, 0x1, 0x7d, 0x90, 0x0, 0x6f, 0xff,
    0x90, 0x0, 0x0, 0x0, 0x1, 0xff, 0xfc, 0x0,
    0x0, 0x0, 0x0, 0x1f, 0xff, 0xe0, 0x0, 0x0,
    0x0, 0x1, 0xff, 0xff, 0x0, 0x0, 0x0, 0x0,
    0x1f, 0xff, 0xe0, 0x0, 0x21, 0x0, 0x1, 0xff,
    0xfc, 0x4, 0xbf, 0x80, 0x0, 0x6f, 0xff, 0x90,
    0xef, 0xff, 0x84, 0x7f, 0xff, 0xf4, 0x6, 0xff,
    0xff, 0xff, 0xff, 0xfc, 0x0, 0x8, 0xff, 0xff,
    0xff, 0xfd, 0x10, 0x0, 0x3, 0xae, 0xff, 0xc7,
    0x0, 0x0,

    /* U+0E28 "ศ" */
    0x0, 0x0, 0x0, 0x0, 0x0, 0x1, 0x9c, 0xc6,
    0x0, 0x2, 0x9d, 0xff, 0xeb, 0x57, 0xff, 0xf7,
    0x0, 0x6f, 0xff, 0xff, 0xff, 0xff, 0xff, 0xf7,
    0x4, 0xff, 0xff, 0xff, 0xff, 0xff, 0xe0, 0x0,
    0xc, 0xff, 0xfd, 0x65, 0x8f, 0xff, 0xf5, 0x0,
    0x1f, 0xff, 0xe1, 0x0, 0x6, 0xff, 0xfa, 0x0,
    0x3f, 0xff, 0xa0, 0x0, 0x1, 0xff, 0xfd, 0x0,
    0x4f, 0xff, 0x93, 0xcf, 0x70, 0xff, 0xfd, 0x0,
    0x4f, 0xff, 0xae, 0xff, 0x70, 0xff, 0xfe, 0x0,
    0x4f, 0xff, 0xef, 0xff, 0x70, 0xff, 0xfe, 0x0,
    0x4f, 0xff, 0xfa, 0x43, 0x10, 0xff, 0xfe, 0x0,
    0x4f, 0xff, 0xc0, 0x0, 0x0, 0xff, 0xfe, 0x0,
    0x4f, 0xff, 0x90, 0x0, 0x0, 0xff, 0xfe, 0x0,
    0x4f, 0xff, 0x90, 0x0, 0x0, 0xff, 0xfe, 0x0,
    0x4f, 0xff, 0x90, 0x0, 0x0, 0xff, 0xfe, 0x0,
    0x4f, 0xff, 0x90, 0x0, 0x0, 0xff, 0xfe, 0x0,

    /* U+0E29 "ษ" */
    0x3f, 0xff, 0xa0, 0x0, 0x3, 0xff, 0xf8, 0x0,
    0x3f, 0xff, 0xa0, 0x0, 0x3, 0xff, 0xf8, 0x0,
    0x3f, 0xff, 0xa0, 0x0, 0x3, 0xff, 0xf8, 0x0,
    0x3f, 0xff, 0xa0, 0x0, 0x3, 0xff, 0xf8, 0x0,
    0x3f, 0xff, 0xa0, 0xc, 0xff, 0xff, 0xff, 0xf5,
    0x3f, 0xff, 0xa0, 0xc, 0xff, 0xff, 0xff, 0xf5,
    0x3f, 0xff, 0xa0, 0xc, 0xff, 0xff, 0xff, 0xf5,
    0x3f, 0xff, 0xa0, 0x2, 0x36, 0xff, 0xf9, 0x31,
    0x3f, 0xff, 0xa0, 0x0, 0x3, 0xff, 0xf8, 0x0,
    0x3f, 0xff, 0xb0, 0x0, 0x4, 0xff, 0xf7, 0x0,
    0xf, 0xff, 0xf1, 0x0, 0x9, 0xff, 0xf5, 0x0,
    0xb, 0xff, 0xfd, 0x65, 0x9f, 0xff, 0xf1, 0x0,
    0x3, 0xff, 0xff, 0xff, 0xff, 0xff, 0x80, 0x0,
    0x0, 0x6f, 0xff, 0xff, 0xff, 0xfa, 0x0, 0x0,
    0x0, 0x2, 0x9d, 0xff, 0xeb, 0x40, 0x0, 0x0,

    /* U+0E2A "ส" */
    0x0, 0x0, 0x0, 0x0, 0x0, 0x3b, 0xcc, 0x20,
    0x2, 0x8d, 0xff, 0xeb, 0x4b, 0xff, 0xf3, 0x7,
    0xff, 0xff, 0xff, 0xff, 0xff, 0xff, 0x36, 0xff,
    0xff, 0xff, 0xff, 0xff, 0xa0, 0x0, 0x1d, 0xff,
    0x84, 0x37, 0xff, 0xff, 0x20, 0x0, 0x1c, 0x40,
    0x0, 0x8, 0xff, 0xf6, 0x0, 0x0, 0x0, 0x0,
    0x0, 0x5f, 0xff, 0x80, 0x0, 0x2, 0x79, 0xaa,
    0xac, 0xff, 0xf8, 0x0, 0x8, 0xff, 0xff, 0xff,
    0xff, 0xff, 0x80, 0x5, 0xff, 0xff, 0xff, 0xff,
    0xff, 0xf8, 0x0, 0xbf, 0xff, 0x40, 0x0, 0x4f,
    0xff, 0x80, 0xd, 0xff, 0xf0, 0x0, 0x4, 0xff,
    0xf8, 0x0, 0xcf, 0xff, 0x61, 0x10, 0x4f, 0xff,
    0x80, 0x8, 0xff, 0xff, 0xff, 0x4, 0xff, 0xf8,
    0x0, 0x1d, 0xff, 0xff, 0xf0, 0x4f, 0xff, 0x80,
    0x0, 0x18, 0xdf, 0xff, 0x4, 0xff, 0xf8, 0x0,

    /* U+0E2B "ห" */
    0x1f, 0xff, 0xd0, 0x0, 0xb, 0xff, 0xf4, 0x1f,
    0xff, 0xd0, 0x0, 0xb, 0xff, 0xf4, 0x1f, 0xff,
    0xd0, 0x0, 0xb, 0xff, 0xf1, 0x1f, 0xff, 0xd0,
    0x0, 0xd, 0xff, 0x90, 0x1f, 0xff, 0xd0, 0x0,
    0x6f, 0xe8, 0x0, 0x1f, 0xff, 0xfd, 0xde, 0xff,
    0xb4, 0x0, 0x1f, 0xff, 0xff, 0xff, 0xff, 0xff,
    0x70, 0x1f, 0xff, 0xff, 0xff, 0xff, 0xff, 0xf1,
    0x1f, 0xff, 0xd0, 0x0, 0x3e, 0xff, 0xf5, 0x1f,
    0xff, 0xd0, 0x0, 0x6, 0xff, 0xf6, 0x1f, 0xff,
    0xd0, 0x0, 0x4, 0xff, 0xf7, 0x1f, 0xff, 0xd0,
    0x0, 0x4, 0xff, 0xf7, 0x1f, 0xff, 0xd0, 0x0,
    0x4, 0xff, 0xf7, 0x1f, 0xff, 0xd0, 0x0, 0x4,
    0xff, 0xf7, 0x1f, 0xff, 0xd0, 0x0, 0x4, 0xff,
    0xf7,

    /* U+0E2C "ฬ" */
    0x0, 0x0, 0x0, 0x0, 0x0, 0x0, 0x0, 0xe,
    0xff, 0x60, 0x0, 0x0, 0x0, 0x0, 0x0, 0x0,
    0x5, 0xff, 0xf2, 0x0, 0x0, 0x0, 0x0, 0x0,
    0x0, 0x4, 0xff, 0xfb, 0x0, 0x0, 0x0, 0x0,
    0x0, 0x6, 0xef, 0xff, 0xfa, 0x10, 0x0, 0x0,
    0x0, 0x0, 0x0, 0x7f, 0xff, 0xfe, 0x20, 0xc,
    0xff, 0xd0, 0x0, 0x0, 0x7, 0xff, 0xff, 0xfb,
    0x0, 0x9f, 0xfe, 0x0, 0x2, 0x22, 0x10, 0x1c,
    0xff, 0xe0, 0x7, 0xff, 0xf0, 0x3, 0xff, 0xfb,
    0x0, 0x7f, 0xfe, 0x0, 0x5f, 0xff, 0x10, 0x7f,
    0xff, 0xe0, 0x8, 0xff, 0xc0, 0x3, 0xff, 0xf2,
    0xa, 0xff, 0xff, 0x20, 0x9f, 0xfa, 0x0, 0xf,
    0xff, 0x30, 0xef, 0xdf, 0xf6, 0xb, 0xff, 0x70,
    0x0, 0xef, 0xf5, 0x2f, 0xf7, 0xff, 0x90, 0xcf,
    0xf5, 0x0, 0xc, 0xff, 0x65, 0xff, 0x3b, 0xfd,
    0xe, 0xff, 0x30, 0x0, 0xaf, 0xf7, 0x9f, 0xf0,
    0x8f, 0xf1, 0xff, 0xf1, 0x0, 0x7, 0xff, 0x8d,
    0xfc, 0x4, 0xff, 0x5f, 0xfe, 0x0, 0x0, 0x5f,
    0xfb, 0xff, 0x80, 0x1f, 0xfb, 0xff, 0xc0, 0x0,
    0x3, 0xff, 0xff, 0xf5, 0x0, 0xdf, 0xff, 0xfa,
    0x0, 0x0, 0xf, 0xff, 0xff, 0x10, 0x9, 0xff,
    0xff, 0x80, 0x0, 0x0, 0xef, 0xff, 0xe0, 0x0,
    0x6f, 0xff, 0xf6, 0x0, 0x0, 0xc, 0xff, 0xfa,
    0x0, 0x2, 0xff, 0xff, 0x30, 0x0,

    /* U+0E2D "อ" */
    0x0, 0x17, 0xcf, 0xfe, 0xc6, 0x0, 0x0, 0x4,
    0xef, 0xff, 0xff, 0xff, 0xd1, 0x0, 0x2f, 0xff,
    0xff, 0xff, 0xff, 0xfd, 0x0, 0x7f, 0xff, 0xd5,
    0x35, 0xef, 0xff, 0x60, 0x2, 0x8d, 0x20, 0x0,
    0x4f, 0xff, 0xc0, 0x0, 0x0, 0x0, 0x0, 0xf,
    0xff, 0xf0, 0x6, 0xde, 0xff, 0x50, 0xf, 0xff,
    0xf2, 0x5f, 0xff, 0xff, 0x60, 0xf, 0xff, 0xf2,
    0xaf, 0xff, 0xff, 0x60, 0xf, 0xff, 0xf1, 0xbf,
    0xff, 0x0, 0x0, 0xf, 0xff, 0xf0, 0xaf, 0xff,
    0x30, 0x0, 0x2f, 0xff, 0xb0, 0x6f, 0xff, 0xd3,
    0x2, 0xcf, 0xff, 0x50, 0xd, 0xff, 0xff, 0xff,
    0xff, 0xfc, 0x0, 0x2, 0xdf, 0xff, 0xff, 0xff,
    0xd1, 0x0, 0x0, 0x7, 0xcf, 0xff, 0xc6, 0x0,
    0x0,

    /* U+0E2E "ฮ" */
    0x0, 0x0, 0x0, 0x0, 0x0, 0x8, 0xcc, 0x80,
    0x1, 0x8d, 0xff, 0xea, 0x44, 0xff, 0xfa, 0x4,
    0xef, 0xff, 0xff, 0xff, 0xdf, 0xff, 0xa2, 0xff,
    0xff, 0xff, 0xff, 0xff, 0xf0, 0x0, 0x7f, 0xff,
    0xd5, 0x35, 0xef, 0xff, 0x60, 0x0, 0x28, 0xd2,
    0x0, 0x4, 0xff, 0xfc, 0x0, 0x0, 0x0, 0x0,
    0x0, 0xf, 0xff, 0xf0, 0x0, 0x6d, 0xef, 0xf5,
    0x0, 0xff, 0xff, 0x20, 0x5f, 0xff, 0xff, 0x60,
    0xf, 0xff, 0xf2, 0xa, 0xff, 0xff, 0xf6, 0x0,
    0xff, 0xff, 0x10, 0xbf, 0xff, 0x0, 0x0, 0xf,
    0xff, 0xf0, 0xa, 0xff, 0xf3, 0x0, 0x2, 0xff,
    0xfb, 0x0, 0x6f, 0xff, 0xd3, 0x2, 0xcf, 0xff,
    0x50, 0x0, 0xdf, 0xff, 0xff, 0xff, 0xff, 0xc0,
    0x0, 0x2, 0xdf, 0xff, 0xff, 0xff, 0xd1, 0x0,
    0x0, 0x0, 0x7c, 0xff, 0xfc, 0x60, 0x0, 0x0,

    /* U+0E2F "ฯ" */
    0x0, 0x5c, 0xff, 0xfa, 0x1f, 0xff, 0xc0, 0x7f,
    0xff, 0xff, 0xa1, 0xff, 0xfc, 0x2f, 0xff, 0xff,
    0xf9, 0x1f, 0xff, 0xc7, 0xff, 0xf8, 0x0, 0x3,
    0xff, 0xfc, 0x9f, 0xff, 0x30, 0x0, 0x8f, 0xff,
    0xc8, 0xff, 0xf9, 0x0, 0x5f, 0xff, 0xfc, 0x4f,
    0xff, 0xff, 0xff, 0xcf, 0xff, 0xc0, 0xaf, 0xff,
    0xff, 0xf3, 0xff, 0xfc, 0x0, 0x7d, 0xff, 0xb3,
    0x1f, 0xff, 0xc0, 0x0, 0x0, 0x0, 0x1, 0xff,
    0xfc, 0x0, 0x0, 0x0, 0x0, 0x1f, 0xff, 0xc0,
    0x0, 0x0, 0x0, 0x1, 0xff, 0xfc, 0x0, 0x0,
    0x0, 0x0, 0x1f, 0xff, 0xc0, 0x0, 0x0, 0x0,
    0x1, 0xff, 0xfc, 0x0, 0x0, 0x0, 0x0, 0x1f,
    0xff, 0xc0,

    /* U+0E30 "ะ" */
    0x6f, 0xff, 0x60, 0x0, 0x0, 0x6f, 0xff, 0x60,
    0x0, 0x0, 0x5f, 0xff, 0xff, 0xff, 0xf5, 0x1f,
    0xff, 0xff, 0xff, 0xf5, 0x6, 0xff, 0xff, 0xff,
    0xf5, 0x0, 0x4, 0x55, 0x55, 0x51, 0x0, 0x0,
    0x0, 0x0, 0x0, 0x5d, 0xdd, 0x40, 0x0, 0x0,
    0x6f, 0xff, 0x60, 0x0, 0x0, 0x6f, 0xff, 0x95,
    0x55, 0x51, 0x3f, 0xff, 0xff, 0xff, 0xf5, 0xd,
    0xff, 0xff, 0xff, 0xf5, 0x1, 0xae, 0xff, 0xff,
    0xf5,

    /* U+0E31 "ั" */
    0x1f, 0xff, 0x50, 0x0, 0x0, 0x1f, 0xff, 0x50,
    0x0, 0x0, 0xf, 0xff, 0xdc, 0xcc, 0xc8, 0x9,
    0xff, 0xff, 0xff, 0xfa, 0x0, 0x8e, 0xff, 0xff,
    0xfa,

    /* U+0E32 "า" */
    0x0, 0x5b, 0xef, 0xfd, 0x81, 0x0, 0xb, 0xff,
    0xff, 0xff, 0xfe, 0x20, 0xbf, 0xff, 0xff, 0xff,
    0xff, 0xd0, 0x4f, 0xfd, 0x63, 0x6f, 0xff, 0xf4,
    0x3, 0xb0, 0x0, 0x9, 0xff, 0xf7, 0x0, 0x0,
    0x0, 0x6, 0xff, 0xf8, 0x0, 0x0, 0x0, 0x6,
    0xff, 0xf8, 0x0, 0x0, 0x0, 0x6, 0xff, 0xf8,
    0x0, 0x0, 0x0, 0x6, 0xff, 0xf8, 0x0, 0x0,
    0x0, 0x6, 0xff, 0xf8, 0x0, 0x0, 0x0, 0x6,
    0xff, 0xf8, 0x0, 0x0, 0x0, 0x6, 0xff, 0xf8,
    0x0, 0x0, 0x0, 0x6, 0xff, 0xf8, 0x0, 0x0,
    0x0, 0x6, 0xff, 0xf8, 0x0, 0x0, 0x0, 0x6,
    0xff, 0xf8,

    /* U+0E33 "ำ" */
    0x6, 0xbb, 0x91, 0x0, 0x0, 0x0, 0x0, 0x0,
    0x0, 0x5, 0xff, 0xff, 0xd0, 0x0, 0x0, 0x0,
    0x0, 0x0, 0x0, 0xaf, 0x61, 0xef, 0x10, 0x0,
    0x0, 0x0, 0x0, 0x0, 0xa, 0xf6, 0x1e, 0xf2,
    0x0, 0x0, 0x0, 0x0, 0x0, 0x0, 0x5f, 0xff,
    0xfd, 0x0, 0x0, 0x0, 0x0, 0x0, 0x0, 0x0,
    0x6b, 0xc9, 0x20, 0x0, 0x0, 0x0, 0x0, 0x0,
    0x0, 0x0, 0x0, 0x0, 0x0, 0x0, 0x0, 0x0,
    0x0, 0x0, 0x0, 0x0, 0x0, 0x0, 0x0, 0x5b,
    0xef, 0xfd, 0x81, 0x0, 0x0, 0x0, 0x0, 0x0,
    0xbf, 0xff, 0xff, 0xff, 0xe2, 0x0, 0x0, 0x0,
    0x0, 0xbf, 0xff, 0xff, 0xff, 0xff, 0xd0, 0x0,
    0x0, 0x0, 0x4, 0xff, 0xd6, 0x36, 0xff, 0xff,
    0x40, 0x0, 0x0, 0x0, 0x3, 0xb0, 0x0, 0x9,
    0xff, 0xf7, 0x0, 0x0, 0x0, 0x0, 0x0, 0x0,
    0x0, 0x6f, 0xff, 0x80, 0x0, 0x0, 0x0, 0x0,
    0x0, 0x0, 0x6, 0xff, 0xf8, 0x0, 0x0, 0x0,
    0x0, 0x0, 0x0, 0x0, 0x6f, 0xff, 0x80, 0x0,
    0x0, 0x0, 0x0, 0x0, 0x0, 0x6, 0xff, 0xf8,
    0x0, 0x0, 0x0, 0x0, 0x0, 0x0, 0x0, 0x6f,
    0xff, 0x80, 0x0, 0x0, 0x0, 0x0, 0x0, 0x0,
    0x6, 0xff, 0xf8, 0x0, 0x0, 0x0, 0x0, 0x0,
    0x0, 0x0, 0x6f, 0xff, 0x80, 0x0, 0x0, 0x0,
    0x0, 0x0, 0x0, 0x6, 0xff, 0xf8, 0x0, 0x0,
    0x0, 0x0, 0x0, 0x0, 0x0, 0x6f, 0xff, 0x80,
    0x0, 0x0, 0x0, 0x0, 0x0, 0x0, 0x6, 0xff,
    0xf8,

    /* U+0E34 "ิ" */
    0x2c, 0xcc, 0xcc, 0xcc, 0xcc, 0xcc, 0x33, 0xff,
    0xff, 0xff, 0xff, 0xff, 0xf3, 0x3f, 0xff, 0xff,
    0xff, 0xff, 0xff, 0x30,

    /* U+0E35 "ี" */
    0x0, 0x0, 0x0, 0x0, 0x28, 0x88, 0x20, 0x0,
    0x0, 0x0, 0x4, 0xff, 0xf4, 0x0, 0x0, 0x0,
    0x0, 0x4f, 0xff, 0x42, 0xcc, 0xcc, 0xcc, 0xcd,
    0xff, 0xf2, 0x3f, 0xff, 0xff, 0xff, 0xff, 0xfc,
    0x3, 0xff, 0xff, 0xff, 0xff, 0xe9, 0x10,

    /* U+0E36 "ึ" */
    0x0, 0x0, 0x0, 0x1, 0x9c, 0xc8, 0x0, 0x0,
    0x0, 0x0, 0xcf, 0xff, 0xf9, 0x0, 0x0, 0x0,
    0x1f, 0xf1, 0x5f, 0xe3, 0xcc, 0xcc, 0xcd, 0xfe,
    0x3, 0xfe, 0x4f, 0xff, 0xff, 0xff, 0xfe, 0xff,
    0xb4, 0xff, 0xff, 0xff, 0xff, 0xff, 0xb1,

    /* U+0E37 "ื" */
    0x0, 0x0, 0x28, 0x85, 0x8, 0x88, 0x10, 0x0,
    0x5, 0xff, 0xb0, 0xff, 0xf3, 0x0, 0x0, 0x5f,
    0xfb, 0xf, 0xff, 0x32, 0xcc, 0xce, 0xff, 0xfc,
    0xff, 0xf1, 0x3f, 0xff, 0xff, 0xff, 0xff, 0xfb,
    0x3, 0xff, 0xff, 0xff, 0xff, 0xe9, 0x10,

    /* U+0E38 "ุ" */
    0x4f, 0xfe, 0xc3, 0x5, 0xff, 0xff, 0xe0, 0x5f,
    0xff, 0xff, 0x30, 0x0, 0xef, 0xf3, 0x0, 0xe,
    0xff, 0x30, 0x0, 0xef, 0xf3, 0x0, 0x7, 0x88,
    0x10,

    /* U+0E39 "ู" */
    0x1f, 0xff, 0x90, 0xaf, 0xf3, 0x1f, 0xff, 0xf3,
    0xaf, 0xf3, 0xb, 0xdf, 0xf4, 0xaf, 0xf3, 0x0,
    0x8f, 0xf6, 0xaf, 0xf3, 0x0, 0x7f, 0xff, 0xff,
    0xf2, 0x0, 0xb, 0xff, 0xfe, 0x70,

    /* U+0E3A "ฺ" */
    0x3, 0x41, 0xa, 0xff, 0xf2, 0xff, 0xff, 0x7e,
    0xff, 0xf6, 0x5e, 0xfb, 0x0,

    /* U+0E3F "฿" */
    0x0, 0x0, 0xd, 0xff, 0x20, 0x0, 0x0, 0x0,
    0x0, 0x0, 0xdf, 0xf2, 0x0, 0x0, 0x0, 0x11,
    0x11, 0x1d, 0xff, 0x31, 0x0, 0x0, 0xf, 0xff,
    0xff, 0xff, 0xff, 0xff, 0x91, 0x0, 0xff, 0xff,
    0xff, 0xff, 0xff, 0xff, 0xd0, 0xf, 0xff, 0xff,
    0xff, 0xff, 0xff, 0xff, 0x60, 0xff, 0xfb, 0x9,
    0xfe, 0x8, 0xff, 0xf9, 0xf, 0xff, 0xb0, 0x9f,
    0xe0, 0x4f, 0xff, 0x80, 0xff, 0xfb, 0x9, 0xfe,
    0x8, 0xff, 0xf3, 0xf, 0xff, 0xff, 0xff, 0xff,
    0xff, 0xc5, 0x0, 0xff, 0xff, 0xff, 0xff, 0xff,
    0xd9, 0x20, 0xf, 0xff, 0xff, 0xff, 0xff, 0xff,
    0xff, 0x50, 0xff, 0xfb, 0x9, 0xfe, 0x2, 0xef,
    0xfe, 0xf, 0xff, 0xb0, 0x9f, 0xe0, 0x9, 0xff,
    0xf3, 0xff, 0xfb, 0x9, 0xfe, 0x0, 0x9f, 0xff,
    0x3f, 0xff, 0xb0, 0x9f, 0xe0, 0x2e, 0xff, 0xf1,
    0xff, 0xff, 0xff, 0xff, 0xff, 0xff, 0xfb, 0xf,
    0xff, 0xff, 0xff, 0xff, 0xff, 0xff, 0x20, 0xff,
    0xff, 0xff, 0xff, 0xff, 0xfb, 0x20, 0x1, 0x11,
    0x11, 0xdf, 0xf3, 0x10, 0x0, 0x0, 0x0, 0x0,
    0xd, 0xff, 0x20, 0x0, 0x0, 0x0, 0x0, 0x0,
    0xdf, 0xf2, 0x0, 0x0, 0x0,

    /* U+0E40 "เ" */
    0xf, 0xff, 0xe0, 0x0, 0xf, 0xff, 0xe0, 0x0,
    0xf, 0xff, 0xe0, 0x0, 0xf, 0xff, 0xe0, 0x0,
    0xf, 0xff, 0xe0, 0x0, 0xf, 0xff, 0xe0, 0x0,
    0xf, 0xff, 0xe0, 0x0, 0xf, 0xff, 0xe0, 0x0,
    0xf, 0xff, 0xe0, 0x0, 0xf, 0xff, 0xe0, 0x0,
    0xf, 0xff, 0xe0, 0x0, 0xf, 0xff, 0xe3, 0x30,
    0xe, 0xff, 0xff, 0xf0, 0x7, 0xff, 0xff, 0xf0,
    0x0, 0x7d, 0xff, 0xf0,

    /* U+0E41 "แ" */
    0xf, 0xff, 0xe0, 0x0, 0x2f, 0xff, 0xb0, 0x0,
    0xff, 0xfe, 0x0, 0x2, 0xff, 0xfb, 0x0, 0xf,
    0xff, 0xe0, 0x0, 0x2f, 0xff, 0xb0, 0x0, 0xff,
    0xfe, 0x0, 0x2, 0xff, 0xfb, 0x0, 0xf, 0xff,
    0xe0, 0x0, 0x2f, 0xff, 0xb0, 0x0, 0xff, 0xfe,
    0x0, 0x2, 0xff, 0xfb, 0x0, 0xf, 0xff, 0xe0,
    0x0, 0x2f, 0xff, 0xb0, 0x0, 0xff, 0xfe, 0x0,
    0x2, 0xff, 0xfb, 0x0, 0xf, 0xff, 0xe0, 0x0,
    0x2f, 0xff, 0xb0, 0x0, 0xff, 0xfe, 0x0, 0x2,
    0xff, 0xfb, 0x0, 0xf, 0xff, 0xe0, 0x0, 0x2f,
    0xff, 0xb0, 0x0, 0xff, 0xfe, 0x33, 0x2, 0xff,
    0xfc, 0x32, 0xe, 0xff, 0xff, 0xf0, 0xf, 0xff,
    0xff, 0xe0, 0x7f, 0xff, 0xff, 0x0, 0x9f, 0xff,
    0xfe, 0x0, 0x7d, 0xff, 0xf0, 0x0, 0x8e, 0xff,
    0xe0,

    /* U+0E42 "โ" */
    0xcf, 0xff, 0xff, 0xff, 0xff, 0xec, 0xff, 0xff,
    0xff, 0xff, 0xfe, 0xcf, 0xff, 0xff, 0xff, 0xff,
    0xe4, 0xbf, 0xe9, 0x32, 0x22, 0x22, 0x0, 0xaf,
    0xfb, 0x0, 0x0, 0x0, 0x2, 0xff, 0xf5, 0x0,
    0x0, 0x0, 0xe, 0xff, 0xb0, 0x0, 0x0, 0x0,
    0xdf, 0xfe, 0x0, 0x0, 0x0, 0xd, 0xff, 0xf0,
    0x0, 0x0, 0x0, 0xdf, 0xff, 0x0, 0x0, 0x0,
    0xd, 0xff, 0xf0, 0x0, 0x0, 0x0, 0xdf, 0xff,
    0x0, 0x0, 0x0, 0xd, 0xff, 0xf0, 0x0, 0x0,
    0x0, 0xdf, 0xff, 0x0, 0x0, 0x0, 0xd, 0xff,
    0xf0, 0x0, 0x0, 0x0, 0xdf, 0xff, 0x0, 0x0,
    0x0, 0xd, 0xff, 0xf0, 0x0, 0x0, 0x0, 0xdf,
    0xff, 0x0, 0x0, 0x0, 0xd, 0xff, 0xf0, 0x0,
    0x0, 0x0, 0xdf, 0xff, 0x33, 0x10, 0x0, 0xb,
    0xff, 0xff, 0xf7, 0x0, 0x0, 0x5f, 0xff, 0xff,
    0x70, 0x0, 0x0, 0x6d, 0xff, 0xf7, 0x0,

    /* U+0E43 "ใ" */
    0x0, 0x18, 0xdf, 0xfd, 0x91, 0x0, 0x2, 0xef,
    0xff, 0xff, 0xff, 0x30, 0xd, 0xff, 0xff, 0xff,
    0xff, 0xd0, 0x5f, 0xff, 0xa1, 0x1c, 0xff, 0xf3,
    0x4, 0xbf, 0x0, 0x5, 0xff, 0xf5, 0x0, 0x1,
    0x0, 0x6, 0xff, 0xf4, 0x0, 0x0, 0x0, 0x3e,
    0xff, 0xf1, 0x0, 0x0, 0xce, 0xff, 0xff, 0x70,
    0x0, 0x0, 0xff, 0xff, 0xf7, 0x0, 0x0, 0x0,
    0xff, 0xfe, 0x0, 0x0, 0x0, 0x0, 0xff, 0xfe,
    0x0, 0x0, 0x0, 0x0, 0xff, 0xfe, 0x0, 0x0,
    0x0, 0x0, 0xff, 0xfe, 0x0, 0x0, 0x0, 0x0,
    0xff, 0xfe, 0x0, 0x0, 0x0, 0x0, 0xff, 0xfe,
    0x0, 0x0, 0x0, 0x0, 0xff, 0xfe, 0x0, 0x0,
    0x0, 0x0, 0xff, 0xfe, 0x0, 0x0, 0x0, 0x0,
    0xff, 0xfe, 0x0, 0x0, 0x0, 0x0, 0xff, 0xfe,
    0x0, 0x0, 0x0, 0x0, 0xff, 0xfe, 0x0, 0x0,
    0x0, 0x0, 0xff, 0xfe, 0x33, 0x0, 0x0, 0x0,
    0xdf, 0xff, 0xff, 0x50, 0x0, 0x0, 0x7f, 0xff,
    0xff, 0x50, 0x0, 0x0, 0x7, 0xdf, 0xff, 0x50,

    /* U+0E44 "ไ" */
    0x3f, 0xff, 0xff, 0xff, 0xff, 0x23, 0xff, 0xff,
    0xff, 0xff, 0xf2, 0x3f, 0xff, 0xff, 0xff, 0xff,
    0x20, 0x44, 0x44, 0x9f, 0xfc, 0x60, 0x0, 0x0,
    0xaf, 0xfa, 0x0, 0x0, 0x0, 0x6f, 0xff, 0x10,
    0x0, 0x0, 0xd, 0xff, 0xb0, 0x0, 0x0, 0x1,
    0xff, 0xf9, 0x0, 0x0, 0x0, 0x3f, 0xff, 0x90,
    0x0, 0x0, 0x4, 0xff, 0xf9, 0x0, 0x0, 0x0,
    0x4f, 0xff, 0x90, 0x0, 0x0, 0x4, 0xff, 0xf9,
    0x0, 0x0, 0x0, 0x4f, 0xff, 0x90, 0x0, 0x0,
    0x4, 0xff, 0xf9, 0x0, 0x0, 0x0, 0x4f, 0xff,
    0x90, 0x0, 0x0, 0x4, 0xff, 0xf9, 0x0, 0x0,
    0x0, 0x4f, 0xff, 0x90, 0x0, 0x0, 0x4, 0xff,
    0xf9, 0x0, 0x0, 0x0, 0x4f, 0xff, 0x90, 0x0,
    0x0, 0x4, 0xff, 0xfa, 0x33, 0x0, 0x0, 0x2f,
    0xff, 0xff, 0xf0, 0x0, 0x0, 0xcf, 0xff, 0xff,
    0x0, 0x0, 0x1, 0xae, 0xff, 0xf0, 0x0,

    /* U+0E45 "ๅ" */
    0x0, 0x5b, 0xef, 0xfd, 0x81, 0x0, 0xb, 0xff,
    0xff, 0xff, 0xfe, 0x30, 0xbf, 0xff, 0xff, 0xff,
    0xff, 0xd0, 0x4f, 0xff, 0x85, 0x7f, 0xff, 0xf5,
    0x3, 0xd2, 0x0, 0x7, 0xff, 0xf9, 0x0, 0x0,
    0x0, 0x3, 0xff, 0xfa, 0x0, 0x0, 0x0, 0x3,
    0xff, 0xfa, 0x0, 0x0, 0x0, 0x3, 0xff, 0xfa,
    0x0, 0x0, 0x0, 0x3, 0xff, 0xfa, 0x0, 0x0,
    0x0, 0x3, 0xff, 0xfa, 0x0, 0x0, 0x0, 0x3,
    0xff, 0xfa, 0x0, 0x0, 0x0, 0x3, 0xff, 0xfa,
    0x0, 0x0, 0x0, 0x3, 0xff, 0xfa, 0x0, 0x0,
    0x0, 0x3, 0xff, 0xfa, 0x0, 0x0, 0x0, 0x3,
    0xff, 0xfa, 0x0, 0x0, 0x0, 0x3, 0xff, 0xfa,
    0x0, 0x0, 0x0, 0x3, 0xff, 0xfa, 0x0, 0x0,
    0x0, 0x3, 0xff, 0xfa, 0x0, 0x0, 0x0, 0x3,
    0xff, 0xfa, 0x0, 0x0, 0x0, 0x3, 0xff, 0xfa,
    0x0, 0x0, 0x0, 0x3, 0xff, 0xfa,

    /* U+0E46 "ๆ" */
    0x0, 0x5c, 0xfc, 0x6f, 0xeb, 0x30, 0x0, 0x6f,
    0xff, 0xff, 0xff, 0xff, 0x40, 0xe, 0xff, 0xef,
    0xfd, 0xff, 0xfc, 0x2, 0xff, 0xf4, 0x38, 0xd,
    0xff, 0xf0, 0x3f, 0xff, 0x20, 0x0, 0xdf, 0xff,
    0x13, 0xff, 0xf7, 0x0, 0xd, 0xff, 0xf1, 0xf,
    0xff, 0xff, 0x30, 0xdf, 0xff, 0x10, 0x9f, 0xff,
    0xf3, 0xd, 0xff, 0xf1, 0x0, 0x7d, 0xff, 0x30,
    0xdf, 0xff, 0x10, 0x0, 0x0, 0x0, 0xd, 0xff,
    0xf1, 0x0, 0x0, 0x0, 0x0, 0xdf, 0xff, 0x10,
    0x0, 0x0, 0x0, 0xd, 0xff, 0xf1, 0x0, 0x0,
    0x0, 0x0, 0xdf, 0xff, 0x10, 0x0, 0x0, 0x0,
    0xd, 0xff, 0xf1, 0x0, 0x0, 0x0, 0x0, 0xdf,
    0xff, 0x10, 0x0, 0x0, 0x0, 0xd, 0xff, 0xf1,
    0x0, 0x0, 0x0, 0x0, 0xdf, 0xff, 0x10, 0x0,
    0x0, 0x0, 0x9, 0xbb, 0xb1,

    /* U+0E47 "็" */
    0x1, 0xaf, 0xff, 0xff, 0xfc, 0xb, 0xff, 0xff,
    0xff, 0xfc, 0xf, 0xf7, 0x11, 0x11, 0x11, 0xf,
    0xf4, 0xaf, 0x46, 0xf9, 0xb, 0xfe, 0xfc, 0xde,
    0xf8, 0x1, 0xbf, 0xe4, 0x5e, 0xe2,

    /* U+0E48 "่" */
    0x47, 0x76, 0xaf, 0xff, 0xaf, 0xff, 0xaf, 0xff,
    0xaf, 0xff, 0xaf, 0xff,

    /* U+0E49 "้" */
    0xcd, 0xc9, 0x10, 0x0, 0x0, 0xff, 0xff, 0xc0,
    0x0, 0x0, 0xff, 0xff, 0xf1, 0x0, 0x0, 0x0,
    0xff, 0xfd, 0xcc, 0xc1, 0x0, 0xff, 0xff, 0xff,
    0xf2, 0x0, 0xff, 0xff, 0xff, 0xf2,

    /* U+0E4A "๊" */
    0x0, 0x0, 0x0, 0x0, 0x0, 0x0, 0x6e, 0xd3,
    0x5f, 0xc3, 0x0, 0x5f, 0xff, 0xff, 0xff, 0xe0,
    0xb, 0xff, 0x6d, 0xb8, 0xff, 0x30, 0xaf, 0xf2,
    0x0, 0x3f, 0xf8, 0x55, 0xff, 0xff, 0x53, 0xff,
    0xff, 0x6, 0xdf, 0xf5, 0x3f, 0xff, 0xf0,

    /* U+0E4B "๋" */
    0x0, 0x28, 0x86, 0x0, 0x0, 0x4f, 0xfc, 0x0,
    0x28, 0xaf, 0xfe, 0x86, 0x4f, 0xff, 0xff, 0xfd,
    0x4f, 0xff, 0xff, 0xfd, 0x0, 0x4f, 0xfc, 0x0,
    0x0, 0x4f, 0xfc, 0x0,

    /* U+0E4C "์" */
    0x1, 0x9c, 0xdd, 0xb1, 0xef, 0xff, 0xfe, 0x8f,
    0xff, 0xff, 0xea, 0xff, 0x90, 0x0, 0xbf, 0xf9,
    0x0, 0x5, 0x88, 0x40, 0x0,

    /* U+0E4D "ํ" */
    0x4, 0x9a, 0x70, 0x5, 0xff, 0xff, 0xa0, 0xbf,
    0x41, 0xef, 0xb, 0xf2, 0xd, 0xf0, 0x8f, 0xdb,
    0xfd, 0x0, 0xaf, 0xfc, 0x30,

    /* U+0E4E "๎" */
    0x0, 0x0, 0x45, 0x64, 0x0, 0xb, 0xff, 0xfb,
    0x1, 0x3f, 0xff, 0xfb, 0x5f, 0xff, 0xf6, 0x0,
    0xbf, 0xff, 0xf6, 0x0, 0xcf, 0xf4, 0x21, 0x0,
    0xcf, 0xf1, 0x0, 0x0,

    /* U+0E4F "๏" */
    0x0, 0x7, 0xcf, 0xfd, 0x81, 0x0, 0x0, 0x1c,
    0xff, 0xff, 0xff, 0xe3, 0x0, 0xc, 0xff, 0xd8,
    0x8c, 0xff, 0xe1, 0x5, 0xff, 0xb0, 0x0, 0x8,
    0xff, 0x80, 0xbf, 0xf2, 0x5e, 0xf8, 0xf, 0xfe,
    0xe, 0xff, 0xf, 0xff, 0xf2, 0xdf, 0xf1, 0xff,
    0xf1, 0xff, 0xff, 0x3d, 0xff, 0x2e, 0xff, 0xf,
    0xff, 0xf2, 0xdf, 0xf1, 0xbf, 0xf2, 0x7f, 0xfa,
    0xf, 0xfe, 0x5, 0xff, 0xb0, 0x1, 0x8, 0xff,
    0x80, 0xc, 0xff, 0xd8, 0x8c, 0xff, 0xe1, 0x0,
    0x1c, 0xff, 0xff, 0xff, 0xe3, 0x0, 0x0, 0x7,
    0xcf, 0xfd, 0x81, 0x0, 0x0,

    /* U+0E50 "๐" */
    0x0, 0x0, 0x6c, 0xff, 0xea, 0x40, 0x0, 0x0,
    0x1d, 0xff, 0xff, 0xff, 0xf9, 0x0, 0x0, 0xcf,
    0xff, 0xff, 0xff, 0xff, 0x70, 0x6, 0xff, 0xfc,
    0x20, 0x4e, 0xff, 0xf1, 0xb, 0xff, 0xf2, 0x0,
    0x7, 0xff, 0xf6, 0xf, 0xff, 0xf0, 0x0, 0x4,
    0xff, 0xf9, 0xf, 0xff, 0xf0, 0x0, 0x4, 0xff,
    0xfb, 0xf, 0xff, 0xf0, 0x0, 0x4, 0xff, 0xfb,
    0xf, 0xff, 0xf0, 0x0, 0x4, 0xff, 0xf9, 0xb,
    0xff, 0xf2, 0x0, 0x7, 0xff, 0xf6, 0x6, 0xff,
    0xfc, 0x20, 0x4f, 0xff, 0xf1, 0x0, 0xcf, 0xff,
    0xff, 0xff, 0xff, 0x70, 0x0, 0x1d, 0xff, 0xff,
    0xff, 0xf9, 0x0, 0x0, 0x0, 0x6c, 0xff, 0xea,
    0x40, 0x0,

    /* U+0E51 "๑" */
    0x0, 0x3, 0xae, 0xff, 0xc8, 0x10, 0x0, 0x0,
    0x8f, 0xff, 0xff, 0xff, 0xe3, 0x0, 0x5, 0xff,
    0xff, 0xff, 0xff, 0xfe, 0x10, 0xd, 0xff, 0xf5,
    0x1, 0xaf, 0xff, 0x80, 0x1f, 0xff, 0x90, 0x0,
    0xf, 0xff, 0xd0, 0x3f, 0xff, 0x60, 0x0, 0xd,
    0xff, 0xf0, 0x2f, 0xff, 0x70, 0x0, 0xd, 0xff,
    0xf0, 0xf, 0xff, 0xd2, 0x0, 0xe, 0xff, 0xf0,
    0xa, 0xff, 0xff, 0xd0, 0x1f, 0xff, 0xd0, 0x1,
    0xef, 0xff, 0xd0, 0x5f, 0xff, 0x90, 0x0, 0x18,
    0xde, 0xc0, 0xcf, 0xff, 0x30, 0x0, 0x0, 0x0,
    0x6, 0xff, 0xfc, 0x0, 0x0, 0x0, 0x0, 0x4f,
    0xff, 0xf2, 0x0, 0x0, 0x0, 0x4, 0xff, 0xff,
    0x50, 0x0, 0x0, 0x0, 0x6f, 0xff, 0xf6, 0x0,
    0x0,

    /* U+0E52 "๒" */
    0x5f, 0xff, 0x40, 0x0, 0x0, 0x0, 0x0, 0x0,
    0x5, 0xff, 0xf4, 0x0, 0x0, 0x0, 0x0, 0x0,
    0x0, 0x5f, 0xff, 0x40, 0x2, 0x8a, 0x21, 0xa9,
    0x40, 0x5, 0xff, 0xf4, 0x4, 0xff, 0xfd, 0xcf,
    0xff, 0x80, 0x5f, 0xff, 0x40, 0xcf, 0xff, 0xff,
    0xff, 0xff, 0x35, 0xff, 0xf4, 0xf, 0xff, 0x38,
    0x92, 0xff, 0xf8, 0x5f, 0xff, 0x42, 0xff, 0xf0,
    0x0, 0xf, 0xff, 0xa5, 0xff, 0xf4, 0x2f, 0xff,
    0x0, 0x0, 0xff, 0xfa, 0x5f, 0xff, 0x40, 0xff,
    0xfd, 0xd0, 0xf, 0xff, 0xa5, 0xff, 0xf4, 0x9,
    0xff, 0xff, 0x10, 0xff, 0xfa, 0x5f, 0xff, 0x40,
    0x8, 0xef, 0xf1, 0xf, 0xff, 0xa4, 0xff, 0xf6,
    0x0, 0x0, 0x0, 0x2, 0xff, 0xf8, 0x1f, 0xff,
    0xe3, 0x0, 0x0, 0x2, 0xcf, 0xff, 0x40, 0xaf,
    0xff, 0xff, 0xff, 0xff, 0xff, 0xff, 0xd0, 0x1,
    0xdf, 0xff, 0xff, 0xff, 0xff, 0xff, 0xe3, 0x0,
    0x0, 0x7b, 0xef, 0xff, 0xff, 0xec, 0x71, 0x0,

    /* U+0E53 "๓" */
    0x0, 0x6c, 0xff, 0xea, 0x20, 0x1b, 0xff, 0xb2,
    0x0, 0x8f, 0xff, 0xff, 0xff, 0x2c, 0xff, 0xff,
    0xd0, 0x1f, 0xff, 0xff, 0xff, 0xfd, 0xff, 0xff,
    0xff, 0x35, 0xff, 0xf8, 0x7, 0xff, 0xf5, 0xa,
    0xff, 0xf4, 0x7f, 0xff, 0x20, 0x2f, 0xff, 0x0,
    0x5f, 0xff, 0x57, 0xff, 0xf2, 0x2, 0xff, 0xf0,
    0x5, 0xff, 0xf5, 0x7f, 0xff, 0x20, 0x2f, 0xff,
    0x0, 0x5f, 0xff, 0x57, 0xff, 0xf2, 0x2, 0xff,
    0xf0, 0x5, 0xff, 0xf5, 0x7f, 0xff, 0x20, 0x2f,
    0xff, 0x0, 0x5f, 0xff, 0x57, 0xff, 0xf2, 0x2,
    0xff, 0xf0, 0x5, 0xff, 0xf5, 0x7f, 0xff, 0x20,
    0x1a, 0xaa, 0x0, 0x5f, 0xff, 0x55, 0xff, 0xff,
    0xa0, 0x0, 0x0, 0x5, 0xff, 0xf5, 0xe, 0xff,
    0xfb, 0x0, 0x0, 0x0, 0x5f, 0xff, 0x50, 0x2b,
    0xff, 0xb0, 0x0, 0x0, 0x5, 0xff, 0xf5,

    /* U+0E54 "๔" */
    0x0, 0x0, 0x0, 0x0, 0x0, 0xf, 0xff, 0x80,
    0x0, 0x0, 0x0, 0x0, 0x0, 0xff, 0xf8, 0x0,
    0x0, 0x0, 0x0, 0x0, 0xf, 0xff, 0x70, 0x0,
    0x7, 0xcf, 0xff, 0xff, 0xff, 0xf5, 0x0, 0x2e,
    0xff, 0xff, 0xff, 0xff, 0xfe, 0x0, 0xe, 0xff,
    0xff, 0xff, 0xff, 0xea, 0x20, 0x7, 0xff, 0xfb,
    0x10, 0x0, 0x0, 0x0, 0x0, 0xdf, 0xff, 0x10,
    0x8, 0xcd, 0xda, 0x0, 0xf, 0xff, 0xf0, 0xb,
    0xff, 0xff, 0xd0, 0x0, 0xff, 0xff, 0x0, 0xff,
    0xff, 0xfd, 0x0, 0xf, 0xff, 0xf0, 0xf, 0xff,
    0x90, 0x0, 0x0, 0xdf, 0xff, 0x10, 0x9f, 0xfb,
    0x0, 0x0, 0x7, 0xff, 0xfb, 0x10, 0x6c, 0xf6,
    0x0, 0x0, 0xe, 0xff, 0xff, 0xff, 0xff, 0xff,
    0xd0, 0x0, 0x2d, 0xff, 0xff, 0xff, 0xff, 0xfd,
    0x0, 0x0, 0x7, 0xcf, 0xff, 0xff, 0xff, 0xd0,

    /* U+0E55 "๕" */
    0x0, 0x0, 0x5, 0xab, 0x91, 0x3, 0x55, 0x20,
    0x0, 0x4, 0xff, 0xff, 0xc0, 0xbf, 0xf8, 0x0,
    0x0, 0x9f, 0x71, 0xef, 0x2b, 0xff, 0x80, 0x0,
    0x9, 0xf4, 0xd, 0xf2, 0xbf, 0xf7, 0x0, 0x4,
    0xdf, 0xc8, 0xff, 0xff, 0xff, 0x30, 0x5, 0xff,
    0xff, 0xff, 0xff, 0xff, 0xa0, 0x2, 0xff, 0xff,
    0xca, 0xaa, 0xa9, 0x50, 0x0, 0x9f, 0xff, 0x70,
    0x0, 0x0, 0x0, 0x0, 0xe, 0xff, 0xf0, 0x0,
    0x8c, 0xdd, 0xa0, 0x0, 0xff, 0xff, 0x0, 0xbf,
    0xff, 0xfd, 0x0, 0xf, 0xff, 0xf0, 0xf, 0xff,
    0xff, 0xd0, 0x0, 0xff, 0xff, 0x0, 0xff, 0xf9,
    0x0, 0x0, 0xc, 0xff, 0xf1, 0x9, 0xff, 0xb0,
    0x0, 0x0, 0x7f, 0xff, 0xb1, 0x6, 0xcf, 0x60,
    0x0, 0x0, 0xdf, 0xff, 0xff, 0xff, 0xff, 0xfd,
    0x0, 0x2, 0xdf, 0xff, 0xff, 0xff, 0xff, 0xd0,
    0x0, 0x0, 0x7c, 0xff, 0xff, 0xff, 0xfd, 0x0,

    /* U+0E56 "๖" */
    0x6a, 0xa8, 0x0, 0x0, 0x0, 0x0, 0x0, 0x6f,
    0xff, 0x0, 0x0, 0x0, 0x0, 0x0, 0x3f, 0xff,
    0x10, 0x0, 0x0, 0x0, 0x0, 0xf, 0xff, 0x41,
    0xae, 0xfd, 0x80, 0x0, 0xd, 0xff, 0x7c, 0xff,
    0xff, 0xfd, 0x10, 0xa, 0xff, 0xdf, 0xff, 0xff,
    0xff, 0x90, 0x8, 0xff, 0xf6, 0x0, 0x5f, 0xff,
    0xf1, 0x0, 0x0, 0x0, 0x0, 0x9, 0xff, 0xf5,
    0x0, 0x0, 0x0, 0x0, 0x6, 0xff, 0xf8, 0x0,
    0x6b, 0xcc, 0x80, 0x6, 0xff, 0xf9, 0x6, 0xff,
    0xff, 0xa0, 0x6, 0xff, 0xf9, 0xb, 0xff, 0xff,
    0xa0, 0x6, 0xff, 0xf7, 0xc, 0xff, 0xd0, 0x0,
    0x9, 0xff, 0xf4, 0x9, 0xff, 0xf8, 0x10, 0x5f,
    0xff, 0xe0, 0x2, 0xff, 0xff, 0xff, 0xff, 0xff,
    0x50, 0x0, 0x5f, 0xff, 0xff, 0xff, 0xf7, 0x0,
    0x0, 0x1, 0x8d, 0xff, 0xea, 0x30, 0x0,

    /* U+0E57 "๗" */
    0x0, 0x0, 0x0, 0x0, 0x0, 0x0, 0x0, 0x0,
    0xa, 0xff, 0xc0, 0x0, 0x0, 0x0, 0x0, 0x0,
    0x0, 0x0, 0x0, 0xaf, 0xfc, 0x0, 0x6c, 0xff,
    0xd6, 0x0, 0x7e, 0xfb, 0x10, 0xa, 0xff, 0xc0,
    0x8f, 0xff, 0xff, 0xf8, 0x5f, 0xff, 0xfb, 0x0,
    0xaf, 0xfc, 0x1f, 0xff, 0xff, 0xff, 0xfd, 0xff,
    0xff, 0xf0, 0xa, 0xff, 0xc5, 0xff, 0xf4, 0x1d,
    0xff, 0x90, 0x9f, 0xff, 0x20, 0xaf, 0xfc, 0x7f,
    0xff, 0x0, 0xaf, 0xf5, 0x5, 0xff, 0xf2, 0xa,
    0xff, 0xc7, 0xff, 0xf0, 0xa, 0xff, 0x50, 0x5f,
    0xff, 0x20, 0xaf, 0xfc, 0x7f, 0xff, 0x0, 0xaf,
    0xf5, 0x5, 0xff, 0xf2, 0xa, 0xff, 0xc7, 0xff,
    0xf0, 0xa, 0xff, 0x50, 0x5f, 0xff, 0x20, 0xaf,
    0xfc, 0x7f, 0xff, 0x0, 0xaf, 0xf5, 0x5, 0xff,
    0xf2, 0xa, 0xff, 0xc7, 0xff, 0xf0, 0x6, 0x99,
    0x30, 0x5f, 0xff, 0x20, 0xcf, 0xfb, 0x7f, 0xff,
    0x0, 0x0, 0x0, 0x5, 0xff, 0xf3, 0x7f, 0xff,
    0x85, 0xff, 0xff, 0xb0, 0x0, 0x0, 0x5f, 0xff,
    0xff, 0xff, 0xf2, 0xe, 0xff, 0xfb, 0x0, 0x0,
    0x5, 0xff, 0xff, 0xff, 0xf6, 0x0, 0x2b, 0xff,
    0xb0, 0x0, 0x0, 0x5f, 0xff, 0xfd, 0x92, 0x0,

    /* U+0E58 "๘" */
    0x0, 0x0, 0x0, 0x0, 0x0, 0x8, 0x88, 0x40,
    0x0, 0x0, 0x0, 0x0, 0x0, 0xf, 0xff, 0x80,
    0x0, 0x0, 0x0, 0x0, 0x0, 0xf, 0xff, 0x80,
    0x0, 0x0, 0x6c, 0xef, 0xff, 0xff, 0xff, 0x60,
    0x0, 0x1c, 0xff, 0xff, 0xff, 0xff, 0xfe, 0x10,
    0x0, 0xbf, 0xff, 0xff, 0xff, 0xff, 0xb3, 0x0,
    0x4, 0xff, 0xfa, 0x10, 0x0, 0x0, 0x0, 0x0,
    0xa, 0xff, 0xf0, 0x0, 0x0, 0x0, 0x0, 0x0,
    0xd, 0xff, 0xc0, 0x0, 0x0, 0x0, 0x0, 0x0,
    0xf, 0xff, 0xc0, 0x0, 0x0, 0x4f, 0xfd, 0x40,
    0xf, 0xff, 0xc0, 0x0, 0x0, 0x4f, 0xff, 0xf0,
    0xf, 0xff, 0xc0, 0x3f, 0xfa, 0x3d, 0xff, 0xf4,
    0xc, 0xff, 0xd0, 0x8f, 0xfc, 0x0, 0xaf, 0xf6,
    0x8, 0xff, 0xf5, 0xdf, 0xef, 0x10, 0xdf, 0xf5,
    0x2, 0xff, 0xff, 0xff, 0xad, 0xfe, 0xff, 0xf3,
    0x0, 0x7f, 0xff, 0xff, 0x46, 0xff, 0xff, 0xd0,
    0x0, 0x5, 0xdf, 0xe7, 0x0, 0x7e, 0xfb, 0x20,

    /* U+0E59 "๙" */
    0x0, 0x0, 0x0, 0x0, 0x0, 0x0, 0xc, 0xff,
    0x30, 0x0, 0x0, 0x0, 0x0, 0x0, 0x0, 0xcf,
    0xf3, 0x3, 0xcf, 0xe9, 0x10, 0x9f, 0xb0, 0xc,
    0xff, 0x31, 0xef, 0xff, 0xfc, 0x2f, 0xff, 0x70,
    0xcf, 0xf3, 0x7f, 0xff, 0xff, 0xfc, 0xff, 0xfe,
    0xd, 0xff, 0x2a, 0xff, 0xe3, 0xef, 0xf4, 0xaf,
    0xf7, 0xef, 0xf0, 0xaf, 0xfd, 0x8, 0xff, 0x61,
    0xff, 0xff, 0xfa, 0xa, 0xff, 0xd0, 0x2f, 0xfd,
    0xa, 0xff, 0xfc, 0x10, 0xaf, 0xfd, 0x0, 0xbf,
    0xf4, 0x28, 0x74, 0x0, 0xa, 0xff, 0xd0, 0x4,
    0xff, 0xb0, 0x0, 0x0, 0x0, 0xaf, 0xfd, 0x0,
    0xe, 0xff, 0x20, 0x0, 0x0, 0xa, 0xff, 0xd0,
    0x0, 0x7f, 0xf8, 0x0, 0x0, 0x0, 0xaf, 0xfd,
    0x0, 0x1, 0xff, 0xf0, 0x0, 0x0, 0x8, 0xff,
    0xff, 0x80, 0xa, 0xff, 0x60, 0x0, 0x0, 0x2f,
    0xff, 0xf8, 0x0, 0x3f, 0xfd, 0x0, 0x0, 0x0,
    0x4c, 0xff, 0x80, 0x0, 0xdf, 0xf4, 0x0, 0x0,

    /* U+0E5A "๚" */
    0x0, 0x4c, 0xff, 0xfa, 0x1f, 0xff, 0xb0, 0x9,
    0xff, 0xf3, 0x7, 0xff, 0xff, 0xfa, 0x1f, 0xff,
    0xb0, 0x9, 0xff, 0xf3, 0x2f, 0xff, 0xff, 0xf9,
    0x1f, 0xff, 0xb0, 0x9, 0xff, 0xf3, 0x7f, 0xff,
    0x90, 0x0, 0x3f, 0xff, 0xb0, 0xb, 0xff, 0xf3,
    0x9f, 0xff, 0x30, 0x0, 0x7f, 0xff, 0xb0, 0xe,
    0xff, 0xf3, 0x8f, 0xff, 0x70, 0x2, 0xef, 0xff,
    0xb0, 0x9f, 0xff, 0xf3, 0x5f, 0xff, 0xfd, 0xcf,
    0xdf, 0xff, 0xee, 0xfd, 0xff, 0xf3, 0xc, 0xff,
    0xff, 0xff, 0x4f, 0xff, 0xff, 0xb9, 0xff, 0xf3,
    0x1, 0xaf, 0xff, 0xe5, 0x1f, 0xff, 0xfa, 0x9,
    0xff, 0xf3, 0x0, 0x1, 0x32, 0x0, 0x1f, 0xff,
    0xb0, 0x9, 0xff, 0xf3, 0x0, 0x0, 0x0, 0x0,
    0x1f, 0xff, 0xb0, 0x9, 0xff, 0xf3, 0x0, 0x0,
    0x0, 0x0, 0x1f, 0xff, 0xb0, 0x9, 0xff, 0xf3,
    0x0, 0x0, 0x0, 0x0, 0x1f, 0xff, 0xb0, 0x9,
    0xff, 0xf3, 0x0, 0x0, 0x0, 0x0, 0x1f, 0xff,
    0xb0, 0x9, 0xff, 0xf3, 0x0, 0x0, 0x0, 0x0,
    0x1f, 0xff, 0xb0, 0x9, 0xff, 0xf3,

    /* U+0E5B "๛" */
    0x0, 0x3a, 0xde, 0xf3, 0x0, 0x0, 0x0, 0x0,
    0x0, 0x0, 0x0, 0x5f, 0xff, 0xff, 0x31, 0xff,
    0xf4, 0x3f, 0xff, 0x10, 0x0, 0x1f, 0xff, 0xff,
    0xf3, 0x5f, 0xff, 0x87, 0xff, 0xf8, 0x0, 0x6,
    0xff, 0xfd, 0x10, 0xa, 0xff, 0xfd, 0xbf, 0xff,
    0xf1, 0x0, 0x8f, 0xff, 0x80, 0x1, 0xff, 0xcf,
    0xff, 0xfc, 0xff, 0xed, 0x57, 0xff, 0xfd, 0x22,
    0xbf, 0xf3, 0xff, 0xff, 0x3e, 0xff, 0xf7, 0x2f,
    0xff, 0xff, 0xff, 0xf9, 0xf, 0xff, 0xf0, 0x3d,
    0xff, 0x70, 0x8f, 0xff, 0xff, 0xfc, 0x0, 0xcf,
    0xfe, 0x0, 0x0, 0x0, 0x0, 0x5c, 0xff, 0xd7,
    0x0, 0x0, 0x0, 0x0, 0x0, 0x0, 0x0
};


/*---------------------
 *  GLYPH DESCRIPTION
 *--------------------*/

static const lv_font_fmt_txt_glyph_dsc_t glyph_dsc[] = {
    {.bitmap_index = 0, .adv_w = 0, .box_w = 0, .box_h = 0, .ofs_x = 0, .ofs_y = 0} /* id = 0 reserved */,
    {.bitmap_index = 0, .adv_w = 98, .box_w = 0, .box_h = 0, .ofs_x = 0, .ofs_y = 0},
    {.bitmap_index = 0, .adv_w = 133, .box_w = 6, .box_h = 18, .ofs_x = 1, .ofs_y = 0},
    {.bitmap_index = 54, .adv_w = 205, .box_w = 11, .box_h = 9, .ofs_x = 1, .ofs_y = 10},
    {.bitmap_index = 104, .adv_w = 263, .box_w = 17, .box_h = 18, .ofs_x = 0, .ofs_y = 0},
    {.bitmap_index = 257, .adv_w = 250, .box_w = 15, .box_h = 23, .ofs_x = 0, .ofs_y = -2},
    {.bitmap_index = 430, .adv_w = 405, .box_w = 24, .box_h = 18, .ofs_x = 1, .ofs_y = 0},
    {.bitmap_index = 646, .adv_w = 300, .box_w = 18, .box_h = 18, .ofs_x = 1, .ofs_y = 0},
    {.bitmap_index = 808, .adv_w = 111, .box_w = 5, .box_h = 9, .ofs_x = 1, .ofs_y = 10},
    {.bitmap_index = 831, .adv_w = 141, .box_w = 10, .box_h = 24, .ofs_x = 0, .ofs_y = -4},
    {.bitmap_index = 951, .adv_w = 141, .box_w = 9, .box_h = 24, .ofs_x = -1, .ofs_y = -4},
    {.bitmap_index = 1059, .adv_w = 250, .box_w = 15, .box_h = 14, .ofs_x = 0, .ofs_y = 5},
    {.bitmap_index = 1164, .adv_w = 250, .box_w = 13, .box_h = 13, .ofs_x = 1, .ofs_y = 2},
    {.bitmap_index = 1249, .adv_w = 129, .box_w = 7, .box_h = 9, .ofs_x = 0, .ofs_y = -4},
    {.bitmap_index = 1281, .adv_w = 168, .box_w = 9, .box_h = 4, .ofs_x = 1, .ofs_y = 6},
    {.bitmap_index = 1299, .adv_w = 129, .box_w = 6, .box_h = 5, .ofs_x = 1, .ofs_y = 0},
    {.bitmap_index = 1314, .adv_w = 191, .box_w = 11, .box_h = 23, .ofs_x = 0, .ofs_y = -4},
    {.bitmap_index = 1441, .adv_w = 250, .box_w = 15, .box_h = 18, .ofs_x = 0, .ofs_y = 0},
    {.bitmap_index = 1576, .adv_w = 250, .box_w = 16, .box_h = 18, .ofs_x = 0, .ofs_y = 0},
    {.bitmap_index = 1720, .adv_w = 250, .box_w = 14, .box_h = 18, .ofs_x = 1, .ofs_y = 0},
    {.bitmap_index = 1846, .adv_w = 250, .box_w = 15, .box_h = 18, .ofs_x = 0, .ofs_y = 0},
    {.bitmap_index = 1981, .adv_w = 250, .box_w = 15, .box_h = 18, .ofs_x = 0, .ofs_y = 0},
    {.bitmap_index = 2116, .adv_w = 250, .box_w = 14, .box_h = 18, .ofs_x = 1, .ofs_y = 0},
    {.bitmap_index = 2242, .adv_w = 250, .box_w = 14, .box_h = 18, .ofs_x = 1, .ofs_y = 0},
    {.bitmap_index = 2368, .adv_w = 250, .box_w = 14, .box_h = 18, .ofs_x = 1, .ofs_y = 0},
    {.bitmap_index = 2494, .adv_w = 250, .box_w = 14, .box_h = 18, .ofs_x = 1, .ofs_y = 0},
    {.bitmap_index = 2620, .adv_w = 250, .box_w = 15, .box_h = 18, .ofs_x = 0, .ofs_y = 0},
    {.bitmap_index = 2755, .adv_w = 137, .box_w = 5, .box_h = 14, .ofs_x = 2, .ofs_y = 0},
    {.bitmap_index = 2790, .adv_w = 137, .box_w = 6, .box_h = 18, .ofs_x = 1, .ofs_y = -4},
    {.bitmap_index = 2844, .adv_w = 250, .box_w = 11, .box_h = 17, .ofs_x = 2, .ofs_y = -1},
    {.bitmap_index = 2938, .adv_w = 250, .box_w = 13, .box_h = 10, .ofs_x = 1, .ofs_y = 3},
    {.bitmap_index = 3003, .adv_w = 250, .box_w = 11, .box_h = 17, .ofs_x = 2, .ofs_y = -1},
    {.bitmap_index = 3097, .adv_w = 208, .box_w = 13, .box_h = 18, .ofs_x = 0, .ofs_y = 0},
    {.bitmap_index = 3214, .adv_w = 376, .box_w = 21, .box_h = 22, .ofs_x = 1, .ofs_y = -4},
    {.bitmap_index = 3445, .adv_w = 285, .box_w = 18, .box_h = 18, .ofs_x = 0, .ofs_y = 0},
    {.bitmap_index = 3607, .adv_w = 277, .box_w = 15, .box_h = 18, .ofs_x = 2, .ofs_y = 0},
    {.bitmap_index = 3742, .adv_w = 271, .box_w = 16, .box_h = 18, .ofs_x = 1, .ofs_y = 0},
    {.bitmap_index = 3886, .adv_w = 290, .box_w = 15, .box_h = 18, .ofs_x = 2, .ofs_y = 0},
    {.bitmap_index = 4021, .adv_w = 253, .box_w = 13, .box_h = 18, .ofs_x = 2, .ofs_y = 0},
    {.bitmap_index = 4138, .adv_w = 243, .box_w = 13, .box_h = 18, .ofs_x = 2, .ofs_y = 0},
    {.bitmap_index = 4255, .adv_w = 299, .box_w = 16, .box_h = 18, .ofs_x = 1, .ofs_y = 0},
    {.bitmap_index = 4399, .adv_w = 301, .box_w = 15, .box_h = 18, .ofs_x = 2, .ofs_y = 0},
    {.bitmap_index = 4534, .adv_w = 180, .box_w = 9, .box_h = 18, .ofs_x = 1, .ofs_y = 0},
    {.bitmap_index = 4615, .adv_w = 233, .box_w = 13, .box_h = 18, .ofs_x = 0, .ofs_y = 0},
    {.bitmap_index = 4732, .adv_w = 290, .box_w = 16, .box_h = 18, .ofs_x = 2, .ofs_y = 0},
    {.bitmap_index = 4876, .adv_w = 220, .box_w = 11, .box_h = 18, .ofs_x = 2, .ofs_y = 0},
    {.bitmap_index = 4975, .adv_w = 341, .box_w = 18, .box_h = 18, .ofs_x = 2, .ofs_y = 0},
    {.bitmap_index = 5137, .adv_w = 301, .box_w = 15, .box_h = 18, .ofs_x = 2, .ofs_y = 0},
    {.bitmap_index = 5272, .adv_w = 297, .box_w = 17, .box_h = 18, .ofs_x = 1, .ofs_y = 0},
    {.bitmap_index = 5425, .adv_w = 273, .box_w = 15, .box_h = 18, .ofs_x = 2, .ofs_y = 0},
    {.bitmap_index = 5560, .adv_w = 297, .box_w = 17, .box_h = 23, .ofs_x = 1, .ofs_y = -5},
    {.bitmap_index = 5756, .adv_w = 280, .box_w = 15, .box_h = 18, .ofs_x = 2, .ofs_y = 0},
    {.bitmap_index = 5891, .adv_w = 260, .box_w = 15, .box_h = 18, .ofs_x = 0, .ofs_y = 0},
    {.bitmap_index = 6026, .adv_w = 243, .box_w = 15, .box_h = 18, .ofs_x = 0, .ofs_y = 0},
    {.bitmap_index = 6161, .adv_w = 289, .box_w = 16, .box_h = 18, .ofs_x = 1, .ofs_y = 0},
    {.bitmap_index = 6305, .adv_w = 270, .box_w = 17, .box_h = 18, .ofs_x = 0, .ofs_y = 0},
    {.bitmap_index = 6458, .adv_w = 405, .box_w = 25, .box_h = 18, .ofs_x = 0, .ofs_y = 0},
    {.bitmap_index = 6683, .adv_w = 280, .box_w = 18, .box_h = 18, .ofs_x = 0, .ofs_y = 0},
    {.bitmap_index = 6845, .adv_w = 270, .box_w = 17, .box_h = 18, .ofs_x = 0, .ofs_y = 0},
    {.bitmap_index = 6998, .adv_w = 253, .box_w = 14, .box_h = 18, .ofs_x = 1, .ofs_y = 0},
    {.bitmap_index = 7124, .adv_w = 139, .box_w = 6, .box_h = 24, .ofs_x = 2, .ofs_y = -4},
    {.bitmap_index = 7196, .adv_w = 191, .box_w = 12, .box_h = 23, .ofs_x = 0, .ofs_y = -4},
    {.bitmap_index = 7334, .adv_w = 139, .box_w = 6, .box_h = 24, .ofs_x = 1, .ofs_y = -4},
    {.bitmap_index = 7406, .adv_w = 250, .box_w = 14, .box_h = 11, .ofs_x = 1, .ofs_y = 7},
    {.bitmap_index = 7483, .adv_w = 231, .box_w = 14, .box_h = 4, .ofs_x = 0, .ofs_y = -5},
    {.bitmap_index = 7511, .adv_w = 250, .box_w = 7, .box_h = 7, .ofs_x = 3, .ofs_y = 15},
    {.bitmap_index = 7536, .adv_w = 237, .box_w = 15, .box_h = 14, .ofs_x = 0, .ofs_y = 0},
    {.bitmap_index = 7641, .adv_w = 253, .box_w = 14, .box_h = 19, .ofs_x = 1, .ofs_y = 0},
    {.bitmap_index = 7774, .adv_w = 215, .box_w = 13, .box_h = 14, .ofs_x = 0, .ofs_y = 0},
    {.bitmap_index = 7865, .adv_w = 253, .box_w = 14, .box_h = 19, .ofs_x = 1, .ofs_y = 0},
    {.bitmap_index = 7998, .adv_w = 234, .box_w = 14, .box_h = 14, .ofs_x = 0, .ofs_y = 0},
    {.bitmap_index = 8096, .adv_w = 150, .box_w = 10, .box_h = 19, .ofs_x = 0, .ofs_y = 0},
    {.bitmap_index = 8191, .adv_w = 230, .box_w = 15, .box_h = 22, .ofs_x = 0, .ofs_y = -5},
    {.bitmap_index = 8356, .adv_w = 248, .box_w = 13, .box_h = 19, .ofs_x = 1, .ofs_y = 0},
    {.bitmap_index = 8480, .adv_w = 119, .box_w = 5, .box_h = 19, .ofs_x = 1, .ofs_y = 0},
    {.bitmap_index = 8528, .adv_w = 119, .box_w = 7, .box_h = 24, .ofs_x = -1, .ofs_y = -5},
    {.bitmap_index = 8612, .adv_w = 240, .box_w = 14, .box_h = 19, .ofs_x = 1, .ofs_y = 0},
    {.bitmap_index = 8745, .adv_w = 126, .box_w = 7, .box_h = 19, .ofs_x = 1, .ofs_y = 0},
    {.bitmap_index = 8812, .adv_w = 372, .box_w = 21, .box_h = 14, .ofs_x = 1, .ofs_y = 0},
    {.bitmap_index = 8959, .adv_w = 248, .box_w = 13, .box_h = 14, .ofs_x = 1, .ofs_y = 0},
    {.bitmap_index = 9050, .adv_w = 235, .box_w = 14, .box_h = 14, .ofs_x = 0, .ofs_y = 0},
    {.bitmap_index = 9148, .adv_w = 253, .box_w = 14, .box_h = 19, .ofs_x = 1, .ofs_y = -5},
    {.bitmap_index = 9281, .adv_w = 253, .box_w = 14, .box_h = 19, .ofs_x = 1, .ofs_y = -5},
    {.bitmap_index = 9414, .adv_w = 168, .box_w = 9, .box_h = 14, .ofs_x = 1, .ofs_y = 0},
    {.bitmap_index = 9477, .adv_w = 210, .box_w = 13, .box_h = 14, .ofs_x = 0, .ofs_y = 0},
    {.bitmap_index = 9568, .adv_w = 159, .box_w = 10, .box_h = 18, .ofs_x = 0, .ofs_y = 0},
    {.bitmap_index = 9658, .adv_w = 248, .box_w = 13, .box_h = 14, .ofs_x = 1, .ofs_y = 0},
    {.bitmap_index = 9749, .adv_w = 224, .box_w = 14, .box_h = 14, .ofs_x = 0, .ofs_y = 0},
    {.bitmap_index = 9847, .adv_w = 350, .box_w = 22, .box_h = 14, .ofs_x = 0, .ofs_y = 0},
    {.bitmap_index = 10001, .adv_w = 233, .box_w = 15, .box_h = 14, .ofs_x = 0, .ofs_y = 0},
    {.bitmap_index = 10106, .adv_w = 222, .box_w = 14, .box_h = 19, .ofs_x = 0, .ofs_y = -5},
    {.bitmap_index = 10239, .adv_w = 215, .box_w = 12, .box_h = 14, .ofs_x = 1, .ofs_y = 0},
    {.bitmap_index = 10323, .adv_w = 155, .box_w = 9, .box_h = 24, .ofs_x = 0, .ofs_y = -4},
    {.bitmap_index = 10431, .adv_w = 167, .box_w = 4, .box_h = 24, .ofs_x = 3, .ofs_y = -4},
    {.bitmap_index = 10479, .adv_w = 155, .box_w = 9, .box_h = 24, .ofs_x = 1, .ofs_y = -4},
    {.bitmap_index = 10587, .adv_w = 250, .box_w = 14, .box_h = 5, .ofs_x = 1, .ofs_y = 6},
    {.bitmap_index = 10622, .adv_w = 262, .box_w = 14, .box_h = 15, .ofs_x = 1, .ofs_y = 0},
    {.bitmap_index = 10727, .adv_w = 244, .box_w = 13, .box_h = 15, .ofs_x = 1, .ofs_y = 0},
    {.bitmap_index = 10825, .adv_w = 253, .box_w = 15, .box_h = 15, .ofs_x = 0, .ofs_y = 0},
    {.bitmap_index = 10938, .adv_w = 265, .box_w = 14, .box_h = 15, .ofs_x = 1, .ofs_y = 0},
    {.bitmap_index = 11043, .adv_w = 268, .box_w = 15, .box_h = 15, .ofs_x = 1, .ofs_y = 0},
    {.bitmap_index = 11156, .adv_w = 270, .box_w = 16, .box_h = 15, .ofs_x = 0, .ofs_y = 0},
    {.bitmap_index = 11276, .adv_w = 244, .box_w = 14, .box_h = 15, .ofs_x = 0, .ofs_y = 0},
    {.bitmap_index = 11381, .adv_w = 235, .box_w = 13, .box_h = 15, .ofs_x = 1, .ofs_y = 0},
    {.bitmap_index = 11479, .adv_w = 258, .box_w = 16, .box_h = 15, .ofs_x = 0, .ofs_y = 0},
    {.bitmap_index = 11599, .adv_w = 234, .box_w = 13, .box_h = 15, .ofs_x = 1, .ofs_y = 0},
    {.bitmap_index = 11697, .adv_w = 248, .box_w = 15, .box_h = 15, .ofs_x = 0, .ofs_y = 0},
    {.bitmap_index = 11810, .adv_w = 386, .box_w = 22, .box_h = 15, .ofs_x = 1, .ofs_y = 0},
    {.bitmap_index = 11975, .adv_w = 386, .box_w = 22, .box_h = 20, .ofs_x = 1, .ofs_y = -5},
    {.bitmap_index = 12195, .adv_w = 265, .box_w = 14, .box_h = 21, .ofs_x = 1, .ofs_y = -6},
    {.bitmap_index = 12342, .adv_w = 265, .box_w = 14, .box_h = 21, .ofs_x = 1, .ofs_y = -6},
    {.bitmap_index = 12489, .adv_w = 251, .box_w = 15, .box_h = 23, .ofs_x = 1, .ofs_y = -7},
    {.bitmap_index = 12662, .adv_w = 271, .box_w = 16, .box_h = 15, .ofs_x = 0, .ofs_y = 0},
    {.bitmap_index = 12782, .adv_w = 381, .box_w = 22, .box_h = 15, .ofs_x = 1, .ofs_y = 0},
    {.bitmap_index = 12947, .adv_w = 389, .box_w = 22, .box_h = 15, .ofs_x = 1, .ofs_y = 0},
    {.bitmap_index = 13112, .adv_w = 256, .box_w = 14, .box_h = 15, .ofs_x = 1, .ofs_y = 0},
    {.bitmap_index = 13217, .adv_w = 261, .box_w = 14, .box_h = 15, .ofs_x = 1, .ofs_y = 0},
    {.bitmap_index = 13322, .adv_w = 262, .box_w = 14, .box_h = 15, .ofs_x = 1, .ofs_y = 0},
    {.bitmap_index = 13427, .adv_w = 265, .box_w = 14, .box_h = 15, .ofs_x = 1, .ofs_y = 0},
    {.bitmap_index = 13532, .adv_w = 229, .box_w = 13, .box_h = 15, .ofs_x = 1, .ofs_y = 0},
    {.bitmap_index = 13630, .adv_w = 264, .box_w = 14, .box_h = 15, .ofs_x = 1, .ofs_y = 0},
    {.bitmap_index = 13735, .adv_w = 260, .box_w = 14, .box_h = 15, .ofs_x = 1, .ofs_y = 0},
    {.bitmap_index = 13840, .adv_w = 260, .box_w = 14, .box_h = 20, .ofs_x = 1, .ofs_y = 0},
    {.bitmap_index = 13980, .adv_w = 278, .box_w = 15, .box_h = 15, .ofs_x = 1, .ofs_y = 0},
    {.bitmap_index = 14093, .adv_w = 278, .box_w = 15, .box_h = 20, .ofs_x = 1, .ofs_y = 0},
    {.bitmap_index = 14243, .adv_w = 312, .box_w = 18, .box_h = 15, .ofs_x = 1, .ofs_y = 0},
    {.bitmap_index = 14378, .adv_w = 299, .box_w = 18, .box_h = 20, .ofs_x = 1, .ofs_y = 0},
    {.bitmap_index = 14558, .adv_w = 265, .box_w = 14, .box_h = 15, .ofs_x = 1, .ofs_y = 0},
    {.bitmap_index = 14663, .adv_w = 265, .box_w = 14, .box_h = 15, .ofs_x = 1, .ofs_y = 0},
    {.bitmap_index = 14768, .adv_w = 253, .box_w = 14, .box_h = 15, .ofs_x = 1, .ofs_y = 0},
    {.bitmap_index = 14873, .adv_w = 226, .box_w = 13, .box_h = 15, .ofs_x = 0, .ofs_y = 0},
    {.bitmap_index = 14971, .adv_w = 262, .box_w = 14, .box_h = 21, .ofs_x = 1, .ofs_y = -6},
    {.bitmap_index = 15118, .adv_w = 244, .box_w = 13, .box_h = 15, .ofs_x = 1, .ofs_y = 0},
    {.bitmap_index = 15216, .adv_w = 265, .box_w = 14, .box_h = 21, .ofs_x = 1, .ofs_y = -6},
    {.bitmap_index = 15363, .adv_w = 226, .box_w = 13, .box_h = 15, .ofs_x = 0, .ofs_y = 0},
    {.bitmap_index = 15461, .adv_w = 275, .box_w = 16, .box_h = 16, .ofs_x = 1, .ofs_y = 0},
    {.bitmap_index = 15589, .adv_w = 267, .box_w = 16, .box_h = 15, .ofs_x = 1, .ofs_y = 0},
    {.bitmap_index = 15709, .adv_w = 255, .box_w = 15, .box_h = 16, .ofs_x = 1, .ofs_y = 0},
    {.bitmap_index = 15829, .adv_w = 254, .box_w = 14, .box_h = 15, .ofs_x = 1, .ofs_y = 0},
    {.bitmap_index = 15934, .adv_w = 304, .box_w = 19, .box_h = 20, .ofs_x = 1, .ofs_y = 0},
    {.bitmap_index = 16124, .adv_w = 246, .box_w = 14, .box_h = 15, .ofs_x = 1, .ofs_y = 0},
    {.bitmap_index = 16229, .adv_w = 261, .box_w = 15, .box_h = 16, .ofs_x = 1, .ofs_y = 0},
    {.bitmap_index = 16349, .adv_w = 236, .box_w = 13, .box_h = 15, .ofs_x = 0, .ofs_y = 0},
    {.bitmap_index = 16447, .adv_w = 190, .box_w = 10, .box_h = 13, .ofs_x = 1, .ofs_y = 1},
    {.bitmap_index = 16512, .adv_w = 0, .box_w = 10, .box_h = 5, .ofs_x = -9, .ofs_y = 16},
    {.bitmap_index = 16537, .adv_w = 212, .box_w = 12, .box_h = 15, .ofs_x = 0, .ofs_y = 0},
    {.bitmap_index = 16627, .adv_w = 212, .box_w = 19, .box_h = 22, .ofs_x = -7, .ofs_y = 0},
    {.bitmap_index = 16836, .adv_w = 0, .box_w = 13, .box_h = 3, .ofs_x = -14, .ofs_y = 16},
    {.bitmap_index = 16856, .adv_w = 0, .box_w = 13, .box_h = 6, .ofs_x = -14, .ofs_y = 16},
    {.bitmap_index = 16895, .adv_w = 0, .box_w = 13, .box_h = 6, .ofs_x = -14, .ofs_y = 16},
    {.bitmap_index = 16934, .adv_w = 0, .box_w = 13, .box_h = 6, .ofs_x = -14, .ofs_y = 16},
    {.bitmap_index = 16973, .adv_w = 0, .box_w = 7, .box_h = 7, .ofs_x = -8, .ofs_y = -9},
    {.bitmap_index = 16998, .adv_w = 0, .box_w = 10, .box_h = 6, .ofs_x = -11, .ofs_y = -8},
    {.bitmap_index = 17028, .adv_w = 0, .box_w = 5, .box_h = 5, .ofs_x = -6, .ofs_y = -6},
    {.bitmap_index = 17041, .adv_w = 277, .box_w = 15, .box_h = 22, .ofs_x = 2, .ofs_y = -2},
    {.bitmap_index = 17206, .adv_w = 137, .box_w = 8, .box_h = 15, .ofs_x = 1, .ofs_y = 0},
    {.bitmap_index = 17266, .adv_w = 262, .box_w = 15, .box_h = 15, .ofs_x = 1, .ofs_y = 0},
    {.bitmap_index = 17379, .adv_w = 162, .box_w = 11, .box_h = 23, .ofs_x = 0, .ofs_y = 0},
    {.bitmap_index = 17506, .adv_w = 164, .box_w = 12, .box_h = 24, .ofs_x = -1, .ofs_y = 0},
    {.bitmap_index = 17650, .adv_w = 158, .box_w = 11, .box_h = 23, .ofs_x = 0, .ofs_y = 0},
    {.bitmap_index = 17777, .adv_w = 214, .box_w = 12, .box_h = 21, .ofs_x = 0, .ofs_y = -6},
    {.bitmap_index = 17903, .adv_w = 230, .box_w = 13, .box_h = 18, .ofs_x = 0, .ofs_y = -3},
    {.bitmap_index = 18020, .adv_w = 0, .box_w = 10, .box_h = 6, .ofs_x = -13, .ofs_y = 16},
    {.bitmap_index = 18050, .adv_w = 0, .box_w = 4, .box_h = 6, .ofs_x = -6, .ofs_y = 16},
    {.bitmap_index = 18062, .adv_w = 0, .box_w = 10, .box_h = 6, .ofs_x = -10, .ofs_y = 16},
    {.bitmap_index = 18092, .adv_w = 0, .box_w = 11, .box_h = 7, .ofs_x = -11, .ofs_y = 17},
    {.bitmap_index = 18131, .adv_w = 0, .box_w = 8, .box_h = 7, .ofs_x = -8, .ofs_y = 16},
    {.bitmap_index = 18159, .adv_w = 0, .box_w = 7, .box_h = 6, .ofs_x = -8, .ofs_y = 16},
    {.bitmap_index = 18180, .adv_w = 0, .box_w = 7, .box_h = 6, .ofs_x = -7, .ofs_y = 16},
    {.bitmap_index = 18201, .adv_w = 0, .box_w = 8, .box_h = 7, .ofs_x = -8, .ofs_y = 16},
    {.bitmap_index = 18229, .adv_w = 227, .box_w = 13, .box_h = 13, .ofs_x = 1, .ofs_y = 1},
    {.bitmap_index = 18314, .adv_w = 235, .box_w = 14, .box_h = 14, .ofs_x = 0, .ofs_y = 0},
    {.bitmap_index = 18412, .adv_w = 223, .box_w = 14, .box_h = 15, .ofs_x = 0, .ofs_y = 0},
    {.bitmap_index = 18517, .adv_w = 307, .box_w = 17, .box_h = 16, .ofs_x = 1, .ofs_y = 0},
    {.bitmap_index = 18653, .adv_w = 303, .box_w = 17, .box_h = 14, .ofs_x = 1, .ofs_y = 0},
    {.bitmap_index = 18772, .adv_w = 239, .box_w = 15, .box_h = 16, .ofs_x = 0, .ofs_y = 0},
    {.bitmap_index = 18892, .adv_w = 239, .box_w = 15, .box_h = 17, .ofs_x = 0, .ofs_y = 0},
    {.bitmap_index = 19020, .adv_w = 233, .box_w = 14, .box_h = 17, .ofs_x = 0, .ofs_y = 0},
    {.bitmap_index = 19139, .adv_w = 375, .box_w = 21, .box_h = 16, .ofs_x = 1, .ofs_y = 0},
    {.bitmap_index = 19307, .adv_w = 255, .box_w = 16, .box_h = 17, .ofs_x = 0, .ofs_y = 0},
    {.bitmap_index = 19443, .adv_w = 287, .box_w = 17, .box_h = 16, .ofs_x = 1, .ofs_y = 0},
    {.bitmap_index = 19579, .adv_w = 338, .box_w = 20, .box_h = 15, .ofs_x = 0, .ofs_y = 0},
    {.bitmap_index = 19729, .adv_w = 362, .box_w = 21, .box_h = 9, .ofs_x = 1, .ofs_y = 2}
};

/*---------------------
 *  CHARACTER MAPPING
 *--------------------*/



/*Collect the unicode lists and glyph_id offsets*/
static const lv_font_fmt_txt_cmap_t cmaps[] =
{
    {
        .range_start = 32, .range_length = 95, .glyph_id_start = 1,
        .unicode_list = NULL, .glyph_id_ofs_list = NULL, .list_length = 0, .type = LV_FONT_FMT_TXT_CMAP_FORMAT0_TINY
    },
    {
        .range_start = 3585, .range_length = 58, .glyph_id_start = 96,
        .unicode_list = NULL, .glyph_id_ofs_list = NULL, .list_length = 0, .type = LV_FONT_FMT_TXT_CMAP_FORMAT0_TINY
    },
    {
        .range_start = 3647, .range_length = 29, .glyph_id_start = 154,
        .unicode_list = NULL, .glyph_id_ofs_list = NULL, .list_length = 0, .type = LV_FONT_FMT_TXT_CMAP_FORMAT0_TINY
    }
};

/*-----------------
 *    KERNING
 *----------------*/


/*Pair left and right glyphs for kerning*/
static const uint8_t kern_pair_glyph_ids[] =
{
    3, 13,
    3, 15,
    6, 3,
    6, 8,
    6, 11,
    8, 13,
    8, 15,
    11, 13,
    11, 15,
    13, 3,
    13, 8,
    13, 11,
    13, 32,
    15, 3,
    15, 8,
    15, 11,
    15, 32,
    16, 16,
    32, 13,
    32, 15
};

/* Kerning between the respective left and right glyphs
 * 4.4 format which needs to scaled with `kern_scale`*/
static const int8_t kern_pair_values[] =
{
    -37, -37, -25, -25, -25, -37, -37, -37,
    -37, -37, -37, -37, -33, -37, -37, -37,
    -33, -79, -50, -50
};

/*Collect the kern pair's data in one place*/
static const lv_font_fmt_txt_kern_pair_t kern_pairs =
{
    .glyph_ids = kern_pair_glyph_ids,
    .values = kern_pair_values,
    .pair_cnt = 20,
    .glyph_ids_size = 0
};

/*--------------------
 *  ALL CUSTOM DATA
 *--------------------*/

#if LVGL_VERSION_MAJOR == 8
/*Store all the custom data of the font*/
static  lv_font_fmt_txt_glyph_cache_t cache;
#endif

#if LVGL_VERSION_MAJOR >= 8
static const lv_font_fmt_txt_dsc_t font_dsc = {
#else
static lv_font_fmt_txt_dsc_t font_dsc = {
#endif
    .glyph_bitmap = glyph_bitmap,
    .glyph_dsc = glyph_dsc,
    .cmaps = cmaps,
    .kern_dsc = &kern_pairs,
    .kern_scale = 16,
    .cmap_num = 3,
    .bpp = 4,
    .kern_classes = 0,
    .bitmap_format = 0,
#if LVGL_VERSION_MAJOR == 8
    .cache = &cache
#endif

};



/*-----------------
 *  PUBLIC FONT
 *----------------*/

/*Initialize a public general font descriptor*/
#if LVGL_VERSION_MAJOR >= 8
lv_font_t anuphan_bold_26 = {
#else
lv_font_t anuphan_bold_26 = {
#endif
    .get_glyph_dsc = lv_font_get_glyph_dsc_fmt_txt,    /*Function pointer to get glyph's data*/
    .get_glyph_bitmap = lv_font_get_bitmap_fmt_txt,    /*Function pointer to get glyph's bitmap*/
    .line_height = 33,          /*The maximum line height required by the font*/
    .base_line = 9,             /*Baseline measured from the bottom of the line*/
#if !(LVGL_VERSION_MAJOR == 6 && LVGL_VERSION_MINOR == 0)
    .subpx = LV_FONT_SUBPX_NONE,
#endif
#if LV_VERSION_CHECK(7, 4, 0) || LVGL_VERSION_MAJOR >= 8
    .underline_position = -3,
    .underline_thickness = 3,
#endif
    .static_bitmap = 0,
    .dsc = &font_dsc,          /*The custom font data. Will be accessed by `get_glyph_bitmap/dsc` */
#if LV_VERSION_CHECK(8, 2, 0) || LVGL_VERSION_MAJOR >= 9
    .fallback = NULL,
#endif
    .user_data = NULL,
};



#endif /*#if ANUPHAN_BOLD_26*/
